session,ts_ms,action,gross_bps
20260818-190746,1787080070049,SELL,-0.0
20260818-190746,1787080070151,SELL,-0.0
20260818-190746,1787080070043,SELL,-0.0
20260818-190746,1787080070253,SELL,-0.0
20260818-190746,1787080070355,SELL,-0.0
20260818-190746,1787080070457,SELL,-0.0
20260818-190746,1787080070370,SELL,-0.0
20260818-190746,1787080070559,SELL,-0.0
20260818-190746,1787080070661,SELL,-0.0
20260818-190746,1787080070763,SELL,-0.0
20260818-190746,1787080070865,SELL,-0.0
20260818-190746,1787080070967,SELL,-0.0
20260818-190746,1787080071069,SELL,-0.0
20260818-190746,1787080071171,SELL,-0.0
20260818-190746,1787080071273,SELL,-0.0
20260818-190746,1787080071375,SELL,-0.0
20260818-190746,1787080071477,SELL,-0.0
20260818-190746,1787080071579,SELL,-0.0
20260818-190746,1787080071681,SELL,-0.0
20260818-190746,1787080071783,SELL,-0.0
20260818-190746,1787080071885,SELL,-0.0
20260818-190746,1787080071987,SELL,-0.0
20260818-190746,1787080072089,SELL,-0.0
20260818-190746,1787080072191,SELL,-0.0
20260818-190746,1787080072293,SELL,-0.0
20260818-190746,1787080072174,SELL,-0.0
20260818-190746,1787080072395,SELL,-0.0
20260818-190746,1787080072497,SELL,-0.0
20260818-190746,1787080072599,SELL,-0.0
20260818-190746,1787080072701,SELL,-0.0
20260818-190746,1787080072803,SELL,-0.0
20260818-190746,1787080072905,SELL,-0.0
20260818-190746,1787080073007,SELL,-0.0
20260818-190746,1787080073109,SELL,-0.0
20260818-190746,1787080073211,SELL,-0.0
20260818-190746,1787080073313,SELL,-0.0
20260818-190746,1787080073415,SELL,-0.0
20260818-190746,1787080073517,SELL,-0.0
20260818-190746,1787080073619,SELL,-0.0
20260818-190746,1787080073721,SELL,-0.0
20260818-190746,1787080073823,SELL,-0.0
20260818-190746,1787080073925,SELL,-0.0
20260818-190746,1787080074027,SELL,-0.0
20260818-190746,1787080074129,SELL,-0.0
20260818-190746,1787080074231,SELL,-0.0
20260818-190746,1787080074141,SELL,-0.0
20260818-190746,1787080074333,SELL,-0.0
20260818-190746,1787080074435,SELL,-0.0
20260818-190746,1787080074537,SELL,-0.0
20260818-190746,1787080074639,SELL,-0.0
20260818-190746,1787080074493,SELL,-0.0
20260818-190746,1787080074741,SELL,-0.0
20260818-190746,1787080074843,SELL,-0.0
20260818-190746,1787080074945,SELL,-0.0
20260818-190746,1787080075047,SELL,-0.0
20260818-190746,1787080075149,SELL,-0.0
20260818-190746,1787080075251,SELL,-0.0
20260818-190746,1787080075353,SELL,-0.0
20260818-190746,1787080075455,SELL,-0.0
20260818-190746,1787080075382,SELL,-0.0
20260818-190746,1787080075557,SELL,-0.0
20260818-190746,1787080075659,SELL,-0.0
20260818-190746,1787080075761,SELL,-0.0
20260818-190746,1787080075863,SELL,-0.0
20260818-190746,1787080075965,SELL,-0.0
20260818-190746,1787080076067,SELL,-0.0
20260818-190746,1787080075960,SELL,-0.0
20260818-190746,1787080076169,SELL,-0.0
20260818-190746,1787080076271,SELL,-0.0
20260818-190746,1787080076123,SELL,-0.0
20260818-190746,1787080076373,SELL,-0.0
20260818-190746,1787080076475,SELL,-0.0
20260818-190746,1787080076577,SELL,-0.0
20260818-190746,1787080076679,SELL,-0.0
20260818-190746,1787080076781,SELL,-0.0
20260818-190746,1787080076659,SELL,-0.0
20260818-190746,1787080076883,SELL,-0.0
20260818-190746,1787080076985,SELL,-0.0
20260818-190746,1787080077087,SELL,-0.0
20260818-190746,1787080077189,SELL,-0.0
20260818-190746,1787080077291,SELL,-0.0
20260818-190746,1787080077393,SELL,-0.0
20260818-190746,1787080077495,SELL,-0.0
20260818-190746,1787080077597,SELL,-0.0
20260818-190746,1787080077699,SELL,-0.0
20260818-190746,1787080077801,SELL,-0.0
20260818-190746,1787080077903,SELL,-0.0
20260818-190746,1787080078005,SELL,-0.0
20260818-190746,1787080078107,SELL,-0.0
20260818-190746,1787080078209,SELL,-0.0
20260818-190746,1787080078311,SELL,-0.0
20260818-190746,1787080078247,SELL,-0.0
20260818-190746,1787080078413,SELL,-0.0
20260818-190746,1787080078515,SELL,-0.0
20260818-190746,1787080078617,SELL,-0.0
20260818-190746,1787080078719,SELL,-0.0
20260818-190746,1787080078571,SELL,-0.0
20260818-190746,1787080078821,SELL,-0.0
20260818-190746,1787080078923,SELL,-0.0
20260818-190746,1787080079025,SELL,-0.0
20260818-190746,1787080079127,SELL,-0.0
20260818-190746,1787080079229,SELL,-0.0
20260818-190746,1787080079331,SELL,-0.0
20260818-190746,1787080079433,SELL,-0.0
20260818-190746,1787080079319,SELL,-0.0
20260818-190746,1787080079535,SELL,-0.0
20260818-190746,1787080079637,SELL,-0.0
20260818-190746,1787080079739,SELL,-0.0
20260818-190746,1787080079841,SELL,-0.0
20260818-190746,1787080079772,SELL,-0.0
20260818-190746,1787080079943,SELL,-0.0
20260818-190746,1787080080045,SELL,-0.0
20260818-190746,1787080079921,SELL,-0.0
20260818-190746,1787080080147,SELL,-0.0
20260818-190746,1787080080043,SELL,-0.0
20260818-190746,1787080080249,SELL,-0.0
20260818-190746,1787080080351,SELL,-0.0
20260818-190746,1787080080453,SELL,-0.0
20260818-190746,1787080080408,SELL,-0.0
20260818-190746,1787080080555,SELL,-0.0
20260818-190746,1787080080657,SELL,-0.0
20260818-190746,1787080080527,SELL,-0.0
20260818-190746,1787080080759,SELL,-0.0
20260818-190746,1787080080861,SELL,-0.0
20260818-190746,1787080080963,SELL,-0.0
20260818-190746,1787080081065,SELL,-0.0
20260818-190746,1787080081167,SELL,-0.0
20260818-190746,1787080081269,SELL,-0.0
20260818-190746,1787080081371,SELL,-0.0
20260818-190746,1787080081473,SELL,-0.0
20260818-190746,1787080081575,SELL,-0.0
20260818-190746,1787080081509,SELL,-0.0
20260818-190746,1787080081677,SELL,-0.0
20260818-190746,1787080081779,SELL,-0.0
20260818-190746,1787080081656,SELL,-0.0
20260818-190746,1787080081881,SELL,-0.0
20260818-190746,1787080081792,SELL,-0.0
20260818-190746,1787080081983,SELL,-0.0
20260818-190746,1787080082085,SELL,-0.0
20260818-190746,1787080081996,SELL,-0.0
20260818-190746,1787080082187,SELL,-0.0
20260818-190746,1787080082160,SELL,-0.0
20260818-190746,1787080082289,SELL,-0.0
20260818-190746,1787080082391,SELL,-0.0
20260818-190746,1787080082265,SELL,-0.0
20260818-190746,1787080082493,SELL,-0.0
20260818-190746,1787080082595,SELL,-0.0
20260818-190746,1787080082534,SELL,-0.0
20260818-190746,1787080082697,SELL,-0.0
20260818-190746,1787080082634,SELL,-0.0
20260818-190746,1787080082799,SELL,-0.0
20260818-190746,1787080082734,SELL,-0.0
20260818-190746,1787080082901,SELL,-0.0
20260818-190746,1787080083003,SELL,-0.0
20260818-190746,1787080083105,SELL,-0.0
20260818-190746,1787080083207,SELL,-0.0
20260818-190746,1787080083309,SELL,-0.0
20260818-190746,1787080083411,SELL,-0.0
20260818-190746,1787080083513,SELL,-0.0
20260818-190746,1787080083615,SELL,-0.0
20260818-190746,1787080083717,SELL,-0.0
20260818-190746,1787080083819,SELL,-0.0
20260818-190746,1787080083921,SELL,-0.0
20260818-190746,1787080083869,SELL,-0.0
20260818-190746,1787080084023,SELL,-0.0
20260818-190746,1787080084125,SELL,-0.0
20260818-190746,1787080084017,SELL,-0.0
20260818-190823,1787080115235,SELL,-0.0
20260818-190823,1787080115227,SELL,-0.0
20260818-190823,1787080115337,SELL,-0.0
20260818-190823,1787080115439,SELL,-0.0
20260818-190823,1787080115299,SELL,-0.0
20260818-190823,1787080115541,SELL,-0.0
20260818-190823,1787080115643,SELL,-0.0
20260818-190823,1787080115577,SELL,-0.0
20260818-190823,1787080115745,SELL,-0.0
20260818-190823,1787080115847,SELL,-0.0
20260818-190823,1787080115949,SELL,-0.0
20260818-190823,1787080115816,SELL,-0.0
20260818-190823,1787080116051,SELL,-0.0
20260818-190823,1787080116153,SELL,-0.0
20260818-190823,1787080116060,SELL,-0.0
20260818-190823,1787080116255,SELL,-0.0
20260818-190823,1787080116357,SELL,-0.0
20260818-190823,1787080116404,SELL,-0.0
20260818-190823,1787080116459,SELL,-0.0
20260818-190823,1787080116561,SELL,-0.0
20260818-190823,1787080116426,SELL,-0.0
20260818-190823,1787080116663,SELL,-0.0
20260818-190823,1787080116765,SELL,-0.0
20260818-190823,1787080116867,SELL,-0.0
20260818-190823,1787080116969,SELL,-0.0
20260818-190823,1787080117071,SELL,-0.0
20260818-190823,1787080117013,SELL,-0.0
20260818-190823,1787080117173,SELL,-0.0
20260818-190823,1787080117275,SELL,-0.0
20260818-190823,1787080117377,SELL,-0.0
20260818-190823,1787080117479,SELL,-0.0
20260818-190823,1787080117581,SELL,-0.0
20260818-190823,1787080117683,SELL,-0.0
20260818-190823,1787080117572,SELL,-0.0
20260818-190823,1787080117785,SELL,-0.0
20260818-190823,1787080117887,SELL,-0.0
20260818-190823,1787080117989,SELL,-0.0
20260818-190823,1787080118091,SELL,-0.0
20260818-190823,1787080118193,SELL,-0.0
20260818-190823,1787080118048,SELL,-0.0
20260818-190823,1787080118295,SELL,-0.0
20260818-190823,1787080118227,SELL,-0.0
20260818-190823,1787080118397,SELL,-0.0
20260818-190823,1787080118499,SELL,-0.0
20260818-190823,1787080118601,SELL,-0.0
20260818-190823,1787080118556,SELL,-0.0
20260818-190823,1787080118703,SELL,-0.0
20260818-190823,1787080118805,SELL,-0.0
20260818-190823,1787080118692,SELL,-0.0
20260818-190823,1787080118907,SELL,-0.0
20260818-190823,1787080119009,SELL,-0.0
20260818-190823,1787080119111,SELL,-0.0
20260818-190823,1787080119213,SELL,-0.0
20260818-190823,1787080126557,SELL,-0.0
20260818-190823,1787080126537,SELL,-0.0
20260818-190823,1787080126659,SELL,-0.0
20260818-190823,1787080126761,SELL,-0.0
20260818-190823,1787080126657,SELL,-0.0
20260818-190823,1787080126863,SELL,-0.0
20260818-190823,1787080126965,SELL,-0.0
20260818-190823,1787080127067,SELL,-0.0
20260818-190823,1787080127001,SELL,-0.0
20260818-190823,1787080127169,SELL,-0.0
20260818-190823,1787080127271,SELL,-0.0
20260818-190823,1787080127373,SELL,-0.0
20260818-190823,1787080127266,SELL,-0.0
20260818-190823,1787080127475,SELL,-0.0
20260818-190823,1787080127577,SELL,-0.0
20260818-190823,1787080127520,SELL,-0.0
20260818-190823,1787080127679,SELL,-0.0
20260818-190823,1787080127781,SELL,-0.0
20260818-190823,1787080127883,SELL,-0.0
20260818-190823,1787080127985,SELL,-0.0
20260818-190823,1787080127875,SELL,-0.0
20260818-190823,1787080128087,SELL,-0.0
20260818-190823,1787080128189,SELL,-0.0
20260818-190823,1787080128291,SELL,-0.0
20260818-190823,1787080128393,SELL,-0.0
20260818-190823,1787080128495,SELL,-0.0
20260818-190823,1787080128597,SELL,-0.0
20260818-190823,1787080128501,SELL,-0.0
20260818-190823,1787080128699,SELL,-0.0
20260818-190823,1787080128801,SELL,-0.0
20260818-190823,1787080128903,SELL,-0.0
20260818-190823,1787080129005,SELL,-0.0
20260818-190823,1787080129107,SELL,-0.0
20260818-190823,1787080129209,SELL,-0.0
20260818-190823,1787080129079,SELL,-0.0
20260818-190823,1787080129311,SELL,-0.0
20260818-190823,1787080129413,SELL,-0.0
20260818-190823,1787080129515,SELL,-0.0
20260818-190823,1787080129617,SELL,-0.0
20260818-190823,1787080129719,SELL,-0.0
20260818-190823,1787080129729,SELL,-0.0
20260818-190823,1787080129732,SELL,-0.0
20260818-190823,1787080129821,SELL,-0.0
20260818-190823,1787080129732,SELL,-0.0
20260818-190823,1787080129923,SELL,-0.0
20260818-190823,1787080130025,SELL,-0.0
20260818-190823,1787080130127,SELL,-0.0
20260818-190823,1787080130229,SELL,-0.0
20260818-190823,1787080130331,SELL,-0.0
20260818-190823,1787080130433,SELL,-0.0
20260818-190823,1787080130535,SELL,-0.0
20260818-190823,1787080130426,SELL,-0.0
20260818-190823,1787080130637,SELL,-0.0
20260818-190823,1787080130739,SELL,-0.0
20260818-190823,1787080130841,SELL,-0.0
20260818-190823,1787080130943,SELL,-0.0
20260818-190823,1787080130839,SELL,-0.0
20260818-190823,1787080131045,SELL,-0.0
20260818-190823,1787080131147,SELL,-0.0
20260818-190823,1787080131249,SELL,-0.0
20260818-190823,1787080131351,SELL,-0.0
20260818-190823,1787080131453,SELL,-0.0
20260818-190823,1787080131319,SELL,-0.0
20260818-190823,1787080131555,SELL,-0.0
20260818-190823,1787080131657,SELL,-0.0
20260818-190823,1787080131759,SELL,-0.0
20260818-190823,1787080131861,SELL,-0.0
20260818-190823,1787080131963,SELL,-0.0
20260818-190823,1787080131909,SELL,-0.0
20260818-190823,1787080132065,SELL,-0.0
20260818-190823,1787080132167,SELL,-0.0
20260818-190823,1787080132269,SELL,-0.0
20260818-190823,1787080132371,SELL,-0.0
20260818-190823,1787080132473,SELL,-0.0
20260818-190823,1787080132575,SELL,-0.0
20260818-190823,1787080132496,SELL,-0.0
20260818-190823,1787080132677,SELL,-0.0
20260818-190823,1787080132779,SELL,-0.0
20260818-190823,1787080132881,SELL,-0.0
20260818-190823,1787080132983,SELL,-0.0
20260818-190823,1787080132916,SELL,-0.0
20260818-190823,1787080132982,SELL,-0.0
20260818-190823,1787080133085,SELL,-0.0
20260818-190823,1787080133187,SELL,-0.0
20260818-190823,1787080133055,SELL,-0.0
20260818-190823,1787080133289,SELL,-0.0
20260818-190823,1787080133184,SELL,-0.0
20260818-190823,1787080133391,SELL,-0.0
20260818-190823,1787080133493,SELL,-0.0
20260818-190823,1787080133595,SELL,-0.0
20260818-190823,1787080133697,SELL,-0.0
20260818-190823,1787080133598,SELL,-0.0
20260818-190823,1787080133799,SELL,-0.0
20260818-190823,1787080133901,SELL,-0.0
20260818-190823,1787080134003,SELL,-0.0
20260818-190823,1787080134105,SELL,-0.0
20260818-190823,1787080134207,SELL,-0.0
20260818-190823,1787080134309,SELL,-0.0
20260818-190823,1787080134217,SELL,-0.0
20260818-190823,1787080134411,SELL,-0.0
20260818-190823,1787080134513,SELL,-0.0
20260818-190823,1787080134615,SELL,-0.0
20260818-190823,1787080134717,SELL,-0.0
20260818-190823,1787080134819,SELL,-0.0
20260818-190823,1787080134921,SELL,-0.0
20260818-190823,1787080134828,SELL,-0.0
20260818-190823,1787080135023,SELL,-0.0
20260818-190823,1787080135125,SELL,-0.0
20260818-190823,1787080135004,SELL,-0.0
20260818-190823,1787080135227,SELL,-0.0
20260818-190823,1787080135154,SELL,-0.0
20260818-190823,1787080135329,SELL,-0.0
20260818-190823,1787080135431,SELL,-0.0
20260818-190823,1787080135533,SELL,-0.0
20260818-190823,1787080135635,SELL,-0.0
20260818-190823,1787080135536,SELL,-0.0
20260818-190823,1787080135737,SELL,-0.0
20260818-190823,1787080135839,SELL,-0.0
20260818-190823,1787080135941,SELL,-0.0
20260818-190823,1787080136043,SELL,-0.0
20260818-190823,1787080136145,SELL,-0.0
20260818-190823,1787080136247,SELL,-0.0
20260818-190823,1787080136107,SELL,-0.0
20260818-190823,1787080136349,SELL,-0.0
20260818-190823,1787080136451,SELL,-0.0
20260818-190823,1787080136553,SELL,-0.0
20260818-190823,1787080136655,SELL,-0.0
20260818-190823,1787080136511,SELL,-0.0
20260818-190823,1787080136757,SELL,-0.0
20260818-190823,1787080136859,SELL,-0.0
20260818-190823,1787080136762,SELL,-0.0
20260818-190823,1787080136961,SELL,-0.0
20260818-190823,1787080137063,SELL,-0.0
20260818-190823,1787080137165,SELL,-0.0
20260818-190823,1787080137267,SELL,-0.0
20260818-190823,1787080137369,SELL,-0.0
20260818-190823,1787080137471,SELL,-0.0
20260818-190823,1787080137573,SELL,-0.0
20260818-190823,1787080137422,SELL,-0.0
20260818-190823,1787080137675,SELL,-0.0
20260818-190823,1787080137777,SELL,-0.0
20260818-190823,1787080137879,SELL,-0.0
20260818-190823,1787080137981,SELL,-0.0
20260818-190823,1787080138083,SELL,-0.0
20260818-190823,1787080138185,SELL,-0.0
20260818-190823,1787080138034,SELL,-0.0
20260818-190823,1787080138287,SELL,-0.0
20260818-190823,1787080138389,SELL,-0.0
20260818-190823,1787080138491,SELL,-0.0
20260818-190823,1787080138593,SELL,-0.0
20260818-190823,1787080138695,SELL,-0.0
20260818-190823,1787080138797,SELL,-0.0
20260818-190823,1787080138899,SELL,-0.0
20260818-190823,1787080139001,SELL,-0.0
20260818-190823,1787080139103,SELL,-0.0
20260818-190823,1787080139205,SELL,-0.0
20260818-190823,1787080139120,SELL,-0.0
20260818-190823,1787080139307,SELL,-0.0
20260818-190823,1787080139409,SELL,-0.0
20260818-190823,1787080139511,SELL,-0.0
20260818-190823,1787080139382,SELL,-0.0
20260818-190823,1787080139613,SELL,-0.0
20260818-190823,1787080139715,SELL,-0.0
20260818-190823,1787080139817,SELL,-0.0
20260818-190823,1787080139919,SELL,-0.0
20260818-190823,1787080140021,SELL,-0.0
20260818-190823,1787080140123,SELL,-0.0
20260818-190823,1787080140004,SELL,-0.0
20260818-190823,1787080140225,SELL,-0.0
20260818-190823,1787080140327,SELL,-0.0
20260818-190823,1787080140227,SELL,-0.0
20260818-190823,1787080140429,SELL,-0.0
20260818-190823,1787080140531,SELL,-0.0
20260818-190823,1787080140506,SELL,-0.0
20260818-190823,1787080140837,SELL,-0.0
20260818-190823,1787080140770,SELL,-0.0
20260818-190823,1787080140939,SELL,-0.0
20260818-190823,1787080140878,SELL,-0.0
20260818-190823,1787080141041,SELL,-0.0
20260818-190823,1787080141009,SELL,-0.0
20260818-190823,1787080170621,SELL,0.6026679647198451
20260818-190823,1787080170723,SELL,0.6026679647198451
20260818-190823,1787080170825,SELL,0.6026679647198451
20260818-190823,1787080170927,SELL,0.618120989457174
20260818-190823,1787080171029,SELL,0.618120989457174
20260818-190823,1787080171085,SELL,0.618120989457174
20260818-190823,1787080171131,SELL,0.618120989457174
20260818-190823,1787080171233,SELL,0.618120989457174
20260818-190823,1787080171100,SELL,0.618120989457174
20260818-190823,1787080171335,SELL,0.618120989457174
20260818-190823,1787080171437,SELL,0.618120989457174
20260818-190823,1787080171539,SELL,0.618120989457174
20260818-190823,1787080171641,SELL,0.618120989457174
20260818-190823,1787080171743,SELL,0.618120989457174
20260818-190823,1787080171845,SELL,0.618120989457174
20260818-190823,1787080171947,SELL,0.618120989457174
20260818-190823,1787080171840,SELL,0.618120989457174
20260818-190823,1787080172019,SELL,0.618120989457174
20260818-190823,1787080172019,SELL,0.618120989457174
20260818-190823,1787080172019,SELL,0.618120989457174
20260818-190823,1787080172019,SELL,0.618120989457174
20260818-190823,1787080172019,SELL,0.618120989457174
20260818-190823,1787080172023,SELL,0.618120989457174
20260818-190823,1787080172023,SELL,0.618120989457174
20260818-190823,1787080172028,SELL,0.618120989457174
20260818-190823,1787080172033,SELL,0.618120989457174
20260818-190823,1787080172033,SELL,0.618120989457174
20260818-190823,1787080172033,SELL,0.618120989457174
20260818-190823,1787080172033,SELL,0.618120989457174
20260818-190823,1787080172033,SELL,0.618120989457174
20260818-190823,1787080172033,SELL,0.618120989457174
20260818-190823,1787080172033,SELL,0.618120989457174
20260818-190823,1787080172033,SELL,0.618120989457174
20260818-190823,1787080172038,SELL,0.618120989457174
20260818-190823,1787080172038,SELL,0.618120989457174
20260818-190823,1787080172038,SELL,0.618120989457174
20260818-190823,1787080172038,SELL,0.618120989457174
20260818-190823,1787080172038,SELL,0.618120989457174
20260818-190823,1787080172038,SELL,0.618120989457174
20260818-190823,1787080172038,SELL,0.618120989457174
20260818-190823,1787080172038,SELL,0.618120989457174
20260818-190823,1787080172047,SELL,0.618120989457174
20260818-190823,1787080172049,SELL,0.06181553779814279
20260818-190823,1787080172051,SELL,0.06181553779814279
20260818-190823,1787080172057,SELL,0.06181553779814279
20260818-190823,1787080172057,SELL,0.06181553779814279
20260818-190823,1787080172151,SELL,0.01545395609775566
20260818-190823,1787080172253,SELL,0.01545395609775566
20260818-190823,1787080172193,SELL,0.01545395609775566
20260818-190823,1787080172355,SELL,0.01545395609775566
20260818-190823,1787080172457,SELL,0.01545395609775566
20260818-190823,1787080172559,SELL,0.01545395609775566
20260818-190823,1787080172661,SELL,0.01545395609775566
20260818-190823,1787080172763,SELL,0.01545395609775566
20260818-190823,1787080172713,SELL,0.01545395609775566
20260818-190823,1787080172865,SELL,0.01545395609775566
20260818-190823,1787080172877,SELL,0.01545395609775566
20260818-190823,1787080172967,SELL,-0.0
20260818-190823,1787080172943,SELL,-0.0
20260818-190823,1787080173069,SELL,-0.0
20260818-190823,1787080172972,SELL,-0.0
20260818-190823,1787080173171,SELL,-0.0
20260818-190823,1787080173273,SELL,-0.0
20260818-190823,1787080173375,SELL,-0.0
20260818-190823,1787080173227,SELL,-0.0
20260818-190823,1787080173477,SELL,-0.0
20260818-190823,1787080173579,SELL,-0.0
20260818-190823,1787080173681,SELL,-0.0
20260818-190823,1787080173783,SELL,-0.0
20260818-190823,1787080173885,SELL,-0.0
20260818-190823,1787080173987,SELL,-0.0
20260818-190823,1787080174089,SELL,-0.0
20260818-190823,1787080174191,SELL,-0.0
20260818-190823,1787080174293,SELL,-0.0
20260818-190823,1787080174395,SELL,-0.0
20260818-190823,1787080174497,SELL,-0.0
20260818-190823,1787080174599,SELL,-0.0
20260818-190823,1787080174701,SELL,-0.0
20260818-190823,1787080174553,SELL,-0.0
20260818-190823,1787080174803,SELL,-0.0
20260818-190823,1787080174905,SELL,-0.0
20260818-190823,1787080175007,SELL,-0.0
20260818-190823,1787080175109,SELL,-0.0
20260818-190823,1787080175211,SELL,-0.0
20260818-190823,1787080175313,SELL,-0.0
20260818-190823,1787080175415,SELL,-0.0
20260818-190823,1787080175517,SELL,-0.0
20260818-190823,1787080175619,SELL,-0.0
20260818-190823,1787080175721,SELL,-0.0
20260818-190823,1787080175823,SELL,-0.0
20260818-190823,1787080175925,SELL,-0.0
20260818-190823,1787080176027,SELL,-0.0
20260818-190823,1787080176129,SELL,-0.0
20260818-190823,1787080176231,SELL,-0.0
20260818-190823,1787080176333,SELL,-0.0
20260818-190823,1787080176435,SELL,-0.0
20260818-190823,1787080176370,SELL,-0.0
20260818-190823,1787080176537,SELL,-0.0
20260818-190823,1787080176639,SELL,-0.0
20260818-190823,1787080176741,SELL,-0.0
20260818-190823,1787080176843,SELL,-0.0
20260818-190823,1787080176945,SELL,-0.0
20260818-190823,1787080177047,SELL,-0.0
20260818-190823,1787080177149,SELL,-0.0
20260818-190823,1787080177251,SELL,-0.0
20260818-190823,1787080177353,SELL,-0.0
20260818-190823,1787080177455,SELL,-0.0
20260818-190823,1787080177557,SELL,-0.0
20260818-190823,1787080177659,SELL,-0.0
20260818-190823,1787080177761,SELL,-0.0
20260818-190823,1787080177863,SELL,-0.0
20260818-190823,1787080177965,SELL,-0.0
20260818-190823,1787080178067,SELL,-0.0
20260818-190823,1787080178169,SELL,-0.0
20260818-190823,1787080178271,SELL,-0.0
20260818-190823,1787080178373,SELL,-0.0
20260818-190823,1787080178475,SELL,-0.0
20260818-190823,1787080178577,SELL,-0.0
20260818-190823,1787080178679,SELL,-0.0
20260818-190823,1787080178781,SELL,-0.0
20260818-190823,1787080178873,SELL,-0.0
20260818-190823,1787080178883,SELL,-0.0
20260818-190823,1787080178985,SELL,-0.0
20260818-190823,1787080178876,SELL,-0.0
20260818-190823,1787080179087,SELL,-0.0
20260818-190823,1787080179189,SELL,-0.0
20260818-190823,1787080179291,SELL,-0.0
20260818-190823,1787080179393,SELL,-0.0
20260818-190823,1787080179495,SELL,-0.0
20260818-190823,1787080179597,SELL,-0.0
20260818-190823,1787080179699,SELL,-0.0
20260818-190823,1787080179801,SELL,-0.0
20260818-190823,1787080179903,SELL,-0.0
20260818-190823,1787080180005,SELL,-0.0
20260818-190823,1787080180107,SELL,-0.0
20260818-190823,1787080180209,SELL,-0.0
20260818-190823,1787080180311,SELL,-0.0
20260818-190823,1787080180227,SELL,-0.0
20260818-190823,1787080180413,SELL,-0.0
20260818-190823,1787080180515,SELL,-0.0
20260818-190823,1787080180617,SELL,-0.0
20260818-190823,1787080180719,SELL,-0.0
20260818-190823,1787080180573,SELL,-0.0
20260818-190823,1787080180821,SELL,-0.0
20260818-190823,1787080180923,SELL,-0.0
20260818-190823,1787080180803,SELL,-0.0
20260818-190823,1787080181025,SELL,-0.0
20260818-190823,1787080181127,SELL,-0.0
20260818-190823,1787080181229,SELL,-0.0
20260818-190823,1787080181331,SELL,-0.0
20260818-190823,1787080181433,SELL,-0.0
20260818-190823,1787080181535,SELL,-0.0
20260818-190823,1787080181477,SELL,-0.0
20260818-190823,1787080181637,SELL,-0.0
20260818-190823,1787080181739,SELL,-0.0
20260818-190823,1787080181841,SELL,-0.0
20260818-190823,1787080181943,SELL,-0.0
20260818-190823,1787080182045,SELL,-0.0
20260818-190823,1787080182147,SELL,-0.0
20260818-190823,1787080182249,SELL,-0.0
20260818-190823,1787080182351,SELL,-0.0
20260818-190823,1787080182453,SELL,-0.0
20260818-190823,1787080182555,SELL,-0.0
20260818-190823,1787080182657,SELL,-0.0
20260818-190823,1787080182759,SELL,-0.0
20260818-190823,1787080182861,SELL,-0.0
20260818-190823,1787080182963,SELL,-0.0
20260818-190823,1787080183065,SELL,-0.0
20260818-190823,1787080183167,SELL,-0.0
20260818-190823,1787080183269,SELL,-0.0
20260818-190823,1787080183211,SELL,-0.0
20260818-190823,1787080183371,SELL,-0.0
20260818-190823,1787080183473,SELL,-0.0
20260818-190823,1787080183575,SELL,-0.0
20260818-190823,1787080183677,SELL,-0.0
20260818-190823,1787080183779,SELL,-0.0
20260818-190823,1787080183881,SELL,-0.0
20260818-190823,1787080183983,SELL,-0.0
20260818-190823,1787080184085,SELL,-0.0
20260818-190823,1787080184187,SELL,-0.0
20260818-190823,1787080184289,SELL,-0.0
20260818-190823,1787080184391,SELL,-0.0
20260818-190823,1787080184493,SELL,-0.0
20260818-190823,1787080184595,SELL,-0.0
20260818-190823,1787080184697,SELL,-0.0
20260818-190823,1787080184799,SELL,-0.0
20260818-190823,1787080184901,SELL,-0.0
20260818-190823,1787080185003,SELL,-0.0
20260818-190823,1787080185105,SELL,-0.0
20260818-190823,1787080185207,SELL,-0.0
20260818-190823,1787080185090,SELL,-0.0
20260818-190823,1787080185309,SELL,-0.0
20260818-190823,1787080185411,SELL,-0.0
20260818-190823,1787080185513,SELL,-0.0
20260818-190823,1787080185615,SELL,-0.0
20260818-190823,1787080185548,SELL,-0.0
20260818-190823,1787080185717,SELL,-0.0
20260818-190823,1787080185819,SELL,-0.0
20260818-190823,1787080185921,SELL,-0.0
20260818-190823,1787080186023,SELL,-0.0
20260818-190823,1787080186125,SELL,-0.0
20260818-190823,1787080186227,SELL,-0.0
20260818-190823,1787080186329,SELL,2.627176596492719
20260818-190823,1787080186431,SELL,2.627176596492719
20260818-190823,1787080186488,SELL,2.627176596492719
20260818-190823,1787080186533,SELL,2.627176596492719
20260818-190823,1787080186635,SELL,2.627176596492719
20260818-190823,1787080186514,SELL,2.627176596492719
20260818-190823,1787080186737,SELL,2.627176596492719
20260818-190823,1787080186839,SELL,2.627176596492719
20260818-190823,1787080186941,SELL,2.627176596492719
20260818-190823,1787080187043,SELL,2.627176596492719
20260818-190823,1787080186928,SELL,2.627176596492719
20260818-190823,1787080187145,SELL,2.627176596492719
20260818-190823,1787080187090,SELL,2.627176596492719
20260818-190823,1787080187247,SELL,2.627176596492719
20260818-190823,1787080187349,SELL,2.627176596492719
20260818-190823,1787080187451,SELL,2.627176596492719
20260818-190823,1787080187553,SELL,2.8126243562446964
20260818-190823,1787080187426,SELL,2.627176596492719
20260818-190823,1787080187655,SELL,2.8126243562446964
20260818-190823,1787080187757,SELL,2.8126243562446964
20260818-190823,1787080187859,SELL,2.8126243562446964
20260818-190823,1787080187961,SELL,2.8126243562446964
20260818-190823,1787080188063,SELL,3.1217039558320754
20260818-190823,1787080188165,SELL,3.1217039558320754
20260818-190823,1787080188165,SELL,3.1217039558320754
20260818-190823,1787080188165,SELL,3.1217039558320754
20260818-190823,1787080188165,SELL,3.1217039558320754
20260818-190823,1787080188165,SELL,3.1217039558320754
20260818-190823,1787080188165,SELL,3.1217039558320754
20260818-190823,1787080188165,SELL,3.1217039558320754
20260818-190823,1787080188165,SELL,3.1217039558320754
20260818-190823,1787080188165,SELL,3.1217039558320754
20260818-190823,1787080188165,SELL,3.1217039558320754
20260818-190823,1787080188165,SELL,3.1217039558320754
20260818-190823,1787080188165,SELL,3.1217039558320754
20260818-190823,1787080188165,SELL,3.1217039558320754
20260818-190823,1787080188165,SELL,3.1217039558320754
20260818-190823,1787080188165,SELL,3.1217039558320754
20260818-190823,1787080188166,SELL,3.1217039558320754
20260818-190823,1787080188166,SELL,3.1217039558320754
20260818-190823,1787080188166,SELL,3.1217039558320754
20260818-190823,1787080188166,SELL,3.1217039558320754
20260818-190823,1787080188166,SELL,3.1217039558320754
20260818-190823,1787080188166,SELL,3.1217039558320754
20260818-190823,1787080188166,SELL,3.1217039558320754
20260818-190823,1787080188166,SELL,3.1217039558320754
20260818-190823,1787080188166,SELL,3.1217039558320754
20260818-190823,1787080188166,SELL,3.1217039558320754
20260818-190823,1787080188166,SELL,3.1217039558320754
20260818-190823,1787080188166,SELL,3.1217039558320754
20260818-190823,1787080188166,SELL,3.1217039558320754
20260818-190823,1787080188166,SELL,3.1217039558320754
20260818-190823,1787080188166,SELL,3.1217039558320754
20260818-190823,1787080188166,SELL,3.1217039558320754
20260818-190823,1787080188166,SELL,3.1217039558320754
20260818-190823,1787080188166,SELL,3.1217039558320754
20260818-190823,1787080188166,SELL,3.1217039558320754
20260818-190823,1787080188166,SELL,3.1217039558320754
20260818-190823,1787080188166,SELL,3.1217039558320754
20260818-190823,1787080188166,SELL,3.1217039558320754
20260818-190823,1787080188168,SELL,3.1217039558320754
20260818-190823,1787080188168,SELL,3.1217039558320754
20260818-190823,1787080188168,SELL,3.1217039558320754
20260818-190823,1787080188168,SELL,3.1217039558320754
20260818-190823,1787080188168,SELL,3.1217039558320754
20260818-190823,1787080188168,SELL,3.1217039558320754
20260818-190823,1787080188168,SELL,3.1217039558320754
20260818-190823,1787080188168,SELL,3.1217039558320754
20260818-190823,1787080188168,SELL,3.1217039558320754
20260818-190823,1787080188174,SELL,3.1217039558320754
20260818-190823,1787080188174,SELL,3.1217039558320754
20260818-190823,1787080188174,SELL,3.1217039558320754
20260818-190823,1787080188174,SELL,3.1217039558320754
20260818-190823,1787080188174,SELL,3.1217039558320754
20260818-190823,1787080188174,SELL,3.1217039558320754
20260818-190823,1787080188174,SELL,3.1217039558320754
20260818-190823,1787080188174,SELL,3.1217039558320754
20260818-190823,1787080188174,SELL,3.1217039558320754
20260818-190823,1787080188174,SELL,3.1217039558320754
20260818-190823,1787080188174,SELL,3.1217039558320754
20260818-190823,1787080188174,SELL,3.1217039558320754
20260818-190823,1787080188174,SELL,3.1217039558320754
20260818-190823,1787080188174,SELL,3.1217039558320754
20260818-190823,1787080188174,SELL,3.1217039558320754
20260818-190823,1787080188174,SELL,3.1217039558320754
20260818-190823,1787080188174,SELL,3.1217039558320754
20260818-190823,1787080188174,SELL,3.1217039558320754
20260818-190823,1787080188174,SELL,3.1217039558320754
20260818-190823,1787080188174,SELL,3.1217039558320754
20260818-190823,1787080188174,SELL,3.1217039558320754
20260818-190823,1787080188174,SELL,3.1217039558320754
20260818-190823,1787080188174,SELL,3.1217039558320754
20260818-190823,1787080188174,SELL,3.1217039558320754
20260818-190823,1787080188174,SELL,3.1217039558320754
20260818-190823,1787080188174,SELL,3.1217039558320754
20260818-190823,1787080188174,SELL,3.1217039558320754
20260818-190823,1787080188174,SELL,3.1217039558320754
20260818-190823,1787080188174,SELL,3.1217039558320754
20260818-190823,1787080188174,SELL,3.1217039558320754
20260818-190823,1787080188174,SELL,3.1217039558320754
20260818-190823,1787080188174,SELL,3.1217039558320754
20260818-190823,1787080188174,SELL,3.1217039558320754
20260818-190823,1787080188174,SELL,3.1217039558320754
20260818-190823,1787080188174,SELL,3.1217039558320754
20260818-190823,1787080188174,SELL,3.1217039558320754
20260818-190823,1787080188175,SELL,3.1217039558320754
20260818-190823,1787080188175,SELL,3.1217039558320754
20260818-190823,1787080188175,SELL,3.1217039558320754
20260818-190823,1787080188175,SELL,3.1217039558320754
20260818-190823,1787080188175,SELL,3.1217039558320754
20260818-190823,1787080188175,SELL,3.1217039558320754
20260818-190823,1787080188175,SELL,3.1217039558320754
20260818-190823,1787080188175,SELL,3.1217039558320754
20260818-190823,1787080188175,SELL,3.1217039558320754
20260818-190823,1787080188175,SELL,3.1217039558320754
20260818-190823,1787080188175,SELL,3.1217039558320754
20260818-190823,1787080188175,SELL,3.1217039558320754
20260818-190823,1787080188175,SELL,3.1217039558320754
20260818-190823,1787080188175,SELL,3.1217039558320754
20260818-190823,1787080188175,SELL,3.1217039558320754
20260818-190823,1787080188175,SELL,3.1217039558320754
20260818-190823,1787080188175,SELL,3.1217039558320754
20260818-190823,1787080188175,SELL,3.1217039558320754
20260818-190823,1787080188175,SELL,3.1217039558320754
20260818-190823,1787080188175,SELL,3.1217039558320754
20260818-190823,1787080188175,SELL,3.1217039558320754
20260818-190823,1787080188175,SELL,3.1217039558320754
20260818-190823,1787080188175,SELL,3.1217039558320754
20260818-190823,1787080188175,SELL,3.1217039558320754
20260818-190823,1787080188175,SELL,3.1217039558320754
20260818-190823,1787080188175,SELL,3.1217039558320754
20260818-190823,1787080188180,SELL,3.1217039558320754
20260818-190823,1787080188180,SELL,3.1217039558320754
20260818-190823,1787080188180,SELL,3.1217039558320754
20260818-190823,1787080188180,SELL,3.1217039558320754
20260818-190823,1787080188180,SELL,3.1217039558320754
20260818-190823,1787080188182,SELL,3.1217039558320754
20260818-190823,1787080188182,SELL,3.1217039558320754
20260818-190823,1787080188182,SELL,3.1217039558320754
20260818-190823,1787080188182,SELL,3.1217039558320754
20260818-190823,1787080188183,SELL,3.1217039558320754
20260818-190823,1787080188190,SELL,3.1217039558320754
20260818-190823,1787080188190,SELL,3.1217039558320754
20260818-190823,1787080188190,SELL,3.1217039558320754
20260818-190823,1787080188206,SELL,3.1217039558320754
20260818-190823,1787080188206,SELL,3.1217039558320754
20260818-190823,1787080188206,SELL,3.1217039558320754
20260818-190823,1787080188206,SELL,3.1217039558320754
20260818-190823,1787080188206,SELL,3.1217039558320754
20260818-190823,1787080188206,SELL,3.1217039558320754
20260818-190823,1787080188206,SELL,3.1217039558320754
20260818-190823,1787080188206,SELL,3.1217039558320754
20260818-190823,1787080188206,SELL,3.1217039558320754
20260818-190823,1787080188206,SELL,3.1217039558320754
20260818-190823,1787080188206,SELL,3.1217039558320754
20260818-190823,1787080188206,SELL,3.1217039558320754
20260818-190823,1787080188206,SELL,3.1217039558320754
20260818-190823,1787080188206,SELL,3.1217039558320754
20260818-190823,1787080188206,SELL,3.1217039558320754
20260818-190823,1787080188207,SELL,3.1217039558320754
20260818-190823,1787080188207,SELL,3.1217039558320754
20260818-190823,1787080188207,SELL,3.1217039558320754
20260818-190823,1787080188207,SELL,3.1217039558320754
20260818-190823,1787080188207,SELL,3.1217039558320754
20260818-190823,1787080188207,SELL,3.1217039558320754
20260818-190823,1787080188207,SELL,3.1217039558320754
20260818-190823,1787080188207,SELL,3.1217039558320754
20260818-190823,1787080188207,SELL,3.1217039558320754
20260818-190823,1787080188207,SELL,3.1217039558320754
20260818-190823,1787080188207,SELL,3.1217039558320754
20260818-190823,1787080188207,SELL,3.1217039558320754
20260818-190823,1787080188208,SELL,3.1217039558320754
20260818-190823,1787080188208,SELL,3.1217039558320754
20260818-190823,1787080188208,SELL,3.1217039558320754
20260818-190823,1787080188208,SELL,3.1217039558320754
20260818-190823,1787080188208,SELL,3.1217039558320754
20260818-190823,1787080188208,SELL,3.1217039558320754
20260818-190823,1787080188208,SELL,3.1217039558320754
20260818-190823,1787080188208,SELL,3.1217039558320754
20260818-190823,1787080188208,SELL,3.1217039558320754
20260818-190823,1787080188208,SELL,3.1217039558320754
20260818-190823,1787080188208,SELL,3.1217039558320754
20260818-190823,1787080188208,SELL,3.1217039558320754
20260818-190823,1787080188208,SELL,3.1217039558320754
20260818-190823,1787080188208,SELL,3.1217039558320754
20260818-190823,1787080188208,SELL,3.1217039558320754
20260818-190823,1787080188208,SELL,3.1217039558320754
20260818-190823,1787080188209,SELL,3.1217039558320754
20260818-190823,1787080188209,SELL,3.1217039558320754
20260818-190823,1787080188209,SELL,3.1217039558320754
20260818-190823,1787080188210,SELL,3.1217039558320754
20260818-190823,1787080188210,SELL,3.1217039558320754
20260818-190823,1787080188210,SELL,3.1217039558320754
20260818-190823,1787080188210,SELL,3.1217039558320754
20260818-190823,1787080188210,SELL,3.1217039558320754
20260818-190823,1787080188211,SELL,3.1217039558320754
20260818-190823,1787080188217,SELL,3.1217039558320754
20260818-190823,1787080188265,SELL,3.1217039558320754
20260818-190823,1787080188304,SELL,3.1217039558320754
20260818-190823,1787080188267,SELL,0.4946573145513635
20260818-190823,1787080188334,SELL,0.4946573145513635
20260818-190823,1787080188369,SELL,0.4946573145513635
20260818-190823,1787080189389,SELL,0.4946573145513635
20260818-190823,1787080189322,SELL,0.4946573145513635
20260818-190823,1787080189449,SELL,0.4946573145513635
20260818-190823,1787080189470,SELL,0.4946573145513635
20260818-190823,1787080189470,SELL,0.4946573145513635
20260818-190823,1787080189470,SELL,0.4946573145513635
20260818-190823,1787080189471,SELL,0.4946573145513635
20260818-190823,1787080189471,SELL,0.4946573145513635
20260818-190823,1787080189471,SELL,0.4946573145513635
20260818-190823,1787080189471,SELL,0.4946573145513635
20260818-190823,1787080189471,SELL,0.4946573145513635
20260818-190823,1787080189471,SELL,0.4946573145513635
20260818-190823,1787080189471,SELL,0.4946573145513635
20260818-190823,1787080189491,SELL,0.3091665565260809
20260818-190823,1787080189593,SELL,0.3091665565260809
20260818-190823,1787080189475,SELL,0.3091665565260809
20260818-190823,1787080189695,SELL,0.3091665565260809
20260818-190823,1787080189797,SELL,0.3091665565260809
20260818-190823,1787080189899,SELL,0.3091665565260809
20260818-190823,1787080189850,SELL,0.3091665565260809
20260818-190823,1787080190001,SELL,0.3091665565260809
20260818-190823,1787080189933,SELL,0.3091665565260809
20260818-190823,1787080190029,SELL,0.3091665565260809
20260818-190823,1787080190029,SELL,0.3091665565260809
20260818-190823,1787080190029,SELL,0.3091665565260809
20260818-190823,1787080190029,SELL,0.3091665565260809
20260818-190823,1787080190029,SELL,0.3091665565260809
20260818-190823,1787080190029,SELL,0.3091665565260809
20260818-190823,1787080190029,SELL,0.3091665565260809
20260818-190823,1787080190029,SELL,0.3091665565260809
20260818-190823,1787080190029,SELL,0.3091665565260809
20260818-190823,1787080190029,SELL,0.3091665565260809
20260818-190823,1787080190031,SELL,0.3091665565260809
20260818-190823,1787080190031,SELL,0.3091665565260809
20260818-190823,1787080190031,SELL,0.3091665565260809
20260818-190823,1787080190031,SELL,0.3091665565260809
20260818-190823,1787080190031,SELL,0.3091665565260809
20260818-190823,1787080190103,SELL,-0.0
20260818-190823,1787080190205,SELL,-0.0
20260818-190823,1787080190055,SELL,-0.0
20260818-190823,1787080190307,SELL,-0.0
20260818-190823,1787080190227,SELL,-0.0
20260818-190823,1787080190409,SELL,-0.0
20260818-190823,1787080190511,SELL,-0.0
20260818-190823,1787080190389,SELL,-0.0
20260818-190823,1787080190613,SELL,-0.0
20260818-190823,1787080190715,SELL,-0.0
20260818-190823,1787080190817,SELL,-0.0
20260818-190823,1787080190919,SELL,-0.0
20260818-190823,1787080190906,SELL,-0.0
20260818-190823,1787080191021,SELL,-0.0
20260818-190823,1787080190936,SELL,-0.0
20260818-190823,1787080191123,SELL,-0.0
20260818-190823,1787080191225,SELL,-0.0
20260818-190823,1787080191327,SELL,-0.0
20260818-190823,1787080191429,SELL,-0.0
20260818-190823,1787080191531,SELL,-0.0
20260818-190823,1787080191633,SELL,-0.0
20260818-190823,1787080191735,SELL,0.41738775554327107
20260818-190823,1787080191837,SELL,0.41738775554327107
20260818-190823,1787080191939,SELL,0.41738775554327107
20260818-190823,1787080192041,SELL,0.41738775554327107
20260818-190823,1787080192143,SELL,0.41738775554327107
20260818-190823,1787080192057,SELL,0.41738775554327107
20260818-190823,1787080192245,SELL,0.41738775554327107
20260818-190823,1787080192347,SELL,0.41738775554327107
20260818-190823,1787080192449,SELL,0.41738775554327107
20260818-190823,1787080192551,SELL,0.41738775554327107
20260818-190823,1787080192430,SELL,0.41738775554327107
20260818-190823,1787080192653,SELL,0.41738775554327107
20260818-190823,1787080192755,SELL,0.41738775554327107
20260818-190823,1787080192857,SELL,0.41738775554327107
20260818-190823,1787080192959,SELL,0.41738775554327107
20260818-190823,1787080193061,SELL,0.41738775554327107
20260818-190823,1787080193163,SELL,0.41738775554327107
20260818-190823,1787080193092,SELL,0.41738775554327107
20260818-190823,1787080193265,SELL,0.41738775554327107
20260818-190823,1787080193367,SELL,0.41738775554327107
20260818-190823,1787080193318,SELL,0.41738775554327107
20260818-190823,1787080193469,SELL,0.41738775554327107
20260818-190823,1787080193571,SELL,0.41738775554327107
20260818-190823,1787080193442,SELL,0.41738775554327107
20260818-190823,1787080193673,SELL,0.41738775554327107
20260818-190823,1787080193685,SELL,-0.0
20260818-190823,1787080193685,SELL,-0.0
20260818-190823,1787080193685,SELL,-0.0
20260818-190823,1787080193685,SELL,-0.0
20260818-190823,1787080193685,SELL,-0.0
20260818-190823,1787080193685,SELL,-0.0
20260818-190823,1787080193685,SELL,-0.0
20260818-190823,1787080193685,SELL,-0.0
20260818-190823,1787080193685,SELL,-0.0
20260818-190823,1787080193685,SELL,-0.0
20260818-190823,1787080193685,SELL,-0.0
20260818-190823,1787080193685,SELL,-0.0
20260818-190823,1787080193685,SELL,-0.0
20260818-190823,1787080193685,SELL,-0.0
20260818-190823,1787080193685,SELL,-0.0
20260818-190823,1787080193685,SELL,-0.0
20260818-190823,1787080193685,SELL,-0.0
20260818-190823,1787080193685,SELL,-0.0
20260818-190823,1787080194591,SELL,-0.0
20260818-190823,1787080194454,SELL,-0.0
20260818-190823,1787080194695,SELL,-0.0
20260818-190823,1787080273949,SELL,-0.0
20260818-190823,1787080274051,SELL,-0.0
20260818-190823,1787080274153,SELL,-0.0
20260818-190823,1787080274255,SELL,-0.0
20260818-190823,1787080274128,SELL,-0.0
20260818-190823,1787080274357,SELL,-0.0
20260818-190823,1787080274459,SELL,-0.0
20260818-190823,1787080274343,SELL,-0.0
20260818-190823,1787080274561,SELL,-0.0
20260818-190823,1787080274663,SELL,-0.0
20260818-190823,1787080274553,SELL,-0.0
20260818-190823,1787080274765,SELL,-0.0
20260818-190823,1787080274867,SELL,-0.0
20260818-190823,1787080274969,SELL,-0.0
20260818-190823,1787080275071,SELL,-0.0
20260818-190823,1787080275173,SELL,-0.0
20260818-190823,1787080275025,SELL,-0.0
20260818-190823,1787080275275,SELL,-0.0
20260818-190823,1787080275173,SELL,-0.0
20260818-190823,1787080275377,SELL,-0.0
20260818-190823,1787080275479,SELL,-0.0
20260818-190823,1787080275416,SELL,-0.0
20260818-190823,1787080275581,SELL,-0.0
20260818-190823,1787080275683,SELL,-0.0
20260818-190823,1787080275785,SELL,-0.0
20260818-190823,1787080275887,SELL,-0.0
20260818-190823,1787080275989,SELL,-0.0
20260818-190823,1787080276091,SELL,-0.0
20260818-190823,1787080276193,SELL,-0.0
20260818-190823,1787080276295,SELL,-0.0
20260818-190823,1787080276397,SELL,-0.0
20260818-190823,1787080276499,SELL,-0.0
20260818-190823,1787080276601,SELL,-0.0
20260818-190823,1787080276703,SELL,-0.0
20260818-190823,1787080276805,SELL,-0.0
20260818-190823,1787080276697,SELL,-0.0
20260818-190823,1787080276907,SELL,-0.0
20260818-190823,1787080277009,SELL,-0.0
20260818-190823,1787080276927,SELL,-0.0
20260818-190823,1787080277111,SELL,-0.0
20260818-190823,1787080277213,SELL,-0.0
20260818-190823,1787080277090,SELL,-0.0
20260818-190823,1787080277315,SELL,-0.0
20260818-190823,1787080277417,SELL,-0.0
20260818-190823,1787080277519,SELL,-0.0
20260818-190823,1787080277621,SELL,-0.0
20260818-190823,1787080277723,SELL,-0.0
20260818-190823,1787080277619,SELL,-0.0
20260818-190823,1787080277825,SELL,-0.0
20260818-190823,1787080277927,SELL,-0.0
20260818-190823,1787080278029,SELL,-0.0
20260818-190823,1787080278131,SELL,-0.0
20260818-190823,1787080278233,SELL,-0.0
20260818-190823,1787080278335,SELL,-0.0
20260818-190823,1787080278437,SELL,-0.0
20260818-190823,1787080278539,SELL,-0.0
20260818-190823,1787080278641,SELL,-0.0
20260818-190823,1787080278743,SELL,-0.0
20260818-190823,1787080278845,SELL,-0.0
20260818-190823,1787080278780,SELL,-0.0
20260818-190823,1787080278947,SELL,-0.0
20260818-190823,1787080279049,SELL,-0.0
20260818-190823,1787080279151,SELL,-0.0
20260818-190823,1787080279253,SELL,-0.0
20260818-190823,1787080279355,SELL,-0.0
20260818-190823,1787080279457,SELL,-0.0
20260818-190823,1787080279559,SELL,-0.0
20260818-190823,1787080279661,SELL,-0.0
20260818-190823,1787080279763,SELL,-0.0
20260818-190823,1787080279636,SELL,-0.0
20260818-190823,1787080279865,SELL,-0.0
20260818-190823,1787080279967,SELL,-0.0
20260818-190823,1787080280069,SELL,-0.0
20260818-190823,1787080280171,SELL,-0.0
20260818-190823,1787080280273,SELL,-0.0
20260818-190823,1787080280375,SELL,-0.0
20260818-190823,1787080280238,SELL,-0.0
20260818-190823,1787080280477,SELL,-0.0
20260818-190823,1787080280579,SELL,-0.0
20260818-190823,1787080280681,SELL,-0.0
20260818-190823,1787080280718,SELL,-0.0
20260818-190823,1787080280783,SELL,-0.0
20260818-190823,1787080280885,SELL,-0.0
20260818-190823,1787080280744,SELL,-0.0
20260818-190823,1787080280987,SELL,-0.0
20260818-190823,1787080281089,SELL,-0.0
20260818-190823,1787080281191,SELL,-0.0
20260818-190823,1787080281048,SELL,-0.0
20260818-190823,1787080281293,SELL,-0.0
20260818-190823,1787080281395,SELL,-0.0
20260818-190823,1787080281497,SELL,-0.0
20260818-190823,1787080281599,SELL,-0.0
20260818-190823,1787080281701,SELL,-0.0
20260818-190823,1787080281803,SELL,-0.0
20260818-190823,1787080281905,SELL,-0.0
20260818-190823,1787080281822,SELL,-0.0
20260818-191124,1787080291550,SELL,-0.0
20260818-191124,1787080291697,SELL,-0.0
20260818-191124,1787080291799,SELL,-0.0
20260818-191124,1787080291901,SELL,-0.0
20260818-191124,1787080292003,SELL,-0.0
20260818-191124,1787080292105,SELL,-0.0
20260818-191124,1787080292207,SELL,-0.0
20260818-191124,1787080292309,SELL,-0.0
20260818-191124,1787080292411,SELL,-0.0
20260818-191124,1787080292513,SELL,-0.0
20260818-191124,1787080292615,SELL,-0.0
20260818-191124,1787080292717,SELL,-0.0
20260818-191124,1787080337455,SELL,0.4636795912200723
20260818-191124,1787080337456,SELL,0.4636795912200723
20260818-191124,1787080337456,SELL,0.4636795912200723
20260818-191124,1787080337456,SELL,0.4636795912200723
20260818-191124,1787080337456,SELL,0.4636795912200723
20260818-191124,1787080337456,SELL,0.4636795912200723
20260818-191124,1787080337456,SELL,0.4636795912200723
20260818-191124,1787080337456,SELL,0.4636795912200723
20260818-191124,1787080337456,SELL,0.4636795912200723
20260818-191124,1787080337456,SELL,0.4636795912200723
20260818-191124,1787080337456,SELL,0.4636795912200723
20260818-191124,1787080337456,SELL,0.4636795912200723
20260818-191124,1787080337456,SELL,0.4636795912200723
20260818-191124,1787080337456,SELL,0.4636795912200723
20260818-191124,1787080337456,SELL,0.4636795912200723
20260818-191124,1787080337456,SELL,0.4636795912200723
20260818-191124,1787080337456,SELL,0.4636795912200723
20260818-191124,1787080337456,SELL,0.4636795912200723
20260818-191124,1787080337456,SELL,0.4636795912200723
20260818-191124,1787080337456,SELL,0.4636795912200723
20260818-191124,1787080337456,SELL,0.4636795912200723
20260818-191124,1787080337467,SELL,0.4636795912200723
20260818-191124,1787080348205,SELL,-0.0
20260818-191124,1787080348307,SELL,-0.0
20260818-191124,1787080348409,SELL,-0.0
20260818-191124,1787080348511,SELL,-0.0
20260818-191124,1787080348419,SELL,-0.0
20260818-191124,1787080348613,SELL,-0.0
20260818-191124,1787080348715,SELL,-0.0
20260818-191124,1787080348817,SELL,-0.0
20260818-191124,1787080348919,SELL,-0.0
20260818-191124,1787080349021,SELL,-0.0
20260818-191124,1787080348921,SELL,-0.0
20260818-191124,1787080349046,SELL,-0.0
20260818-191124,1787080349123,SELL,-0.0
20260818-191124,1787080349225,SELL,-0.0
20260818-191124,1787080349090,SELL,-0.0
20260818-191124,1787080349327,SELL,-0.0
20260818-191124,1787080349429,SELL,-0.0
20260818-191124,1787080349531,SELL,-0.0
20260818-191124,1787080349461,SELL,-0.0
20260818-191124,1787080349633,SELL,-0.0
20260818-191124,1787080349735,SELL,-0.0
20260818-191124,1787080349837,SELL,-0.0
20260818-191124,1787080349939,SELL,-0.0
20260818-191124,1787080350041,SELL,-0.0
20260818-191124,1787080350143,SELL,-0.0
20260818-191124,1787080350245,SELL,-0.0
20260818-191124,1787080350347,SELL,-0.0
20260818-191124,1787080350449,SELL,-0.0
20260818-191124,1787080350551,SELL,-0.0
20260818-191124,1787080350653,SELL,-0.0
20260818-191124,1787080350755,SELL,-0.0
20260818-191124,1787080350857,SELL,-0.0
20260818-191124,1787080350959,SELL,-0.0
20260818-191124,1787080351061,SELL,-0.0
20260818-191124,1787080351163,SELL,-0.0
20260818-191124,1787080351046,SELL,-0.0
20260818-191124,1787080351265,SELL,-0.0
20260818-191124,1787080351239,SELL,-0.0
20260818-191124,1787080351367,SELL,-0.0
20260818-191124,1787080351469,SELL,-0.0
20260818-191124,1787080351370,SELL,-0.0
20260818-191124,1787080351571,SELL,-0.0
20260818-191124,1787080351526,SELL,-0.0
20260818-191124,1787080351673,SELL,-0.0
20260818-191124,1787080351775,SELL,-0.0
20260818-191124,1787080351877,SELL,-0.0
20260818-191124,1787080351979,SELL,-0.0
20260818-191124,1787080352081,SELL,-0.0
20260818-191124,1787080352183,SELL,-0.0
20260818-191124,1787080352285,SELL,-0.0
20260818-191124,1787080352387,SELL,-0.0
20260818-191124,1787080352489,SELL,-0.0
20260818-191124,1787080352591,SELL,-0.0
20260818-191124,1787080352693,SELL,-0.0
20260818-191124,1787080352795,SELL,-0.0
20260818-191124,1787080352897,SELL,-0.0
20260818-191124,1787080352999,SELL,-0.0
20260818-191124,1787080353101,SELL,-0.0
20260818-191124,1787080353048,SELL,-0.0
20260818-191124,1787080353203,SELL,-0.0
20260818-191124,1787080353305,SELL,-0.0
20260818-191124,1787080353407,SELL,-0.0
20260818-191124,1787080353509,SELL,-0.0
20260818-191124,1787080353611,SELL,-0.0
20260818-191124,1787080353713,SELL,-0.0
20260818-191124,1787080353815,SELL,-0.0
20260818-191124,1787080353707,SELL,-0.0
20260818-191124,1787080353917,SELL,-0.0
20260818-191124,1787080354019,SELL,-0.0
20260818-191124,1787080354121,SELL,-0.0
20260818-191124,1787080354223,SELL,-0.0
20260818-191124,1787080354325,SELL,-0.0
20260818-191124,1787080354427,SELL,-0.0
20260818-191124,1787080354529,SELL,-0.0
20260818-191124,1787080354631,SELL,-0.0
20260818-191124,1787080354733,SELL,-0.0
20260818-191124,1787080354835,SELL,-0.0
20260818-191124,1787080354937,SELL,-0.0
20260818-191124,1787080355039,SELL,-0.0
20260818-191124,1787080355141,SELL,-0.0
20260818-191124,1787080355047,SELL,-0.0
20260818-191124,1787080355243,SELL,-0.0
20260818-191124,1787080355345,SELL,-0.0
20260818-191124,1787080355651,SELL,-0.0
20260818-191124,1787080355753,SELL,-0.0
20260818-191124,1787080355855,SELL,-0.0
20260818-191124,1787080355957,SELL,-0.0
20260818-191124,1787080356059,SELL,-0.0
20260818-191124,1787080356161,SELL,-0.0
20260818-191124,1787080356073,SELL,-0.0
20260818-191124,1787080356263,SELL,-0.0
20260818-191124,1787080356365,SELL,-0.0
20260818-191124,1787080357793,SELL,-0.0
20260818-191124,1787080357895,SELL,-0.0
20260818-191124,1787080357997,SELL,-0.0
20260818-191124,1787080358099,SELL,-0.0
20260818-191124,1787080358201,SELL,-0.0
20260818-191124,1787080358303,SELL,-0.0
20260818-191124,1787080358405,SELL,-0.0
20260818-191124,1787080358507,SELL,-0.0
20260818-191124,1787080358609,SELL,-0.0
20260818-191124,1787080358711,SELL,-0.0
20260818-191124,1787080358813,SELL,-0.0
20260818-191124,1787080358915,SELL,-0.0
20260818-191124,1787080359017,SELL,-0.0
20260818-191124,1787080359119,SELL,-0.0
20260818-191124,1787080359048,SELL,-0.0
20260818-191124,1787080359221,SELL,-0.0
20260818-191124,1787080359323,SELL,-0.0
20260818-191124,1787080359425,SELL,-0.0
20260818-191124,1787080359527,SELL,-0.0
20260818-191124,1787080359481,SELL,-0.0
20260818-191124,1787080359629,SELL,-0.0
20260818-191124,1787080359731,SELL,-0.0
20260818-191124,1787080359833,SELL,-0.0
20260818-191124,1787080359935,SELL,-0.0
20260818-191124,1787080360037,SELL,-0.0
20260818-191124,1787080360139,SELL,-0.0
20260818-191124,1787080360241,SELL,-0.0
20260818-191124,1787080360343,SELL,-0.0
20260818-191124,1787080360222,SELL,-0.0
20260818-191124,1787080360445,SELL,-0.0
20260818-191124,1787080360547,SELL,-0.0
20260818-191124,1787080360649,SELL,-0.0
20260818-191124,1787080360510,SELL,-0.0
20260818-191124,1787080360751,SELL,-0.0
20260818-191124,1787080360665,SELL,-0.0
20260818-191124,1787080360853,SELL,-0.0
20260818-191124,1787080360955,SELL,-0.0
20260818-191124,1787080361026,SELL,-0.0
20260818-191124,1787080361057,SELL,-0.0
20260818-191124,1787080361159,SELL,-0.0
20260818-191124,1787080361049,SELL,-0.0
20260818-191124,1787080361261,SELL,-0.0
20260818-191124,1787080361363,SELL,-0.0
20260818-191124,1787080361465,SELL,-0.0
20260818-191124,1787080361567,SELL,-0.0
20260818-191124,1787080361669,SELL,-0.0
20260818-191124,1787080361771,SELL,-0.0
20260818-191124,1787080361873,SELL,-0.0
20260818-191124,1787080361975,SELL,-0.0
20260818-191124,1787080362077,SELL,-0.0
20260818-191124,1787080362179,SELL,-0.0
20260818-191124,1787080362281,SELL,-0.0
20260818-191124,1787080362170,SELL,-0.0
20260818-191124,1787080362383,SELL,-0.0
20260818-191124,1787080362485,SELL,-0.0
20260818-191124,1787080362377,SELL,-0.0
20260818-191124,1787080362587,SELL,-0.0
20260818-191124,1787080362689,SELL,-0.0
20260818-191124,1787080362791,SELL,-0.0
20260818-191124,1787080362893,SELL,-0.0
20260818-191124,1787080362995,SELL,-0.0
20260818-191124,1787080363097,SELL,-0.0
20260818-191124,1787080363199,SELL,-0.0
20260818-191124,1787080363052,SELL,-0.0
20260818-191124,1787080363301,SELL,-0.0
20260818-191124,1787080363230,SELL,-0.0
20260818-191124,1787080363403,SELL,-0.0
20260818-191124,1787080363505,SELL,-0.0
20260818-191124,1787080363607,SELL,-0.0
20260818-191124,1787080363709,SELL,-0.0
20260818-191124,1787080363811,SELL,-0.0
20260818-191124,1787080363913,SELL,-0.0
20260818-191124,1787080364015,SELL,-0.0
20260818-191124,1787080364117,SELL,-0.0
20260818-191124,1787080364071,SELL,-0.0
20260818-191124,1787080364219,SELL,-0.0
20260818-191124,1787080364321,SELL,-0.0
20260818-191124,1787080364423,SELL,-0.0
20260818-191124,1787080364413,SELL,-0.0
20260818-191124,1787080364525,SELL,-0.0
20260818-191124,1787080364432,SELL,-0.0
20260818-191124,1787080364627,SELL,-0.0
20260818-191124,1787080364729,SELL,-0.0
20260818-191124,1787080364831,SELL,-0.0
20260818-191124,1787080364933,SELL,-0.0
20260818-191124,1787080365035,SELL,-0.0
20260818-191124,1787080365137,SELL,-0.0
20260818-191124,1787080365051,SELL,-0.0
20260818-191124,1787080365239,SELL,-0.0
20260818-191124,1787080365341,SELL,-0.0
20260818-191124,1787080365443,SELL,-0.0
20260818-191124,1787080365545,SELL,-0.0
20260818-191124,1787080365647,SELL,-0.0
20260818-191124,1787080365749,SELL,-0.0
20260818-191124,1787080365851,SELL,-0.0
20260818-191124,1787080365953,SELL,-0.0
20260818-191124,1787080366055,SELL,-0.0
20260818-191124,1787080366157,SELL,-0.0
20260818-191124,1787080366259,SELL,-0.0
20260818-191124,1787080366361,SELL,-0.0
20260818-191124,1787080366463,SELL,-0.0
20260818-191124,1787080366565,SELL,-0.0
20260818-191124,1787080366667,SELL,-0.0
20260818-191124,1787080366522,SELL,-0.0
20260818-191124,1787080366769,SELL,-0.0
20260818-191124,1787080366871,SELL,-0.0
20260818-191124,1787080366973,SELL,-0.0
20260818-191124,1787080367075,SELL,-0.0
20260818-191124,1787080367177,SELL,-0.0
20260818-191124,1787080367052,SELL,-0.0
20260818-191124,1787080367279,SELL,-0.0
20260818-191124,1787080367381,SELL,-0.0
20260818-191124,1787080367483,SELL,-0.0
20260818-191124,1787080367585,SELL,-0.0
20260818-191124,1787080367542,SELL,-0.0
20260818-191124,1787080367687,SELL,-0.0
20260818-191124,1787080367789,SELL,-0.0
20260818-191124,1787080367891,SELL,-0.0
20260818-191124,1787080367993,SELL,-0.0
20260818-191124,1787080368095,SELL,-0.0
20260818-191124,1787080368197,SELL,-0.0
20260818-191124,1787080368299,SELL,-0.0
20260818-191124,1787080368401,SELL,-0.0
20260818-191124,1787080368503,SELL,-0.0
20260818-191124,1787080368605,SELL,-0.0
20260818-191124,1787080368707,SELL,-0.0
20260818-191124,1787080368639,SELL,-0.0
20260818-191124,1787080368809,SELL,-0.0
20260818-191124,1787080368911,SELL,-0.0
20260818-191124,1787080369013,SELL,-0.0
20260818-191124,1787080369115,SELL,-0.0
20260818-191124,1787080369039,SELL,-0.0
20260818-191124,1787080369217,SELL,-0.0
20260818-191124,1787080369319,SELL,-0.0
20260818-191124,1787080369421,SELL,-0.0
20260818-191124,1787080369523,SELL,-0.0
20260818-191124,1787080369625,SELL,-0.0
20260818-191124,1787080369727,SELL,-0.0
20260818-191124,1787080369829,SELL,-0.0
20260818-191124,1787080369931,SELL,-0.0
20260818-191124,1787080370033,SELL,-0.0
20260818-191124,1787080373399,SELL,-0.0
20260818-191124,1787080373501,SELL,-0.0
20260818-191124,1787080414607,SELL,-0.0
20260818-191124,1787080414566,SELL,-0.0
20260818-191124,1787080414709,SELL,-0.0
20260818-191124,1787080414811,SELL,-0.0
20260818-191124,1787080414739,SELL,-0.0
20260818-191124,1787080414913,SELL,-0.0
20260818-191124,1787080415015,SELL,-0.0
20260818-191124,1787080415117,SELL,-0.0
20260818-191124,1787080415219,SELL,-0.0
20260818-191124,1787080415321,SELL,-0.0
20260818-191124,1787080415423,SELL,-0.0
20260818-191124,1787080415525,SELL,-0.0
20260818-191124,1787080415627,SELL,-0.0
20260818-191124,1787080415729,SELL,-0.0
20260818-191124,1787080415831,SELL,-0.0
20260818-191124,1787080415933,SELL,-0.0
20260818-191124,1787080416035,SELL,-0.0
20260818-191124,1787080416137,SELL,-0.0
20260818-191124,1787080416239,SELL,-0.0
20260818-191124,1787080416102,SELL,-0.0
20260818-191124,1787080416341,SELL,-0.0
20260818-191124,1787080416443,SELL,-0.0
20260818-191124,1787080416545,SELL,-0.0
20260818-191124,1787080416647,SELL,-0.0
20260818-191124,1787080416749,SELL,-0.0
20260818-191124,1787080416851,SELL,-0.0
20260818-191124,1787080416953,SELL,-0.0
20260818-191124,1787080417055,SELL,-0.0
20260818-191124,1787080417157,SELL,-0.0
20260818-191124,1787080417259,SELL,-0.0
20260818-191124,1787080417361,SELL,-0.0
20260818-191124,1787080417463,SELL,-0.0
20260818-191124,1787080417565,SELL,-0.0
20260818-191124,1787080417667,SELL,-0.0
20260818-191124,1787080417769,SELL,-0.0
20260818-191124,1787080417871,SELL,-0.0
20260818-191124,1787080417973,SELL,-0.0
20260818-191124,1787080418075,SELL,-0.0
20260818-191124,1787080418177,SELL,-0.0
20260818-191124,1787080418279,SELL,-0.0
20260818-191124,1787080418163,SELL,-0.0
20260818-191124,1787080418381,SELL,-0.0
20260818-191124,1787080418483,SELL,-0.0
20260818-191124,1787080418585,SELL,-0.0
20260818-191124,1787080418687,SELL,-0.0
20260818-191124,1787080418789,SELL,-0.0
20260818-191124,1787080418891,SELL,-0.0
20260818-191124,1787080418782,SELL,-0.0
20260818-191124,1787080418993,SELL,-0.0
20260818-191124,1787080419095,SELL,-0.0
20260818-191124,1787080419197,SELL,-0.0
20260818-191124,1787080419299,SELL,-0.0
20260818-191124,1787080419401,SELL,-0.0
20260818-191124,1787080419503,SELL,-0.0
20260818-191124,1787080419605,SELL,-0.0
20260818-191124,1787080419707,SELL,-0.0
20260818-191124,1787080419809,SELL,-0.0
20260818-191124,1787080419911,SELL,-0.0
20260818-191124,1787080420013,SELL,-0.0
20260818-191124,1787080420115,SELL,-0.0
20260818-191124,1787080420217,SELL,-0.0
20260818-191124,1787080420319,SELL,-0.0
20260818-191124,1787080420421,SELL,-0.0
20260818-191124,1787080420523,SELL,-0.0
20260818-191124,1787080420625,SELL,-0.0
20260818-191124,1787080420727,SELL,-0.0
20260818-191124,1787080420628,SELL,-0.0
20260818-191124,1787080420829,SELL,-0.0
20260818-191124,1787080420931,SELL,-0.0
20260818-191124,1787080421033,SELL,-0.0
20260818-191124,1787080421135,SELL,-0.0
20260818-191124,1787080421441,SELL,-0.0
20260818-191124,1787080421347,SELL,-0.0
20260818-191124,1787080421543,SELL,-0.0
20260818-191124,1787080421645,SELL,-0.0
20260818-191124,1787080421582,SELL,-0.0
20260818-191124,1787080421747,SELL,-0.0
20260818-191124,1787080421849,SELL,-0.0
20260818-191124,1787080421951,SELL,-0.0
20260818-191124,1787080422053,SELL,-0.0
20260818-191124,1787080422155,SELL,-0.0
20260818-191124,1787080422257,SELL,-0.0
20260818-191124,1787080422359,SELL,-0.0
20260818-191124,1787080422461,SELL,-0.0
20260818-191124,1787080422563,SELL,-0.0
20260818-191124,1787080422517,SELL,-0.0
20260818-191124,1787080422665,SELL,-0.0
20260818-191124,1787080422767,SELL,-0.0
20260818-191124,1787080422869,SELL,-0.0
20260818-191124,1787080422971,SELL,-0.0
20260818-191124,1787080423073,SELL,-0.0
20260818-191124,1787080423175,SELL,-0.0
20260818-191124,1787080423277,SELL,-0.0
20260818-191124,1787080423379,SELL,-0.0
20260818-191124,1787080423261,SELL,-0.0
20260818-191124,1787080423481,SELL,-0.0
20260818-191124,1787080423583,SELL,-0.0
20260818-191124,1787080423685,SELL,-0.0
20260818-191124,1787080423787,SELL,-0.0
20260818-191124,1787080423889,SELL,-0.0
20260818-191124,1787080423760,SELL,-0.0
20260818-191124,1787080423991,SELL,-0.0
20260818-191124,1787080424093,SELL,-0.0
20260818-191124,1787080424195,SELL,-0.0
20260818-191124,1787080424297,SELL,-0.0
20260818-191124,1787080424200,SELL,-0.0
20260818-191124,1787080424399,SELL,-0.0
20260818-191124,1787080424501,SELL,-0.0
20260818-191124,1787080424603,SELL,-0.0
20260818-191124,1787080424705,SELL,-0.0
20260818-191124,1787080424807,SELL,-0.0
20260818-191124,1787080424909,SELL,-0.0
20260818-191124,1787080425011,SELL,-0.0
20260818-191124,1787080425113,SELL,-0.0
20260818-191124,1787080425128,SELL,-0.0
20260818-191124,1787080425215,SELL,-0.0
20260818-191124,1787080425168,SELL,-0.0
20260818-191124,1787080425317,SELL,-0.0
20260818-191124,1787080425419,SELL,-0.0
20260818-191124,1787080425521,SELL,-0.0
20260818-191124,1787080425380,SELL,-0.0
20260818-191124,1787080425623,SELL,-0.0
20260818-191124,1787080425541,SELL,-0.0
20260818-191124,1787080425725,SELL,-0.0
20260818-191124,1787080425827,SELL,-0.0
20260818-191124,1787080425929,SELL,-0.0
20260818-191124,1787080426031,SELL,-0.0
20260818-191124,1787080426133,SELL,-0.0
20260818-191124,1787080426030,SELL,-0.0
20260818-191124,1787080426235,SELL,-0.0
20260818-191124,1787080426337,SELL,-0.0
20260818-191124,1787080426439,SELL,-0.0
20260818-191124,1787080426541,SELL,-0.0
20260818-191124,1787080426643,SELL,-0.0
20260818-191124,1787080426745,SELL,-0.0
20260818-191124,1787080426847,SELL,-0.0
20260818-191124,1787080426949,SELL,-0.0
20260818-191124,1787080427051,SELL,-0.0
20260818-191124,1787080427153,SELL,-0.0
20260818-191124,1787080427255,SELL,-0.0
20260818-191124,1787080427357,SELL,-0.0
20260818-191124,1787080427266,SELL,-0.0
20260818-191124,1787080427459,SELL,-0.0
20260818-191124,1787080427382,SELL,-0.0
20260818-191124,1787080427561,SELL,-0.0
20260818-191124,1787080427663,SELL,-0.0
20260818-191124,1787080427525,SELL,-0.0
20260818-191124,1787080427765,SELL,-0.0
20260818-191124,1787080427867,SELL,-0.0
20260818-191124,1787080427969,SELL,-0.0
20260818-191124,1787080428071,SELL,-0.0
20260818-191124,1787080428173,SELL,-0.0
20260818-191124,1787080428275,SELL,-0.0
20260818-191124,1787080428377,SELL,-0.0
20260818-191124,1787080428479,SELL,-0.0
20260818-191124,1787080428581,SELL,-0.0
20260818-191124,1787080428683,SELL,-0.0
20260818-191124,1787080428573,SELL,-0.0
20260818-191124,1787080428785,SELL,-0.0
20260818-191124,1787080428887,SELL,-0.0
20260818-191124,1787080428811,SELL,-0.0
20260818-191124,1787080428989,SELL,-0.0
20260818-191124,1787080429091,SELL,-0.0
20260818-191124,1787080429193,SELL,-0.0
20260818-191124,1787080429117,SELL,-0.0
20260818-191124,1787080429295,SELL,-0.0
20260818-191124,1787080429197,SELL,-0.0
20260818-191124,1787080429397,SELL,-0.0
20260818-191124,1787080429499,SELL,-0.0
20260818-191124,1787080429601,SELL,-0.0
20260818-191124,1787080429703,SELL,-0.0
20260818-191124,1787080429805,SELL,-0.0
20260818-191124,1787080429907,SELL,-0.0
20260818-191124,1787080430009,SELL,-0.0
20260818-191124,1787080430111,SELL,-0.0
20260818-191124,1787080430213,SELL,-0.0
20260818-191124,1787080430315,SELL,-0.0
20260818-191124,1787080430417,SELL,-0.0
20260818-191124,1787080430519,SELL,-0.0
20260818-191124,1787080430621,SELL,-0.0
20260818-191124,1787080430575,SELL,-0.0
20260818-191124,1787080430723,SELL,-0.0
20260818-191124,1787080430825,SELL,-0.0
20260818-191124,1787080430927,SELL,-0.0
20260818-191124,1787080431029,SELL,-0.0
20260818-191124,1787080431131,SELL,-0.0
20260818-191124,1787080431007,SELL,-0.0
20260818-191124,1787080431233,SELL,-0.0
20260818-191124,1787080431335,SELL,-0.0
20260818-191124,1787080431437,SELL,-0.0
20260818-191124,1787080431539,SELL,-0.0
20260818-191124,1787080431641,SELL,-0.0
20260818-191124,1787080431593,SELL,-0.0
20260818-191124,1787080431743,SELL,-0.0
20260818-191124,1787080431845,SELL,-0.0
20260818-191124,1787080431786,SELL,-0.0
20260818-191124,1787080431947,SELL,-0.0
20260818-191124,1787080432049,SELL,-0.0
20260818-191124,1787080432151,SELL,-0.0
20260818-191124,1787080432253,SELL,-0.0
20260818-191124,1787080432355,SELL,-0.0
20260818-191124,1787080432457,SELL,-0.0
20260818-191124,1787080432559,SELL,-0.0
20260818-191124,1787080432661,SELL,-0.0
20260818-191124,1787080432763,SELL,-0.0
20260818-191124,1787080432865,SELL,-0.0
20260818-191124,1787080432967,SELL,-0.0
20260818-191124,1787080433069,SELL,-0.0
20260818-191124,1787080433171,SELL,-0.0
20260818-191124,1787080433273,SELL,-0.0
20260818-191124,1787080433133,SELL,-0.0
20260818-191124,1787080433375,SELL,-0.0
20260818-191124,1787080433477,SELL,-0.0
20260818-191124,1787080433579,SELL,-0.0
20260818-191124,1787080433681,SELL,-0.0
20260818-191124,1787080433611,SELL,-0.0
20260818-191124,1787080433783,SELL,-0.0
20260818-191124,1787080433885,SELL,-0.0
20260818-191124,1787080433987,SELL,-0.0
20260818-191124,1787080434089,SELL,-0.0
20260818-191124,1787080434191,SELL,-0.0
20260818-191124,1787080434293,SELL,-0.0
20260818-191124,1787080434395,SELL,-0.0
20260818-191124,1787080434497,SELL,-0.0
20260818-191124,1787080434599,SELL,-0.0
20260818-191124,1787080434701,SELL,-0.0
20260818-191124,1787080434803,SELL,-0.0
20260818-191124,1787080434905,SELL,-0.0
20260818-191124,1787080435007,SELL,-0.0
20260818-191124,1787080434865,SELL,-0.0
20260818-191124,1787080435109,SELL,-0.0
20260818-191124,1787080435211,SELL,-0.0
20260818-191124,1787080435313,SELL,-0.0
20260818-191124,1787080435227,SELL,-0.0
20260818-191124,1787080435415,SELL,-0.0
20260818-191124,1787080435346,SELL,-0.0
20260818-191124,1787080435517,SELL,-0.0
20260818-191124,1787080435619,SELL,-0.0
20260818-191124,1787080435721,SELL,-0.0
20260818-191124,1787080435823,SELL,-0.0
20260818-191124,1787080435731,SELL,-0.0
20260818-191124,1787080435925,SELL,-0.0
20260818-191124,1787080436027,SELL,-0.0
20260818-191124,1787080436129,SELL,-0.0
20260818-191124,1787080436231,SELL,-0.0
20260818-191124,1787080436333,SELL,-0.0
20260818-191124,1787080436435,SELL,-0.0
20260818-191124,1787080436375,SELL,-0.0
20260818-191124,1787080436537,SELL,-0.0
20260818-191124,1787080436639,SELL,-0.0
20260818-191124,1787080436741,SELL,-0.0
20260818-191124,1787080436843,SELL,-0.0
20260818-191124,1787080436945,SELL,-0.0
20260818-191124,1787080437047,SELL,-0.0
20260818-191124,1787080437149,SELL,-0.0
20260818-191124,1787080437251,SELL,-0.0
20260818-191124,1787080437144,SELL,-0.0
20260818-191124,1787080437353,SELL,-0.0
20260818-191124,1787080437455,SELL,-0.0
20260818-191124,1787080437557,SELL,-0.0
20260818-191124,1787080437659,SELL,-0.0
20260818-191124,1787080437761,SELL,-0.0
20260818-191124,1787080437863,SELL,-0.0
20260818-191124,1787080437965,SELL,-0.0
20260818-191124,1787080438067,SELL,-0.0
20260818-191124,1787080438169,SELL,-0.0
20260818-191124,1787080438271,SELL,-0.0
20260818-191124,1787080438373,SELL,-0.0
20260818-191124,1787080438475,SELL,-0.0
20260818-191124,1787080438577,SELL,-0.0
20260818-191124,1787080438679,SELL,-0.0
20260818-191124,1787080438551,SELL,-0.0
20260818-191124,1787080438781,SELL,-0.0
20260818-191124,1787080438883,SELL,-0.0
20260818-191124,1787080438985,SELL,-0.0
20260818-191124,1787080439087,SELL,-0.0
20260818-191124,1787080439189,SELL,-0.0
20260818-191124,1787080439291,SELL,-0.0
20260818-191124,1787080439393,SELL,-0.0
20260818-191124,1787080439495,SELL,-0.0
20260818-191124,1787080439597,SELL,-0.0
20260818-191124,1787080439555,SELL,-0.0
20260818-191124,1787080439699,SELL,-0.0
20260818-191124,1787080439801,SELL,-0.0
20260818-191124,1787080439676,SELL,-0.0
20260818-191124,1787080439903,SELL,-0.0
20260818-191124,1787080440005,SELL,-0.0
20260818-191124,1787080440107,SELL,-0.0
20260818-191124,1787080440209,SELL,-0.0
20260818-191124,1787080440311,SELL,-0.0
20260818-191124,1787080440413,SELL,-0.0
20260818-191124,1787080440515,SELL,-0.0
20260818-191124,1787080440617,SELL,-0.0
20260818-191124,1787080440571,SELL,-0.0
20260818-191124,1787080440719,SELL,-0.0
20260818-191124,1787080440821,SELL,-0.0
20260818-191124,1787080440923,SELL,-0.0
20260818-191124,1787080441025,SELL,-0.0
20260818-191124,1787080441127,SELL,-0.0
20260818-191124,1787080441229,SELL,-0.0
20260818-191124,1787080441331,SELL,-0.0
20260818-191124,1787080441433,SELL,-0.0
20260818-191124,1787080441535,SELL,-0.0
20260818-191124,1787080441637,SELL,-0.0
20260818-191124,1787080441739,SELL,-0.0
20260818-191124,1787080441841,SELL,-0.0
20260818-191124,1787080441943,SELL,-0.0
20260818-191124,1787080443065,SELL,1.5303129489971703
20260818-191426,1787080497331,SELL,-0.0
20260818-191426,1787080497269,SELL,-0.0
20260818-191426,1787080497433,SELL,-0.0
20260818-191426,1787080497535,SELL,-0.0
20260818-191426,1787080499167,SELL,-0.0
20260818-191426,1787080499269,SELL,-0.0
20260818-191426,1787080499371,SELL,-0.0
20260818-191426,1787080499473,SELL,-0.0
20260818-191426,1787080499395,SELL,-0.0
20260818-191426,1787080499575,SELL,-0.0
20260818-191426,1787080499529,SELL,-0.0
20260818-191426,1787080499677,SELL,-0.0
20260818-191426,1787080499630,SELL,-0.0
20260818-191426,1787080499779,SELL,-0.0
20260818-191426,1787080499881,SELL,-0.0
20260818-191426,1787080499983,SELL,-0.0
20260818-191426,1787080500085,SELL,-0.0
20260818-191426,1787080500187,SELL,-0.0
20260818-191426,1787080500289,SELL,-0.0
20260818-191426,1787080500391,SELL,-0.0
20260818-191426,1787080500493,SELL,-0.0
20260818-191426,1787080500595,SELL,-0.0
20260818-191426,1787080500535,SELL,-0.0
20260818-191426,1787080500697,SELL,-0.0
20260818-191426,1787080500799,SELL,-0.0
20260818-191426,1787080500901,SELL,-0.0
20260818-191426,1787080501003,SELL,-0.0
20260818-191426,1787080501105,SELL,-0.0
20260818-191426,1787080501207,SELL,-0.0
20260818-191426,1787080501136,SELL,-0.0
20260818-191426,1787080501309,SELL,-0.0
20260818-191426,1787080501411,SELL,1.143870285108769
20260818-191426,1787080501358,SELL,1.143870285108769
20260818-191426,1787080501513,SELL,1.143870285108769
20260818-191426,1787080501615,SELL,1.143870285108769
20260818-191426,1787080501717,SELL,1.9476710259961942
20260818-191426,1787080501819,SELL,1.9476710259961942
20260818-191426,1787080501921,SELL,1.9476710259961942
20260818-191426,1787080502023,SELL,1.9476710259961942
20260818-191426,1787080502125,SELL,1.9476710259961942
20260818-191426,1787080502227,SELL,1.9476710259961942
20260818-191426,1787080502229,SELL,1.9476710259961942
20260818-191426,1787080502265,SELL,1.9476710259961942
20260818-191426,1787080502329,SELL,1.9476710259961942
20260818-191426,1787080502431,SELL,1.9476710259961942
20260818-191426,1787080502298,SELL,1.9476710259961942
20260818-191426,1787080502533,SELL,1.9476710259961942
20260818-191426,1787080502465,SELL,1.9476710259961942
20260818-191426,1787080502635,SELL,1.9476710259961942
20260818-191426,1787080502737,SELL,1.9476710259961942
20260818-191426,1787080502839,SELL,1.9476710259961942
20260818-191426,1787080502787,SELL,1.9476710259961942
20260818-191426,1787080502941,SELL,1.9476710259961942
20260818-191426,1787080503043,SELL,1.9476710259961942
20260818-191426,1787080503145,SELL,1.9476710259961942
20260818-191426,1787080503172,SELL,1.9476710259961942
20260818-191426,1787080503172,SELL,1.9476710259961942
20260818-191426,1787080503172,SELL,1.9476710259961942
20260818-191426,1787080503172,SELL,1.9476710259961942
20260818-191426,1787080503172,SELL,1.9476710259961942
20260818-191426,1787080503172,SELL,1.9476710259961942
20260818-191426,1787080503172,SELL,1.9476710259961942
20260818-191426,1787080503172,SELL,1.9476710259961942
20260818-191426,1787080503172,SELL,1.9476710259961942
20260818-191426,1787080503172,SELL,1.9476710259961942
20260818-191426,1787080503172,SELL,1.9476710259961942
20260818-191426,1787080503172,SELL,1.9476710259961942
20260818-191426,1787080503172,SELL,1.9476710259961942
20260818-191426,1787080503172,SELL,1.9476710259961942
20260818-191426,1787080503172,SELL,1.9476710259961942
20260818-191426,1787080503172,SELL,1.9476710259961942
20260818-191426,1787080503172,SELL,1.9476710259961942
20260818-191426,1787080503172,SELL,1.9476710259961942
20260818-191426,1787080503172,SELL,1.9476710259961942
20260818-191426,1787080503175,SELL,1.9476710259961942
20260818-191426,1787080503175,SELL,1.9476710259961942
20260818-191426,1787080503175,SELL,1.9476710259961942
20260818-191426,1787080503175,SELL,1.9476710259961942
20260818-191426,1787080503177,SELL,1.9476710259961942
20260818-191426,1787080503191,SELL,1.9476710259961942
20260818-191426,1787080503191,SELL,1.9476710259961942
20260818-191426,1787080503191,SELL,1.9476710259961942
20260818-191426,1787080503192,SELL,1.9476710259961942
20260818-191426,1787080503192,SELL,1.9476710259961942
20260818-191426,1787080503192,SELL,1.9476710259961942
20260818-191426,1787080503192,SELL,1.9476710259961942
20260818-191426,1787080503192,SELL,1.9476710259961942
20260818-191426,1787080503192,SELL,1.9476710259961942
20260818-191426,1787080503192,SELL,1.9476710259961942
20260818-191426,1787080503192,SELL,1.9476710259961942
20260818-191426,1787080503192,SELL,1.9476710259961942
20260818-191426,1787080503192,SELL,1.9476710259961942
20260818-191426,1787080503192,SELL,1.9476710259961942
20260818-191426,1787080503192,SELL,1.9476710259961942
20260818-191426,1787080503192,SELL,1.9476710259961942
20260818-191426,1787080503192,SELL,1.9476710259961942
20260818-191426,1787080503192,SELL,1.9476710259961942
20260818-191426,1787080503192,SELL,1.9476710259961942
20260818-191426,1787080503199,SELL,1.9476710259961942
20260818-191426,1787080503218,SELL,1.9476710259961942
20260818-191426,1787080503250,SELL,1.9476710259961942
20260818-191426,1787080503295,SELL,1.9476710259961942
20260818-191426,1787080503297,SELL,1.9476710259961942
20260818-191426,1787080503297,SELL,1.9476710259961942
20260818-191426,1787080503306,SELL,1.9476710259961942
20260818-191426,1787080503307,SELL,1.9476710259961942
20260818-191426,1787080503307,SELL,1.9476710259961942
20260818-191426,1787080503307,SELL,1.9476710259961942
20260818-191426,1787080503307,SELL,1.9476710259961942
20260818-191426,1787080503309,SELL,1.9476710259961942
20260818-191426,1787080503309,SELL,1.9476710259961942
20260818-191426,1787080503316,SELL,1.9476710259961942
20260818-191426,1787080503316,SELL,1.9476710259961942
20260818-191426,1787080503316,SELL,1.9476710259961942
20260818-191426,1787080503321,SELL,1.9476710259961942
20260818-191426,1787080503321,SELL,1.9476710259961942
20260818-191426,1787080503326,SELL,1.9476710259961942
20260818-191426,1787080503331,SELL,1.9476710259961942
20260818-191426,1787080503331,SELL,1.9476710259961942
20260818-191426,1787080503339,SELL,1.9476710259961942
20260818-191426,1787080503339,SELL,1.9476710259961942
20260818-191426,1787080503247,SELL,0.8038926957841377
20260818-191426,1787080503342,SELL,0.8038926957841377
20260818-191426,1787080503342,SELL,0.8038926957841377
20260818-191426,1787080503349,SELL,0.2164453641645602
20260818-191426,1787080503349,SELL,0.2164453641645602
20260818-191426,1787080503349,SELL,0.2164453641645602
20260818-191426,1787080503349,SELL,0.2164453641645602
20260818-191426,1787080503349,SELL,0.2164453641645602
20260818-191426,1787080503349,SELL,0.2164453641645602
20260818-191426,1787080503349,SELL,0.2164453641645602
20260818-191426,1787080503349,SELL,0.2164453641645602
20260818-191426,1787080503383,SELL,0.8038926957841377
20260818-191426,1787080503485,SELL,0.8038926957841377
20260818-191426,1787080503668,SELL,0.8038926957841377
20260818-191426,1787080503349,SELL,0.2164453641645602
20260818-191426,1787080503451,SELL,-0.0
20260818-191426,1787080503553,SELL,-0.0
20260818-191426,1787080503655,SELL,-0.0
20260818-191426,1787080503757,SELL,-0.0
20260818-191426,1787080503859,SELL,-0.0
20260818-191426,1787080503961,SELL,-0.0
20260818-191426,1787080504063,SELL,-0.0
20260818-191426,1787080504165,SELL,-0.0
20260818-191426,1787080504267,SELL,-0.0
20260818-191426,1787080504227,SELL,-0.0
20260818-191426,1787080504369,SELL,-0.0
20260818-191426,1787080504471,SELL,-0.0
20260818-191426,1787080504375,SELL,-0.0
20260818-191426,1787080504573,SELL,-0.0
20260818-191426,1787080504675,SELL,-0.0
20260818-191426,1787080504777,SELL,-0.0
20260818-191426,1787080504733,SELL,-0.0
20260818-191426,1787080504879,SELL,-0.0
20260818-191426,1787080504981,SELL,-0.0
20260818-191426,1787080505083,SELL,-0.0
20260818-191426,1787080505185,SELL,-0.0
20260818-191426,1787080505287,SELL,-0.0
20260818-191426,1787080505389,SELL,-0.0
20260818-191426,1787080505405,SELL,-0.0
20260818-191426,1787080505491,SELL,-0.0
20260818-191426,1787080505497,SELL,-0.0
20260818-191426,1787080505565,SELL,-0.0
20260818-191426,1787080505593,SELL,-0.0
20260818-191426,1787080505695,SELL,0.43290009825331155
20260818-191426,1787080505572,SELL,-0.0
20260818-191426,1787080505797,SELL,0.6957323007635275
20260818-191426,1787080505718,SELL,0.6957323007635275
20260818-191426,1787080505899,SELL,0.6957323007635275
20260818-191426,1787080505866,SELL,0.6957323007635275
20260818-191426,1787080506001,SELL,0.6957323007635275
20260818-191426,1787080505990,SELL,0.6957323007635275
20260818-191426,1787080506103,SELL,0.6957323007635275
20260818-191426,1787080506020,SELL,0.6957323007635275
20260818-191426,1787080506205,SELL,0.6957323007635275
20260818-191426,1787080506307,SELL,0.6957323007635275
20260818-191426,1787080506409,SELL,0.6957323007635275
20260818-191426,1787080506511,SELL,0.6957323007635275
20260818-191426,1787080506444,SELL,0.6957323007635275
20260818-191426,1787080506613,SELL,0.6957323007635275
20260818-191426,1787080506715,SELL,0.6957323007635275
20260818-191426,1787080506817,SELL,0.6957323007635275
20260818-191426,1787080506697,SELL,0.6957323007635275
20260818-191426,1787080506919,SELL,0.6957323007635275
20260818-191426,1787080507021,SELL,0.6957323007635275
20260818-191426,1787080507123,SELL,0.6957323007635275
20260818-191426,1787080507225,SELL,0.6957323007635275
20260818-191426,1787080507177,SELL,0.6957323007635275
20260818-191426,1787080507327,SELL,0.6957323007635275
20260818-191426,1787080507429,SELL,0.6957323007635275
20260818-191426,1787080507375,SELL,0.6957323007635275
20260818-191426,1787080507531,SELL,0.6957323007635275
20260818-191426,1787080507611,SELL,0.6957323007635275
20260818-191426,1787080507618,SELL,0.6957323007635275
20260818-191426,1787080507618,SELL,0.6957323007635275
20260818-191426,1787080507618,SELL,0.6957323007635275
20260818-191426,1787080507618,SELL,0.6957323007635275
20260818-191426,1787080507618,SELL,0.6957323007635275
20260818-191426,1787080507622,SELL,0.2628435810114205
20260818-191426,1787080507622,SELL,0.2628435810114205
20260818-191426,1787080507622,SELL,0.2628435810114205
20260818-191426,1787080507622,SELL,0.2628435810114205
20260818-191426,1787080507622,SELL,0.2628435810114205
20260818-191426,1787080507622,SELL,0.2628435810114205
20260818-191426,1787080507622,SELL,0.2628435810114205
20260818-191426,1787080507622,SELL,0.2628435810114205
20260818-191426,1787080507622,SELL,0.2628435810114205
20260818-191426,1787080507622,SELL,0.2628435810114205
20260818-191426,1787080507622,SELL,0.2628435810114205
20260818-191426,1787080507622,SELL,0.2628435810114205
20260818-191426,1787080507633,SELL,0.2628435810114205
20260818-191426,1787080507622,SELL,0.2628435810114205
20260818-191426,1787080507667,SELL,0.2628435810114205
20260818-191426,1787080507668,SELL,0.2628435810114205
20260818-191426,1787080507668,SELL,0.2628435810114205
20260818-191426,1787080507668,SELL,0.2628435810114205
20260818-191426,1787080507668,SELL,0.2628435810114205
20260818-191426,1787080507668,SELL,0.2628435810114205
20260818-191426,1787080507668,SELL,0.2628435810114205
20260818-191426,1787080507676,SELL,0.2628435810114205
20260818-191426,1787080507697,SELL,0.2628435810114205
20260818-191426,1787080507735,SELL,-0.0
20260818-191426,1787080507837,SELL,-0.0
20260818-191426,1787080507939,SELL,-0.0
20260818-191426,1787080508041,SELL,-0.0
20260818-191426,1787080508028,SELL,-0.0
20260818-191426,1787080508143,SELL,-0.0
20260818-191426,1787080508075,SELL,-0.0
20260818-191426,1787080508245,SELL,-0.0
20260818-191426,1787080508347,SELL,-0.0
20260818-191426,1787080508449,SELL,-0.0
20260818-191426,1787080508551,SELL,-0.0
20260818-191426,1787080508653,SELL,-0.0
20260818-191426,1787080508755,SELL,-0.0
20260818-191426,1787080508633,SELL,-0.0
20260818-191426,1787080508857,SELL,-0.0
20260818-191426,1787080508959,SELL,-0.0
20260818-191426,1787080508839,SELL,-0.0
20260818-191426,1787080509061,SELL,-0.0
20260818-191426,1787080509163,SELL,-0.0
20260818-191426,1787080509265,SELL,-0.0
20260818-191426,1787080509367,SELL,-0.0
20260818-191426,1787080509469,SELL,-0.0
20260818-191426,1787080509571,SELL,-0.0
20260818-191426,1787080509673,SELL,-0.0
20260818-191426,1787080509775,SELL,-0.0
20260818-191426,1787080509877,SELL,-0.0
20260818-191426,1787080509979,SELL,-0.0
20260818-191426,1787080510081,SELL,-0.0
20260818-191426,1787080510183,SELL,-0.0
20260818-191426,1787080510285,SELL,-0.0
20260818-191426,1787080510387,SELL,-0.0
20260818-191426,1787080510489,SELL,-0.0
20260818-191426,1787080510424,SELL,-0.0
20260818-191426,1787080510591,SELL,-0.0
20260818-191426,1787080510693,SELL,-0.0
20260818-191426,1787080510575,SELL,-0.0
20260818-191426,1787080510795,SELL,-0.0
20260818-191426,1787080510897,SELL,-0.0
20260818-191426,1787080510999,SELL,-0.0
20260818-191426,1787080511101,SELL,-0.0
20260818-191426,1787080511203,SELL,-0.0
20260818-191426,1787080511305,SELL,-0.0
20260818-191426,1787080511407,SELL,-0.0
20260818-191426,1787080511509,SELL,-0.0
20260818-191426,1787080511611,SELL,-0.0
20260818-191426,1787080511713,SELL,-0.0
20260818-191426,1787080511815,SELL,-0.0
20260818-191426,1787080511917,SELL,-0.0
20260818-191426,1787080512019,SELL,-0.0
20260818-191426,1787080512121,SELL,-0.0
20260818-191426,1787080512223,SELL,-0.0
20260818-191426,1787080512325,SELL,-0.0
20260818-191426,1787080512427,SELL,-0.0
20260818-191426,1787080512529,SELL,-0.0
20260818-191426,1787080512631,SELL,-0.0
20260818-191426,1787080512733,SELL,-0.0
20260818-191426,1787080512835,SELL,-0.0
20260818-191426,1787080512937,SELL,-0.0
20260818-191426,1787080513039,SELL,-0.0
20260818-191426,1787080513141,SELL,-0.0
20260818-191426,1787080513243,SELL,-0.0
20260818-191426,1787080513182,SELL,-0.0
20260818-191426,1787080513345,SELL,-0.0
20260818-191426,1787080513447,SELL,-0.0
20260818-191426,1787080513549,SELL,-0.0
20260818-191426,1787080513651,SELL,-0.0
20260818-191426,1787080513753,SELL,-0.0
20260818-191426,1787080513855,SELL,-0.0
20260818-191426,1787080513957,SELL,-0.0
20260818-191426,1787080514059,SELL,-0.0
20260818-191426,1787080514161,SELL,-0.0
20260818-191426,1787080514263,SELL,-0.0
20260818-191426,1787080514192,SELL,-0.0
20260818-191426,1787080514365,SELL,-0.0
20260818-191426,1787080514467,SELL,-0.0
20260818-191426,1787080514569,SELL,-0.0
20260818-191426,1787080514671,SELL,-0.0
20260818-191426,1787080514773,SELL,-0.0
20260818-191426,1787080514875,SELL,-0.0
20260818-191426,1787080514977,SELL,-0.0
20260818-191426,1787080514946,SELL,-0.0
20260818-191426,1787080515079,SELL,-0.0
20260818-191426,1787080515181,SELL,-0.0
20260818-191426,1787080515062,SELL,-0.0
20260818-191426,1787080515283,SELL,-0.0
20260818-191426,1787080515227,SELL,-0.0
20260818-191426,1787080515385,SELL,-0.0
20260818-191426,1787080515487,SELL,-0.0
20260818-191426,1787080524667,SELL,-0.0
20260818-191426,1787080524769,SELL,-0.0
20260818-191426,1787080524871,SELL,-0.0
20260818-191426,1787080524793,SELL,-0.0
20260818-191426,1787080524973,SELL,-0.0
20260818-191426,1787080525075,SELL,-0.0
20260818-191426,1787080525027,SELL,-0.0
20260818-191426,1787080525177,SELL,-0.0
20260818-191426,1787080525279,SELL,-0.0
20260818-191426,1787080525381,SELL,-0.0
20260818-191426,1787080525483,SELL,-0.0
20260818-191426,1787080525585,SELL,-0.0
20260818-191426,1787080525510,SELL,-0.0
20260818-191426,1787080525687,SELL,-0.0
20260818-191426,1787080525789,SELL,-0.0
20260818-191426,1787080525891,SELL,-0.0
20260818-191426,1787080525993,SELL,-0.0
20260818-191426,1787080526095,SELL,-0.0
20260818-191426,1787080526197,SELL,-0.0
20260818-191426,1787080526299,SELL,-0.0
20260818-191426,1787080526401,SELL,-0.0
20260818-191426,1787080526503,SELL,-0.0
20260818-191426,1787080526605,SELL,-0.0
20260818-191426,1787080526707,SELL,-0.0
20260818-191426,1787080526809,SELL,-0.0
20260818-191426,1787080526911,SELL,-0.0
20260818-191426,1787080527013,SELL,-0.0
20260818-191426,1787080526971,SELL,-0.0
20260818-191426,1787080527115,SELL,-0.0
20260818-191426,1787080527217,SELL,-0.0
20260818-191426,1787080527319,SELL,-0.0
20260818-191426,1787080527421,SELL,-0.0
20260818-191426,1787080527360,SELL,-0.0
20260818-191426,1787080527523,SELL,-0.0
20260818-191426,1787080527625,SELL,-0.0
20260818-191426,1787080527727,SELL,-0.0
20260818-191426,1787080527634,SELL,-0.0
20260818-191426,1787080527829,SELL,-0.0
20260818-191426,1787080527931,SELL,-0.0
20260818-191426,1787080528033,SELL,-0.0
20260818-191426,1787080528135,SELL,-0.0
20260818-191426,1787080528070,SELL,-0.0
20260818-191426,1787080528237,SELL,-0.0
20260818-191426,1787080528339,SELL,-0.0
20260818-191426,1787080528441,SELL,-0.0
20260818-191426,1787080528543,SELL,-0.0
20260818-191426,1787080528498,SELL,-0.0
20260818-191426,1787080528645,SELL,-0.0
20260818-191426,1787080528747,SELL,-0.0
20260818-191426,1787080528851,SELL,-0.0
20260818-191426,1787080528953,SELL,0.2473886963475101
20260818-191426,1787080529055,SELL,0.2473886963475101
20260818-191426,1787080529157,SELL,0.2473886963475101
20260818-191426,1787080529010,SELL,0.2473886963475101
20260818-191426,1787080529259,SELL,0.2473886963475101
20260818-191426,1787080529169,SELL,0.2473886963475101
20260818-191426,1787080529361,SELL,0.2473886963475101
20260818-191426,1787080529463,SELL,0.2473886963475101
20260818-191426,1787080529565,SELL,0.2473886963475101
20260818-191426,1787080529667,SELL,0.2473886963475101
20260818-191426,1787080529769,SELL,0.2473886963475101
20260818-191426,1787080529686,SELL,0.2473886963475101
20260818-191426,1787080529871,SELL,0.2473886963475101
20260818-191426,1787080529973,SELL,0.2473886963475101
20260818-191426,1787080530075,SELL,0.2473886963475101
20260818-191426,1787080529936,SELL,0.2473886963475101
20260818-191426,1787080530177,SELL,0.2473886963475101
20260818-191426,1787080530279,SELL,0.2473886963475101
20260818-191426,1787080530381,SELL,0.2473886963475101
20260818-191426,1787080530267,SELL,0.2473886963475101
20260818-191426,1787080530483,SELL,0.2473886963475101
20260818-191426,1787080530585,SELL,0.2473886963475101
20260818-191426,1787080530687,SELL,0.2473886963475101
20260818-191426,1787080530789,SELL,0.2473886963475101
20260818-191426,1787080530891,SELL,0.2473886963475101
20260818-191426,1787080530898,SELL,0.2473886963475101
20260818-191426,1787080530918,SELL,0.2473886963475101
20260818-191426,1787080530940,SELL,0.2473886963475101
20260818-191426,1787080530940,SELL,0.2473886963475101
20260818-191426,1787080530940,SELL,0.2473886963475101
20260818-191426,1787080530940,SELL,0.2473886963475101
20260818-191426,1787080530940,SELL,0.2473886963475101
20260818-191426,1787080530940,SELL,0.2473886963475101
20260818-191426,1787080530940,SELL,0.2473886963475101
20260818-191426,1787080530940,SELL,0.2473886963475101
20260818-191426,1787080530940,SELL,0.2473886963475101
20260818-191426,1787080530940,SELL,0.2473886963475101
20260818-191426,1787080530940,SELL,0.2473886963475101
20260818-191426,1787080530940,SELL,0.2473886963475101
20260818-191426,1787080530993,SELL,-0.0
20260818-191426,1787080531095,SELL,-0.0
20260818-191426,1787080531197,SELL,-0.0
20260818-191426,1787080531299,SELL,-0.0
20260818-191426,1787080531191,SELL,-0.0
20260818-191426,1787080531401,SELL,-0.0
20260818-191426,1787080531503,SELL,-0.0
20260818-191426,1787080531605,SELL,-0.0
20260818-191426,1787080547872,BUY,1.113207824304433
20260818-191426,1787080547873,BUY,1.113207824304433
20260818-191426,1787080547873,BUY,1.113207824304433
20260818-191426,1787080547874,BUY,1.113207824304433
20260818-191426,1787080547875,BUY,1.113207824304433
20260818-191426,1787080547875,BUY,1.113207824304433
20260818-191426,1787080547876,BUY,1.113207824304433
20260818-191426,1787080547876,BUY,1.113207824304433
20260818-191426,1787080547876,BUY,1.113207824304433
20260818-191426,1787080547876,BUY,1.113207824304433
20260818-191426,1787080547876,BUY,1.113207824304433
20260818-191426,1787080547876,BUY,1.113207824304433
20260818-191426,1787080547876,BUY,1.113207824304433
20260818-191426,1787080547876,BUY,1.113207824304433
20260818-191426,1787080547876,BUY,1.113207824304433
20260818-191426,1787080547876,BUY,1.113207824304433
20260818-191426,1787080547876,BUY,1.113207824304433
20260818-191426,1787080547876,BUY,1.113207824304433
20260818-191426,1787080547876,BUY,1.113207824304433
20260818-191426,1787080547876,BUY,1.113207824304433
20260818-191426,1787080547876,BUY,1.113207824304433
20260818-191426,1787080547876,BUY,1.113207824304433
20260818-191426,1787080547886,BUY,1.113207824304433
20260818-191426,1787080547886,BUY,1.113207824304433
20260818-191426,1787080547893,BUY,1.113207824304433
20260818-191426,1787080547893,BUY,1.113207824304433
20260818-191426,1787080547908,BUY,1.113207824304433
20260818-191426,1787080547916,BUY,1.113207824304433
20260818-191426,1787080547916,BUY,1.113207824304433
20260818-191426,1787080547916,BUY,1.113207824304433
20260818-191426,1787080547916,BUY,1.113207824304433
20260818-191426,1787080547917,BUY,1.113207824304433
20260818-191426,1787080547917,BUY,1.113207824304433
20260818-191426,1787080547917,BUY,1.113207824304433
20260818-191426,1787080547917,BUY,1.113207824304433
20260818-191426,1787080547917,BUY,1.113207824304433
20260818-191426,1787080547921,BUY,1.113207824304433
20260818-191426,1787080547946,BUY,1.113207824304433
20260818-191426,1787080547946,BUY,1.113207824304433
20260818-191426,1787080547946,BUY,1.113207824304433
20260818-191426,1787080547946,BUY,1.113207824304433
20260818-191426,1787080547946,BUY,1.113207824304433
20260818-191426,1787080547946,BUY,1.113207824304433
20260818-191426,1787080547946,BUY,1.113207824304433
20260818-191426,1787080547946,BUY,1.113207824304433
20260818-191426,1787080547946,BUY,1.113207824304433
20260818-191426,1787080547948,BUY,1.113207824304433
20260818-191426,1787080547948,BUY,1.113207824304433
20260818-191426,1787080547925,BUY,0.37104173832964416
20260818-191426,1787080547998,BUY,0.37104173832964416
20260818-191426,1787080548041,BUY,0.37104173832964416
20260818-191426,1787080548041,BUY,0.37104173832964416
20260818-191426,1787080548041,BUY,0.37104173832964416
20260818-191426,1787080548043,BUY,0.37104173832964416
20260818-191426,1787080548027,BUY,0.07729809158741681
20260818-191426,1787080548129,BUY,0.0
20260818-191426,1787080548096,BUY,0.0
20260818-191426,1787080548537,BUY,0.0
20260818-191426,1787080548455,BUY,0.0
20260818-191426,1787080548639,BUY,0.0
20260818-191426,1787080548741,BUY,0.0
20260818-191426,1787080548843,BUY,0.0
20260818-191426,1787080548945,BUY,0.0
20260818-191426,1787080549149,BUY,0.0
20260818-191426,1787080549251,BUY,0.0
20260818-191426,1787080549123,BUY,0.0
20260818-191426,1787080549353,BUY,0.0
20260818-191426,1787080549455,BUY,0.0
20260818-191426,1787080549382,BUY,0.0
20260818-191426,1787080549557,BUY,0.0
20260818-191426,1787080549659,BUY,0.0
20260818-191426,1787080549761,BUY,0.0
20260818-191426,1787080549863,BUY,0.0
20260818-191426,1787080549965,BUY,0.0
20260818-191426,1787080550067,BUY,0.0
20260818-191426,1787080550169,BUY,0.0
20260818-191426,1787080550271,BUY,0.0
20260818-191426,1787080550212,BUY,0.0
20260818-191426,1787080550373,BUY,0.0
20260818-191426,1787080550475,BUY,0.0
20260818-191426,1787080550577,BUY,0.0
20260818-191426,1787080550463,BUY,0.0
20260818-191426,1787080550679,BUY,0.0
20260818-191426,1787080550781,BUY,0.0
20260818-191426,1787080550883,BUY,0.0
20260818-191426,1787080550985,BUY,0.0
20260818-191426,1787080551087,BUY,0.0
20260818-191426,1787080551189,BUY,0.0
20260818-191426,1787080551291,BUY,0.0
20260818-191426,1787080551393,BUY,0.0
20260818-191426,1787080551495,BUY,0.0
20260818-191426,1787080551389,BUY,0.0
20260818-191426,1787080551597,BUY,0.0
20260818-191426,1787080551699,BUY,0.0
20260818-191426,1787080551801,BUY,0.0
20260818-191426,1787080551903,BUY,0.0
20260818-191426,1787080552005,BUY,0.0
20260818-191426,1787080551875,BUY,0.0
20260818-191426,1787080552107,BUY,0.0
20260818-191426,1787080552209,BUY,0.0
20260818-191426,1787080552311,BUY,0.0
20260818-191426,1787080552413,BUY,0.0
20260818-191426,1787080552515,BUY,0.0
20260818-191426,1787080552617,BUY,0.0
20260818-191426,1787080552719,BUY,0.0
20260818-191426,1787080552821,BUY,0.0
20260818-191426,1787080552923,BUY,0.0
20260818-191426,1787080553025,BUY,0.0
20260818-191426,1787080553127,BUY,0.0
20260818-191426,1787080553229,BUY,0.0
20260818-191426,1787080553331,BUY,0.0
20260818-191426,1787080553433,BUY,0.0
20260818-191426,1787080553289,BUY,0.0
20260818-191426,1787080553535,BUY,0.0
20260818-191426,1787080553637,BUY,0.0
20260818-191426,1787080553739,BUY,0.0
20260818-191426,1787080553841,BUY,0.0
20260818-191426,1787080553943,BUY,0.0
20260818-191426,1787080554045,BUY,0.0
20260818-191426,1787080554147,BUY,0.0
20260818-191426,1787080554249,BUY,0.0
20260818-191426,1787080554131,BUY,0.0
20260818-191426,1787080554351,BUY,0.0
20260818-191426,1787080554453,BUY,0.0
20260818-191426,1787080554555,BUY,0.0
20260818-191426,1787080554443,BUY,0.0
20260818-191426,1787080554657,BUY,0.0
20260818-191426,1787080554759,BUY,0.0
20260818-191426,1787080554861,BUY,0.0
20260818-191426,1787080554963,BUY,0.0
20260818-191426,1787080555065,BUY,0.0
20260818-191426,1787080555167,BUY,0.0
20260818-191426,1787080555027,BUY,0.0
20260818-191426,1787080555269,BUY,0.0
20260818-191426,1787080555371,BUY,0.0
20260818-191426,1787080555473,BUY,0.0
20260818-191426,1787080555575,BUY,0.0
20260818-191426,1787080555677,BUY,0.0
20260818-191426,1787080555779,BUY,0.0
20260818-191426,1787080555881,BUY,0.0
20260818-191426,1787080555831,BUY,0.0
20260818-191426,1787080555983,BUY,0.0
20260818-191426,1787080556085,BUY,0.0
20260818-191426,1787080556187,BUY,0.0
20260818-191426,1787080556289,BUY,0.0
20260818-191426,1787080556391,BUY,0.0
20260818-191426,1787080556493,BUY,0.0
20260818-191426,1787080556595,BUY,0.0
20260818-191426,1787080556697,BUY,0.0
20260818-191426,1787080556799,BUY,0.0
20260818-191426,1787080556901,BUY,0.0
20260818-191426,1787080557003,BUY,0.0
20260818-191426,1787080557105,BUY,0.0
20260818-191426,1787080557207,BUY,0.0
20260818-191426,1787080557309,BUY,0.0
20260818-191426,1787080557411,BUY,0.0
20260818-191426,1787080557513,BUY,0.0
20260818-191426,1787080557615,BUY,0.0
20260818-191426,1787080557717,BUY,0.0
20260818-191426,1787080557819,BUY,0.0
20260818-191426,1787080557921,BUY,0.0
20260818-191426,1787080558023,BUY,0.0
20260818-191426,1787080558125,BUY,0.0
20260818-191426,1787080558227,BUY,0.0
20260818-191426,1787080558329,BUY,0.0
20260818-191426,1787080558431,BUY,0.0
20260818-191426,1787080558533,BUY,0.0
20260818-191426,1787080558635,BUY,0.0
20260818-191426,1787080558737,BUY,0.0
20260818-191426,1787080558664,BUY,0.0
20260818-191426,1787080558839,BUY,0.0
20260818-191426,1787080558941,BUY,0.0
20260818-191426,1787080559043,BUY,0.0
20260818-191426,1787080559145,BUY,0.0
20260818-191426,1787080559082,BUY,0.0
20260818-191426,1787080559247,BUY,0.0
20260818-191426,1787080559202,BUY,0.0
20260818-191426,1787080559349,BUY,0.0
20260818-191426,1787080559451,BUY,0.0
20260818-191426,1787080559553,BUY,0.0
20260818-191426,1787080559422,BUY,0.0
20260818-191426,1787080559655,BUY,0.0
20260818-191426,1787080559757,BUY,0.0
20260818-191426,1787080559859,BUY,0.0
20260818-191426,1787080559961,BUY,0.0
20260818-191426,1787080560063,BUY,0.0
20260818-191426,1787080559969,BUY,0.0
20260818-191426,1787080560165,BUY,0.0
20260818-191426,1787080560267,BUY,0.0
20260818-191426,1787080560227,BUY,0.0
20260818-191426,1787080560369,BUY,0.0
20260818-191426,1787080560471,BUY,0.0
20260818-191426,1787080560350,BUY,0.0
20260818-191426,1787080560573,BUY,0.0
20260818-191426,1787080560675,BUY,0.0
20260818-191426,1787080560530,BUY,0.0
20260818-191426,1787080560777,BUY,0.0
20260818-191426,1787080560879,BUY,0.0
20260818-191426,1787080560981,BUY,0.0
20260818-191426,1787080560899,BUY,0.0
20260818-191426,1787080561083,BUY,0.0
20260818-191426,1787080561018,BUY,0.0
20260818-191426,1787080561185,BUY,0.0
20260818-191426,1787080561287,BUY,0.0
20260818-191426,1787080561389,BUY,0.0
20260818-191426,1787080568123,BUY,0.5874609551037465
20260818-191426,1787080568429,BUY,0.5874609551037465
20260818-191426,1787080568531,BUY,0.5874609551037465
20260818-191426,1787080568560,BUY,0.5874609551037465
20260818-191426,1787080568584,BUY,0.5874609551037465
20260818-191426,1787080568584,BUY,0.5874609551037465
20260818-191426,1787080568584,BUY,0.5874609551037465
20260818-191426,1787080568584,BUY,0.5874609551037465
20260818-191426,1787080568584,BUY,0.5874609551037465
20260818-191426,1787080568584,BUY,0.5874609551037465
20260818-191426,1787080568584,BUY,0.5874609551037465
20260818-191426,1787080568594,BUY,0.5874609551037465
20260818-191426,1787080568596,BUY,0.5874609551037465
20260818-191426,1787080568596,BUY,0.5874609551037465
20260818-191426,1787080568596,BUY,0.5874609551037465
20260818-191426,1787080568596,BUY,0.5874609551037465
20260818-191426,1787080568596,BUY,0.5874609551037465
20260818-191426,1787080568596,BUY,0.5874609551037465
20260818-191426,1787080568596,BUY,0.5874609551037465
20260818-191426,1787080568601,BUY,0.5874609551037465
20260818-191426,1787080568601,BUY,0.5874609551037465
20260818-191426,1787080568601,BUY,0.5874609551037465
20260818-191426,1787080568601,BUY,0.5874609551037465
20260818-191426,1787080568601,BUY,0.5874609551037465
20260818-191426,1787080568601,BUY,0.5874609551037465
20260818-191426,1787080568611,BUY,0.5874609551037465
20260818-191426,1787080568633,BUY,0.0
20260818-191727,1787080680188,SELL,1.051184166693525
20260818-191727,1787080680188,SELL,1.051184166693525
20260818-191727,1787080680188,SELL,1.051184166693525
20260818-191727,1787080680188,SELL,1.051184166693525
20260818-191727,1787080680188,SELL,1.051184166693525
20260818-191727,1787080680188,SELL,1.051184166693525
20260818-191727,1787080680188,SELL,1.051184166693525
20260818-191727,1787080680188,SELL,1.051184166693525
20260818-191727,1787080680188,SELL,1.051184166693525
20260818-191727,1787080680188,SELL,1.051184166693525
20260818-191727,1787080680188,SELL,1.051184166693525
20260818-191727,1787080680188,SELL,1.051184166693525
20260818-191727,1787080680188,SELL,1.051184166693525
20260818-191727,1787080680188,SELL,1.051184166693525
20260818-191727,1787080680188,SELL,1.051184166693525
20260818-191727,1787080680188,SELL,1.051184166693525
20260818-191727,1787080680188,SELL,1.051184166693525
20260818-191727,1787080680188,SELL,1.051184166693525
20260818-191727,1787080680188,SELL,1.051184166693525
20260818-191727,1787080680227,SELL,1.051184166693525
20260818-191727,1787080680223,SELL,-0.0
20260818-191727,1787080680325,SELL,-0.0
20260818-191727,1787080680427,SELL,-0.0
20260818-191727,1787080680529,SELL,-0.0
20260818-191727,1787080680631,SELL,-0.0
20260818-191727,1787080680733,SELL,-0.0
20260818-191727,1787080680835,SELL,-0.0
20260818-191727,1787080680937,SELL,-0.0
20260818-191727,1787080681039,SELL,-0.0
20260818-191727,1787080681141,SELL,-0.0
20260818-191727,1787080681243,SELL,-0.0
20260818-191727,1787080681345,SELL,-0.0
20260818-191727,1787080681447,SELL,-0.0
20260818-191727,1787080681549,SELL,-0.0
20260818-191727,1787080681651,SELL,-0.0
20260818-191727,1787080681535,SELL,-0.0
20260818-191727,1787080681753,SELL,-0.0
20260818-191727,1787080681855,SELL,-0.0
20260818-191727,1787080681957,SELL,-0.0
20260818-191727,1787080682059,SELL,-0.0
20260818-191727,1787080682161,SELL,-0.0
20260818-191727,1787080682263,SELL,-0.0
20260818-191727,1787080682365,SELL,-0.0
20260818-191727,1787080682467,SELL,-0.0
20260818-191727,1787080682569,SELL,-0.0
20260818-191727,1787080682671,SELL,-0.0
20260818-191727,1787080682773,SELL,-0.0
20260818-191727,1787080682875,SELL,-0.0
20260818-191727,1787080682977,SELL,-0.0
20260818-191727,1787080683079,SELL,-0.0
20260818-191727,1787080683181,SELL,-0.0
20260818-191727,1787080683283,SELL,-0.0
20260818-191727,1787080683385,SELL,-0.0
20260818-191727,1787080683273,SELL,-0.0
20260818-191727,1787080683487,SELL,-0.0
20260818-191727,1787080683382,SELL,-0.0
20260818-191727,1787080683589,SELL,-0.0
20260818-191727,1787080683484,SELL,-0.0
20260818-191727,1787080683691,SELL,-0.0
20260818-191727,1787080683793,SELL,-0.0
20260818-191727,1787080683895,SELL,-0.0
20260818-191727,1787080683997,SELL,-0.0
20260818-191727,1787080684099,SELL,-0.0
20260818-191727,1787080683949,SELL,-0.0
20260818-191727,1787080684201,SELL,-0.0
20260818-191727,1787080684303,SELL,-0.0
20260818-191727,1787080684405,SELL,-0.0
20260818-191727,1787080684251,SELL,-0.0
20260818-191727,1787080684507,SELL,-0.0
20260818-191727,1787080684609,SELL,-0.0
20260818-191727,1787080684711,SELL,-0.0
20260818-191727,1787080684634,SELL,-0.0
20260818-191727,1787080684813,SELL,-0.0
20260818-191727,1787080684915,SELL,-0.0
20260818-191727,1787080685017,SELL,-0.0
20260818-191727,1787080685119,SELL,-0.0
20260818-191727,1787080685221,SELL,-0.0
20260818-191727,1787080685323,SELL,-0.0
20260818-191727,1787080685425,SELL,-0.0
20260818-191727,1787080685527,SELL,-0.0
20260818-191727,1787080685935,SELL,-0.0
20260818-191727,1787080686037,SELL,-0.0
20260818-191727,1787080687465,SELL,-0.0
20260818-191727,1787080687567,SELL,-0.0
20260818-191727,1787080687669,SELL,-0.0
20260818-191727,1787080687771,SELL,-0.0
20260818-191727,1787080687873,SELL,-0.0
20260818-191727,1787080687975,SELL,-0.0
20260818-191727,1787080688077,SELL,-0.0
20260818-191727,1787080688179,SELL,-0.0
20260818-191727,1787080688281,SELL,-0.0
20260818-191727,1787080688383,SELL,-0.0
20260818-191727,1787080688485,SELL,-0.0
20260818-191727,1787080688587,SELL,-0.0
20260818-191727,1787080688689,SELL,-0.0
20260818-191727,1787080688791,SELL,-0.0
20260818-191727,1787080688893,SELL,-0.0
20260818-191727,1787080688995,SELL,-0.0
20260818-191727,1787080689097,SELL,-0.0
20260818-191727,1787080689006,SELL,-0.0
20260818-191727,1787080689199,SELL,-0.0
20260818-191727,1787080689301,SELL,-0.0
20260818-191727,1787080689170,SELL,-0.0
20260818-191727,1787080689403,SELL,-0.0
20260818-191727,1787080689505,SELL,-0.0
20260818-191727,1787080689349,SELL,-0.0
20260818-191727,1787080689607,SELL,-0.0
20260818-191727,1787080689709,SELL,-0.0
20260818-191727,1787080689811,SELL,-0.0
20260818-191727,1787080689913,SELL,-0.0
20260818-191727,1787080690015,SELL,-0.0
20260818-191727,1787080690117,SELL,-0.0
20260818-191727,1787080690219,SELL,-0.0
20260818-191727,1787080690321,SELL,-0.0
20260818-191727,1787080690423,SELL,-0.0
20260818-191727,1787080690525,SELL,-0.0
20260818-191727,1787080690627,SELL,-0.0
20260818-191727,1787080690729,SELL,-0.0
20260818-191727,1787080690831,SELL,-0.0
20260818-191727,1787080690933,SELL,-0.0
20260818-191727,1787080691035,SELL,-0.0
20260818-191727,1787080690881,SELL,-0.0
20260818-191727,1787080691137,SELL,-0.0
20260818-191727,1787080691239,SELL,-0.0
20260818-191727,1787080691341,SELL,-0.0
20260818-191727,1787080691443,SELL,-0.0
20260818-191727,1787080691545,SELL,-0.0
20260818-191727,1787080691647,SELL,-0.0
20260818-191727,1787080691749,SELL,-0.0
20260818-191727,1787080691851,SELL,-0.0
20260818-191727,1787080691953,SELL,-0.0
20260818-191727,1787080692055,SELL,-0.0
20260818-191727,1787080692157,SELL,-0.0
20260818-191727,1787080692259,SELL,-0.0
20260818-191727,1787080692361,SELL,-0.0
20260818-191727,1787080692463,SELL,-0.0
20260818-191727,1787080692565,SELL,-0.0
20260818-191727,1787080692667,SELL,-0.0
20260818-191727,1787080692769,SELL,-0.0
20260818-191727,1787080692871,SELL,-0.0
20260818-191727,1787080692973,SELL,-0.0
20260818-191727,1787080692844,SELL,-0.0
20260818-191727,1787080693075,SELL,-0.0
20260818-191727,1787080693177,SELL,-0.0
20260818-191727,1787080693279,SELL,-0.0
20260818-191727,1787080693381,SELL,-0.0
20260818-191727,1787080693483,SELL,-0.0
20260818-191727,1787080693585,SELL,-0.0
20260818-191727,1787080693687,SELL,-0.0
20260818-191727,1787080693615,SELL,-0.0
20260818-191727,1787080693789,SELL,-0.0
20260818-191727,1787080693891,SELL,-0.0
20260818-191727,1787080693993,SELL,-0.0
20260818-191727,1787080694095,SELL,-0.0
20260818-191727,1787080694197,SELL,-0.0
20260818-191727,1787080694060,SELL,-0.0
20260818-191727,1787080694299,SELL,-0.0
20260818-191727,1787080694401,SELL,-0.0
20260818-191727,1787080694503,SELL,-0.0
20260818-191727,1787080694605,SELL,-0.0
20260818-191727,1787080694707,SELL,-0.0
20260818-191727,1787080694583,SELL,-0.0
20260818-191727,1787080694809,SELL,-0.0
20260818-191727,1787080694911,SELL,-0.0
20260818-191727,1787080695013,SELL,-0.0
20260818-191727,1787080695115,SELL,-0.0
20260818-191727,1787080695217,SELL,-0.0
20260818-191727,1787080695150,SELL,-0.0
20260818-191727,1787080695319,SELL,-0.0
20260818-191727,1787080695421,SELL,-0.0
20260818-191727,1787080695523,SELL,-0.0
20260818-191727,1787080695625,SELL,-0.0
20260818-191727,1787080695727,SELL,-0.0
20260818-191727,1787080695829,SELL,-0.0
20260818-191727,1787080695931,SELL,-0.0
20260818-191727,1787080695768,SELL,-0.0
20260818-191727,1787080696033,SELL,-0.0
20260818-191727,1787080696135,SELL,-0.0
20260818-191727,1787080696237,SELL,-0.0
20260818-191727,1787080696145,SELL,-0.0
20260818-191727,1787080696339,SELL,-0.0
20260818-191727,1787080696441,SELL,-0.0
20260818-191727,1787080696543,SELL,-0.0
20260818-191727,1787080696645,SELL,-0.0
20260818-191727,1787080696747,SELL,-0.0
20260818-191727,1787080696849,SELL,-0.0
20260818-191727,1787080696951,SELL,-0.0
20260818-191727,1787080697053,SELL,-0.0
20260818-191727,1787080697155,SELL,-0.0
20260818-191727,1787080697052,SELL,-0.0
20260818-191727,1787080697257,SELL,-0.0
20260818-191727,1787080697359,SELL,-0.0
20260818-191727,1787080697461,SELL,-0.0
20260818-191727,1787080697563,SELL,-0.0
20260818-191727,1787080697665,SELL,-0.0
20260818-191727,1787080697555,SELL,-0.0
20260818-191727,1787080697767,SELL,-0.0
20260818-191727,1787080697869,SELL,-0.0
20260818-191727,1787080697971,SELL,-0.0
20260818-191727,1787080698073,SELL,-0.0
20260818-191727,1787080698175,SELL,-0.0
20260818-191727,1787080698277,SELL,-0.0
20260818-191727,1787080698379,SELL,-0.0
20260818-191727,1787080698481,SELL,-0.0
20260818-191727,1787080698583,SELL,-0.0
20260818-191727,1787080698685,SELL,-0.0
20260818-191727,1787080698787,SELL,-0.0
20260818-191727,1787080698889,SELL,-0.0
20260818-191727,1787080698991,SELL,-0.0
20260818-191727,1787080698848,SELL,-0.0
20260818-191727,1787080709475,BUY,0.3555849643221369
20260818-191727,1787080709497,BUY,0.3092028826984754
20260818-191727,1787080709483,BUY,0.3092028826984754
20260818-191727,1787080709541,BUY,0.3092028826984754
20260818-191727,1787080709541,BUY,0.3092028826984754
20260818-191727,1787080709541,BUY,0.3092028826984754
20260818-191727,1787080709541,BUY,0.3092028826984754
20260818-191727,1787080709541,BUY,0.3092028826984754
20260818-191727,1787080709541,BUY,0.3092028826984754
20260818-191727,1787080709541,BUY,0.3092028826984754
20260818-191727,1787080709541,BUY,0.3092028826984754
20260818-191727,1787080709541,BUY,0.3092028826984754
20260818-191727,1787080709543,BUY,0.3092028826984754
20260818-191727,1787080709543,BUY,0.3092028826984754
20260818-191727,1787080709550,BUY,0.3092028826984754
20260818-191727,1787080709557,BUY,0.3092028826984754
20260818-191727,1787080709557,BUY,0.3092028826984754
20260818-191727,1787080709599,BUY,0.0
20260818-191727,1787080709701,BUY,0.0
20260818-191727,1787080709803,BUY,0.0
20260818-191727,1787080709905,BUY,0.0
20260818-191727,1787080710007,BUY,0.0
20260818-191727,1787080710109,BUY,0.0
20260818-191727,1787080710211,BUY,0.0
20260818-191727,1787080710313,BUY,0.0
20260818-191727,1787080710415,BUY,0.0
20260818-191727,1787080710517,BUY,0.0
20260818-191727,1787080710619,BUY,0.0
20260818-191727,1787080710721,BUY,0.0
20260818-191727,1787080710615,BUY,0.0
20260818-191727,1787080710823,BUY,0.0
20260818-191727,1787080710925,BUY,0.0
20260818-191727,1787080711027,BUY,0.0
20260818-191727,1787080711129,BUY,0.0
20260818-191727,1787080711231,BUY,0.0
20260818-191727,1787080711333,BUY,0.0
20260818-191727,1787080711435,BUY,0.0
20260818-191727,1787080711537,BUY,0.0
20260818-191727,1787080711639,BUY,0.0
20260818-191727,1787080711741,BUY,0.0
20260818-191727,1787080711843,BUY,0.0
20260818-191727,1787080711945,BUY,0.0
20260818-191727,1787080712047,BUY,0.0
20260818-191727,1787080712149,BUY,0.0
20260818-191727,1787080712251,BUY,0.0
20260818-191727,1787080712353,BUY,0.0
20260818-191727,1787080712455,BUY,0.0
20260818-191727,1787080712557,BUY,0.0
20260818-191727,1787080712659,BUY,0.0
20260818-191727,1787080712761,BUY,0.0
20260818-191727,1787080712863,BUY,0.0
20260818-191727,1787080712965,BUY,0.0
20260818-191727,1787080712896,BUY,0.0
20260818-191727,1787080713067,BUY,0.0
20260818-191727,1787080713059,BUY,0.0
20260818-191727,1787080713169,BUY,0.0
20260818-191727,1787080713271,BUY,0.0
20260818-191727,1787080713123,BUY,0.0
20260818-191727,1787080713373,BUY,0.0
20260818-191727,1787080713475,BUY,0.0
20260818-191727,1787080713404,BUY,0.0
20260818-191727,1787080713577,BUY,0.0
20260818-191727,1787080713679,BUY,0.0
20260818-191727,1787080713781,BUY,0.0
20260818-191727,1787080713883,BUY,0.0
20260818-191727,1787080713985,BUY,0.0
20260818-191727,1787080714087,BUY,0.0
20260818-191727,1787080714189,BUY,0.0
20260818-191727,1787080714291,BUY,0.0
20260818-191727,1787080714393,BUY,0.0
20260818-191727,1787080714495,BUY,0.0
20260818-191727,1787080714597,BUY,0.0
20260818-191727,1787080714699,BUY,0.0
20260818-191727,1787080714801,BUY,0.0
20260818-191727,1787080714903,BUY,0.0
20260818-191727,1787080715005,BUY,0.0
20260818-191727,1787080715107,BUY,0.0
20260818-191727,1787080715209,BUY,0.0
20260818-191727,1787080715060,BUY,0.0
20260818-191727,1787080715311,BUY,0.0
20260818-191727,1787080715413,BUY,0.0
20260818-191727,1787080715251,BUY,0.0
20260818-191727,1787080715515,BUY,0.0
20260818-191727,1787080715617,BUY,0.0
20260818-191727,1787080715719,BUY,0.0
20260818-191727,1787080715821,BUY,0.0
20260818-191727,1787080715923,BUY,0.0
20260818-191727,1787080716025,BUY,0.0
20260818-191727,1787080716127,BUY,0.0
20260818-191727,1787080716229,BUY,0.0
20260818-191727,1787080716201,BUY,0.0
20260818-191727,1787080716331,BUY,0.0
20260818-191727,1787080716433,BUY,0.0
20260818-191727,1787080716258,BUY,0.0
20260818-191727,1787080716535,BUY,0.0
20260818-191727,1787080716637,BUY,0.0
20260818-191727,1787080716739,BUY,0.0
20260818-191727,1787080716841,BUY,0.0
20260818-191727,1787080716943,BUY,0.0
20260818-191727,1787080717045,BUY,0.0
20260818-191727,1787080717147,BUY,0.0
20260818-191727,1787080717060,BUY,0.0
20260818-191727,1787080717249,BUY,0.0
20260818-191727,1787080717351,BUY,0.0
20260818-191727,1787080717453,BUY,0.0
20260818-191727,1787080717555,BUY,0.0
20260818-191727,1787080717426,BUY,0.0
20260818-191727,1787080717657,BUY,0.0
20260818-191727,1787080717759,BUY,0.0
20260818-191727,1787080717861,BUY,0.0
20260818-191727,1787080717963,BUY,0.0
20260818-191727,1787080718065,BUY,0.0
20260818-191727,1787080718167,BUY,0.0
20260818-191727,1787080718269,BUY,0.0
20260818-191727,1787080718185,BUY,0.0
20260818-191727,1787080718371,BUY,0.0
20260818-191727,1787080718473,BUY,0.0
20260818-191727,1787080718317,BUY,0.0
20260818-191727,1787080718575,BUY,0.0
20260818-191727,1787080718561,BUY,0.0
20260818-191727,1787080718677,BUY,0.0
20260818-191727,1787080718637,BUY,0.0
20260818-191727,1787080718779,BUY,0.0
20260818-191727,1787080718694,BUY,0.0
20260818-191727,1787080718881,BUY,0.0
20260818-191727,1787080718983,BUY,0.0
20260818-191727,1787080718944,BUY,0.0
20260818-191727,1787080719060,BUY,0.0
20260818-191727,1787080719085,BUY,0.0
20260818-191727,1787080719187,BUY,0.0
20260818-191727,1787080719065,BUY,0.0
20260818-191727,1787080719289,BUY,0.0
20260818-191727,1787080719391,BUY,0.0
20260818-191727,1787080719493,BUY,0.0
20260818-191727,1787080719595,BUY,0.0
20260818-191727,1787080719509,BUY,0.0
20260818-191727,1787080719697,BUY,0.0
20260818-191727,1787080719799,BUY,0.0
20260818-191727,1787080719901,BUY,0.0
20260818-191727,1787080720003,BUY,0.0
20260818-191727,1787080720105,BUY,0.0
20260818-191727,1787080720207,BUY,0.0
20260818-191727,1787080720309,BUY,0.0
20260818-191727,1787080720227,BUY,0.0
20260818-191727,1787080720411,BUY,0.0
20260818-191727,1787080720513,BUY,0.0
20260818-191727,1787080720615,BUY,0.0
20260818-191727,1787080720717,BUY,0.0
20260818-191727,1787080720819,BUY,0.0
20260818-191727,1787080720921,BUY,0.0
20260818-191727,1787080721023,BUY,0.0
20260818-191727,1787080721125,BUY,0.0
20260818-191727,1787080721060,BUY,0.0
20260818-191727,1787080721227,BUY,0.0
20260818-191727,1787080721329,BUY,0.0
20260818-191727,1787080721431,BUY,0.0
20260818-191727,1787080721533,BUY,0.0
20260818-191727,1787080721635,BUY,0.0
20260818-191727,1787080721737,BUY,0.0
20260818-191727,1787080721839,BUY,0.0
20260818-191727,1787080721941,BUY,0.0
20260818-191727,1787080722043,BUY,0.0
20260818-191727,1787080722145,BUY,0.0
20260818-191727,1787080722247,BUY,0.0
20260818-191727,1787080722349,BUY,0.0
20260818-191727,1787080722451,BUY,0.0
20260818-191727,1787080722396,BUY,0.0
20260818-192029,1787080835263,BUY,0.7420490602648822
20260818-192029,1787080835604,BUY,0.7420490602648822
20260818-192029,1787080835805,BUY,1.4686387651066888
20260818-192029,1787080835365,BUY,0.0
20260818-192029,1787080835467,BUY,0.0
20260818-192029,1787080835569,BUY,0.0
20260818-192029,1787080835671,BUY,0.0
20260818-192029,1787080835773,BUY,0.32462237529148674
20260818-192029,1787080835875,BUY,0.7265357923216126
20260818-192029,1787080835977,BUY,0.7265357923216126
20260818-192029,1787080836079,BUY,0.7265357923216126
20260818-192029,1787080836181,BUY,0.7265357923216126
20260818-192029,1787080836283,BUY,0.7265357923216126
20260818-192029,1787080836385,BUY,0.7265357923216126
20260818-192029,1787080836487,BUY,0.7265357923216126
20260818-192029,1787080836589,BUY,0.7265357923216126
20260818-192029,1787080836528,BUY,0.7265357923216126
20260818-192029,1787080836691,BUY,0.7265357923216126
20260818-192029,1787080836793,BUY,0.7265357923216126
20260818-192029,1787080836895,BUY,0.7265357923216126
20260818-192029,1787080836997,BUY,0.7265357923216126
20260818-192029,1787080837099,BUY,0.7265357923216126
20260818-192029,1787080837201,BUY,0.7265357923216126
20260818-192029,1787080837303,BUY,0.7265357923216126
20260818-192029,1787080837405,BUY,0.7265357923216126
20260818-192029,1787080837507,BUY,0.7265357923216126
20260818-192029,1787080837609,BUY,0.7265357923216126
20260818-192029,1787080837704,BUY,0.7265357923216126
20260818-192029,1787080837708,BUY,0.7265357923216126
20260818-192029,1787080837708,BUY,0.7265357923216126
20260818-192029,1787080837708,BUY,0.7265357923216126
20260818-192029,1787080837708,BUY,0.7265357923216126
20260818-192029,1787080837708,BUY,0.7265357923216126
20260818-192029,1787080837708,BUY,0.7265357923216126
20260818-192029,1787080837708,BUY,0.7265357923216126
20260818-192029,1787080837708,BUY,0.7265357923216126
20260818-192029,1787080837708,BUY,0.7265357923216126
20260818-192029,1787080837708,BUY,0.7265357923216126
20260818-192029,1787080837708,BUY,0.7265357923216126
20260818-192029,1787080837708,BUY,0.7265357923216126
20260818-192029,1787080837720,BUY,0.7265357923216126
20260818-192029,1787080837720,BUY,0.7265357923216126
20260818-192029,1787080837720,BUY,0.7265357923216126
20260818-192029,1787080837720,BUY,0.7265357923216126
20260818-192029,1787080837724,BUY,0.4019003704448374
20260818-192029,1787080837711,BUY,0.4019003704448374
20260818-192029,1787080837724,BUY,0.4019003704448374
20260818-192029,1787080837734,BUY,0.4019003704448374
20260818-192029,1787080837734,BUY,0.4019003704448374
20260818-192029,1787080837734,BUY,0.4019003704448374
20260818-192029,1787080837734,BUY,0.4019003704448374
20260818-192029,1787080837734,BUY,0.4019003704448374
20260818-192029,1787080837734,BUY,0.4019003704448374
20260818-192029,1787080837734,BUY,0.4019003704448374
20260818-192029,1787080837734,BUY,0.4019003704448374
20260818-192029,1787080837734,BUY,0.4019003704448374
20260818-192029,1787080837734,BUY,0.4019003704448374
20260818-192029,1787080837734,BUY,0.4019003704448374
20260818-192029,1787080837734,BUY,0.4019003704448374
20260818-192029,1787080837734,BUY,0.4019003704448374
20260818-192029,1787080837734,BUY,0.4019003704448374
20260818-192029,1787080837734,BUY,0.4019003704448374
20260818-192029,1787080837746,BUY,0.4019003704448374
20260818-192029,1787080837752,BUY,0.4019003704448374
20260818-192029,1787080837781,BUY,0.4019003704448374
20260818-192029,1787080837813,BUY,0.0
20260818-192029,1787080837915,BUY,0.0
20260818-192029,1787080838017,BUY,0.0
20260818-192029,1787080838031,BUY,0.0
20260818-192029,1787080838119,BUY,0.0
20260818-192029,1787080838221,BUY,0.0
20260818-192029,1787080838323,BUY,0.0
20260818-192029,1787080838425,BUY,0.0
20260818-192029,1787080838527,BUY,0.0
20260818-192029,1787080838629,BUY,0.0
20260818-192029,1787080838731,BUY,0.0
20260818-192029,1787080838833,BUY,0.0
20260818-192029,1787080838935,BUY,0.0
20260818-192029,1787080838880,BUY,0.0
20260818-192029,1787080839037,BUY,0.0
20260818-192029,1787080839139,BUY,0.0
20260818-192029,1787080838997,BUY,0.0
20260818-192029,1787080839241,BUY,0.0
20260818-192029,1787080839343,BUY,0.0
20260818-192029,1787080839445,BUY,0.0
20260818-192029,1787080839547,BUY,0.0
20260818-192029,1787080839649,BUY,0.0
20260818-192029,1787080839751,BUY,0.0
20260818-192029,1787080839853,BUY,0.0
20260818-192029,1787080839764,BUY,0.0
20260818-192029,1787080839955,BUY,0.0
20260818-192029,1787080840057,BUY,0.0
20260818-192029,1787080840008,BUY,0.0
20260818-192029,1787080840159,BUY,0.0
20260818-192029,1787080840078,BUY,0.0
20260818-192029,1787080840261,BUY,0.0
20260818-192029,1787080840363,BUY,0.0
20260818-192029,1787080840465,BUY,0.0
20260818-192029,1787080840567,BUY,0.0
20260818-192029,1787080840669,BUY,0.0
20260818-192029,1787080840771,BUY,0.0
20260818-192029,1787080840873,BUY,0.0
20260818-192029,1787080840975,BUY,0.0
20260818-192029,1787080841077,BUY,0.0
20260818-192029,1787080841179,BUY,0.0
20260818-192029,1787080841130,BUY,0.0
20260818-192029,1787080841281,BUY,0.0
20260818-192029,1787080841383,BUY,0.0
20260818-192029,1787080841260,BUY,0.0
20260818-192029,1787080841485,BUY,0.0
20260818-192029,1787080841587,BUY,0.0
20260818-192029,1787080841689,BUY,0.0
20260818-192029,1787080841791,BUY,0.0
20260818-192029,1787080841893,BUY,0.0
20260818-192029,1787080841995,BUY,0.0
20260818-192029,1787080842097,BUY,0.0
20260818-192029,1787080842199,BUY,0.0
20260818-192029,1787080842301,BUY,0.633740498723758
20260818-192029,1787080842403,BUY,0.633740498723758
20260818-192029,1787080842255,BUY,0.0
20260818-192029,1787080842505,BUY,0.633740498723758
20260818-192029,1787080842607,BUY,0.633740498723758
20260818-192029,1787080842709,BUY,0.633740498723758
20260818-192029,1787080842811,BUY,0.633740498723758
20260818-192029,1787080842913,BUY,0.633740498723758
20260818-192029,1787080843015,BUY,0.633740498723758
20260818-192029,1787080842862,BUY,0.633740498723758
20260818-192029,1787080843117,BUY,0.633740498723758
20260818-192029,1787080843219,BUY,0.633740498723758
20260818-192029,1787080843321,BUY,0.633740498723758
20260818-192029,1787080843168,BUY,0.633740498723758
20260818-192029,1787080843375,BUY,0.633740498723758
20260818-192029,1787080843377,BUY,0.633740498723758
20260818-192029,1787080843423,BUY,0.633740498723758
20260818-192029,1787080843525,BUY,0.633740498723758
20260818-192029,1787080843379,BUY,0.633740498723758
20260818-192029,1787080843627,BUY,0.633740498723758
20260818-192029,1787080843729,BUY,0.633740498723758
20260818-192029,1787080843831,BUY,0.633740498723758
20260818-192029,1787080843933,BUY,0.633740498723758
20260818-192029,1787080843813,BUY,0.633740498723758
20260818-192029,1787080844035,BUY,0.633740498723758
20260818-192029,1787080844137,BUY,0.633740498723758
20260818-192029,1787080844198,BUY,0.633740498723758
20260818-192029,1787080844198,BUY,0.633740498723758
20260818-192029,1787080844198,BUY,0.633740498723758
20260818-192029,1787080844198,BUY,0.633740498723758
20260818-192029,1787080844201,BUY,0.633740498723758
20260818-192029,1787080844201,BUY,0.633740498723758
20260818-192029,1787080844205,BUY,0.633740498723758
20260818-192029,1787080844215,BUY,0.633740498723758
20260818-192029,1787080844215,BUY,0.633740498723758
20260818-192029,1787080844225,BUY,0.633740498723758
20260818-192029,1787080844225,BUY,0.633740498723758
20260818-192029,1787080844225,BUY,0.633740498723758
20260818-192029,1787080844225,BUY,0.633740498723758
20260818-192029,1787080844225,BUY,0.633740498723758
20260818-192029,1787080844239,BUY,0.309131672317336
20260818-192029,1787080844244,BUY,0.633740498723758
20260818-192029,1787080844244,BUY,0.633740498723758
20260818-192029,1787080844244,BUY,0.633740498723758
20260818-192029,1787080844244,BUY,0.633740498723758
20260818-192029,1787080844244,BUY,0.633740498723758
20260818-192029,1787080844244,BUY,0.633740498723758
20260818-192029,1787080844244,BUY,0.633740498723758
20260818-192029,1787080844244,BUY,0.633740498723758
20260818-192029,1787080844244,BUY,0.633740498723758
20260818-192029,1787080844260,BUY,0.633740498723758
20260818-192029,1787080844267,BUY,0.633740498723758
20260818-192029,1787080844272,BUY,0.633740498723758
20260818-192029,1787080844278,BUY,0.633740498723758
20260818-192029,1787080844279,BUY,0.633740498723758
20260818-192029,1787080844281,BUY,0.633740498723758
20260818-192029,1787080844239,BUY,0.309131672317336
20260818-192029,1787080844288,BUY,0.309131672317336
20260818-192029,1787080844341,BUY,0.0
20260818-192029,1787080844443,BUY,0.0
20260818-192029,1787080844545,BUY,0.0
20260818-192029,1787080844647,BUY,0.0
20260818-192029,1787080844749,BUY,0.0
20260818-192029,1787080844851,BUY,0.0
20260818-192029,1787080844953,BUY,0.0
20260818-192029,1787080845055,BUY,0.0
20260818-192029,1787080845157,BUY,0.0
20260818-192029,1787080845259,BUY,0.0
20260818-192029,1787080845361,BUY,0.0
20260818-192029,1787080845226,BUY,0.0
20260818-192029,1787080845463,BUY,0.0
20260818-192029,1787080845565,BUY,0.0
20260818-192029,1787080845667,BUY,0.0
20260818-192029,1787080845597,BUY,0.0
20260818-192029,1787080845769,BUY,0.0
20260818-192029,1787080845871,BUY,0.0
20260818-192029,1787080845798,BUY,0.0
20260818-192029,1787080845973,BUY,0.0
20260818-192029,1787080846075,BUY,0.0
20260818-192029,1787080846177,BUY,0.0
20260818-192029,1787080846279,BUY,0.0
20260818-192029,1787080846196,BUY,0.0
20260818-192029,1787080846381,BUY,0.0
20260818-192029,1787080846483,BUY,0.0
20260818-192029,1787080846585,BUY,0.0
20260818-192029,1787080846687,BUY,0.0
20260818-192029,1787080846544,BUY,0.0
20260818-192029,1787080846789,BUY,0.0
20260818-192029,1787080846712,BUY,0.0
20260818-192029,1787080846891,BUY,0.0
20260818-192029,1787080846993,BUY,0.0
20260818-192029,1787080846913,BUY,0.0
20260818-192029,1787080847095,BUY,0.0
20260818-192029,1787080847197,BUY,0.0
20260818-192029,1787080847299,BUY,0.0
20260818-192029,1787080847401,BUY,0.0
20260818-192029,1787080847503,BUY,0.0
20260818-192029,1787080847605,BUY,0.0
20260818-192029,1787080847707,BUY,0.0
20260818-192029,1787080847809,BUY,0.0
20260818-192029,1787080847911,BUY,0.0
20260818-192029,1787080848013,BUY,0.0
20260818-192029,1787080848115,BUY,0.0
20260818-192029,1787080847992,BUY,0.0
20260818-192029,1787080848217,BUY,0.0
20260818-192029,1787080848319,BUY,0.0
20260818-192029,1787080848421,BUY,0.0
20260818-192029,1787080848523,BUY,0.0
20260818-192029,1787080848625,BUY,0.0
20260818-192029,1787080848541,BUY,0.0
20260818-192029,1787080848727,BUY,0.0
20260818-192029,1787080848657,BUY,0.0
20260818-192029,1787080848829,BUY,0.0
20260818-192029,1787080848931,BUY,0.0
20260818-192029,1787080849033,BUY,0.0
20260818-192029,1787080849135,BUY,0.0
20260818-192029,1787080849237,BUY,0.0
20260818-192029,1787080849116,BUY,0.0
20260818-192029,1787080849339,BUY,0.0
20260818-192029,1787080849441,BUY,0.0
20260818-192029,1787080965211,BUY,0.6028300552507934
20260818-192029,1787080965313,BUY,0.6028300552507934
20260818-192029,1787080965227,BUY,0.6028300552507934
20260818-192029,1787080965415,BUY,0.6028300552507934
20260818-192029,1787080965517,BUY,0.6028300552507934
20260818-192029,1787080965619,BUY,0.6028300552507934
20260818-192029,1787080965721,BUY,0.6028300552507934
20260818-192029,1787080965823,BUY,0.6028300552507934
20260818-192029,1787080965833,BUY,0.6028300552507934
20260818-192029,1787080965837,BUY,0.6028300552507934
20260818-192029,1787080965837,BUY,0.6028300552507934
20260818-192029,1787080965837,BUY,0.6028300552507934
20260818-192029,1787080965837,BUY,0.6028300552507934
20260818-192029,1787080965837,BUY,0.6028300552507934
20260818-192029,1787080965841,BUY,0.6028300552507934
20260818-192029,1787080965841,BUY,0.6028300552507934
20260818-192029,1787080965844,BUY,0.6028300552507934
20260818-192029,1787080965844,BUY,0.6028300552507934
20260818-192029,1787080965844,BUY,0.6028300552507934
20260818-192029,1787080965844,BUY,0.6028300552507934
20260818-192029,1787080965844,BUY,0.6028300552507934
20260818-192029,1787080965844,BUY,0.6028300552507934
20260818-192029,1787080965844,BUY,0.6028300552507934
20260818-192029,1787080965844,BUY,0.6028300552507934
20260818-192029,1787080965844,BUY,0.6028300552507934
20260818-192029,1787080965844,BUY,0.6028300552507934
20260818-192029,1787080965844,BUY,0.6028300552507934
20260818-192029,1787080965848,BUY,0.6028300552507934
20260818-192029,1787080965848,BUY,0.6028300552507934
20260818-192029,1787080965848,BUY,0.6028300552507934
20260818-192029,1787080965848,BUY,0.6028300552507934
20260818-192029,1787080965848,BUY,0.6028300552507934
20260818-192029,1787080965925,BUY,0.0
20260818-192029,1787080966027,BUY,0.0
20260818-192029,1787080966129,BUY,0.0
20260818-192029,1787080966056,BUY,0.0
20260818-192029,1787080966231,BUY,0.0
20260818-192029,1787080966333,BUY,0.0
20260818-192029,1787080966435,BUY,0.0
20260818-192029,1787080966537,BUY,0.0
20260818-192029,1787080966639,BUY,0.0
20260818-192029,1787080966741,BUY,0.0
20260818-192029,1787080966843,BUY,0.0
20260818-192029,1787080966811,BUY,0.0
20260818-192029,1787080966945,BUY,0.0
20260818-192029,1787080967047,BUY,0.0
20260818-192029,1787080966925,BUY,0.0
20260818-192029,1787080967149,BUY,0.0
20260818-192029,1787080967251,BUY,0.0
20260818-192029,1787080967353,BUY,0.0
20260818-192029,1787080967455,BUY,0.0
20260818-192029,1787080967557,BUY,0.0
20260818-192029,1787080967659,BUY,0.0
20260818-192029,1787080967761,BUY,0.0
20260818-192029,1787080967863,BUY,0.0
20260818-192029,1787080967965,BUY,0.0
20260818-192029,1787080968067,BUY,0.0
20260818-192029,1787080968169,BUY,0.0
20260818-192029,1787080968056,BUY,0.0
20260818-192029,1787080968271,BUY,0.0
20260818-192029,1787080968373,BUY,0.0
20260818-192029,1787080968475,BUY,0.0
20260818-192029,1787080968401,BUY,0.0
20260818-192029,1787080968577,BUY,0.0
20260818-192029,1787080968679,BUY,0.0
20260818-192029,1787080968609,BUY,0.0
20260818-192029,1787080968781,BUY,0.0
20260818-192029,1787080968883,BUY,0.0
20260818-192029,1787080968985,BUY,0.0
20260818-192029,1787080969087,BUY,0.0
20260818-192029,1787080969020,BUY,0.0
20260818-192029,1787080969189,BUY,0.0
20260818-192029,1787080969291,BUY,0.0
20260818-192029,1787080969393,BUY,0.0
20260818-192029,1787080969251,BUY,0.0
20260818-192029,1787080969495,BUY,0.0
20260818-192029,1787080969597,BUY,0.0
20260818-192029,1787080969699,BUY,0.0
20260818-192029,1787080969801,BUY,0.0
20260818-192029,1787080969903,BUY,0.0
20260818-192029,1787080970005,BUY,0.0
20260818-192029,1787080970107,BUY,0.0
20260818-192029,1787080969997,BUY,0.0
20260818-192029,1787080970209,BUY,0.0
20260818-192029,1787080970311,BUY,0.0
20260818-192029,1787080970413,BUY,0.0
20260818-192029,1787080970515,BUY,0.0
20260818-192029,1787080970617,BUY,0.0
20260818-192029,1787080970719,BUY,0.0
20260818-192029,1787080970821,BUY,0.0
20260818-192029,1787080970699,BUY,0.0
20260818-192029,1787080970923,BUY,0.0
20260818-192029,1787080971025,BUY,0.0
20260818-192029,1787080971127,BUY,0.0
20260818-192029,1787080971031,BUY,0.0
20260818-192029,1787080971229,BUY,0.0
20260818-192029,1787080971331,BUY,0.0
20260818-192029,1787080971239,BUY,0.0
20260818-192029,1787080971433,BUY,0.0
20260818-192029,1787080971535,BUY,0.0
20260818-192029,1787080971637,BUY,0.0
20260818-192029,1787080971739,BUY,0.0
20260818-192029,1787080971841,BUY,0.0
20260818-192029,1787080971943,BUY,0.0
20260818-192029,1787080972045,BUY,0.015456249155636046
20260818-192029,1787080972147,BUY,0.03091249830902291
20260818-192029,1787080972057,BUY,0.015456249155636046
20260818-192029,1787080972249,BUY,0.03091249830902291
20260818-192029,1787080972351,BUY,0.03091249830902291
20260818-192029,1787080972453,BUY,0.03091249830902291
20260818-192029,1787080972555,BUY,0.03091249830902291
20260818-192029,1787080972657,BUY,0.03091249830902291
20260818-192029,1787080972759,BUY,0.03091249830902291
20260818-192029,1787080972673,BUY,0.03091249830902291
20260818-192029,1787080972861,BUY,0.03091249830902291
20260818-192029,1787080972963,BUY,0.03091249830902291
20260818-192029,1787080972860,BUY,0.03091249830902291
20260818-192029,1787080973065,BUY,0.03091249830902291
20260818-192029,1787080973167,BUY,0.03091249830902291
20260818-192029,1787080973269,BUY,0.03091249830902291
20260818-192029,1787080973371,BUY,0.03091249830902291
20260818-192029,1787080973473,BUY,0.03091249830902291
20260818-192029,1787080973575,BUY,0.03091249830902291
20260818-192029,1787080973677,BUY,0.03091249830902291
20260818-192029,1787080973779,BUY,0.03091249830902291
20260818-192029,1787080973881,BUY,0.03091249830902291
20260818-192029,1787080973983,BUY,0.03091249830902291
20260818-192029,1787080974085,BUY,0.015456225263859997
20260818-192029,1787080974059,BUY,0.015456225263859997
20260818-192029,1787080974187,BUY,0.0
20260818-192029,1787080974289,BUY,0.0
20260818-192029,1787080974164,BUY,0.0
20260818-192029,1787080974391,BUY,0.0
20260818-192029,1787080974493,BUY,0.0
20260818-192029,1787080974428,BUY,0.0
20260818-192029,1787080974595,BUY,0.0
20260818-192029,1787080974697,BUY,0.0
20260818-192029,1787080974799,BUY,0.0
20260818-192029,1787080974901,BUY,0.0
20260818-192029,1787080975003,BUY,0.0
20260818-192029,1787080975105,BUY,0.0
20260818-192029,1787080975207,BUY,0.0
20260818-192029,1787080975309,BUY,0.0
20260818-192029,1787080975411,BUY,0.0
20260818-192029,1787080975513,BUY,0.0
20260818-192029,1787080975615,BUY,0.0
20260818-192029,1787080975717,BUY,0.0
20260818-192029,1787080975819,BUY,0.0
20260818-192029,1787080975921,BUY,0.0
20260818-192029,1787080976023,BUY,0.0
20260818-192029,1787080976125,BUY,0.0
20260818-192029,1787080976059,BUY,0.0
20260818-192029,1787080976227,BUY,0.0
20260818-192029,1787080976329,BUY,0.0
20260818-192029,1787080976431,BUY,0.0
20260818-192029,1787080976533,BUY,0.0
20260818-192029,1787080976635,BUY,0.0
20260818-192029,1787080976737,BUY,0.0
20260818-192029,1787080976839,BUY,0.0
20260818-192029,1787080976941,BUY,0.0
20260818-192029,1787080977043,BUY,0.0
20260818-192029,1787080977145,BUY,0.0
20260818-192029,1787080977247,BUY,0.0
20260818-192029,1787080977114,BUY,0.0
20260818-192029,1787080977349,BUY,0.0
20260818-192029,1787080977451,BUY,0.0
20260818-192029,1787080977553,BUY,0.0
20260818-192029,1787080977655,BUY,0.0
20260818-192029,1787080977757,BUY,0.0
20260818-192029,1787080977859,BUY,0.0
20260818-192029,1787080977961,BUY,0.0
20260818-192029,1787080978063,BUY,0.0
20260818-192029,1787080978165,BUY,0.0
20260818-192029,1787080978061,BUY,0.0
20260818-192029,1787080978267,BUY,0.0
20260818-192029,1787080978369,BUY,0.0
20260818-192029,1787080978471,BUY,0.0
20260818-192029,1787080978573,BUY,0.0
20260818-192029,1787080978675,BUY,0.0
20260818-192029,1787080978777,BUY,0.0
20260818-192029,1787080978879,BUY,0.0
20260818-192029,1787080978981,BUY,0.0
20260818-192029,1787080979083,BUY,0.0
20260818-192029,1787080979185,BUY,0.0
20260818-192029,1787080979287,BUY,0.0
20260818-192029,1787080979389,BUY,0.0
20260818-192029,1787080979491,BUY,0.0
20260818-192029,1787080979593,BUY,0.0
20260818-192029,1787080979695,BUY,0.0
20260818-192029,1787080979797,BUY,0.0
20260818-192029,1787080979899,BUY,0.0
20260818-192029,1787080980001,BUY,0.0
20260818-192029,1787080980013,BUY,0.0
20260818-192029,1787080980103,BUY,0.0
20260818-192029,1787080980205,BUY,0.0
20260818-192029,1787080980063,BUY,0.0
20260818-192029,1787080980307,BUY,0.0
20260818-192029,1787080980409,BUY,0.0
20260818-192029,1787080980511,BUY,0.0
20260818-192029,1787080980511,BUY,0.0
20260818-192029,1787080980613,BUY,0.0
20260818-192029,1787080980523,BUY,0.0
20260818-192029,1787080980715,BUY,0.0
20260818-192029,1787080980817,BUY,0.0
20260818-192029,1787080980919,BUY,0.0
20260818-192029,1787080981021,BUY,0.0
20260818-192029,1787080981123,BUY,0.0
20260818-192029,1787080981225,BUY,0.0
20260818-192029,1787080981327,BUY,0.0
20260818-192029,1787080981195,BUY,0.0
20260818-192029,1787080981429,BUY,0.0
20260818-192029,1787080981531,BUY,0.0
20260818-192029,1787080981633,BUY,0.0
20260818-192029,1787080981735,BUY,0.0
20260818-192029,1787080981837,BUY,0.0
20260818-192029,1787080981939,BUY,0.0
20260818-192029,1787080982041,BUY,0.0
20260818-192029,1787080981979,BUY,0.0
20260818-192029,1787080982143,BUY,0.0
20260818-192029,1787080982062,BUY,0.0
20260818-192029,1787080982245,BUY,0.0
20260818-192029,1787080982347,BUY,0.0
20260818-192029,1787080982449,BUY,0.0
20260818-192029,1787080982551,BUY,0.0
20260818-192029,1787080982653,BUY,0.0
20260818-192029,1787080982755,BUY,0.0
20260818-192029,1787080982857,BUY,0.0
20260818-192029,1787080982788,BUY,0.0
20260818-192029,1787080982959,BUY,0.0
20260818-192029,1787080983061,BUY,0.0
20260818-192029,1787080983163,BUY,0.0
20260818-192029,1787080983265,BUY,0.0
20260818-192029,1787080983367,BUY,0.0
20260818-192029,1787080983469,BUY,0.0
20260818-192029,1787080983571,BUY,0.0
20260818-192029,1787080983673,BUY,0.41731743714497527
20260818-192029,1787080983775,BUY,1.3292333183159575
20260818-192029,1787080983877,BUY,1.3292333183159575
20260818-192029,1787080983979,BUY,1.3292333183159575
20260818-192029,1787080983879,BUY,1.3292333183159575
20260818-192029,1787080984081,BUY,1.3292333183159575
20260818-192029,1787080984183,BUY,1.3292333183159575
20260818-192029,1787080984063,BUY,1.3292333183159575
20260818-192029,1787080984285,BUY,1.3292333183159575
20260818-192029,1787080984387,BUY,1.3292333183159575
20260818-192029,1787080984489,BUY,1.3292333183159575
20260818-192029,1787080984386,BUY,1.3292333183159575
20260818-192029,1787080984591,BUY,1.3292333183159575
20260818-192029,1787080984693,BUY,1.3292333183159575
20260818-192029,1787080984795,BUY,1.3292333183159575
20260818-192029,1787080984897,BUY,1.3292333183159575
20260818-192029,1787080984999,BUY,1.3292333183159575
20260818-192029,1787080984922,BUY,1.3292333183159575
20260818-192029,1787080985101,BUY,1.3292333183159575
20260818-192029,1787080985203,BUY,1.3292333183159575
20260818-192029,1787080985305,BUY,1.3292333183159575
20260818-192029,1787080985407,BUY,1.3292333183159575
20260818-192029,1787080985509,BUY,1.3292333183159575
20260818-192029,1787080985478,BUY,1.3292333183159575
20260818-192029,1787080985569,BUY,1.3292333183159575
20260818-192029,1787080985570,BUY,1.3292333183159575
20260818-192029,1787080985570,BUY,1.3292333183159575
20260818-192029,1787080985570,BUY,1.3292333183159575
20260818-192029,1787080985570,BUY,1.3292333183159575
20260818-192029,1787080985571,BUY,1.3292333183159575
20260818-192029,1787080985571,BUY,1.3292333183159575
20260818-192029,1787080985571,BUY,1.3292333183159575
20260818-192029,1787080985572,BUY,1.3292333183159575
20260818-192029,1787080985572,BUY,1.3292333183159575
20260818-192029,1787080985573,BUY,1.3292333183159575
20260818-192029,1787080985573,BUY,1.3292333183159575
20260818-192029,1787080985583,BUY,1.3292333183159575
20260818-192029,1787080985583,BUY,1.3292333183159575
20260818-192029,1787080985584,BUY,1.3292333183159575
20260818-192029,1787080985584,BUY,1.3292333183159575
20260818-192029,1787080985587,BUY,1.3292333183159575
20260818-192029,1787080985587,BUY,1.3292333183159575
20260818-192029,1787080985587,BUY,1.3292333183159575
20260818-192029,1787080985587,BUY,1.3292333183159575
20260818-192029,1787080985587,BUY,1.3292333183159575
20260818-192029,1787080985587,BUY,1.3292333183159575
20260818-192029,1787080985611,BUY,0.9118778269192102
20260818-192029,1787080985611,BUY,0.9118778269192102
20260818-192029,1787080985611,BUY,0.9118778269192102
20260818-192029,1787080985611,BUY,0.9118778269192102
20260818-192029,1787080985611,BUY,0.9118778269192102
20260818-192029,1787080985611,BUY,0.9118778269192102
20260818-192029,1787080985611,BUY,0.9118778269192102
20260818-192029,1787080985611,BUY,0.9118778269192102
20260818-192029,1787080985611,BUY,0.9118778269192102
20260818-192029,1787080985649,BUY,0.9118778269192102
20260818-192029,1787080985654,BUY,0.9118778269192102
20260818-192029,1787080985656,BUY,0.9118778269192102
20260818-192029,1787080985656,BUY,0.9118778269192102
20260818-192029,1787080985656,BUY,0.9118778269192102
20260818-192029,1787080985656,BUY,0.9118778269192102
20260818-192029,1787080985656,BUY,0.9118778269192102
20260818-192029,1787080985656,BUY,0.9118778269192102
20260818-192029,1787080985656,BUY,0.9118778269192102
20260818-192029,1787080985656,BUY,0.9118778269192102
20260818-192029,1787080985656,BUY,0.9118778269192102
20260818-192029,1787080985656,BUY,0.9118778269192102
20260818-192029,1787080985656,BUY,0.9118778269192102
20260818-192029,1787080985656,BUY,0.9118778269192102
20260818-192029,1787080985656,BUY,0.9118778269192102
20260818-192029,1787080985656,BUY,0.9118778269192102
20260818-192029,1787080985656,BUY,0.9118778269192102
20260818-192029,1787080985656,BUY,0.9118778269192102
20260818-192029,1787080985656,BUY,0.9118778269192102
20260818-192029,1787080985661,BUY,0.9118778269192102
20260818-192029,1787080985672,BUY,0.9118778269192102
20260818-192029,1787080985672,BUY,0.9118778269192102
20260818-192029,1787080985672,BUY,0.9118778269192102
20260818-192029,1787080985672,BUY,0.9118778269192102
20260818-192029,1787080985672,BUY,0.9118778269192102
20260818-192029,1787080985672,BUY,0.9118778269192102
20260818-192029,1787080985672,BUY,0.9118778269192102
20260818-192029,1787080985672,BUY,0.9118778269192102
20260818-192029,1787080985672,BUY,0.9118778269192102
20260818-192029,1787080985672,BUY,0.9118778269192102
20260818-192029,1787080985691,BUY,0.0
20260818-192029,1787080985691,BUY,0.0
20260818-192029,1787080985691,BUY,0.0
20260818-192029,1787080985691,BUY,0.0
20260818-192029,1787080985713,BUY,0.0
20260818-192029,1787080985815,BUY,0.0
20260818-192029,1787080985691,BUY,0.0
20260818-192029,1787080985917,BUY,0.0
20260818-192029,1787080986019,BUY,0.0
20260818-192029,1787080986121,BUY,0.0
20260818-192029,1787080986223,BUY,0.0
20260818-192029,1787080986068,BUY,0.0
20260818-192029,1787080986325,BUY,0.09272488295280364
20260818-192029,1787080986427,BUY,0.09272488295280364
20260818-192029,1787080986529,BUY,0.09272488295280364
20260818-192029,1787080986631,BUY,0.09272488295280364
20260818-192029,1787080986733,BUY,0.09272488295280364
20260818-192029,1787080986835,BUY,0.09272488295280364
20260818-192029,1787080986937,BUY,0.09272488295280364
20260818-192029,1787080986840,BUY,0.09272488295280364
20260818-192029,1787080987039,BUY,0.09272488295280364
20260818-192029,1787080987109,BUY,0.09272488295280364
20260818-192029,1787080987141,BUY,0.09272488295280364
20260818-192029,1787080987243,BUY,0.09272488295280364
20260818-192029,1787080987118,BUY,0.09272488295280364
20260818-192029,1787080987345,BUY,0.09272488295280364
20260818-192029,1787080987447,BUY,0.09272488295280364
20260818-192029,1787080987549,BUY,0.09272488295280364
20260818-192029,1787080987651,BUY,0.09272488295280364
20260818-192029,1787080987753,BUY,0.09272488295280364
20260818-192029,1787080987855,BUY,0.09272488295280364
20260818-192029,1787080987957,BUY,0.09272488295280364
20260818-192029,1787080988059,BUY,0.09272488295280364
20260818-192029,1787080988161,BUY,0.09272488295280364
20260818-192029,1787080988063,BUY,0.09272488295280364
20260818-192029,1787080988225,BUY,0.09272488295280364
20260818-192029,1787080988246,BUY,0.09272488295280364
20260818-192029,1787080988254,BUY,0.09272488295280364
20260818-192029,1787080988256,BUY,0.09272488295280364
20260818-192029,1787080988259,BUY,0.09272488295280364
20260818-192029,1787080988263,BUY,0.030908103254250772
20260818-192029,1787080988263,BUY,0.030908103254250772
20260818-192029,1787080988365,BUY,0.0
20260818-192029,1787080988267,BUY,0.0
20260818-192029,1787080988467,BUY,0.0
20260818-192029,1787080988569,BUY,0.0
20260818-192029,1787080988671,BUY,0.0
20260818-192029,1787080988773,BUY,0.0
20260818-192029,1787080988875,BUY,0.0
20260818-192029,1787080988977,BUY,0.0
20260818-192029,1787080989079,BUY,0.0
20260818-192029,1787080989181,BUY,0.0
20260818-192029,1787080989111,BUY,0.0
20260818-192029,1787080989283,BUY,0.0
20260818-192029,1787080989385,BUY,0.0
20260818-192029,1787080989487,BUY,0.0
20260818-192029,1787080989589,BUY,0.0
20260818-192029,1787080989691,BUY,0.0
20260818-192029,1787080989793,BUY,0.0
20260818-192029,1787080989895,BUY,0.0
20260818-192029,1787080989997,BUY,0.0
20260818-192029,1787080989869,BUY,0.0
20260818-192029,1787080990099,BUY,0.0
20260818-192029,1787080990201,BUY,0.0
20260818-192029,1787080990065,BUY,0.0
20260818-192029,1787080990303,BUY,0.0
20260818-192029,1787080990405,BUY,0.0
20260818-192029,1787080990263,BUY,0.0
20260818-192029,1787080990507,BUY,0.0
20260818-192029,1787080990609,BUY,0.0
20260818-192029,1787080990711,BUY,0.0
20260818-192029,1787080990813,BUY,0.0
20260818-192029,1787080990677,BUY,0.0
20260818-192029,1787080990915,BUY,0.0
20260818-192029,1787080991017,BUY,0.0
20260818-192029,1787080990929,BUY,0.0
20260818-192029,1787080991119,BUY,0.0
20260818-192029,1787080991221,BUY,0.0
20260818-192029,1787080991061,BUY,0.0
20260818-192029,1787080991323,BUY,0.0
20260818-192029,1787080991425,BUY,0.0
20260818-192029,1787080991527,BUY,0.0
20260818-192029,1787080991629,BUY,0.0
20260818-192029,1787080991731,BUY,0.0
20260818-192029,1787080991833,BUY,0.0
20260818-192029,1787080991935,BUY,0.0
20260818-192029,1787080991862,BUY,0.0
20260818-192029,1787080992037,BUY,0.0
20260818-192029,1787080992139,BUY,0.0
20260818-192029,1787080992064,BUY,0.0
20260818-192029,1787080992241,BUY,0.0
20260818-192029,1787080992343,BUY,0.0
20260818-192029,1787080992241,BUY,0.0
20260818-192029,1787080992445,BUY,0.0
20260818-192029,1787080992547,BUY,0.0
20260818-192029,1787080992649,BUY,0.0
20260818-192029,1787080992529,BUY,0.0
20260818-192029,1787080992751,BUY,0.0
20260818-192029,1787080992853,BUY,0.0
20260818-192029,1787080992955,BUY,0.0
20260818-192029,1787080993057,BUY,0.0
20260818-192029,1787080993159,BUY,0.0
20260818-192029,1787080993261,BUY,0.0
20260818-192029,1787080993363,BUY,0.0
20260818-192029,1787080993247,BUY,0.0
20260818-192029,1787080993465,BUY,0.0
20260818-192029,1787080993567,BUY,0.0
20260818-192029,1787080993669,BUY,0.0
20260818-192029,1787080993771,BUY,0.0
20260818-192029,1787080993873,BUY,0.0
20260818-192029,1787080993975,BUY,0.0
20260818-192029,1787080993898,BUY,0.0
20260818-192029,1787080994077,BUY,0.0
20260818-192029,1787080994179,BUY,0.0
20260818-192029,1787080994065,BUY,0.0
20260818-192029,1787080994281,BUY,0.0
20260818-192029,1787080994383,BUY,0.0
20260818-192029,1787080994485,BUY,0.0
20260818-192029,1787080994587,BUY,0.0
20260818-192029,1787080994689,BUY,0.0
20260818-192029,1787080994791,BUY,0.0
20260818-192029,1787080994893,BUY,0.0
20260818-192029,1787080994995,BUY,0.0
20260818-192029,1787080995097,BUY,0.0
20260818-192029,1787080994949,BUY,0.0
20260818-192029,1787080995199,BUY,0.0
20260818-192029,1787080995301,BUY,0.0
20260818-192029,1787080995142,BUY,0.0
20260818-192029,1787080995403,BUY,0.0
20260818-192029,1787080995505,BUY,0.0
20260818-192029,1787080995607,BUY,0.0
20260818-192029,1787080995527,BUY,0.0
20260818-192029,1787080995709,BUY,0.0
20260818-192029,1787080995811,BUY,0.0
20260818-192029,1787080995913,BUY,0.0
20260818-192029,1787080996015,BUY,0.0
20260818-192029,1787080996117,BUY,0.0
20260818-192029,1787080996049,BUY,0.0
20260818-192029,1787080996219,BUY,0.0
20260818-192029,1787080996321,BUY,0.0
20260818-192029,1787080996259,BUY,0.0
20260818-192029,1787080996423,BUY,0.0
20260818-192029,1787080996525,BUY,0.0
20260818-192029,1787080996627,BUY,0.0
20260818-192029,1787080996729,BUY,0.0
20260818-192029,1787080996831,BUY,0.0
20260818-192029,1787080996933,BUY,0.0
20260818-192029,1787080997035,BUY,0.0
20260818-192029,1787080997137,BUY,0.0
20260818-192029,1787080997239,BUY,0.0
20260818-192029,1787080997128,BUY,0.0
20260818-192029,1787080997341,BUY,0.0
20260818-192029,1787080997443,BUY,0.0
20260818-192029,1787080997310,BUY,0.0
20260818-192029,1787080997545,BUY,0.0
20260818-192029,1787080997647,BUY,0.0
20260818-192029,1787080997749,BUY,0.0
20260818-192029,1787080997679,BUY,0.0
20260818-192029,1787080997851,BUY,0.0
20260818-192029,1787080997953,BUY,0.0
20260818-192029,1787080998055,BUY,0.0
20260818-192029,1787080997989,BUY,0.0
20260818-192029,1787080998157,BUY,0.0
20260818-192029,1787080998065,BUY,0.0
20260818-192029,1787080998259,BUY,0.0
20260818-192029,1787080998361,BUY,0.0
20260818-192029,1787080998463,BUY,0.0
20260818-192029,1787080998565,BUY,0.0
20260818-192029,1787080998667,BUY,0.0
20260818-192029,1787080998769,BUY,0.0
20260818-192029,1787080998871,BUY,0.0
20260818-192029,1787080998973,BUY,0.0
20260818-192029,1787080999075,BUY,0.0
20260818-192029,1787080999177,BUY,0.0
20260818-192029,1787080999279,BUY,0.0
20260818-192029,1787080999263,BUY,0.0
20260818-192029,1787080999381,BUY,0.0
20260818-192029,1787080999293,BUY,0.0
20260818-192029,1787080999483,BUY,0.0
20260818-192029,1787080999585,BUY,0.0
20260818-192029,1787080999454,BUY,0.0
20260818-192029,1787080999687,BUY,0.0
20260818-192029,1787080999789,BUY,0.0
20260818-192029,1787081001115,BUY,0.0
20260818-192029,1787081001217,BUY,0.0
20260818-192029,1787081001319,BUY,0.0
20260818-192029,1787081001421,BUY,0.0
20260818-192029,1787081001523,BUY,0.0
20260818-192029,1787081001625,BUY,0.0
20260818-192029,1787081001727,BUY,0.0
20260818-192029,1787081001829,BUY,0.0
20260818-192029,1787081001931,BUY,0.0
20260818-192029,1787081001862,BUY,0.0
20260818-192029,1787081002033,BUY,0.0
20260818-192029,1787081002135,BUY,0.0
20260818-192029,1787081002066,BUY,0.0
20260818-192029,1787081002237,BUY,0.0
20260818-192029,1787081002339,BUY,0.0
20260818-192029,1787081002441,BUY,0.0
20260818-192029,1787081002543,BUY,0.0
20260818-192029,1787081002645,BUY,0.0
20260818-192029,1787081002747,BUY,0.0
20260818-192029,1787081002849,BUY,0.0
20260818-192029,1787081002951,BUY,0.0
20260818-192029,1787081003053,BUY,0.0
20260818-192029,1787081003155,BUY,0.0
20260818-192029,1787081003257,BUY,0.0
20260818-192029,1787081003359,BUY,0.0
20260818-192029,1787081003461,BUY,0.0
20260818-192029,1787081003563,BUY,0.0
20260818-192029,1787081003665,BUY,0.0
20260818-192029,1787081003563,BUY,0.0
20260818-192029,1787081003767,BUY,0.0
20260818-192029,1787081003869,BUY,0.0
20260818-192029,1787081003971,BUY,0.0
20260818-192029,1787081004073,BUY,0.0
20260818-192029,1787081004175,BUY,0.0
20260818-192029,1787081004067,BUY,0.0
20260818-192029,1787081004277,BUY,0.0
20260818-192029,1787081004379,BUY,0.0
20260818-192029,1787081004481,BUY,0.0
20260818-192029,1787081004583,BUY,0.0
20260818-192029,1787081004685,BUY,0.0
20260818-192029,1787081004787,BUY,0.0
20260818-192029,1787081004889,BUY,0.0
20260818-192029,1787081004991,BUY,0.0
20260818-192029,1787081005093,BUY,0.0
20260818-192029,1787081005195,BUY,0.0
20260818-192029,1787081005297,BUY,0.0
20260818-192029,1787081005399,BUY,0.0
20260818-192029,1787081005501,BUY,0.0
20260818-192029,1787081005603,BUY,0.0
20260818-192029,1787081005705,BUY,0.0
20260818-192029,1787081005807,BUY,0.0
20260818-192029,1787081005909,BUY,0.0
20260818-192029,1787081005847,BUY,0.0
20260818-192029,1787081006011,BUY,0.0
20260818-192029,1787081006113,BUY,0.0
20260818-192029,1787081006215,BUY,0.0
20260818-192029,1787081006067,BUY,0.0
20260818-192029,1787081006317,BUY,0.0
20260818-192029,1787081006419,BUY,0.0
20260818-192029,1787081006521,BUY,0.0
20260818-192029,1787081006623,BUY,0.0
20260818-192029,1787081006725,BUY,0.0
20260818-192029,1787081006827,BUY,0.0
20260818-192029,1787081006929,BUY,0.0
20260818-192029,1787081007031,BUY,0.0
20260818-192029,1787081007133,BUY,0.0
20260818-192029,1787081007235,BUY,0.0
20260818-192029,1787081007337,BUY,0.0
20260818-192029,1787081007194,BUY,0.0
20260818-192029,1787081007439,BUY,0.0
20260818-192029,1787081007541,BUY,0.0
20260818-192029,1787081007458,BUY,0.0
20260818-192029,1787081007643,BUY,0.0
20260818-192029,1787081007745,BUY,0.0
20260818-192029,1787081007644,BUY,0.0
20260818-192029,1787081007847,BUY,0.0
20260818-193713,1787081837549,BUY,0.0
20260818-193713,1787081837721,BUY,0.0
20260818-193713,1787081837823,BUY,0.0
20260818-193713,1787081837925,BUY,0.0
20260818-193713,1787081838027,BUY,0.0
20260818-193713,1787081838129,BUY,0.0
20260818-193713,1787081838231,BUY,0.0
20260818-193713,1787081838333,BUY,0.0
20260818-193713,1787081838435,BUY,0.0
20260818-193713,1787081838537,BUY,0.0
20260818-193713,1787081838639,BUY,0.0
20260818-193713,1787081838527,BUY,0.0
20260818-193713,1787081838741,BUY,0.0
20260818-193713,1787081838843,BUY,0.0
20260818-193713,1787081838945,BUY,0.0
20260818-193713,1787081839047,BUY,0.0
20260818-193713,1787081839149,BUY,0.0
20260818-193713,1787081839251,BUY,0.0
20260818-193713,1787081839177,BUY,0.0
20260818-193713,1787081839353,BUY,0.0
20260818-193713,1787081839455,BUY,0.0
20260818-193713,1787081839557,BUY,0.0
20260818-193713,1787081839659,BUY,0.0
20260818-193713,1787081839571,BUY,0.0
20260818-193713,1787081839761,BUY,0.0
20260818-193713,1787081839863,BUY,0.0
20260818-193713,1787081839965,BUY,0.0
20260818-193713,1787081839833,BUY,0.0
20260818-193713,1787081840067,BUY,0.0
20260818-193713,1787081840169,BUY,0.0
20260818-193713,1787081840271,BUY,0.0
20260818-193713,1787081840373,BUY,0.0
20260818-193713,1787081840475,BUY,0.0
20260818-193713,1787081840577,BUY,0.0
20260818-193713,1787081840507,BUY,0.0
20260818-193713,1787081840679,BUY,0.0
20260818-193713,1787081840781,BUY,0.0
20260818-193713,1787081840883,BUY,0.0
20260818-193713,1787081840985,BUY,0.0
20260818-193713,1787081841087,BUY,0.0
20260818-193713,1787081844142,BUY,0.6183312013788785
20260818-193713,1787081844142,BUY,0.6183312013788785
20260818-193713,1787081844147,BUY,0.17003345794814764
20260818-193713,1787081844143,BUY,0.17003345794814764
20260818-193713,1787081844143,BUY,0.17003345794814764
20260818-193713,1787081844144,BUY,0.17003345794814764
20260818-193713,1787081844144,BUY,0.17003345794814764
20260818-193713,1787081844144,BUY,0.17003345794814764
20260818-193713,1787081844144,BUY,0.17003345794814764
20260818-193713,1787081844144,BUY,0.17003345794814764
20260818-193713,1787081844144,BUY,0.17003345794814764
20260818-193713,1787081844144,BUY,0.17003345794814764
20260818-193713,1787081844144,BUY,0.17003345794814764
20260818-193713,1787081844144,BUY,0.17003345794814764
20260818-193713,1787081844144,BUY,0.17003345794814764
20260818-193713,1787081844144,BUY,0.17003345794814764
20260818-193713,1787081844144,BUY,0.17003345794814764
20260818-193713,1787081844144,BUY,0.17003345794814764
20260818-193713,1787081844158,BUY,0.17003345794814764
20260818-193713,1787081844158,BUY,0.17003345794814764
20260818-193713,1787081844158,BUY,0.17003345794814764
20260818-193713,1787081844249,BUY,0.10820244058288493
20260818-193713,1787081844351,BUY,0.10820244058288493
20260818-193713,1787081844453,BUY,0.10820244058288493
20260818-193713,1787081844555,BUY,0.10820244058288493
20260818-193713,1787081844444,BUY,0.10820244058288493
20260818-193713,1787081844657,BUY,0.10820244058288493
20260818-193713,1787081844759,BUY,0.10820244058288493
20260818-193713,1787081844861,BUY,0.10820244058288493
20260818-193713,1787081844963,BUY,0.10820244058288493
20260818-193713,1787081844968,BUY,0.10820244058288493
20260818-193713,1787081844969,BUY,0.0
20260818-193713,1787081845065,BUY,0.0
20260818-193713,1787081844969,BUY,0.0
20260818-193713,1787081845167,BUY,0.0
20260818-193713,1787081845269,BUY,0.0
20260818-193713,1787081845371,BUY,0.0
20260818-193713,1787081845473,BUY,0.0
20260818-193713,1787081845575,BUY,0.0
20260818-193713,1787081845429,BUY,0.0
20260818-193713,1787081845677,BUY,0.0
20260818-193713,1787081845779,BUY,0.0
20260818-193713,1787081845881,BUY,0.0
20260818-193713,1787081845782,BUY,0.0
20260818-193713,1787081845983,BUY,0.0
20260818-193713,1787081846085,BUY,0.0
20260818-193713,1787081846187,BUY,0.0
20260818-193713,1787081846084,BUY,0.0
20260818-193713,1787081846289,BUY,0.0
20260818-193713,1787081846391,BUY,0.0
20260818-193713,1787081846493,BUY,0.0
20260818-193713,1787081846373,BUY,0.0
20260818-193713,1787081846595,BUY,0.0
20260818-193713,1787081846697,BUY,0.0
20260818-193713,1787081846799,BUY,0.0
20260818-193713,1787081846901,BUY,0.0
20260818-193713,1787081847003,BUY,0.0
20260818-193713,1787081847105,BUY,0.0
20260818-193713,1787081847207,BUY,0.0
20260818-193713,1787081847309,BUY,0.0
20260818-193713,1787081847411,BUY,0.0
20260818-193713,1787081847513,BUY,0.0
20260818-193713,1787081847434,BUY,0.0
20260818-193713,1787081847615,BUY,0.0
20260818-193713,1787081847717,BUY,0.0
20260818-193713,1787081847819,BUY,0.0
20260818-193713,1787081847921,BUY,0.0
20260818-193713,1787081848023,BUY,0.0
20260818-193713,1787081848125,BUY,0.0
20260818-193713,1787081848227,BUY,0.0
20260818-193713,1787081848329,BUY,0.0
20260818-193713,1787081848431,BUY,0.0
20260818-193713,1787081848533,BUY,0.0
20260818-193713,1787081848635,BUY,0.0
20260818-193713,1787081848500,BUY,0.0
20260818-193713,1787081848737,BUY,0.0
20260818-193713,1787081848839,BUY,0.0
20260818-193713,1787081848941,BUY,0.0
20260818-193713,1787081849043,BUY,0.0
20260818-193713,1787081849145,BUY,0.0
20260818-193713,1787081849247,BUY,0.0
20260818-193713,1787081849170,BUY,0.0
20260818-193713,1787081849349,BUY,0.0
20260818-193713,1787081849451,BUY,0.0
20260818-193713,1787081849360,BUY,0.0
20260818-193713,1787081849553,BUY,0.0
20260818-193713,1787081849655,BUY,0.0
20260818-193713,1787081849543,BUY,0.0
20260818-193713,1787081849757,BUY,0.0
20260818-193713,1787081849859,BUY,0.0
20260818-193713,1787081849961,BUY,0.0
20260818-193713,1787081850063,BUY,0.0
20260818-193713,1787081850165,BUY,0.0
20260818-193713,1787081850036,BUY,0.0
20260818-193713,1787081850267,BUY,0.0
20260818-193713,1787081850369,BUY,0.0
20260818-193713,1787081850471,BUY,0.0
20260818-193713,1787081850573,BUY,0.0
20260818-193713,1787081850510,BUY,0.0
20260818-193713,1787081850675,BUY,0.0
20260818-193713,1787081850777,BUY,0.0
20260818-193713,1787081850879,BUY,0.0
20260818-193713,1787081850981,BUY,0.0
20260818-193713,1787081851083,BUY,0.0
20260818-193713,1787081851185,BUY,0.0
20260818-193713,1787081851287,BUY,0.0
20260818-193713,1787081851389,BUY,0.0
20260818-193713,1787081851491,BUY,0.0
20260818-193713,1787081851593,BUY,0.0
20260818-193713,1787081851695,BUY,0.0
20260818-193713,1787081851562,BUY,0.0
20260818-193713,1787081851797,BUY,0.0
20260818-193713,1787081851899,BUY,0.0
20260818-193713,1787081852001,BUY,0.0
20260818-193713,1787081852103,BUY,0.0
20260818-193713,1787081852205,BUY,0.0
20260818-193713,1787081852124,BUY,0.0
20260818-193713,1787081852307,BUY,0.0
20260818-193713,1787081852409,BUY,0.0
20260818-193713,1787081852511,BUY,0.0
20260818-193713,1787081852613,BUY,0.0
20260818-193713,1787081852715,BUY,0.0
20260818-193713,1787081852560,BUY,0.0
20260818-193713,1787081852817,BUY,0.0
20260818-193713,1787081852919,BUY,0.0
20260818-193713,1787081853021,BUY,0.0
20260818-193713,1787081853123,BUY,0.0
20260818-193713,1787081853047,BUY,0.0
20260818-193713,1787081853225,BUY,0.0
20260818-193713,1787081853159,BUY,0.0
20260818-193713,1787081853327,BUY,0.0
20260818-193713,1787081853429,BUY,0.0
20260818-193713,1787081853531,BUY,0.0
20260818-193713,1787081853633,BUY,0.0
20260818-193713,1787081853525,BUY,0.0
20260818-193713,1787081853735,BUY,0.0
20260818-193713,1787081853837,BUY,0.0
20260818-193713,1787081853939,BUY,0.0
20260818-193713,1787081854041,BUY,0.0
20260818-193713,1787081854143,BUY,0.0
20260818-193713,1787081854245,BUY,0.0
20260818-193713,1787081854347,BUY,0.0
20260818-193713,1787081854449,BUY,0.0
20260818-193713,1787081854551,BUY,0.0
20260818-193713,1787081854653,BUY,0.0
20260818-193713,1787081854570,BUY,0.0
20260818-193713,1787081854755,BUY,0.0
20260818-193713,1787081854857,BUY,0.0
20260818-193713,1787081854959,BUY,0.0
20260818-193713,1787081855061,BUY,0.0
20260818-193713,1787081855163,BUY,0.0
20260818-193713,1787081855265,BUY,0.0
20260818-193713,1787081855367,BUY,0.0
20260818-193713,1787081855227,BUY,0.0
20260818-193713,1787081855469,BUY,0.0
20260818-193713,1787081855571,BUY,0.0
20260818-193713,1787081855428,BUY,0.0
20260818-193713,1787081855673,BUY,0.0
20260818-193713,1787081855593,BUY,0.0
20260818-193713,1787081855775,BUY,0.0
20260818-193713,1787081855877,BUY,0.0
20260818-193713,1787081855979,BUY,0.0
20260818-193713,1787081856081,BUY,0.0
20260818-193713,1787081856183,BUY,0.0
20260818-193713,1787081856285,BUY,0.0
20260818-193713,1787081856387,BUY,0.0
20260818-193713,1787081856489,BUY,0.0
20260818-193713,1787081856591,BUY,0.0
20260818-193713,1787081856693,BUY,0.0
20260818-193713,1787081856619,BUY,0.0
20260818-193713,1787081856795,BUY,0.0
20260818-193713,1787081856897,BUY,0.0
20260818-193713,1787081856999,BUY,0.0
20260818-193713,1787081857101,BUY,0.0
20260818-193713,1787081857203,BUY,0.0
20260818-193713,1787081857305,BUY,0.0
20260818-193713,1787081857407,BUY,0.0
20260818-193713,1787081857509,BUY,0.0
20260818-193713,1787081857611,BUY,0.0
20260818-193713,1787081857619,BUY,0.0
20260818-193713,1787081857713,BUY,0.0
20260818-193713,1787081857657,BUY,0.0
20260818-193713,1787081857815,BUY,0.0
20260818-193713,1787081857917,BUY,0.0
20260818-193713,1787081858019,BUY,0.0
20260818-193713,1787081858121,BUY,0.0
20260818-193713,1787081858223,BUY,0.0
20260818-193713,1787081858325,BUY,0.0
20260818-193713,1787081858427,BUY,0.0
20260818-193713,1787081858529,BUY,0.0
20260818-193713,1787081858631,BUY,0.0
20260818-193713,1787081858733,BUY,0.0
20260818-193713,1787081858665,BUY,0.0
20260818-193713,1787081858835,BUY,0.0
20260818-193713,1787081858937,BUY,0.0
20260818-193713,1787081859039,BUY,0.0
20260818-193713,1787081859141,BUY,0.0
20260818-193713,1787081859243,BUY,0.0
20260818-193713,1787081859345,BUY,0.0
20260818-193713,1787081859447,BUY,0.0
20260818-193713,1787081859549,BUY,0.0
20260818-193713,1787081859651,BUY,0.0
20260818-193713,1787081859753,BUY,0.0
20260818-193713,1787081859626,BUY,0.0
20260818-193713,1787081859855,BUY,0.0
20260818-193713,1787081859957,BUY,0.0
20260818-193713,1787081860059,BUY,0.0
20260818-193713,1787081860161,BUY,0.0
20260818-193713,1787081860050,BUY,0.0
20260818-193713,1787081860263,BUY,0.0
20260818-193713,1787081860365,BUY,0.0
20260818-193713,1787081860467,BUY,0.0
20260818-193713,1787081860569,BUY,0.0
20260818-193713,1787081860671,BUY,0.0
20260818-193713,1787081860773,BUY,0.0
20260818-193713,1787081860710,BUY,0.0
20260818-193713,1787081860875,BUY,0.0
20260818-193713,1787081860977,BUY,0.0
20260818-193713,1787081861079,BUY,0.0
20260818-193713,1787081861181,BUY,0.0
20260818-193713,1787081861283,BUY,0.0
20260818-193713,1787081861385,BUY,0.0
20260818-193713,1787081861487,BUY,0.0
20260818-193713,1787081861589,BUY,0.0
20260818-193713,1787081861691,BUY,0.0
20260818-193713,1787081861659,BUY,0.0
20260818-193713,1787081861793,BUY,0.0
20260818-193713,1787081861697,BUY,0.0
20260818-193713,1787081861895,BUY,0.0
20260818-193713,1787081861997,BUY,0.0
20260818-193713,1787081862099,BUY,0.0
20260818-193713,1787081862201,BUY,0.0
20260818-193713,1787081862049,BUY,0.0
20260818-193713,1787081862303,BUY,0.0
20260818-193713,1787081862198,BUY,0.0
20260818-193713,1787081862405,BUY,0.0
20260818-193713,1787081862507,BUY,0.0
20260818-193713,1787081862609,BUY,0.0
20260818-193713,1787081862492,BUY,0.0
20260818-193713,1787081862711,BUY,0.0
20260818-193713,1787081862655,BUY,0.0
20260818-193713,1787081862813,BUY,0.0
20260818-193713,1787081862915,BUY,0.0
20260818-193713,1787081863017,BUY,0.0
20260818-193713,1787081863119,BUY,0.0
20260818-193713,1787081863221,BUY,0.0
20260818-193713,1787081883111,BUY,0.0
20260818-193713,1787081882959,BUY,0.0
20260818-193713,1787081883213,BUY,0.0
20260818-193713,1787081883315,BUY,0.0
20260818-193713,1787081883169,BUY,0.0
20260818-193713,1787081883417,BUY,0.3555184579777817
20260818-193713,1787081883519,BUY,0.3555184579777817
20260818-193713,1787081883401,BUY,0.3555184579777817
20260818-193713,1787081883621,BUY,0.3555184579777817
20260818-193713,1787081883723,BUY,0.3555184579777817
20260818-193713,1787081883825,BUY,0.3555184579777817
20260818-193713,1787081883927,BUY,0.3555184579777817
20260818-193713,1787081884029,BUY,0.3555184579777817
20260818-193713,1787081884131,BUY,0.3555184579777817
20260818-193713,1787081884059,BUY,0.3555184579777817
20260818-193713,1787081884233,BUY,0.3555184579777817
20260818-193713,1787081884335,BUY,0.3555184579777817
20260818-193713,1787081884437,BUY,0.3555184579777817
20260818-193713,1787081884539,BUY,0.3555184579777817
20260818-193713,1787081884641,BUY,0.3555184579777817
20260818-193713,1787081884743,BUY,0.3555184579777817
20260818-193713,1787081884845,BUY,0.3555184579777817
20260818-193713,1787081884947,BUY,0.3555184579777817
20260818-193713,1787081884885,BUY,0.3555184579777817
20260818-193713,1787081885049,BUY,0.3555184579777817
20260818-193713,1787081885151,BUY,0.3555184579777817
20260818-193713,1787081885253,BUY,0.3555184579777817
20260818-193713,1787081885148,BUY,0.3555184579777817
20260818-193713,1787081885300,BUY,0.3555184579777817
20260818-193713,1787081885321,BUY,0.3555184579777817
20260818-193713,1787081885321,BUY,0.3555184579777817
20260818-193713,1787081885321,BUY,0.3555184579777817
20260818-193713,1787081885321,BUY,0.3555184579777817
20260818-193713,1787081885321,BUY,0.3555184579777817
20260818-193713,1787081885321,BUY,0.3555184579777817
20260818-193713,1787081885321,BUY,0.3555184579777817
20260818-193713,1787081885321,BUY,0.3555184579777817
20260818-193713,1787081885321,BUY,0.3555184579777817
20260818-193713,1787081885321,BUY,0.3555184579777817
20260818-193713,1787081885321,BUY,0.3555184579777817
20260818-193713,1787081885321,BUY,0.3555184579777817
20260818-193713,1787081885321,BUY,0.3555184579777817
20260818-193713,1787081885355,BUY,0.0
20260818-193713,1787081885457,BUY,0.0
20260818-193713,1787081885323,BUY,0.0
20260818-193713,1787081885559,BUY,0.0
20260818-193713,1787081885661,BUY,0.0
20260818-193713,1787081885515,BUY,0.0
20260818-193713,1787081885763,BUY,0.0
20260818-193713,1787081885865,BUY,0.0
20260818-193713,1787081885967,BUY,0.0
20260818-193713,1787081886069,BUY,0.0
20260818-193713,1787081886171,BUY,0.0
20260818-193713,1787081886060,BUY,0.0
20260818-193713,1787081886273,BUY,0.0
20260818-193713,1787081886375,BUY,0.0
20260818-193713,1787081886477,BUY,0.0
20260818-193713,1787081886579,BUY,0.0
20260818-193713,1787081886681,BUY,0.0
20260818-193713,1787081886783,BUY,0.0
20260818-193713,1787081886762,BUY,0.0
20260818-193713,1787081886885,BUY,0.0
20260818-193713,1787081886987,BUY,0.0
20260818-193713,1787081887089,BUY,0.0
20260818-193713,1787081887191,BUY,0.0
20260818-193713,1787081887070,BUY,0.0
20260818-193713,1787081887293,BUY,0.0
20260818-193713,1787081887395,BUY,0.0
20260818-193713,1787081887310,BUY,0.0
20260818-193713,1787081887497,BUY,0.0
20260818-193713,1787081887599,BUY,0.0
20260818-193713,1787081887701,BUY,0.0
20260818-193713,1787081887803,BUY,0.0
20260818-193713,1787081887672,BUY,0.0
20260818-193713,1787081887905,BUY,0.0
20260818-193713,1787081888007,BUY,0.0
20260818-193713,1787081888109,BUY,0.0
20260818-193713,1787081888037,BUY,0.0
20260818-193713,1787081888211,BUY,0.0
20260818-193713,1787081888313,BUY,0.0
20260818-193713,1787081888233,BUY,0.0
20260818-193713,1787081888415,BUY,0.0
20260818-193713,1787081888517,BUY,0.0
20260818-193713,1787081888447,BUY,0.0
20260818-193713,1787081888619,BUY,0.0
20260818-193713,1787081888721,BUY,0.0
20260818-193713,1787081888823,BUY,0.0
20260818-193713,1787081888925,BUY,0.0
20260818-193713,1787081889027,BUY,0.0
20260818-193713,1787081888879,BUY,0.0
20260818-193713,1787081889129,BUY,0.0
20260818-193713,1787081889026,BUY,0.0
20260818-193713,1787081889231,BUY,0.0
20260818-193713,1787081889333,BUY,0.0
20260818-193713,1787081889435,BUY,0.0
20260818-193713,1787081889537,BUY,0.0
20260818-193713,1787081889639,BUY,0.0
20260818-193713,1787081889555,BUY,0.0
20260818-193713,1787081889741,BUY,0.0
20260818-193713,1787081889843,BUY,0.0
20260818-193713,1787081889945,BUY,0.0
20260818-193713,1787081890047,BUY,0.0
20260818-193713,1787081890149,BUY,0.0
20260818-193713,1787081890025,BUY,0.0
20260818-193713,1787081890251,BUY,0.0
20260818-193713,1787081890353,BUY,0.0
20260818-193713,1787081890455,BUY,0.0
20260818-193713,1787081890557,BUY,0.0
20260818-193713,1787081890659,BUY,0.0
20260818-193713,1787081890761,BUY,0.0
20260818-193713,1787081890863,BUY,0.0
20260818-193713,1787081890965,BUY,0.0
20260818-193713,1787081890895,BUY,0.0
20260818-193713,1787081891067,BUY,0.0
20260818-193713,1787081891169,BUY,0.0
20260818-193713,1787081891271,BUY,0.0
20260818-193713,1787081891373,BUY,0.0
20260818-193713,1787081891475,BUY,0.0
20260818-193713,1787081891577,BUY,0.0
20260818-193713,1787081891679,BUY,0.0
20260818-193713,1787081891781,BUY,0.0
20260818-193713,1787081891618,BUY,0.0
20260818-193713,1787081891883,BUY,0.0
20260818-193713,1787081891985,BUY,0.0
20260818-193713,1787081892087,BUY,0.0
20260818-193713,1787081891995,BUY,0.0
20260818-193713,1787081894025,BUY,0.0
20260818-193713,1787081893890,BUY,0.0
20260818-193713,1787081894127,BUY,0.0
20260818-193713,1787081894063,BUY,0.0
20260818-193713,1787081894229,BUY,0.0
20260818-193713,1787081894331,BUY,0.0
20260818-193713,1787081894433,BUY,0.0
20260818-193713,1787081894535,BUY,0.0
20260818-193713,1787081894637,BUY,0.0
20260818-193713,1787081894739,BUY,0.0
20260818-193713,1787081894604,BUY,0.0
20260818-193713,1787081894841,BUY,0.0
20260818-193713,1787081894943,BUY,0.0
20260818-193713,1787081894883,BUY,0.0
20260818-193713,1787081895045,BUY,0.0
20260818-193713,1787081895147,BUY,0.0
20260818-193713,1787081895249,BUY,0.0
20260818-193713,1787081895351,BUY,0.0
20260818-193713,1787081895453,BUY,0.0
20260818-193713,1787081895555,BUY,0.0
20260818-193713,1787081895657,BUY,0.0
20260818-193713,1787081895759,BUY,0.0
20260818-193713,1787081895861,BUY,0.0
20260818-193713,1787081895963,BUY,0.0
20260818-193713,1787081895858,BUY,0.0
20260818-193713,1787081896065,BUY,0.0
20260818-193713,1787081896167,BUY,0.0
20260818-193713,1787081896065,BUY,0.0
20260818-193713,1787081896269,BUY,0.0
20260818-193713,1787081896371,BUY,0.0
20260818-193713,1787081896473,BUY,0.0
20260818-193713,1787081896575,BUY,0.0
20260818-193713,1787081896677,BUY,0.0
20260818-193713,1787081896779,BUY,0.0
20260818-193713,1787081896881,BUY,0.0
20260818-193713,1787081896778,BUY,0.0
20260818-193713,1787081896983,BUY,0.0
20260818-193713,1787081897085,BUY,0.0
20260818-193713,1787081897189,BUY,0.0
20260818-193713,1787081897291,BUY,0.0
20260818-193713,1787081897393,BUY,0.0
20260818-193713,1787081897495,BUY,0.0
20260818-193713,1787081897597,BUY,0.0
20260818-193713,1787081897699,BUY,0.0
20260818-193713,1787081897701,BUY,0.0
20260818-193713,1787081897801,BUY,0.0
20260818-193713,1787081897903,BUY,0.0
20260818-193713,1787081897790,BUY,0.0
20260818-193713,1787081898005,BUY,0.0
20260818-193713,1787081897973,BUY,0.0
20260818-193713,1787081898107,BUY,0.0
20260818-193713,1787081898209,BUY,0.0
20260818-193713,1787081898065,BUY,0.0
20260818-193713,1787081898311,BUY,0.0
20260818-193713,1787081898230,BUY,0.0
20260818-193713,1787081898413,BUY,0.0
20260818-193713,1787081898515,BUY,0.0
20260818-193713,1787081898617,BUY,0.0
20260818-193713,1787081898719,BUY,0.0
20260818-193713,1787081898821,BUY,0.0
20260818-193713,1787081898733,BUY,0.0
20260818-193713,1787081898923,BUY,0.0
20260818-193713,1787081899025,BUY,0.0
20260818-193713,1787081898898,BUY,0.0
20260818-193713,1787081899127,BUY,0.0
20260818-193713,1787081899229,BUY,0.0
20260818-193713,1787081899331,BUY,0.0
20260818-193713,1787081899433,BUY,0.0
20260818-193713,1787081899535,BUY,0.0
20260818-193713,1787081899637,BUY,0.0
20260818-193713,1787081899739,BUY,0.0
20260818-193713,1787081899841,BUY,0.0
20260818-193713,1787081899943,BUY,0.0
20260818-193713,1787081900045,BUY,0.0
20260818-193713,1787081899894,BUY,0.0
20260818-193713,1787081900147,BUY,0.0
20260818-193713,1787081900070,BUY,0.0
20260818-193713,1787081900249,BUY,0.0
20260818-193713,1787081900194,BUY,0.0
20260818-193713,1787081900351,BUY,0.0
20260818-193713,1787081900453,BUY,0.0
20260818-193713,1787081900555,BUY,0.0
20260818-193713,1787081900657,BUY,0.0
20260818-193713,1787081900759,BUY,0.0
20260818-193713,1787081900861,BUY,0.0
20260818-193713,1787081900963,BUY,0.0
20260818-193713,1787081900813,BUY,0.0
20260818-193713,1787081901065,BUY,0.0
20260818-193713,1787081901167,BUY,0.0
20260818-193713,1787081901269,BUY,0.0
20260818-193713,1787081901371,BUY,0.0
20260818-193713,1787081901298,BUY,0.0
20260818-193713,1787081901473,BUY,0.0
20260818-193713,1787081901575,BUY,0.0
20260818-193713,1787081901677,BUY,0.0
20260818-193713,1787081901528,BUY,0.0
20260818-193713,1787081901779,BUY,0.0
20260818-193713,1787081901881,BUY,0.0
20260818-193713,1787081901983,BUY,0.0
20260818-193713,1787081901833,BUY,0.0
20260818-193713,1787081902085,BUY,0.0
20260818-193713,1787081902187,BUY,0.0
20260818-193713,1787081902069,BUY,0.0
20260818-193713,1787081902289,BUY,0.0
20260818-193713,1787081902391,BUY,0.0
20260818-193713,1787081902493,BUY,0.0
20260818-193713,1787081902595,BUY,0.0
20260818-193713,1787081902697,BUY,0.0
20260818-193713,1787081902799,BUY,0.0
20260818-193713,1787081902901,BUY,0.0
20260818-193713,1787081902800,BUY,0.0
20260818-193713,1787081903003,BUY,0.0
20260818-193713,1787081903105,BUY,0.0
20260818-193713,1787081903207,BUY,0.0
20260818-193713,1787081903309,BUY,0.0
20260818-193713,1787081903195,BUY,0.0
20260818-193713,1787081903411,BUY,0.0
20260818-193713,1787081903513,BUY,0.0
20260818-193713,1787081903615,BUY,0.0
20260818-193713,1787081903717,BUY,0.0
20260818-193713,1787081903819,BUY,0.0
20260818-193713,1787081903762,BUY,0.0
20260818-193713,1787081903921,BUY,0.0
20260818-193713,1787081904023,BUY,0.0
20260818-193713,1787081904125,BUY,0.0
20260818-193713,1787081904072,BUY,0.0
20260818-193713,1787081904227,BUY,0.0
20260818-193713,1787081904329,BUY,0.0
20260818-193713,1787081904431,BUY,0.0
20260818-193713,1787081904533,BUY,0.0
20260818-193713,1787081904635,BUY,0.0
20260818-193713,1787081904737,BUY,0.0
20260818-193713,1787081904839,BUY,0.0
20260818-193713,1787081904745,BUY,0.0
20260818-193713,1787081904941,BUY,0.0
20260818-193713,1787081905043,BUY,0.0
20260818-193713,1787081905145,BUY,0.0
20260818-193713,1787081905082,BUY,0.0
20260818-193713,1787081905247,BUY,0.0
20260818-193713,1787081905349,BUY,0.0
20260818-193713,1787081905451,BUY,0.0
20260818-193713,1787081905553,BUY,0.0
20260818-193713,1787081905655,BUY,0.0
20260818-193713,1787081905757,BUY,0.0
20260818-193713,1787081905698,BUY,0.0
20260818-193713,1787081905859,BUY,0.0
20260818-193713,1787081905961,BUY,0.0
20260818-193713,1787081905926,BUY,0.0
20260818-193713,1787081906063,BUY,0.0
20260818-193713,1787081906165,BUY,0.0
20260818-193713,1787081906049,BUY,0.0
20260818-193713,1787081906267,BUY,0.0
20260818-193713,1787081906196,BUY,0.0
20260818-193713,1787081906369,BUY,0.0
20260818-193713,1787081906471,BUY,0.0
20260818-193713,1787081906573,BUY,0.0
20260818-193713,1787081906675,BUY,0.0
20260818-193713,1787081906777,BUY,0.0
20260818-193713,1787081906698,BUY,0.0
20260818-193713,1787081906879,BUY,0.0
20260818-193713,1787081906981,BUY,0.0
20260818-193713,1787081907083,BUY,0.0
20260818-193713,1787081907185,BUY,0.0
20260818-193713,1787081908511,BUY,0.0
20260818-193713,1787081908613,BUY,0.0
20260818-193713,1787081908715,BUY,0.0
20260818-193713,1787081908625,BUY,0.0
20260818-193713,1787081908817,BUY,0.0
20260818-193713,1787081908919,BUY,0.0
20260818-193713,1787081908794,BUY,0.0
20260818-193713,1787081909021,BUY,0.0
20260818-193713,1787081909123,BUY,0.0
20260818-193713,1787081909019,BUY,0.0
20260818-193713,1787081909225,BUY,0.0
20260818-193713,1787081909327,BUY,0.0
20260818-193713,1787081909429,BUY,0.0
20260818-193713,1787081909531,BUY,0.0
20260818-193713,1787081909633,BUY,0.0
20260818-193713,1787081909735,BUY,0.0
20260818-193713,1787081909620,BUY,0.0
20260818-193713,1787081909837,BUY,0.0
20260818-193713,1787081909939,BUY,0.0
20260818-193713,1787081910041,BUY,0.0
20260818-193713,1787081910143,BUY,0.0
20260818-193713,1787081910074,BUY,0.0
20260818-193713,1787081910245,BUY,0.0
20260818-193713,1787081910347,BUY,0.0
20260818-193713,1787081910227,BUY,0.0
20260818-193713,1787081910449,BUY,0.0
20260818-193713,1787081910357,BUY,0.0
20260818-193713,1787081911265,BUY,0.0
20260818-193713,1787081911367,BUY,0.0
20260818-193713,1787081911469,BUY,0.0
20260818-193713,1787081911455,BUY,0.0
20260818-193713,1787081911571,BUY,0.0
20260818-193713,1787081911673,BUY,0.0
20260818-193713,1787081911563,BUY,0.0
20260818-193713,1787081912591,BUY,0.0
20260818-193713,1787081912693,BUY,0.0
20260818-193713,1787081912553,BUY,0.0
20260818-193713,1787081912795,BUY,0.0
20260818-193713,1787081916671,BUY,0.0
20260818-193713,1787081916567,BUY,0.0
20260818-193713,1787081916773,BUY,0.0
20260818-193713,1787081916875,BUY,0.0
20260818-193713,1787081916977,BUY,0.0
20260818-193713,1787081917079,BUY,0.0
20260818-193713,1787081917181,BUY,0.0
20260818-193713,1787081917055,BUY,0.0
20260818-193713,1787081917283,BUY,0.0
20260818-193713,1787081917385,BUY,0.0
20260818-193713,1787081917487,BUY,0.0
20260818-193713,1787081917589,BUY,0.0
20260818-193713,1787081917691,BUY,0.0
20260818-193713,1787081917550,BUY,0.0
20260818-193713,1787081924015,BUY,0.0
20260818-193713,1787081924117,BUY,0.0
20260818-193713,1787081924219,BUY,0.0
20260818-193713,1787081924076,BUY,0.0
20260818-193713,1787081924321,BUY,0.0
20260818-193713,1787081924423,BUY,0.0
20260818-193713,1787081924525,BUY,0.0
20260818-193713,1787081924450,BUY,0.0
20260818-193713,1787081924627,BUY,0.0
20260818-193713,1787081924729,BUY,0.0
20260818-193713,1787081924933,BUY,0.0
20260818-193713,1787081925035,BUY,0.0
20260818-193713,1787081925137,BUY,0.0
20260818-193713,1787081925239,BUY,0.0
20260818-193713,1787081925341,BUY,0.0
20260818-193713,1787081925443,BUY,0.0
20260818-193713,1787081925350,BUY,0.0
20260818-193713,1787081925545,BUY,0.0
20260818-193713,1787081925647,BUY,0.0
20260818-193713,1787081925496,BUY,0.0
20260818-193713,1787081925749,BUY,0.0
20260818-193713,1787081925851,BUY,0.0
20260818-193713,1787081925953,BUY,0.0
20260818-193713,1787081926055,BUY,0.0
20260818-193713,1787081926157,BUY,0.0
20260818-193713,1787081926077,BUY,0.0
20260818-193713,1787081926259,BUY,0.0
20260818-193713,1787081926361,BUY,0.0
20260818-193713,1787081926463,BUY,0.0
20260818-193713,1787081926565,BUY,0.0
20260818-193713,1787081926469,BUY,0.0
20260818-193713,1787081926667,BUY,0.0
20260818-193713,1787081926769,BUY,0.0
20260818-193713,1787081926871,BUY,0.0
20260818-193713,1787081926973,BUY,0.0
20260818-193713,1787081927075,BUY,0.0
20260818-193713,1787081927177,BUY,0.0
20260818-193713,1787081927279,BUY,0.0
20260818-193713,1787081927381,BUY,0.0
20260818-193713,1787081927483,BUY,0.0
20260818-193713,1787081927585,BUY,0.0
20260818-193713,1787081927459,BUY,0.0
20260818-193713,1787081927687,BUY,0.0
20260818-193713,1787081927789,BUY,0.0
20260818-193713,1787081927891,BUY,0.0
20260818-193713,1787081927993,BUY,0.0
20260818-193713,1787081928095,BUY,0.0
20260818-193713,1787081928197,BUY,0.0
20260818-193713,1787081928084,BUY,0.0
20260818-193713,1787081928299,BUY,0.0
20260818-193713,1787081928401,BUY,0.0
20260818-193713,1787081928503,BUY,0.0
20260818-193713,1787081928415,BUY,0.0
20260818-193713,1787081928605,BUY,0.0
20260818-193713,1787081928707,BUY,0.0
20260818-193713,1787081928809,BUY,0.0
20260818-193713,1787081928911,BUY,0.0
20260818-193713,1787081929013,BUY,0.0
20260818-193713,1787081929115,BUY,0.0
20260818-193713,1787081929217,BUY,0.0
20260818-193713,1787081929072,BUY,0.0
20260818-193713,1787081929319,BUY,0.0
20260818-193713,1787081929421,BUY,0.0
20260818-193713,1787081929523,BUY,0.0
20260818-193713,1787081929401,BUY,0.0
20260818-193713,1787081929625,BUY,0.0
20260818-193713,1787081929727,BUY,0.0
20260818-193713,1787081929829,BUY,0.0
20260818-193713,1787081929931,BUY,0.0
20260818-193713,1787081929784,BUY,0.0
20260818-193713,1787081930033,BUY,0.0
20260818-193713,1787081930135,BUY,0.0
20260818-193713,1787081930237,BUY,0.0
20260818-193713,1787081930085,BUY,0.0
20260818-193713,1787081930339,BUY,0.0
20260818-193713,1787081930441,BUY,0.0
20260818-193713,1787081930325,BUY,0.0
20260818-193713,1787081930543,BUY,0.0
20260818-193713,1787081930645,BUY,0.0
20260818-193713,1787081930522,BUY,0.0
20260818-193713,1787081932889,BUY,0.0
20260818-193713,1787081932991,BUY,0.0
20260818-193713,1787081933093,BUY,0.0
20260818-193713,1787081933195,BUY,0.0
20260818-193713,1787081933297,BUY,0.0
20260818-193713,1787081933399,BUY,0.0
20260818-193713,1787081933501,BUY,0.0
20260818-193713,1787081933352,BUY,0.0
20260818-193713,1787081937989,BUY,0.0
20260818-193713,1787081949107,BUY,0.0
20260818-193713,1787081949209,BUY,0.0
20260818-193713,1787081949311,BUY,0.0
20260818-193713,1787081949413,BUY,0.0
20260818-193713,1787081949515,BUY,0.0
20260818-193713,1787081949617,BUY,0.0
20260818-193713,1787081949473,BUY,0.0
20260818-193713,1787081949719,BUY,0.0
20260818-193713,1787081949821,BUY,0.0
20260818-193713,1787081949923,BUY,0.0
20260818-193713,1787081950025,BUY,0.0
20260818-193713,1787081950127,BUY,0.0
20260818-193713,1787081950229,BUY,0.0
20260818-193713,1787081950090,BUY,0.0
20260818-193713,1787081950331,BUY,0.0
20260818-193713,1787081950433,BUY,0.0
20260818-193713,1787081950535,BUY,0.0
20260818-193713,1787081950430,BUY,0.0
20260818-193713,1787081950637,BUY,0.0
20260818-193713,1787081950739,BUY,0.0
20260818-193713,1787081950841,BUY,0.0
20260818-193713,1787081950943,BUY,0.0
20260818-193713,1787081951045,BUY,0.0
20260818-193713,1787081951147,BUY,0.0
20260818-193713,1787081951096,BUY,0.0
20260818-193713,1787081951249,BUY,0.0
20260818-193713,1787081951351,BUY,0.0
20260818-193713,1787081951453,BUY,0.0
20260818-193713,1787081951394,BUY,0.0
20260818-193713,1787081951555,BUY,0.0
20260818-193713,1787081951657,BUY,0.0
20260818-193713,1787081951759,BUY,0.0
20260818-193713,1787081951861,BUY,0.0
20260818-193713,1787081951963,BUY,0.0
20260818-193713,1787081952065,BUY,0.0
20260818-193713,1787081952090,BUY,0.0
20260818-193713,1787081952167,BUY,0.0
20260818-193713,1787081952269,BUY,0.0
20260818-193713,1787081952136,BUY,0.0
20260818-193713,1787081952371,BUY,0.0
20260818-193713,1787081952473,BUY,0.0
20260818-193713,1787081952411,BUY,0.0
20260818-193713,1787081952575,BUY,0.0
20260818-193713,1787081952677,BUY,0.0
20260818-193713,1787081952779,BUY,0.0
20260818-193713,1787081952881,BUY,0.0
20260818-193713,1787081952983,BUY,0.0
20260818-193713,1787081953085,BUY,0.0
20260818-193713,1787081953187,BUY,0.0
20260818-193713,1787081953289,BUY,0.0
20260818-193713,1787081953391,BUY,0.0
20260818-193713,1787081953493,BUY,0.0
20260818-193713,1787081953433,BUY,0.0
20260818-193713,1787081953595,BUY,0.0
20260818-193713,1787081953697,BUY,0.0
20260818-193713,1787081953799,BUY,0.0
20260818-193713,1787081953901,BUY,0.0
20260818-193713,1787081954003,BUY,0.0
20260818-193713,1787081954105,BUY,0.0
20260818-193713,1787081954207,BUY,0.0
20260818-193713,1787081954090,BUY,0.0
20260818-193713,1787081954309,BUY,0.0
20260818-193713,1787081954411,BUY,0.0
20260818-193713,1787081954513,BUY,0.0
20260818-193713,1787081954451,BUY,0.0
20260818-193713,1787081954615,BUY,0.0
20260818-193713,1787081954717,BUY,0.0
20260818-193713,1787081954644,BUY,0.0
20260818-193713,1787081954819,BUY,0.0
20260818-193713,1787081954921,BUY,0.0
20260818-193713,1787081955023,BUY,0.0
20260818-193713,1787081955125,BUY,0.0
20260818-193713,1787081955227,BUY,0.0
20260818-193713,1787081955329,BUY,0.0
20260818-193713,1787081955431,BUY,0.0
20260818-193713,1787081955533,BUY,0.0
20260818-193713,1787081955402,BUY,0.0
20260818-193713,1787081955635,BUY,0.0
20260818-193713,1787081955737,BUY,0.0
20260818-193713,1787081955839,BUY,0.0
20260818-193713,1787081955941,BUY,0.0
20260818-193713,1787081956043,BUY,0.0
20260818-193713,1787081955953,BUY,0.0
20260818-193713,1787081956145,BUY,0.0
20260818-193713,1787081956091,BUY,0.0
20260818-193713,1787081956247,BUY,0.0
20260818-193713,1787081956349,BUY,0.0
20260818-193713,1787081956451,BUY,0.0
20260818-193713,1787081956553,BUY,0.0
20260818-193713,1787081956477,BUY,0.0
20260818-193713,1787081956655,BUY,0.0
20260818-193713,1787081956757,BUY,0.0
20260818-193713,1787081956859,BUY,0.0
20260818-193713,1787081956961,BUY,0.0
20260818-193713,1787081957063,BUY,0.0
20260818-193713,1787081957165,BUY,0.0
20260818-193713,1787081957267,BUY,0.0
20260818-193713,1787081957369,BUY,0.0
20260818-193713,1787081957471,BUY,0.0
20260818-193713,1787081957573,BUY,0.0
20260818-193713,1787081957435,BUY,0.0
20260818-193713,1787081957675,BUY,0.0
20260818-193713,1787081957777,BUY,0.0
20260818-193713,1787081957879,BUY,0.0
20260818-193713,1787081957981,BUY,0.0
20260818-193713,1787081957914,BUY,0.0
20260818-193713,1787081958083,BUY,0.0
20260818-193713,1787081958185,BUY,0.0
20260818-193713,1787081958091,BUY,0.0
20260818-193713,1787081958287,BUY,0.0
20260818-193713,1787081958389,BUY,0.0
20260818-193713,1787081958491,BUY,0.0
20260818-193713,1787081958436,BUY,0.0
20260818-193713,1787081958593,BUY,0.0
20260818-193713,1787081958695,BUY,0.0
20260818-193713,1787081958797,BUY,0.0
20260818-193713,1787081958899,BUY,0.0
20260818-193713,1787081958833,BUY,0.0
20260818-193713,1787081959001,BUY,0.0
20260818-193713,1787081959103,BUY,0.0
20260818-193713,1787081958980,BUY,0.0
20260818-193713,1787081959205,BUY,0.0
20260818-193713,1787081959307,BUY,0.0
20260818-193713,1787081959409,BUY,0.0
20260818-193713,1787081959407,BUY,0.0
20260818-193713,1787081959511,BUY,0.0
20260818-193713,1787081959437,BUY,0.0
20260818-193713,1787081959613,BUY,0.0
20260818-193713,1787081959715,BUY,0.0
20260818-193713,1787081959817,BUY,0.0
20260818-193713,1787081959919,BUY,0.0
20260818-193713,1787081959832,BUY,0.0
20260818-193713,1787081959947,BUY,0.0
20260818-193713,1787081960021,BUY,0.0
20260818-193713,1787081959966,BUY,0.0
20260818-193713,1787081960123,BUY,0.0
20260818-193713,1787081960225,BUY,0.0
20260818-193713,1787081960092,BUY,0.0
20260818-193713,1787081960327,BUY,0.0
20260818-193713,1787081960429,BUY,0.0
20260818-193713,1787081960531,BUY,0.0
20260818-193713,1787081960407,BUY,0.0
20260818-193713,1787081960633,BUY,0.0
20260818-193713,1787081960735,BUY,0.0
20260818-193713,1787081960837,BUY,0.0
20260818-193713,1787081960939,BUY,0.0
20260818-193713,1787081961041,BUY,0.0
20260818-193713,1787081961143,BUY,0.0
20260818-193713,1787081961082,BUY,0.0
20260818-193713,1787081961245,BUY,0.0
20260818-193713,1787081961347,BUY,0.0
20260818-193713,1787081961449,BUY,0.0
20260818-193713,1787081961551,BUY,0.0
20260818-193713,1787081961439,BUY,0.0
20260818-193713,1787081961653,BUY,0.0
20260818-193713,1787081961755,BUY,0.0
20260818-193713,1787081961857,BUY,0.0
20260818-193713,1787081961959,BUY,0.0
20260818-193713,1787081962061,BUY,0.0
20260818-193713,1787081962163,BUY,0.0
20260818-193713,1787081962092,BUY,0.0
20260818-193713,1787081962265,BUY,0.0
20260818-193713,1787081962367,BUY,0.0
20260818-193713,1787081962469,BUY,0.0
20260818-193713,1787081962401,BUY,0.0
20260818-193713,1787081962571,BUY,0.0
20260818-193713,1787081962673,BUY,0.0
20260818-193713,1787081962775,BUY,0.0
20260818-193713,1787081962877,BUY,0.0
20260818-193713,1787081962979,BUY,0.0
20260818-193713,1787081963081,BUY,0.0
20260818-193713,1787081963183,BUY,0.0
20260818-193713,1787081963285,BUY,0.0
20260818-193713,1787081963387,BUY,0.0
20260818-193713,1787081963489,BUY,0.0
20260818-193713,1787081963393,BUY,0.0
20260818-193713,1787081963591,BUY,0.0
20260818-193713,1787081963693,BUY,0.0
20260818-193713,1787081963795,BUY,0.0
20260818-193713,1787081963897,BUY,0.0
20260818-193713,1787081963832,BUY,0.0
20260818-193713,1787081963999,BUY,0.0
20260818-193713,1787081964101,BUY,0.0
20260818-193713,1787081964203,BUY,0.0
20260818-193713,1787081964091,BUY,0.0
20260818-193713,1787081964305,BUY,0.0
20260818-193713,1787081964223,BUY,0.0
20260818-193713,1787081964407,BUY,0.0
20260818-193713,1787081964320,BUY,0.0
20260818-193713,1787081964509,BUY,0.0
20260818-193713,1787081964611,BUY,0.0
20260818-193713,1787081964491,BUY,0.0
20260818-193713,1787081968487,BUY,0.0
20260818-193713,1787081968334,BUY,0.0
20260818-193713,1787081968589,BUY,0.0
20260818-193713,1787081968691,BUY,0.0
20260818-193713,1787081968793,BUY,0.0
20260818-193713,1787081968895,BUY,0.0
20260818-193713,1787081976137,BUY,0.0
20260818-193713,1787081976044,BUY,0.0
20260818-193713,1787081976239,BUY,0.0
20260818-193713,1787081976341,BUY,0.0
20260818-193713,1787081976227,BUY,0.0
20260818-193713,1787081976443,BUY,0.0
20260818-193713,1787081976545,BUY,0.0
20260818-193713,1787081976647,BUY,0.0
20260818-193713,1787081976749,BUY,0.0
20260818-193713,1787081976851,BUY,0.0
20260818-193713,1787081976953,BUY,0.0
20260818-193713,1787081977055,BUY,0.0
20260818-193713,1787081977157,BUY,0.0
20260818-193713,1787081977259,BUY,0.0
20260818-193713,1787081977186,BUY,0.0
20260818-193713,1787081977565,BUY,0.0
20260818-193713,1787082000983,SELL,-0.0
20260818-193713,1787082001229,SELL,-0.0
20260818-193713,1787082001165,SELL,-0.0
20260818-193713,1787082001331,SELL,-0.0
20260818-193713,1787082001433,SELL,-0.0
20260818-193713,1787082001535,SELL,-0.0
20260818-193713,1787082001637,SELL,-0.0
20260818-193713,1787082001739,SELL,-0.0
20260818-193713,1787082001841,SELL,-0.0
20260818-193713,1787082001721,SELL,-0.0
20260818-193713,1787082001943,SELL,-0.0
20260818-193713,1787082002045,SELL,-0.0
20260818-193713,1787082002147,SELL,-0.0
20260818-193713,1787082002036,SELL,-0.0
20260818-193713,1787082002249,SELL,-0.0
20260818-193713,1787082002173,SELL,-0.0
20260818-193713,1787082002351,SELL,-0.0
20260818-193713,1787082002453,SELL,-0.0
20260818-193713,1787082002555,SELL,-0.0
20260818-193713,1787082002657,SELL,-0.0
20260818-193713,1787082002759,SELL,-0.0
20260818-193713,1787082002861,SELL,-0.0
20260818-193713,1787082002963,SELL,-0.0
20260818-193713,1787082003065,SELL,-0.0
20260818-193713,1787082003167,SELL,-0.0
20260818-193713,1787082003269,SELL,-0.0
20260818-193713,1787082003171,SELL,-0.0
20260818-193713,1787082003371,SELL,-0.0
20260818-193713,1787082003473,SELL,-0.0
20260818-193713,1787082003364,SELL,-0.0
20260818-193713,1787082003575,SELL,-0.0
20260818-193713,1787082003677,SELL,-0.0
20260818-193713,1787082003779,SELL,-0.0
20260818-193713,1787082003881,SELL,-0.0
20260818-193713,1787082003983,SELL,-0.0
20260818-193713,1787082004085,SELL,-0.0
20260818-193713,1787082004187,SELL,-0.0
20260818-193713,1787082004111,SELL,-0.0
20260818-193713,1787082004289,SELL,-0.0
20260818-193713,1787082004391,SELL,-0.0
20260818-193713,1787082004493,SELL,-0.0
20260818-193713,1787082004595,SELL,-0.0
20260818-193713,1787082004697,SELL,-0.0
20260818-193713,1787082004799,SELL,-0.0
20260818-193713,1787082004901,SELL,-0.0
20260818-193713,1787082005003,SELL,-0.0
20260818-193713,1787082005105,SELL,-0.0
20260818-193713,1787082005019,SELL,-0.0
20260818-193713,1787082007145,SELL,0.9429579974054465
20260818-193713,1787082007247,SELL,0.9429579974054465
20260818-193713,1787082007164,SELL,0.9429579974054465
20260818-193713,1787082007349,SELL,0.9429579974054465
20260818-193713,1787082007451,SELL,0.9429579974054465
20260818-193713,1787082007553,SELL,0.9429579974054465
20260818-193713,1787082007655,SELL,0.9429579974054465
20260818-193713,1787082007757,SELL,0.9429579974054465
20260818-193713,1787082007859,SELL,0.9429579974054465
20260818-193713,1787082007961,SELL,0.9429579974054465
20260818-193713,1787082008063,SELL,0.9429579974054465
20260818-193713,1787082007917,SELL,0.9429579974054465
20260818-193713,1787082008165,SELL,0.9429579974054465
20260818-193713,1787082008267,SELL,0.9429579974054465
20260818-193713,1787082008369,SELL,0.9275011033398542
20260818-193713,1787082008326,SELL,0.9275011033398542
20260818-193713,1787082008369,SELL,0.9275011033398542
20260818-193713,1787082008371,SELL,0.9275011033398542
20260818-193713,1787082008371,SELL,0.9275011033398542
20260818-193713,1787082008371,SELL,0.9275011033398542
20260818-193713,1787082008371,SELL,0.9275011033398542
20260818-193713,1787082008371,SELL,0.9275011033398542
20260818-193713,1787082008371,SELL,0.9275011033398542
20260818-193713,1787082008371,SELL,0.9275011033398542
20260818-193713,1787082008371,SELL,0.9275011033398542
20260818-193713,1787082008371,SELL,0.9275011033398542
20260818-193713,1787082008371,SELL,0.9275011033398542
20260818-193713,1787082008371,SELL,0.9275011033398542
20260818-193713,1787082008371,SELL,0.9275011033398542
20260818-193713,1787082008371,SELL,0.9275011033398542
20260818-193713,1787082008371,SELL,0.9275011033398542
20260818-193713,1787082008371,SELL,0.9275011033398542
20260818-193713,1787082008371,SELL,0.9275011033398542
20260818-193713,1787082008471,SELL,0.571979349999125
20260818-193713,1787082008373,SELL,0.571979349999125
20260818-193713,1787082008491,SELL,0.571979349999125
20260818-193713,1787082008492,SELL,0.571979349999125
20260818-193713,1787082008492,SELL,0.571979349999125
20260818-193713,1787082008492,SELL,0.571979349999125
20260818-193713,1787082008492,SELL,0.571979349999125
20260818-193713,1787082008495,SELL,0.571979349999125
20260818-193713,1787082008496,SELL,0.571979349999125
20260818-193713,1787082008496,SELL,0.571979349999125
20260818-193713,1787082008496,SELL,0.571979349999125
20260818-193713,1787082008496,SELL,0.571979349999125
20260818-193713,1787082008496,SELL,0.571979349999125
20260818-193713,1787082008496,SELL,0.571979349999125
20260818-193713,1787082008503,SELL,0.571979349999125
20260818-193713,1787082008503,SELL,0.571979349999125
20260818-193713,1787082008506,SELL,0.571979349999125
20260818-193713,1787082008506,SELL,0.571979349999125
20260818-193713,1787082008506,SELL,0.571979349999125
20260818-193713,1787082008508,SELL,0.571979349999125
20260818-193713,1787082008515,SELL,0.571979349999125
20260818-193713,1787082008515,SELL,0.571979349999125
20260818-193713,1787082008515,SELL,0.571979349999125
20260818-193713,1787082008515,SELL,0.571979349999125
20260818-193713,1787082008573,SELL,-0.0
20260818-193713,1787082008675,SELL,-0.0
20260818-193713,1787082008518,SELL,-0.0
20260818-193713,1787082008674,SELL,-0.0
20260818-193713,1787082008704,SELL,-0.0
20260818-193713,1787082008777,SELL,-0.0
20260818-193713,1787082008721,SELL,-0.0
20260818-194015,1787082017888,SELL,-0.0
20260818-194015,1787082018467,SELL,-0.0
20260818-194015,1787082018569,SELL,-0.0
20260818-194015,1787082018671,SELL,-0.0
20260818-194015,1787082018773,SELL,-0.0
20260818-194015,1787082018875,SELL,-0.0
20260818-194015,1787082018977,SELL,-0.0
20260818-194015,1787082018830,SELL,-0.0
20260818-194015,1787082019079,SELL,-0.0
20260818-194015,1787082019181,SELL,-0.0
20260818-194015,1787082019283,SELL,-0.0
20260818-194015,1787082019121,SELL,-0.0
20260818-194015,1787082019385,SELL,-0.0
20260818-194015,1787082019280,SELL,-0.0
20260818-194015,1787082019487,SELL,-0.0
20260818-194015,1787082019589,SELL,-0.0
20260818-194015,1787082019691,SELL,-0.0
20260818-194015,1787082019793,SELL,-0.0
20260818-194015,1787082019895,SELL,-0.0
20260818-194015,1787082019791,SELL,-0.0
20260818-194015,1787082019997,SELL,-0.0
20260818-194015,1787082020099,SELL,-0.0
20260818-194015,1787082020201,SELL,-0.0
20260818-194015,1787082020303,SELL,-0.0
20260818-194015,1787082020227,SELL,-0.0
20260818-194015,1787082020405,SELL,-0.0
20260818-194015,1787082020507,SELL,-0.0
20260818-194015,1787082020609,SELL,-0.0
20260818-194015,1787082020711,SELL,-0.0
20260818-194015,1787082020813,SELL,-0.0
20260818-194015,1787082020915,SELL,-0.0
20260818-194015,1787082020829,SELL,-0.0
20260818-194015,1787082021017,SELL,-0.0
20260818-194015,1787082021119,SELL,-0.0
20260818-194015,1787082021221,SELL,-0.0
20260818-194015,1787082021323,SELL,-0.0
20260818-194015,1787082021425,SELL,-0.0
20260818-194015,1787082021527,SELL,-0.0
20260818-194015,1787082021629,SELL,-0.0
20260818-194015,1787082021731,SELL,-0.0
20260818-194015,1787082021833,SELL,-0.0
20260818-194015,1787082021935,SELL,-0.0
20260818-194015,1787082021819,SELL,-0.0
20260818-194015,1787082022037,SELL,-0.0
20260818-194015,1787082021946,SELL,-0.0
20260818-194015,1787082022139,SELL,-0.0
20260818-194015,1787082022241,SELL,-0.0
20260818-194015,1787082022343,SELL,-0.0
20260818-194015,1787082022445,SELL,-0.0
20260818-194015,1787082022547,SELL,-0.0
20260818-194015,1787082022649,SELL,-0.0
20260818-194015,1787082022751,SELL,-0.0
20260818-194015,1787082022853,SELL,-0.0
20260818-194015,1787082022955,SELL,-0.0
20260818-194015,1787082022805,SELL,-0.0
20260818-194015,1787082023057,SELL,-0.0
20260818-194015,1787082023159,SELL,-0.0
20260818-194015,1787082023261,SELL,-0.0
20260818-194015,1787082023363,SELL,-0.0
20260818-194015,1787082023465,SELL,-0.0
20260818-194015,1787082023567,SELL,-0.0
20260818-194015,1787082023669,SELL,-0.0
20260818-194015,1787082023771,SELL,-0.0
20260818-194015,1787082023873,SELL,-0.0
20260818-194015,1787082023790,SELL,-0.0
20260818-194015,1787082023975,SELL,-0.0
20260818-194015,1787082024077,SELL,-0.0
20260818-194015,1787082024179,SELL,-0.0
20260818-194015,1787082024281,SELL,-0.0
20260818-194015,1787082024383,SELL,-0.0
20260818-194015,1787082024485,SELL,-0.0
20260818-194015,1787082024393,SELL,-0.0
20260818-194015,1787082024587,SELL,-0.0
20260818-194015,1787082024689,SELL,-0.0
20260818-194015,1787082024791,SELL,-0.0
20260818-194015,1787082024746,SELL,-0.0
20260818-194015,1787082024893,SELL,-0.0
20260818-194015,1787082024995,SELL,-0.0
20260818-194015,1787082024829,SELL,-0.0
20260818-194015,1787082025097,SELL,-0.0
20260818-194015,1787082025199,SELL,-0.0
20260818-194015,1787082025301,SELL,-0.0
20260818-194015,1787082025403,SELL,-0.0
20260818-194015,1787082025505,SELL,-0.0
20260818-194015,1787082025607,SELL,-0.0
20260818-194015,1787082025709,SELL,-0.0
20260818-194015,1787082025811,SELL,-0.0
20260818-194015,1787082025701,SELL,-0.0
20260818-194015,1787082025913,SELL,-0.0
20260818-194015,1787082026015,SELL,-0.0
20260818-194015,1787082026117,SELL,-0.0
20260818-194015,1787082026219,SELL,-0.0
20260818-194015,1787082026123,SELL,-0.0
20260818-194015,1787082026321,SELL,-0.0
20260818-194015,1787082026423,SELL,-0.0
20260818-194015,1787082026525,SELL,-0.0
20260818-194015,1787082026627,SELL,-0.0
20260818-194015,1787082026729,SELL,-0.0
20260818-194015,1787082026831,SELL,-0.0
20260818-194015,1787082026721,SELL,-0.0
20260818-194015,1787082026933,SELL,-0.0
20260818-194015,1787082027035,SELL,-0.0
20260818-194015,1787082027137,SELL,-0.0
20260818-194015,1787082027239,SELL,-0.0
20260818-194015,1787082027341,SELL,-0.0
20260818-194015,1787082027443,SELL,-0.0
20260818-194015,1787082027545,SELL,-0.0
20260818-194015,1787082027647,SELL,-0.0
20260818-194015,1787082027749,SELL,-0.0
20260818-194015,1787082027851,SELL,-0.0
20260818-194015,1787082027702,SELL,-0.0
20260818-194015,1787082027953,SELL,-0.0
20260818-194015,1787082028055,SELL,-0.0
20260818-194015,1787082028157,SELL,-0.0
20260818-194015,1787082028259,SELL,-0.0
20260818-194015,1787082028361,SELL,-0.0
20260818-194015,1787082028234,SELL,-0.0
20260818-194015,1787082028463,SELL,-0.0
20260818-194015,1787082028565,SELL,-0.0
20260818-194015,1787082028498,SELL,-0.0
20260818-194015,1787082028667,SELL,-0.0
20260818-194015,1787082028769,SELL,-0.0
20260818-194015,1787082028871,SELL,-0.0
20260818-194015,1787082028725,SELL,-0.0
20260818-194015,1787082028973,SELL,-0.0
20260818-194015,1787082029075,SELL,-0.0
20260818-194015,1787082029177,SELL,-0.0
20260818-194015,1787082029279,SELL,-0.0
20260818-194015,1787082029381,SELL,-0.0
20260818-194015,1787082029483,SELL,-0.0
20260818-194015,1787082029585,SELL,-0.0
20260818-194015,1787082029687,SELL,-0.0
20260818-194015,1787082029789,SELL,-0.0
20260818-194015,1787082029891,SELL,-0.0
20260818-194015,1787082029766,SELL,-0.0
20260818-194015,1787082029993,SELL,-0.0
20260818-194015,1787082030095,SELL,-0.0
20260818-194015,1787082030197,SELL,-0.0
20260818-194015,1787082030299,SELL,-0.0
20260818-194015,1787082030401,SELL,-0.0
20260818-194015,1787082030503,SELL,-0.0
20260818-194015,1787082030605,SELL,-0.0
20260818-194015,1787082030500,SELL,-0.0
20260818-194015,1787082030707,SELL,-0.0
20260818-194015,1787082030809,SELL,-0.0
20260818-194015,1787082030724,SELL,-0.0
20260818-194015,1787082030911,SELL,-0.0
20260818-194015,1787082031013,SELL,-0.0
20260818-194015,1787082031115,SELL,-0.0
20260818-194015,1787082031217,SELL,-0.0
20260818-194015,1787082031319,SELL,-0.0
20260818-194015,1787082031421,SELL,-0.0
20260818-194015,1787082031523,SELL,-0.0
20260818-194015,1787082031625,SELL,-0.0
20260818-194015,1787082031727,SELL,-0.0
20260818-194015,1787082031829,SELL,-0.0
20260818-194015,1787082031693,SELL,-0.0
20260818-194015,1787082031931,SELL,-0.0
20260818-194015,1787082032033,SELL,-0.0
20260818-194015,1787082032135,SELL,-0.0
20260818-194015,1787082032237,SELL,-0.0
20260818-194015,1787082032339,SELL,-0.0
20260818-194015,1787082032441,SELL,-0.0
20260818-194015,1787082032543,SELL,-0.0
20260818-194015,1787082032645,SELL,-0.0
20260818-194015,1787082032747,SELL,-0.0
20260818-194015,1787082032849,SELL,-0.0
20260818-194015,1787082032730,SELL,-0.0
20260818-194015,1787082032951,SELL,-0.0
20260818-194015,1787082033053,SELL,-0.0
20260818-194015,1787082033155,SELL,-0.0
20260818-194015,1787082033257,SELL,-0.0
20260818-194015,1787082033359,SELL,-0.0
20260818-194015,1787082033461,SELL,-0.0
20260818-194015,1787082033333,SELL,-0.0
20260818-194015,1787082033563,SELL,-0.0
20260818-194015,1787082033665,SELL,-0.0
20260818-194015,1787082033767,SELL,-0.0
20260818-194015,1787082033707,SELL,-0.0
20260818-194015,1787082033869,SELL,-0.0
20260818-194015,1787082033971,SELL,-0.0
20260818-194015,1787082033821,SELL,-0.0
20260818-194015,1787082034073,SELL,-0.0
20260818-194015,1787082034175,SELL,-0.0
20260818-194015,1787082034098,SELL,-0.0
20260818-194015,1787082034277,SELL,-0.0
20260818-194015,1787082034379,SELL,-0.0
20260818-194015,1787082034481,SELL,-0.0
20260818-194015,1787082034583,SELL,-0.0
20260818-194015,1787082034685,SELL,-0.0
20260818-194015,1787082034787,SELL,-0.0
20260818-194015,1787082034649,SELL,-0.0
20260818-194015,1787082034889,SELL,-0.0
20260818-194015,1787082034991,SELL,-0.0
20260818-194015,1787082034848,SELL,-0.0
20260818-194015,1787082035093,SELL,-0.0
20260818-194015,1787082035195,SELL,-0.0
20260818-194015,1787082035297,SELL,-0.0
20260818-194015,1787082035399,SELL,-0.0
20260818-194015,1787082035501,SELL,-0.0
20260818-194015,1787082035603,SELL,-0.0
20260818-194015,1787082035705,SELL,-0.0
20260818-194015,1787082035634,SELL,-0.0
20260818-194015,1787082035807,SELL,-0.0
20260818-194015,1787082035909,SELL,-0.0
20260818-194015,1787082036011,SELL,-0.0
20260818-194015,1787082036113,SELL,-0.0
20260818-194015,1787082036215,SELL,-0.0
20260818-194015,1787082036317,SELL,-0.0
20260818-194015,1787082036419,SELL,-0.0
20260818-194015,1787082036521,SELL,-0.0
20260818-194015,1787082036623,SELL,-0.0
20260818-194015,1787082036725,SELL,-0.0
20260818-194015,1787082036827,SELL,-0.0
20260818-194015,1787082036666,SELL,-0.0
20260818-194015,1787082036929,SELL,-0.0
20260818-194015,1787082036942,SELL,-0.0
20260818-194015,1787082037031,SELL,-0.0
20260818-194015,1787082037133,SELL,-0.0
20260818-194015,1787082037007,SELL,-0.0
20260818-194015,1787082037235,SELL,-0.0
20260818-194015,1787082037337,SELL,-0.0
20260818-194015,1787082037439,SELL,-0.0
20260818-194015,1787082037541,SELL,-0.0
20260818-194015,1787082037643,SELL,-0.0
20260818-194015,1787082037745,SELL,-0.0
20260818-194015,1787082037674,SELL,-0.0
20260818-194015,1787082037847,SELL,-0.0
20260818-194015,1787082037949,SELL,-0.0
20260818-194015,1787082038051,SELL,-0.0
20260818-194015,1787082038153,SELL,-0.0
20260818-194015,1787082038255,SELL,-0.0
20260818-194015,1787082038171,SELL,-0.0
20260818-194015,1787082038357,SELL,-0.0
20260818-194015,1787082038459,SELL,-0.0
20260818-194015,1787082038561,SELL,-0.0
20260818-194015,1787082038663,SELL,-0.0
20260818-194015,1787082038516,SELL,-0.0
20260818-194015,1787082038765,SELL,-0.0
20260818-194015,1787082038669,SELL,-0.0
20260818-194015,1787082038867,SELL,-0.0
20260818-194015,1787082038969,SELL,-0.0
20260818-194015,1787082038844,SELL,-0.0
20260818-194015,1787082039071,SELL,-0.0
20260818-194015,1787082039173,SELL,-0.0
20260818-194015,1787082039275,SELL,-0.0
20260818-194015,1787082039377,SELL,-0.0
20260818-194015,1787082039479,SELL,-0.0
20260818-194015,1787082039581,SELL,-0.0
20260818-194015,1787082039683,SELL,-0.0
20260818-194015,1787082039597,SELL,-0.0
20260818-194015,1787082039785,SELL,-0.0
20260818-194015,1787082039887,SELL,-0.0
20260818-194015,1787082039989,SELL,-0.0
20260818-194015,1787082040091,SELL,-0.0
20260818-194015,1787082040193,SELL,-0.0
20260818-194015,1787082040295,SELL,-0.0
20260818-194015,1787082040397,SELL,-0.0
20260818-194015,1787082040499,SELL,-0.0
20260818-194015,1787082040601,SELL,-0.0
20260818-194015,1787082040703,SELL,-0.0
20260818-194015,1787082040805,SELL,-0.0
20260818-194015,1787082040673,SELL,-0.0
20260818-194015,1787082040907,SELL,-0.0
20260818-194015,1787082040841,SELL,-0.0
20260818-194015,1787082041009,SELL,-0.0
20260818-194015,1787082040905,SELL,-0.0
20260818-194015,1787082041111,SELL,-0.0
20260818-194015,1787082041024,SELL,-0.0
20260818-194015,1787082041213,SELL,-0.0
20260818-194015,1787082041315,SELL,-0.0
20260818-194015,1787082041417,SELL,-0.0
20260818-194015,1787082041519,SELL,-0.0
20260818-194015,1787082041621,SELL,-0.0
20260818-194015,1787082041485,SELL,-0.0
20260818-194015,1787082041723,SELL,-0.0
20260818-194015,1787082041664,SELL,-0.0
20260818-194015,1787082041825,SELL,-0.0
20260818-194015,1787082041723,SELL,-0.0
20260818-194015,1787082041927,SELL,-0.0
20260818-194015,1787082041834,SELL,-0.0
20260818-194015,1787082042029,SELL,-0.0
20260818-194015,1787082042131,SELL,-0.0
20260818-194015,1787082042233,SELL,-0.0
20260818-194015,1787082042335,SELL,-0.0
20260818-194015,1787082042173,SELL,-0.0
20260818-194015,1787082042437,SELL,-0.0
20260818-194015,1787082042539,SELL,-0.0
20260818-194015,1787082042641,SELL,-0.0
20260818-194015,1787082042743,SELL,-0.0
20260818-194015,1787082042608,SELL,-0.0
20260818-194015,1787082042845,SELL,-0.0
20260818-194015,1787082042947,SELL,-0.0
20260818-194015,1787082043049,SELL,-0.0
20260818-194015,1787082043151,SELL,-0.0
20260818-194015,1787082043023,SELL,-0.0
20260818-194015,1787082043253,SELL,-0.0
20260818-194015,1787082043355,SELL,-0.0
20260818-194015,1787082043457,SELL,-0.0
20260818-194015,1787082043395,SELL,-0.0
20260818-194015,1787082043559,SELL,-0.0
20260818-194015,1787082043661,SELL,-0.0
20260818-194015,1787082043581,SELL,-0.0
20260818-194015,1787082043763,SELL,0.4019544260966235
20260818-194015,1787082043865,SELL,1.2677024207700813
20260818-194015,1787082043967,SELL,1.2677024207700813
20260818-194015,1787082044069,SELL,1.2677024207700813
20260818-194015,1787082043941,SELL,1.2677024207700813
20260818-194015,1787082044171,SELL,1.2677024207700813
20260818-194015,1787082044273,SELL,1.2677024207700813
20260818-194015,1787082044375,SELL,1.2677024207700813
20260818-194015,1787082044477,SELL,1.2677024207700813
20260818-194015,1787082044579,SELL,1.2677024207700813
20260818-194015,1787082044681,SELL,1.2677024207700813
20260818-194015,1787082044612,SELL,1.2677024207700813
20260818-194015,1787082044783,SELL,1.2677024207700813
20260818-194015,1787082044885,SELL,1.2677024207700813
20260818-194015,1787082044987,SELL,1.2677024207700813
20260818-194015,1787082045024,SELL,1.2677024207700813
20260818-194015,1787082045089,SELL,1.2677024207700813
20260818-194015,1787082045191,SELL,1.2677024207700813
20260818-194015,1787082045034,SELL,1.2677024207700813
20260818-194015,1787082045293,SELL,1.2677024207700813
20260818-194015,1787082045227,SELL,1.2677024207700813
20260818-194015,1787082045395,SELL,1.2677024207700813
20260818-194015,1787082045497,SELL,1.2677024207700813
20260818-194015,1787082045599,SELL,1.2677024207700813
20260818-194015,1787082045701,SELL,1.2677024207700813
20260818-194015,1787082045612,SELL,1.2677024207700813
20260818-194015,1787082045803,SELL,0.8657827951961145
20260818-194015,1787082045801,SELL,0.8657827951961145
20260818-194015,1787082045802,SELL,0.8657827951961145
20260818-194015,1787082045802,SELL,0.8657827951961145
20260818-194015,1787082045802,SELL,0.8657827951961145
20260818-194015,1787082045802,SELL,0.8657827951961145
20260818-194015,1787082045802,SELL,0.8657827951961145
20260818-194015,1787082045802,SELL,0.8657827951961145
20260818-194015,1787082045802,SELL,0.8657827951961145
20260818-194015,1787082045802,SELL,0.8657827951961145
20260818-194015,1787082045802,SELL,0.8657827951961145
20260818-194015,1787082045802,SELL,0.8657827951961145
20260818-194015,1787082045802,SELL,0.8657827951961145
20260818-194015,1787082045802,SELL,0.8657827951961145
20260818-194015,1787082045802,SELL,0.8657827951961145
20260818-194015,1787082045802,SELL,0.8657827951961145
20260818-194015,1787082045802,SELL,0.8657827951961145
20260818-194015,1787082045802,SELL,0.8657827951961145
20260818-194015,1787082045802,SELL,0.8657827951961145
20260818-194015,1787082045805,SELL,0.8657827951961145
20260818-194015,1787082045807,SELL,0.8657827951961145
20260818-194015,1787082045807,SELL,0.8657827951961145
20260818-194015,1787082045807,SELL,0.8657827951961145
20260818-194015,1787082045807,SELL,0.8657827951961145
20260818-194015,1787082045807,SELL,0.8657827951961145
20260818-194015,1787082045807,SELL,0.8657827951961145
20260818-194015,1787082045807,SELL,0.8657827951961145
20260818-194015,1787082045816,SELL,0.8657827951961145
20260818-194015,1787082045816,SELL,0.8657827951961145
20260818-194015,1787082045820,SELL,0.8657827951961145
20260818-194015,1787082045820,SELL,0.8657827951961145
20260818-194015,1787082045820,SELL,0.8657827951961145
20260818-194015,1787082045820,SELL,0.8657827951961145
20260818-194015,1787082045822,SELL,0.8657827951961145
20260818-194015,1787082045825,SELL,0.8657827951961145
20260818-194015,1787082045826,SELL,0.8657827951961145
20260818-194015,1787082045830,SELL,0.8657827951961145
20260818-194015,1787082045832,SELL,0.8657827951961145
20260818-194015,1787082045832,SELL,0.8657827951961145
20260818-194015,1787082045837,SELL,0.8657827951961145
20260818-194015,1787082045837,SELL,0.8657827951961145
20260818-194015,1787082045838,SELL,0.8657827951961145
20260818-194015,1787082045838,SELL,0.8657827951961145
20260818-194015,1787082045838,SELL,0.8657827951961145
20260818-194015,1787082045838,SELL,0.8657827951961145
20260818-194015,1787082045838,SELL,0.8657827951961145
20260818-194015,1787082045838,SELL,0.8657827951961145
20260818-194015,1787082045838,SELL,0.8657827951961145
20260818-194015,1787082045838,SELL,0.8657827951961145
20260818-194015,1787082045838,SELL,0.8657827951961145
20260818-194015,1787082045838,SELL,0.8657827951961145
20260818-194015,1787082045838,SELL,0.8657827951961145
20260818-194015,1787082045838,SELL,0.8657827951961145
20260818-194015,1787082045855,SELL,-0.0
20260818-194015,1787082045855,SELL,-0.0
20260818-194015,1787082045855,SELL,-0.0
20260818-194015,1787082045855,SELL,-0.0
20260818-194015,1787082045855,SELL,-0.0
20260818-194015,1787082045855,SELL,-0.0
20260818-194015,1787082045855,SELL,-0.0
20260818-194015,1787082045855,SELL,-0.0
20260818-194015,1787082045855,SELL,-0.0
20260818-194015,1787082045855,SELL,-0.0
20260818-194015,1787082045855,SELL,-0.0
20260818-194015,1787082045855,SELL,-0.0
20260818-194015,1787082045905,SELL,-0.0
20260818-194015,1787082045855,SELL,-0.0
20260818-194015,1787082046007,SELL,-0.0
20260818-194015,1787082046109,SELL,-0.0
20260818-194015,1787082046211,SELL,-0.0
20260818-194015,1787082046313,SELL,-0.0
20260818-194015,1787082046415,SELL,-0.0
20260818-194015,1787082046517,SELL,-0.0
20260818-194015,1787082046619,SELL,-0.0
20260818-194015,1787082046721,SELL,-0.0
20260818-194015,1787082046569,SELL,-0.0
20260818-194015,1787082046823,SELL,-0.0
20260818-194015,1787082046925,SELL,-0.0
20260818-194015,1787082047027,SELL,-0.0
20260818-194015,1787082047129,SELL,-0.0
20260818-194015,1787082047231,SELL,-0.0
20260818-194015,1787082047333,SELL,-0.0
20260818-194015,1787082047435,SELL,-0.0
20260818-194015,1787082047537,SELL,-0.0
20260818-194015,1787082047639,SELL,-0.0
20260818-194015,1787082047492,SELL,-0.0
20260818-194015,1787082047741,SELL,-0.0
20260818-194015,1787082047843,SELL,-0.0
20260818-194015,1787082047945,SELL,-0.0
20260818-194015,1787082048047,SELL,-0.0
20260818-194015,1787082048149,SELL,-0.0
20260818-194015,1787082048251,SELL,-0.0
20260818-194015,1787082048353,SELL,-0.0
20260818-194015,1787082048455,SELL,-0.0
20260818-194015,1787082048557,SELL,-0.0
20260818-194015,1787082048659,SELL,-0.0
20260818-194015,1787082048514,SELL,-0.0
20260818-194015,1787082048761,SELL,-0.0
20260818-194015,1787082048863,SELL,-0.0
20260818-194015,1787082048965,SELL,-0.0
20260818-194015,1787082049067,SELL,-0.0
20260818-194015,1787082049169,SELL,-0.0
20260818-194015,1787082049271,SELL,-0.0
20260818-194015,1787082049373,SELL,-0.0
20260818-194015,1787082049475,SELL,-0.0
20260818-194015,1787082049577,SELL,-0.0
20260818-194015,1787082049447,SELL,-0.0
20260818-194015,1787082099557,SELL,-0.0
20260818-194015,1787082099659,SELL,-0.0
20260818-194015,1787082099761,SELL,-0.0
20260818-194015,1787082099738,SELL,-0.0
20260818-194015,1787082099863,SELL,-0.0
20260818-194015,1787082099804,SELL,-0.0
20260818-194015,1787082099965,SELL,-0.0
20260818-194015,1787082100067,SELL,-0.0
20260818-194015,1787082100169,SELL,-0.0
20260818-194015,1787082100271,SELL,-0.0
20260818-194015,1787082100373,SELL,-0.0
20260818-194015,1787082100475,SELL,-0.0
20260818-194015,1787082100577,SELL,-0.0
20260818-194015,1787082100679,SELL,-0.0
20260818-194015,1787082100781,SELL,-0.0
20260818-194015,1787082100702,SELL,-0.0
20260818-194015,1787082100883,SELL,-0.0
20260818-194015,1787082100985,SELL,-0.0
20260818-194015,1787082101087,SELL,-0.0
20260818-194015,1787082101189,SELL,-0.0
20260818-194015,1787082101291,SELL,-0.0
20260818-194015,1787082101354,SELL,-0.0
20260818-194015,1787082101393,SELL,-0.0
20260818-194015,1787082101495,SELL,-0.0
20260818-194015,1787082101357,SELL,-0.0
20260818-194015,1787082101597,SELL,-0.0
20260818-194015,1787082101699,SELL,-0.0
20260818-194015,1787082101801,SELL,-0.0
20260818-194015,1787082101903,SELL,-0.0
20260818-194015,1787082101756,SELL,-0.0
20260818-194015,1787082102005,SELL,-0.0
20260818-194015,1787082102107,SELL,-0.0
20260818-194015,1787082102209,SELL,-0.0
20260818-194015,1787082102311,SELL,0.4638523712519762
20260818-194015,1787082102413,SELL,0.8813195053783048
20260818-194015,1787082102515,SELL,0.8813195053783048
20260818-194015,1787082102617,SELL,0.8813195053783048
20260818-194015,1787082102719,SELL,0.8813195053783048
20260818-194015,1787082102821,SELL,0.8813195053783048
20260818-194015,1787082102731,SELL,0.8813195053783048
20260818-194015,1787082102923,SELL,0.8813195053783048
20260818-194015,1787082102854,SELL,0.8813195053783048
20260818-194015,1787082103025,SELL,0.8813195053783048
20260818-194015,1787082103127,SELL,0.8813195053783048
20260818-194015,1787082103229,SELL,0.8813195053783048
20260818-194015,1787082103331,SELL,1.4997893337142731
20260818-194015,1787082103433,SELL,1.4997893337142731
20260818-194015,1787082103535,SELL,1.4997893337142731
20260818-194015,1787082103637,SELL,1.4997893337142731
20260818-194015,1787082103739,SELL,1.4997893337142731
20260818-194015,1787082103841,SELL,1.4997893337142731
20260818-194015,1787082103712,SELL,1.4997893337142731
20260818-194015,1787082103943,SELL,1.4997893337142731
20260818-194015,1787082104045,SELL,1.4997893337142731
20260818-194015,1787082103966,SELL,1.4997893337142731
20260818-194015,1787082104147,SELL,1.4997893337142731
20260818-194015,1787082104249,SELL,1.4997893337142731
20260818-194015,1787082104098,SELL,1.4997893337142731
20260818-194015,1787082104351,SELL,1.0359850168729627
20260818-194015,1787082104281,SELL,1.0359850168729627
20260818-194015,1787082104289,SELL,1.0359850168729627
20260818-194015,1787082104289,SELL,1.0359850168729627
20260818-194015,1787082104289,SELL,1.0359850168729627
20260818-194015,1787082104289,SELL,1.0359850168729627
20260818-194015,1787082104290,SELL,1.0359850168729627
20260818-194015,1787082104290,SELL,1.0359850168729627
20260818-194015,1787082104290,SELL,1.0359850168729627
20260818-194015,1787082104290,SELL,1.0359850168729627
20260818-194015,1787082104303,SELL,1.0359850168729627
20260818-194015,1787082104303,SELL,1.0359850168729627
20260818-194015,1787082104303,SELL,1.0359850168729627
20260818-194015,1787082104303,SELL,1.0359850168729627
20260818-194015,1787082104303,SELL,1.0359850168729627
20260818-194015,1787082104303,SELL,1.0359850168729627
20260818-194015,1787082104303,SELL,1.0359850168729627
20260818-194015,1787082104303,SELL,1.0359850168729627
20260818-194015,1787082104303,SELL,1.0359850168729627
20260818-194015,1787082104311,SELL,1.0359850168729627
20260818-194015,1787082104311,SELL,1.0359850168729627
20260818-194015,1787082104311,SELL,1.0359850168729627
20260818-194015,1787082104404,SELL,1.0359850168729627
20260818-194015,1787082104404,SELL,1.0359850168729627
20260818-194015,1787082104404,SELL,1.0359850168729627
20260818-194015,1787082104404,SELL,1.0359850168729627
20260818-194015,1787082104404,SELL,1.0359850168729627
20260818-194015,1787082104404,SELL,1.0359850168729627
20260818-194015,1787082104404,SELL,1.0359850168729627
20260818-194015,1787082104408,SELL,0.6185243400925157
20260818-194015,1787082104453,SELL,0.6185243400925157
20260818-194015,1787082104408,SELL,0.6185243400925157
20260818-194015,1787082104411,SELL,0.6185243400925157
20260818-194015,1787082104412,SELL,0.6185243400925157
20260818-194015,1787082104412,SELL,0.6185243400925157
20260818-194015,1787082104412,SELL,0.6185243400925157
20260818-194015,1787082104412,SELL,0.6185243400925157
20260818-194015,1787082104412,SELL,0.6185243400925157
20260818-194015,1787082104421,SELL,0.6185243400925157
20260818-194015,1787082104421,SELL,0.6185243400925157
20260818-194015,1787082104421,SELL,0.6185243400925157
20260818-194015,1787082104421,SELL,0.6185243400925157
20260818-194015,1787082104555,SELL,0.6185243400925157
20260818-194015,1787082104454,SELL,0.6185243400925157
20260818-194015,1787082104657,SELL,0.6185243400925157
20260818-194015,1787082104759,SELL,0.6185243400925157
20260818-194015,1787082104861,SELL,0.6185243400925157
20260818-194015,1787082104738,SELL,0.6185243400925157
20260818-194015,1787082104963,SELL,0.6185243400925157
20260818-194015,1787082105065,SELL,0.6185243400925157
20260818-194015,1787082105167,SELL,0.6185243400925157
20260818-194015,1787082105269,SELL,0.6185243400925157
20260818-194015,1787082105282,SELL,0.6185243400925157
20260818-194015,1787082105283,SELL,0.6185243400925157
20260818-194015,1787082105283,SELL,0.6185243400925157
20260818-194015,1787082105283,SELL,0.6185243400925157
20260818-194015,1787082105283,SELL,0.6185243400925157
20260818-194015,1787082105283,SELL,0.6185243400925157
20260818-194015,1787082105283,SELL,0.6185243400925157
20260818-194015,1787082105283,SELL,0.6185243400925157
20260818-194015,1787082105283,SELL,0.6185243400925157
20260818-194015,1787082105283,SELL,0.6185243400925157
20260818-194015,1787082105290,SELL,0.6185243400925157
20260818-194015,1787082105290,SELL,0.6185243400925157
20260818-194015,1787082105290,SELL,0.6185243400925157
20260818-194015,1787082105290,SELL,0.6185243400925157
20260818-194015,1787082105290,SELL,0.6185243400925157
20260818-194015,1787082105290,SELL,0.6185243400925157
20260818-194015,1787082105290,SELL,0.6185243400925157
20260818-194015,1787082105290,SELL,0.6185243400925157
20260818-194015,1787082105290,SELL,0.6185243400925157
20260818-194015,1787082105290,SELL,0.6185243400925157
20260818-194015,1787082105290,SELL,0.6185243400925157
20260818-194015,1787082105290,SELL,0.6185243400925157
20260818-194015,1787082105290,SELL,0.6185243400925157
20260818-194015,1787082105290,SELL,0.6185243400925157
20260818-194015,1787082105290,SELL,0.6185243400925157
20260818-194015,1787082105290,SELL,0.6185243400925157
20260818-194015,1787082105290,SELL,0.6185243400925157
20260818-194015,1787082105290,SELL,0.6185243400925157
20260818-194015,1787082105304,SELL,0.6185243400925157
20260818-194015,1787082105305,SELL,0.6185243400925157
20260818-194015,1787082105371,SELL,-0.0
20260818-194015,1787082105473,SELL,-0.0
20260818-194015,1787082105331,SELL,-0.0
20260818-194015,1787082105575,SELL,-0.0
20260818-194015,1787082105677,SELL,-0.0
20260818-194015,1787082105779,SELL,-0.0
20260818-194015,1787082105881,SELL,-0.0
20260818-194015,1787082105816,SELL,-0.0
20260818-194015,1787082105914,SELL,-0.0
20260818-194015,1787082105983,SELL,-0.0
20260818-194015,1787082105942,SELL,-0.0
20260818-194015,1787082106053,SELL,-0.0
20260818-194015,1787082106085,SELL,-0.0
20260818-194015,1787082106187,SELL,-0.0
20260818-194015,1787082106053,SELL,-0.0
20260818-194015,1787082106289,SELL,-0.0
20260818-194015,1787082106391,SELL,-0.0
20260818-194015,1787082106493,SELL,-0.0
20260818-194015,1787082106364,SELL,-0.0
20260818-194015,1787082106595,SELL,-0.0
20260818-194015,1787082106697,SELL,-0.0
20260818-194015,1787082106799,SELL,-0.0
20260818-194015,1787082106901,SELL,-0.0
20260818-194015,1787082106762,SELL,-0.0
20260818-194015,1787082107003,SELL,-0.0
20260818-194015,1787082107105,SELL,-0.0
20260818-194015,1787082106997,SELL,-0.0
20260818-194015,1787082107207,SELL,-0.0
20260818-194015,1787082107309,SELL,-0.0
20260818-194015,1787082107411,SELL,-0.0
20260818-194015,1787082107513,SELL,-0.0
20260818-194015,1787082107615,SELL,-0.0
20260818-194015,1787082107717,SELL,-0.0
20260818-194015,1787082107819,SELL,-0.0
20260818-194015,1787082107720,SELL,-0.0
20260818-194015,1787082107921,SELL,-0.0
20260818-194015,1787082108023,SELL,-0.0
20260818-194015,1787082108125,SELL,-0.0
20260818-194015,1787082108227,SELL,-0.0
20260818-194015,1787082108329,SELL,-0.0
20260818-194015,1787082108431,SELL,-0.0
20260818-194015,1787082108533,SELL,-0.0
20260818-194015,1787082108635,SELL,-0.0
20260818-194015,1787082108513,SELL,-0.0
20260818-194015,1787082108737,SELL,-0.0
20260818-194015,1787082108839,SELL,-0.0
20260818-194015,1787082108701,SELL,-0.0
20260818-194015,1787082108941,SELL,-0.0
20260818-194015,1787082109043,SELL,-0.0
20260818-194015,1787082109145,SELL,-0.0
20260818-194015,1787082109247,SELL,-0.0
20260818-194015,1787082109349,SELL,-0.0
20260818-194015,1787082109451,SELL,-0.0
20260818-194015,1787082109553,SELL,0.2938172348564248
20260818-194015,1787082109655,SELL,0.6340266646881665
20260818-194015,1787082109757,SELL,0.6340266646881665
20260818-194015,1787082109631,SELL,0.6340266646881665
20260818-194015,1787082109859,SELL,0.6340266646881665
20260818-194015,1787082109961,SELL,0.6340266646881665
20260818-194015,1787082110063,SELL,0.6340266646881665
20260818-194015,1787082110165,SELL,0.6340266646881665
20260818-194015,1787082110267,SELL,0.6340266646881665
20260818-194015,1787082110369,SELL,0.6340266646881665
20260818-194015,1787082110227,SELL,0.6340266646881665
20260818-194015,1787082110471,SELL,0.6340266646881665
20260818-194015,1787082110573,SELL,0.6340266646881665
20260818-194015,1787082110675,SELL,0.6340266646881665
20260818-194015,1787082110777,SELL,0.6340266646881665
20260818-194015,1787082110618,SELL,0.6340266646881665
20260818-194015,1787082110879,SELL,0.6340266646881665
20260818-194015,1787082110981,SELL,0.6340266646881665
20260818-194015,1787082111083,SELL,0.6340266646881665
20260818-194015,1787082111121,SELL,0.6340266646881665
20260818-194015,1787082111185,SELL,0.6340266646881665
20260818-194015,1787082111287,SELL,0.6340266646881665
20260818-194015,1787082111148,SELL,0.6340266646881665
20260818-194015,1787082111389,SELL,0.6340266646881665
20260818-194015,1787082111445,SELL,0.6340266646881665
20260818-194015,1787082111450,SELL,0.6340266646881665
20260818-194015,1787082111450,SELL,0.6340266646881665
20260818-194015,1787082111450,SELL,0.6340266646881665
20260818-194015,1787082111450,SELL,0.6340266646881665
20260818-194015,1787082111450,SELL,0.6340266646881665
20260818-194015,1787082111450,SELL,0.6340266646881665
20260818-194015,1787082111451,SELL,0.6340266646881665
20260818-194015,1787082111451,SELL,0.6340266646881665
20260818-194015,1787082111458,SELL,0.6340266646881665
20260818-194015,1787082111458,SELL,0.6340266646881665
20260818-194015,1787082111458,SELL,0.6340266646881665
20260818-194015,1787082111458,SELL,0.6340266646881665
20260818-194015,1787082111458,SELL,0.6340266646881665
20260818-194015,1787082111491,SELL,0.34021942606484273
20260818-194015,1787082111464,SELL,0.34021942606484273
20260818-194015,1787082111568,SELL,0.34021942606484273
20260818-194015,1787082111570,SELL,0.34021942606484273
20260818-194015,1787082111570,SELL,0.34021942606484273
20260818-194015,1787082111570,SELL,0.34021942606484273
20260818-194015,1787082111570,SELL,0.34021942606484273
20260818-194015,1787082111570,SELL,0.34021942606484273
20260818-194015,1787082111570,SELL,0.34021942606484273
20260818-194015,1787082111570,SELL,0.34021942606484273
20260818-194015,1787082111575,SELL,0.34021942606484273
20260818-194015,1787082111579,SELL,0.34021942606484273
20260818-194015,1787082111579,SELL,0.34021942606484273
20260818-194015,1787082111582,SELL,0.34021942606484273
20260818-194015,1787082111585,SELL,0.34021942606484273
20260818-194015,1787082111587,SELL,-0.0
20260818-194015,1787082111593,SELL,-0.0
20260818-194015,1787082111695,SELL,-0.0
20260818-194015,1787082111587,SELL,-0.0
20260818-194015,1787082111797,SELL,-0.0
20260818-194015,1787082111899,SELL,-0.0
20260818-194015,1787082112001,SELL,-0.0
20260818-194015,1787082112103,SELL,-0.0
20260818-194015,1787082112205,SELL,-0.0
20260818-194015,1787082112307,SELL,-0.0
20260818-194015,1787082112409,SELL,-0.0
20260818-194015,1787082112511,SELL,-0.0
20260818-194015,1787082112419,SELL,-0.0
20260818-194015,1787082112613,SELL,-0.0
20260818-194015,1787082112526,SELL,-0.0
20260818-194015,1787082112715,SELL,-0.0
20260818-194015,1787082112817,SELL,-0.0
20260818-194015,1787082112919,SELL,0.293835864831509
20260818-194015,1787082113021,SELL,0.293835864831509
20260818-194015,1787082113123,SELL,0.293835864831509
20260818-194015,1787082113225,SELL,0.293835864831509
20260818-194015,1787082113327,SELL,0.293835864831509
20260818-194015,1787082113429,SELL,0.293835864831509
20260818-194015,1787082113531,SELL,0.293835864831509
20260818-194015,1787082113633,SELL,0.293835864831509
20260818-194015,1787082113483,SELL,0.293835864831509
20260818-194015,1787082113735,SELL,0.293835864831509
20260818-194015,1787082113837,SELL,0.293835864831509
20260818-194015,1787082113939,SELL,0.293835864831509
20260818-194015,1787082114041,SELL,0.293835864831509
20260818-194015,1787082114143,SELL,0.293835864831509
20260818-194015,1787082114245,SELL,0.293835864831509
20260818-194015,1787082114347,SELL,0.293835864831509
20260818-194015,1787082114449,SELL,0.293835864831509
20260818-194015,1787082114455,SELL,0.293835864831509
20260818-194015,1787082114551,SELL,0.293835864831509
20260818-194015,1787082114458,SELL,0.293835864831509
20260818-194015,1787082114653,SELL,0.293835864831509
20260818-194015,1787082114755,SELL,0.293835864831509
20260818-194015,1787082114612,SELL,0.293835864831509
20260818-194015,1787082114857,SELL,0.293835864831509
20260818-194015,1787082114863,SELL,0.293835864831509
20260818-194015,1787082114866,SELL,0.293835864831509
20260818-194015,1787082114869,SELL,0.293835864831509
20260818-194015,1787082114869,SELL,0.293835864831509
20260818-194015,1787082114869,SELL,0.293835864831509
20260818-194015,1787082114869,SELL,0.293835864831509
20260818-194015,1787082114869,SELL,0.293835864831509
20260818-194015,1787082114869,SELL,0.293835864831509
20260818-194015,1787082114877,SELL,0.293835864831509
20260818-194015,1787082114881,SELL,0.293835864831509
20260818-194015,1787082114884,SELL,0.293835864831509
20260818-194015,1787082114884,SELL,0.293835864831509
20260818-194015,1787082114886,SELL,0.293835864831509
20260818-194015,1787082114886,SELL,0.293835864831509
20260818-194015,1787082114959,SELL,-0.0
20260818-194015,1787082114889,SELL,-0.0
20260818-194015,1787082115061,SELL,0.665016497822521
20260818-194015,1787082114979,SELL,0.6495509978722703
20260818-194015,1787082115163,SELL,1.0361884966060324
20260818-194015,1787082115265,SELL,1.0361884966060324
20260818-194015,1787082115367,SELL,1.5465499949350485
20260818-194015,1787082115227,SELL,1.0361884966060324
20260818-194015,1787082115469,SELL,1.5465499949350485
20260818-194015,1787082115388,SELL,1.5465499949350485
20260818-194015,1787082115571,SELL,1.5465499949350485
20260818-194015,1787082115673,SELL,1.5465499949350485
20260818-194015,1787082115775,SELL,1.5465499949350485
20260818-194015,1787082115877,SELL,1.5465499949350485
20260818-194015,1787082115979,SELL,1.5465499949350485
20260818-194015,1787082116081,SELL,1.5465499949350485
20260818-194015,1787082116183,SELL,1.5465499949350485
20260818-194015,1787082116285,SELL,1.5465499949350485
20260818-194015,1787082116387,SELL,1.5465499949350485
20260818-194015,1787082116320,SELL,1.5465499949350485
20260818-194015,1787082116489,SELL,1.5465499949350485
20260818-194015,1787082116421,SELL,1.5465499949350485
20260818-194015,1787082116591,SELL,1.5465499949350485
20260818-194015,1787082116693,SELL,1.5465499949350485
20260818-194015,1787082116795,SELL,1.5465499949350485
20260818-194015,1787082116897,SELL,1.5465499949350485
20260818-194015,1787082116819,SELL,1.5465499949350485
20260818-194015,1787082116941,SELL,1.5465499949350485
20260818-194015,1787082116941,SELL,1.5465499949350485
20260818-194015,1787082116942,SELL,1.5465499949350485
20260818-194015,1787082116942,SELL,1.5465499949350485
20260818-194015,1787082116942,SELL,1.5465499949350485
20260818-194015,1787082116942,SELL,1.5465499949350485
20260818-194015,1787082116942,SELL,1.5465499949350485
20260818-194015,1787082116944,SELL,1.5465499949350485
20260818-194015,1787082116944,SELL,1.5465499949350485
20260818-194015,1787082116944,SELL,1.5465499949350485
20260818-194015,1787082116944,SELL,1.5465499949350485
20260818-194015,1787082116944,SELL,1.5465499949350485
20260818-194015,1787082116944,SELL,1.5465499949350485
20260818-194015,1787082116948,SELL,1.5465499949350485
20260818-194015,1787082116948,SELL,1.5465499949350485
20260818-194015,1787082116948,SELL,1.5465499949350485
20260818-194015,1787082116948,SELL,1.5465499949350485
20260818-194015,1787082116948,SELL,1.5465499949350485
20260818-194015,1787082116948,SELL,1.5465499949350485
20260818-194015,1787082116948,SELL,1.5465499949350485
20260818-194015,1787082116948,SELL,1.5465499949350485
20260818-194015,1787082116948,SELL,1.5465499949350485
20260818-194015,1787082116948,SELL,1.5465499949350485
20260818-194015,1787082116958,SELL,1.5465499949350485
20260818-194015,1787082116958,SELL,1.5465499949350485
20260818-194015,1787082116972,SELL,1.5465499949350485
20260818-194015,1787082116975,SELL,1.5465499949350485
20260818-194015,1787082116975,SELL,1.5465499949350485
20260818-194015,1787082116975,SELL,1.5465499949350485
20260818-194015,1787082116975,SELL,1.5465499949350485
20260818-194015,1787082116975,SELL,1.5465499949350485
20260818-194015,1787082116976,SELL,1.5465499949350485
20260818-194015,1787082116999,SELL,0.8970572655069742
20260818-194015,1787082117004,SELL,0.8970572655069742
20260818-194015,1787082117101,SELL,0.8815921244432382
20260818-194015,1787082117040,SELL,0.8815921244432382
20260818-194015,1787082117106,SELL,0.8815921244432382
20260818-194015,1787082117124,SELL,0.8815921244432382
20260818-194015,1787082117124,SELL,0.8815921244432382
20260818-194015,1787082117124,SELL,0.8815921244432382
20260818-194015,1787082117125,SELL,0.8815921244432382
20260818-194015,1787082117135,SELL,0.8815921244432382
20260818-194015,1787082117135,SELL,0.8815921244432382
20260818-194015,1787082117135,SELL,0.8815921244432382
20260818-194015,1787082117135,SELL,0.8815921244432382
20260818-194015,1787082117139,SELL,0.8815921244432382
20260818-194015,1787082117139,SELL,0.8815921244432382
20260818-194015,1787082117145,SELL,0.510414386880635
20260818-194015,1787082117145,SELL,0.510414386880635
20260818-194015,1787082117203,SELL,0.510414386880635
20260818-194015,1787082117145,SELL,0.510414386880635
20260818-194015,1787082117305,SELL,0.510414386880635
20260818-194015,1787082117257,SELL,0.510414386880635
20260818-194015,1787082117360,SELL,0.510414386880635
20260818-194015,1787082117360,SELL,0.510414386880635
20260818-194015,1787082117360,SELL,0.510414386880635
20260818-194015,1787082117360,SELL,0.510414386880635
20260818-194015,1787082117360,SELL,0.510414386880635
20260818-194015,1787082117360,SELL,0.510414386880635
20260818-194015,1787082117360,SELL,0.510414386880635
20260818-194015,1787082117360,SELL,0.510414386880635
20260818-194015,1787082117360,SELL,0.510414386880635
20260818-194015,1787082117360,SELL,0.510414386880635
20260818-194015,1787082117360,SELL,0.510414386880635
20260818-194015,1787082117360,SELL,0.510414386880635
20260818-194015,1787082117360,SELL,0.510414386880635
20260818-194015,1787082117360,SELL,0.510414386880635
20260818-194015,1787082117360,SELL,0.510414386880635
20260818-194015,1787082117360,SELL,0.510414386880635
20260818-194015,1787082117360,SELL,0.510414386880635
20260818-194015,1787082117360,SELL,0.510414386880635
20260818-194015,1787082117360,SELL,0.510414386880635
20260818-194015,1787082117360,SELL,0.510414386880635
20260818-194015,1787082117360,SELL,0.510414386880635
20260818-194015,1787082117360,SELL,0.510414386880635
20260818-194015,1787082117360,SELL,0.510414386880635
20260818-194015,1787082117360,SELL,0.510414386880635
20260818-194015,1787082117360,SELL,0.510414386880635
20260818-194015,1787082117360,SELL,0.510414386880635
20260818-194015,1787082117407,SELL,-0.0
20260818-194015,1787082117509,SELL,-0.0
20260818-194015,1787082117363,SELL,-0.0
20260818-194015,1787082117611,SELL,-0.0
20260818-194015,1787082117713,SELL,-0.0
20260818-194015,1787082117793,SELL,-0.0
20260818-194015,1787082117796,SELL,-0.0
20260818-194015,1787082117815,SELL,-0.0
20260818-194015,1787082117917,SELL,-0.0
20260818-194015,1787082117796,SELL,-0.0
20260818-194015,1787082118019,SELL,-0.0
20260818-194015,1787082118121,SELL,-0.0
20260818-194015,1787082118223,SELL,-0.0
20260818-194015,1787082118080,SELL,-0.0
20260818-194015,1787082118325,SELL,-0.0
20260818-194015,1787082118219,SELL,-0.0
20260818-194015,1787082118427,SELL,-0.0
20260818-194015,1787082118529,SELL,-0.0
20260818-194015,1787082118436,SELL,-0.0
20260818-194015,1787082118631,SELL,-0.0
20260818-194015,1787082118733,SELL,-0.0
20260818-194015,1787082118835,SELL,-0.0
20260818-194015,1787082118937,SELL,-0.0
20260818-194015,1787082119039,SELL,-0.0
20260818-194015,1787082119141,SELL,-0.0
20260818-194015,1787082119048,SELL,-0.0
20260818-194015,1787082119243,SELL,-0.0
20260818-194015,1787082119345,SELL,-0.0
20260818-194015,1787082119180,SELL,-0.0
20260818-194015,1787082119447,SELL,-0.0
20260818-194015,1787082119549,SELL,-0.0
20260818-194015,1787082119651,SELL,0.15467892136200975
20260818-194015,1787082119753,SELL,0.15467892136200975
20260818-194015,1787082119855,SELL,0.15467892136200975
20260818-194015,1787082119957,SELL,0.15467892136200975
20260818-194015,1787082120059,SELL,0.15467892136200975
20260818-194015,1787082120161,SELL,0.15467892136200975
20260818-194015,1787082120263,SELL,0.15467892136200975
20260818-194015,1787082120121,SELL,0.15467892136200975
20260818-194015,1787082120365,SELL,0.15467892136200975
20260818-194015,1787082120467,SELL,0.15467892136200975
20260818-194015,1787082120569,SELL,0.15467892136200975
20260818-194015,1787082120671,SELL,0.15467892136200975
20260818-194015,1787082120545,SELL,0.15467892136200975
20260818-194015,1787082120773,SELL,0.15467892136200975
20260818-194015,1787082120875,SELL,0.15467892136200975
20260818-194015,1787082120977,SELL,0.15467892136200975
20260818-194015,1787082121079,SELL,0.15467892136200975
20260818-194015,1787082121589,SELL,-0.0
20260818-194015,1787082121691,SELL,-0.0
20260818-194015,1787082121550,SELL,-0.0
20260818-194015,1787082121793,SELL,-0.0
20260818-194015,1787082121895,SELL,-0.0
20260818-194015,1787082121758,SELL,-0.0
20260818-194015,1787082121997,SELL,-0.0
20260818-194015,1787082122099,SELL,-0.0
20260818-194015,1787082122008,SELL,-0.0
20260818-194015,1787082122201,SELL,-0.0
20260818-194015,1787082122101,SELL,-0.0
20260818-194015,1787082122303,SELL,-0.0
20260818-194015,1787082122405,SELL,-0.0
20260818-194015,1787082122277,SELL,-0.0
20260818-194015,1787082122507,SELL,-0.0
20260818-194015,1787082122609,SELL,-0.0
20260818-194015,1787082122711,SELL,-0.0
20260818-194015,1787082122813,SELL,-0.0
20260818-194015,1787082122701,SELL,-0.0
20260818-194015,1787082122915,SELL,-0.0
20260818-194015,1787082122799,SELL,-0.0
20260818-194015,1787082123017,SELL,-0.0
20260818-194015,1787082123119,SELL,-0.0
20260818-194015,1787082122997,SELL,-0.0
20260818-194015,1787082123221,SELL,-0.0
20260818-194015,1787082123323,SELL,-0.0
20260818-194015,1787082123425,SELL,-0.0
20260818-194015,1787082123833,SELL,-0.0
20260818-194015,1787082123681,SELL,-0.0
20260818-194015,1787082123935,SELL,-0.0
20260818-194015,1787082124037,SELL,-0.0
20260818-194015,1787082124139,SELL,-0.0
20260818-194015,1787082123978,SELL,-0.0
20260818-194015,1787082124241,SELL,-0.0
20260818-194015,1787082124343,SELL,-0.0
20260818-194015,1787082124205,SELL,-0.0
20260818-194015,1787082124445,SELL,-0.0
20260818-194015,1787082124547,SELL,-0.0
20260818-194015,1787082124649,SELL,-0.0
20260818-194015,1787082131585,SELL,-0.0
20260818-194015,1787082131499,SELL,-0.0
20260818-194015,1787082131627,SELL,-0.0
20260818-194015,1787082131687,SELL,-0.0
20260818-194015,1787082131631,SELL,-0.0
20260818-194015,1787082131789,SELL,-0.0
20260818-194015,1787082131891,SELL,-0.0
20260818-194015,1787082131758,SELL,-0.0
20260818-194015,1787082131993,SELL,-0.0
20260818-194015,1787082132095,SELL,-0.0
20260818-194015,1787082131991,SELL,-0.0
20260818-194015,1787082132197,SELL,-0.0
20260818-194015,1787082132184,SELL,-0.0
20260818-194015,1787082132401,SELL,-0.0
20260818-194015,1787082132258,SELL,-0.0
20260818-194015,1787082132503,SELL,-0.0
20260818-194015,1787082132605,SELL,-0.0
20260818-194015,1787082132452,SELL,-0.0
20260818-194015,1787082146783,SELL,0.04640417885143631
20260818-194015,1787082146655,SELL,0.04640417885143631
20260818-194015,1787082146885,SELL,0.04640417885143631
20260818-194015,1787082146987,SELL,0.04640417885143631
20260818-194015,1787082147089,SELL,0.04640417885143631
20260818-194015,1787082147191,SELL,0.04640417885143631
20260818-194015,1787082147193,SELL,0.04640417885143631
20260818-194015,1787082147195,SELL,0.04640417885143631
20260818-194015,1787082147195,SELL,0.04640417885143631
20260818-194015,1787082147293,SELL,-0.0
20260818-194015,1787082147395,SELL,-0.0
20260818-194015,1787082147265,SELL,-0.0
20260818-194015,1787082147497,SELL,-0.0
20260818-194015,1787082147599,SELL,-0.0
20260818-194015,1787082147534,SELL,-0.0
20260818-194015,1787082147701,SELL,-0.0
20260818-194015,1787082147609,SELL,-0.0
20260818-194015,1787082147803,SELL,-0.0
20260818-194015,1787082147905,SELL,-0.0
20260818-194015,1787082148007,SELL,-0.0
20260818-194015,1787082147906,SELL,-0.0
20260818-194015,1787082148109,SELL,-0.0
20260818-194015,1787082148211,SELL,-0.0
20260818-194015,1787082148313,SELL,-0.0
20260818-194015,1787082148415,SELL,-0.0
20260818-194015,1787082148321,SELL,-0.0
20260818-194015,1787082148517,SELL,-0.0
20260818-194015,1787082148619,SELL,-0.0
20260818-194015,1787082148721,SELL,-0.0
20260818-194015,1787082148616,SELL,-0.0
20260818-194015,1787082148823,SELL,-0.0
20260818-194015,1787082148925,SELL,-0.0
20260818-194015,1787082149027,SELL,-0.0
20260818-194015,1787082149129,SELL,-0.0
20260818-194015,1787082149231,SELL,-0.0
20260818-194015,1787082149333,SELL,-0.0
20260818-194015,1787082149187,SELL,-0.0
20260818-194015,1787082149435,SELL,-0.0
20260818-194015,1787082149537,SELL,-0.0
20260818-194015,1787082149639,SELL,-0.0
20260818-194015,1787082149741,SELL,-0.0
20260818-194015,1787082149613,SELL,-0.0
20260818-194015,1787082149843,SELL,-0.0
20260818-194015,1787082149945,SELL,-0.0
20260818-194015,1787082150047,SELL,-0.0
20260818-194015,1787082149945,SELL,-0.0
20260818-194015,1787082150149,SELL,-0.0
20260818-194015,1787082150251,SELL,-0.0
20260818-194015,1787082150353,SELL,-0.0
20260818-194015,1787082150455,SELL,-0.0
20260818-194015,1787082150557,SELL,-0.0
20260818-194015,1787082150398,SELL,-0.0
20260818-194015,1787082150659,SELL,-0.0
20260818-194015,1787082150582,SELL,-0.0
20260818-194015,1787082150761,SELL,-0.0
20260818-194015,1787082150863,SELL,-0.0
20260818-194015,1787082150965,SELL,-0.0
20260818-194015,1787082151067,SELL,-0.0
20260818-194015,1787082151169,SELL,-0.0
20260818-194015,1787082151271,SELL,-0.0
20260818-194015,1787082151373,SELL,-0.0
20260818-194015,1787082151475,SELL,-0.0
20260818-194015,1787082151577,SELL,-0.0
20260818-194015,1787082151679,SELL,-0.0
20260818-194015,1787082151591,SELL,-0.0
20260818-194015,1787082151781,SELL,-0.0
20260818-194015,1787082151883,SELL,-0.0
20260818-194015,1787082151985,SELL,-0.0
20260818-194015,1787082192071,SELL,0.015468131396489315
20260818-194015,1787082191988,SELL,0.015468131396489315
20260818-194015,1787082193091,SELL,0.015468131396489315
20260818-194015,1787082193193,SELL,0.015468131396489315
20260818-194015,1787082193059,SELL,0.015468131396489315
20260818-194015,1787082193295,SELL,0.015468131396489315
20260818-194015,1787082193397,SELL,0.015468131396489315
20260818-194015,1787082193265,SELL,0.015468131396489315
20260818-194015,1787082193499,SELL,0.015468131396489315
20260818-194015,1787082193601,SELL,0.015468131396489315
20260818-194015,1787082193703,SELL,0.015468131396489315
20260818-194015,1787082193709,SELL,0.015468131396489315
20260818-194015,1787082193712,SELL,0.015468131396489315
20260818-194015,1787082193805,SELL,-0.0
20260818-194015,1787082193731,SELL,-0.0
20260818-194015,1787082193907,SELL,-0.0
20260818-194015,1787082194009,SELL,-0.0
20260818-194015,1787082193876,SELL,-0.0
20260818-194015,1787082194111,SELL,-0.0
20260818-194015,1787082194213,SELL,-0.0
20260818-194015,1787082194315,SELL,-0.0
20260818-194317,1787082199945,SELL,-0.0
20260818-194317,1787082200129,SELL,-0.0
20260818-194317,1787082200231,SELL,-0.0
20260818-194317,1787082200333,SELL,-0.0
20260818-194317,1787082200435,SELL,-0.0
20260818-194317,1787082200377,SELL,-0.0
20260818-194317,1787082200537,SELL,-0.0
20260818-194317,1787082200639,SELL,-0.0
20260818-194317,1787082200741,SELL,-0.0
20260818-194317,1787082200843,SELL,-0.0
20260818-194317,1787082200945,SELL,-0.0
20260818-194317,1787082201047,SELL,-0.0
20260818-194317,1787082201149,SELL,-0.0
20260818-194317,1787082201030,SELL,-0.0
20260818-194317,1787082201251,SELL,-0.0
20260818-194317,1787082201353,SELL,-0.0
20260818-194317,1787082201455,SELL,-0.0
20260818-194317,1787082201557,SELL,-0.0
20260818-194317,1787082201659,SELL,-0.0
20260818-194317,1787082201761,SELL,-0.0
20260818-194317,1787082201863,SELL,-0.0
20260818-194317,1787082201965,SELL,-0.0
20260818-194317,1787082202067,SELL,-0.0
20260818-194317,1787082202015,SELL,-0.0
20260818-194317,1787082202169,SELL,-0.0
20260818-194317,1787082202271,SELL,-0.0
20260818-194317,1787082202373,SELL,-0.0
20260818-194317,1787082202475,SELL,-0.0
20260818-194317,1787082202577,SELL,-0.0
20260818-194317,1787082202679,SELL,-0.0
20260818-194317,1787082202781,SELL,-0.0
20260818-194317,1787082202883,SELL,-0.0
20260818-194317,1787082202985,SELL,-0.0
20260818-194317,1787082203087,SELL,-0.0
20260818-194317,1787082202961,SELL,-0.0
20260818-194317,1787082203189,SELL,-0.0
20260818-194317,1787082203291,SELL,-0.0
20260818-194317,1787082203393,SELL,-0.0
20260818-194317,1787082203495,SELL,-0.0
20260818-194317,1787082203597,SELL,-0.0
20260818-194317,1787082203699,SELL,-0.0
20260818-194317,1787082203801,SELL,-0.0
20260818-194317,1787082203903,SELL,-0.0
20260818-194317,1787082204005,SELL,-0.0
20260818-194317,1787082203914,SELL,-0.0
20260818-194317,1787082204107,SELL,-0.0
20260818-194317,1787082204209,SELL,-0.0
20260818-194317,1787082204311,SELL,-0.0
20260818-194317,1787082204413,SELL,-0.0
20260818-194317,1787082204515,SELL,-0.0
20260818-194317,1787082204617,SELL,-0.0
20260818-194317,1787082204719,SELL,-0.0
20260818-194317,1787082204821,SELL,-0.0
20260818-194317,1787082204923,SELL,-0.0
20260818-194317,1787082204841,SELL,-0.0
20260818-194317,1787082205025,SELL,-0.0
20260818-194317,1787082205127,SELL,-0.0
20260818-194317,1787082205229,SELL,-0.0
20260818-194317,1787082205331,SELL,-0.0
20260818-194317,1787082205433,SELL,-0.0
20260818-194317,1787082205535,SELL,-0.0
20260818-194317,1787082205637,SELL,-0.0
20260818-194317,1787082205739,SELL,-0.0
20260818-194317,1787082205841,SELL,-0.0
20260818-194317,1787082205943,SELL,-0.0
20260818-194317,1787082205831,SELL,-0.0
20260818-194317,1787082206045,SELL,-0.0
20260818-194317,1787082206147,SELL,-0.0
20260818-194317,1787082206249,SELL,-0.0
20260818-194317,1787082206150,SELL,-0.0
20260818-194317,1787082206351,SELL,-0.0
20260818-194317,1787082206453,SELL,-0.0
20260818-194317,1787082206555,SELL,-0.0
20260818-194317,1787082206657,SELL,-0.0
20260818-194317,1787082206759,SELL,-0.0
20260818-194317,1787082206861,SELL,-0.0
20260818-194317,1787082212092,SELL,-0.0
20260818-194317,1787082212267,SELL,-0.0
20260818-194317,1787082212369,SELL,-0.0
20260818-194317,1787082212236,SELL,-0.0
20260818-194317,1787082212471,SELL,-0.0
20260818-194317,1787082212573,SELL,-0.0
20260818-194317,1787082212675,SELL,-0.0
20260818-194317,1787082212777,SELL,-0.0
20260818-194317,1787082212775,SELL,-0.0
20260818-194317,1787082212879,SELL,-0.0
20260818-194317,1787082212981,SELL,-0.0
20260818-194317,1787082212876,SELL,-0.0
20260818-194317,1787082213083,SELL,-0.0
20260818-194317,1787082213185,SELL,-0.0
20260818-194317,1787082213287,SELL,-0.0
20260818-194317,1787082213389,SELL,-0.0
20260818-194317,1787082213491,SELL,-0.0
20260818-194317,1787082213593,SELL,-0.0
20260818-194317,1787082213695,SELL,-0.0
20260818-194317,1787082213797,SELL,-0.0
20260818-194317,1787082213812,SELL,-0.0
20260818-194317,1787082213899,SELL,-0.0
20260818-194317,1787082229062,SELL,-0.0
20260818-194317,1787082229301,SELL,-0.0
20260818-194317,1787082229403,SELL,-0.0
20260818-194317,1787082229505,SELL,-0.0
20260818-194317,1787082229405,SELL,-0.0
20260818-194317,1787082229607,SELL,-0.0
20260818-194317,1787082229709,SELL,-0.0
20260818-194317,1787082229594,SELL,-0.0
20260818-194317,1787082229811,SELL,-0.0
20260818-194317,1787082229913,SELL,-0.0
20260818-194317,1787082230015,SELL,-0.0
20260818-194317,1787082230117,SELL,-0.0
20260818-194317,1787082229996,SELL,-0.0
20260818-194317,1787082230219,SELL,-0.0
20260818-194317,1787082230321,SELL,-0.0
20260818-194317,1787082230423,SELL,-0.0
20260818-194317,1787082230525,SELL,-0.0
20260818-194317,1787082230627,SELL,-0.0
20260818-194317,1787082230532,SELL,-0.0
20260818-194317,1787082230729,SELL,-0.0
20260818-194317,1787082230831,SELL,-0.0
20260818-194317,1787082230933,SELL,-0.0
20260818-194317,1787082231035,SELL,-0.0
20260818-194317,1787082231137,SELL,-0.0
20260818-194317,1787082231036,SELL,-0.0
20260818-194317,1787082231239,SELL,-0.0
20260818-194317,1787082231341,SELL,-0.0
20260818-194317,1787082231443,SELL,-0.0
20260818-194317,1787082231545,SELL,-0.0
20260818-194317,1787082231647,SELL,-0.0
20260818-194317,1787082231749,SELL,-0.0
20260818-194317,1787082231851,SELL,-0.0
20260818-194317,1787082231953,SELL,-0.0
20260818-194317,1787082232055,SELL,-0.0
20260818-194317,1787082232157,SELL,-0.0
20260818-194317,1787082232064,SELL,-0.0
20260818-194317,1787082232259,SELL,-0.0
20260818-194317,1787082232361,SELL,-0.0
20260818-194317,1787082232463,SELL,-0.0
20260818-194317,1787082232565,SELL,-0.0
20260818-194317,1787082232508,SELL,-0.0
20260818-194317,1787082232667,SELL,-0.0
20260818-194317,1787082232769,SELL,-0.0
20260818-194317,1787082232871,SELL,-0.0
20260818-194317,1787082232973,SELL,-0.0
20260818-194317,1787082233075,SELL,-0.0
20260818-194317,1787082233020,SELL,-0.0
20260818-194317,1787082233177,SELL,-0.0
20260818-194317,1787082233279,SELL,-0.0
20260818-194317,1787082233381,SELL,-0.0
20260818-194317,1787082233483,SELL,-0.0
20260818-194317,1787082233585,SELL,-0.0
20260818-194317,1787082233687,SELL,-0.0
20260818-194317,1787082233789,SELL,-0.0
20260818-194317,1787082233694,SELL,-0.0
20260818-194317,1787082233891,SELL,-0.0
20260818-194317,1787082233993,SELL,-0.0
20260818-194317,1787082233862,SELL,-0.0
20260818-194317,1787082234095,SELL,-0.0
20260818-194317,1787082234033,SELL,-0.0
20260818-194317,1787082234197,SELL,-0.0
20260818-194317,1787082234299,SELL,-0.0
20260818-194317,1787082234401,SELL,-0.0
20260818-194317,1787082234375,SELL,-0.0
20260818-194317,1787082234503,SELL,-0.0
20260818-194317,1787082234443,SELL,-0.0
20260818-194317,1787082234605,SELL,-0.0
20260818-194317,1787082251639,BUY,0.0
20260818-194317,1787082251843,BUY,0.0
20260818-194317,1787082251945,BUY,0.0
20260818-194317,1787082252047,BUY,0.0
20260818-194317,1787082252083,BUY,0.0
20260818-194317,1787082252149,BUY,0.0
20260818-194317,1787082252086,BUY,0.0
20260818-194317,1787082252251,BUY,0.0
20260818-194317,1787082252353,BUY,0.0
20260818-194317,1787082252455,BUY,0.0
20260818-194317,1787082252557,BUY,0.0
20260818-194317,1787082252659,BUY,0.0
20260818-194317,1787082252761,BUY,0.0
20260818-194317,1787082252965,BUY,0.0
20260818-194317,1787082255821,BUY,0.0
20260818-194317,1787082255923,BUY,0.0
20260818-194317,1787082255849,BUY,0.0
20260818-194317,1787082256025,BUY,0.0
20260818-194317,1787082256127,BUY,0.0
20260818-194317,1787082256229,BUY,0.0
20260818-194317,1787082256331,BUY,0.0
20260818-194317,1787082256433,BUY,0.0
20260818-194317,1787082256637,BUY,0.0
20260818-194317,1787082256739,BUY,0.0
20260818-194317,1787082256943,BUY,0.0
20260818-194317,1787082257045,BUY,0.0
20260818-194317,1787082256930,BUY,0.0
20260818-194317,1787082257147,BUY,0.0
20260818-194317,1787082257249,BUY,0.0
20260818-194317,1787082257351,BUY,0.0
20260818-194317,1787082257453,BUY,0.0
20260818-194317,1787082257388,BUY,0.0
20260818-194317,1787082257555,BUY,0.0
20260818-194317,1787082257657,BUY,0.0
20260818-194317,1787082257759,BUY,0.0
20260818-194317,1787082257771,BUY,0.0
20260818-194317,1787082257861,BUY,0.0
20260818-194317,1787082257963,BUY,0.0
20260818-194317,1787082257827,BUY,0.0
20260818-194317,1787082258065,BUY,0.0
20260818-194317,1787082258167,BUY,0.0
20260818-194317,1787082258029,BUY,0.0
20260818-194317,1787082258269,BUY,0.0
20260818-194317,1787082258371,BUY,0.0
20260818-194317,1787082258473,BUY,0.0
20260818-194317,1787082258575,BUY,0.0
20260818-194317,1787082258779,BUY,0.0
20260818-194317,1787082258650,BUY,0.0
20260818-194317,1787082258881,BUY,0.0
20260818-194317,1787082259085,BUY,0.0
20260818-194317,1787082259187,BUY,0.0
20260818-194317,1787082259079,BUY,0.0
20260818-194317,1787082259391,BUY,0.0
20260818-194317,1787082259493,BUY,0.0
20260818-194317,1787082290909,BUY,0.0
20260818-194317,1787082291011,BUY,0.0
20260818-194317,1787082290894,BUY,0.0
20260818-194317,1787082291113,BUY,0.0
20260818-194317,1787082291215,BUY,0.0
20260818-194317,1787082291317,BUY,0.0
20260818-194317,1787082291211,BUY,0.0
20260818-194317,1787082291419,BUY,0.0
20260818-194317,1787082291521,BUY,0.0
20260818-194317,1787082291623,BUY,0.0
20260818-194317,1787082291725,BUY,0.0
20260818-194317,1787082291624,BUY,0.0
20260818-194317,1787082291827,BUY,0.0
20260818-194317,1787082291929,BUY,0.0
20260818-194317,1787082292031,BUY,0.0
20260818-194317,1787082292133,BUY,0.0
20260818-194317,1787082292085,BUY,0.0
20260818-194317,1787082336097,BUY,1.6861828147023041
20260818-194317,1787082336212,BUY,1.6861828147023041
20260818-194317,1787082336212,BUY,1.6861828147023041
20260818-194317,1787082336212,BUY,1.6861828147023041
20260818-194317,1787082336212,BUY,1.6861828147023041
20260818-194317,1787082336212,BUY,1.6861828147023041
20260818-194317,1787082336212,BUY,1.6861828147023041
20260818-194317,1787082336215,BUY,1.6861828147023041
20260818-194317,1787082336215,BUY,1.6861828147023041
20260818-194317,1787082336215,BUY,1.6861828147023041
20260818-194317,1787082336220,BUY,1.6861828147023041
20260818-194317,1787082336220,BUY,1.6861828147023041
20260818-194317,1787082336225,BUY,1.6861828147023041
20260818-194317,1787082336231,BUY,1.6861828147023041
20260818-194317,1787082336280,BUY,1.6861828147023041
20260818-194317,1787082336280,BUY,1.6861828147023041
20260818-194317,1787082336280,BUY,1.6861828147023041
20260818-194317,1787082336280,BUY,1.6861828147023041
20260818-194317,1787082336280,BUY,1.6861828147023041
20260818-194317,1787082336280,BUY,1.6861828147023041
20260818-194317,1787082336280,BUY,1.6861828147023041
20260818-194317,1787082336280,BUY,1.6861828147023041
20260818-194317,1787082336280,BUY,1.6861828147023041
20260818-194317,1787082336280,BUY,1.6861828147023041
20260818-194317,1787082336280,BUY,1.6861828147023041
20260818-194317,1787082336280,BUY,1.6861828147023041
20260818-194317,1787082336280,BUY,1.6861828147023041
20260818-194317,1787082336286,BUY,1.14468598865588
20260818-194317,1787082336286,BUY,1.14468598865588
20260818-194317,1787082336286,BUY,1.14468598865588
20260818-194317,1787082336286,BUY,1.14468598865588
20260818-194317,1787082336286,BUY,1.14468598865588
20260818-194317,1787082336286,BUY,1.14468598865588
20260818-194317,1787082336286,BUY,1.14468598865588
20260818-194317,1787082336286,BUY,1.14468598865588
20260818-194317,1787082336286,BUY,1.14468598865588
20260818-194317,1787082336286,BUY,1.14468598865588
20260818-194317,1787082336199,BUY,1.14468598865588
20260818-194317,1787082336286,BUY,1.14468598865588
20260818-194317,1787082336286,BUY,1.14468598865588
20260818-194317,1787082336286,BUY,1.14468598865588
20260818-194317,1787082336286,BUY,1.14468598865588
20260818-194317,1787082336286,BUY,1.14468598865588
20260818-194317,1787082336286,BUY,1.14468598865588
20260818-194317,1787082336506,BUY,1.14468598865588
20260818-194317,1787082336301,BUY,0.0
20260818-194317,1787082336403,BUY,0.0
20260818-194317,1787082336505,BUY,0.0
20260818-194317,1787082336607,BUY,0.0
20260818-194317,1787082336709,BUY,0.0
20260818-194317,1787082336811,BUY,0.0
20260818-194317,1787082336913,BUY,0.0
20260818-194317,1787082337015,BUY,0.0
20260818-194317,1787082337117,BUY,0.0
20260818-194317,1787082337219,BUY,0.0
20260818-194317,1787082337321,BUY,0.0
20260818-194317,1787082337190,BUY,0.0
20260818-194317,1787082337423,BUY,0.0
20260818-194317,1787082337355,BUY,0.0
20260818-194317,1787082337525,BUY,0.0
20260818-194317,1787082337627,BUY,0.0
20260818-194317,1787082337729,BUY,0.0
20260818-194618,1787082388935,BUY,0.0
20260818-194618,1787082389037,BUY,0.0
20260818-194618,1787082389139,BUY,0.0
20260818-194618,1787082389024,BUY,0.0
20260818-194618,1787082389241,BUY,0.0
20260818-194618,1787082390261,BUY,0.1856035091432294
20260818-194618,1787082390363,BUY,0.1856035091432294
20260818-194618,1787082390465,BUY,0.1856035091432294
20260818-194618,1787082390567,BUY,0.1856035091432294
20260818-194618,1787082390669,BUY,0.1856035091432294
20260818-194618,1787082390771,BUY,0.1856035091432294
20260818-194618,1787082390873,BUY,0.1856035091432294
20260818-194618,1787082390774,BUY,0.1856035091432294
20260818-194618,1787082390975,BUY,0.1856035091432294
20260818-194618,1787082391077,BUY,0.1856035091432294
20260818-194618,1787082391179,BUY,0.1856035091432294
20260818-194618,1787082391025,BUY,0.1856035091432294
20260818-194618,1787082391281,BUY,0.1856035091432294
20260818-194618,1787082391383,BUY,0.1856035091432294
20260818-194618,1787082391392,BUY,0.1856035091432294
20260818-194618,1787082391429,BUY,0.1856035091432294
20260818-194618,1787082391430,BUY,0.1856035091432294
20260818-194618,1787082391430,BUY,0.1856035091432294
20260818-194618,1787082391431,BUY,0.1856035091432294
20260818-194618,1787082391431,BUY,0.1856035091432294
20260818-194618,1787082391432,BUY,0.1856035091432294
20260818-194618,1787082391432,BUY,0.1856035091432294
20260818-194618,1787082391485,BUY,0.0
20260818-194618,1787082391587,BUY,0.0
20260818-194618,1787082391689,BUY,0.0
20260818-194618,1787082391791,BUY,0.0
20260818-194618,1787082391893,BUY,0.0
20260818-194618,1787082391995,BUY,0.0
20260818-194618,1787082392097,BUY,0.0
20260818-194618,1787082392199,BUY,0.0
20260818-194618,1787082392301,BUY,0.0
20260818-194618,1787082392403,BUY,0.0
20260818-194618,1787082392505,BUY,0.0
20260818-194618,1787082392574,BUY,0.0
20260818-194618,1787082392607,BUY,0.0
20260818-194618,1787082392709,BUY,0.0
20260818-194618,1787082392586,BUY,0.0
20260818-194618,1787082392811,BUY,0.0
20260818-194618,1787082392913,BUY,0.0
20260818-194618,1787082393015,BUY,0.0
20260818-194618,1787082393025,BUY,0.0
20260818-194618,1787082393117,BUY,0.0
20260818-194618,1787082393219,BUY,0.0
20260818-194618,1787082393114,BUY,0.0
20260818-194618,1787082393321,BUY,0.0
20260818-194618,1787082393423,BUY,0.0
20260818-194618,1787082393525,BUY,0.0
20260818-194618,1787082393450,BUY,0.0
20260818-194618,1787082393627,BUY,0.0
20260818-194618,1787082393729,BUY,0.0
20260818-194618,1787082393831,BUY,0.0
20260818-194618,1787082393770,BUY,0.0
20260818-194618,1787082393933,BUY,0.0
20260818-194618,1787082394035,BUY,0.0
20260818-194618,1787082394137,BUY,0.0
20260818-194618,1787082394239,BUY,0.3866668007111576
20260818-194618,1787082394341,BUY,0.3866668007111576
20260818-194618,1787082394443,BUY,0.3866668007111576
20260818-194618,1787082394545,BUY,0.3866668007111576
20260818-194618,1787082394450,BUY,0.3866668007111576
20260818-194618,1787082394647,BUY,0.3866668007111576
20260818-194618,1787082394749,BUY,0.3866668007111576
20260818-194618,1787082394851,BUY,0.3866668007111576
20260818-194618,1787082394794,BUY,0.3866668007111576
20260818-194618,1787082394953,BUY,0.3866668007111576
20260818-194618,1787082395055,BUY,0.3866668007111576
20260818-194618,1787082395026,BUY,0.3866668007111576
20260818-194618,1787082395157,BUY,0.3866668007111576
20260818-194618,1787082395259,BUY,0.3866668007111576
20260818-194618,1787082395119,BUY,0.3866668007111576
20260818-194618,1787082395361,BUY,0.3866668007111576
20260818-194618,1787082395463,BUY,0.3866668007111576
20260818-194618,1787082395565,BUY,0.3866668007111576
20260818-194618,1787082395416,BUY,0.3866668007111576
20260818-194618,1787082395667,BUY,0.3866668007111576
20260818-194618,1787082395769,BUY,0.3866668007111576
20260818-194618,1787082395871,BUY,0.3866668007111576
20260818-194618,1787082395973,BUY,0.3866668007111576
20260818-194618,1787082395888,BUY,0.3866668007111576
20260818-194618,1787082396075,BUY,0.3866668007111576
20260818-194618,1787082396177,BUY,0.3866668007111576
20260818-194618,1787082396209,BUY,0.0
20260818-194618,1787082396209,BUY,0.0
20260818-194618,1787082396209,BUY,0.0
20260818-194618,1787082396209,BUY,0.0
20260818-194618,1787082396209,BUY,0.0
20260818-194618,1787082396209,BUY,0.0
20260818-194618,1787082396209,BUY,0.0
20260818-194618,1787082396209,BUY,0.0
20260818-194618,1787082396209,BUY,0.0
20260818-194618,1787082396209,BUY,0.0
20260818-194618,1787082396209,BUY,0.0
20260818-194618,1787082396209,BUY,0.0
20260818-194618,1787082396209,BUY,0.0
20260818-194618,1787082396209,BUY,0.0
20260818-194618,1787082396209,BUY,0.0
20260818-194618,1787082396209,BUY,0.0
20260818-194618,1787082396209,BUY,0.0
20260818-194618,1787082396209,BUY,0.0
20260818-194618,1787082396279,BUY,0.0
20260818-194618,1787082396209,BUY,0.0
20260818-194618,1787082396381,BUY,0.0
20260818-194618,1787082396483,BUY,0.0
20260818-194618,1787082396585,BUY,0.0
20260818-194618,1787082396687,BUY,0.0
20260818-194618,1787082396615,BUY,0.0
20260818-194618,1787082396789,BUY,0.0
20260818-194618,1787082396891,BUY,0.0
20260818-194618,1787082396993,BUY,0.0
20260818-194618,1787082397095,BUY,0.0
20260818-194618,1787082397026,BUY,0.0
20260818-194618,1787082397197,BUY,0.0
20260818-194618,1787082397299,BUY,0.0
20260818-194618,1787082397401,BUY,0.0
20260818-194618,1787082397290,BUY,0.0
20260818-194618,1787082397503,BUY,0.0
20260818-194618,1787082397605,BUY,0.0
20260818-194618,1787082403113,BUY,0.0
20260818-194618,1787082403027,BUY,0.0
20260818-194618,1787082403215,BUY,0.0
20260818-194618,1787082403317,BUY,0.0
20260818-194618,1787082403419,BUY,0.0
20260818-194618,1787082403521,BUY,0.0
20260818-194618,1787082403623,BUY,0.0
20260818-194618,1787082403559,BUY,0.0
20260818-194618,1787082403725,BUY,0.0
20260818-194618,1787082403827,BUY,0.0
20260818-194618,1787082403929,BUY,0.0
20260818-194618,1787082404031,BUY,0.0
20260818-194618,1787082404133,BUY,0.0
20260818-194618,1787082404235,BUY,0.0
20260818-194618,1787082404337,BUY,0.0
20260818-194618,1787082404439,BUY,0.0
20260818-194618,1787082404541,BUY,0.0
20260818-194618,1787082404414,BUY,0.0
20260818-194618,1787082404643,BUY,0.0
20260818-194618,1787082404745,BUY,0.0
20260818-194618,1787082404733,BUY,0.0
20260818-194618,1787082404847,BUY,0.0
20260818-194618,1787082404745,BUY,0.0
20260818-194618,1787082404949,BUY,0.0
20260818-194618,1787082405051,BUY,0.0
20260818-194618,1787082405153,BUY,0.0
20260818-194618,1787082405027,BUY,0.0
20260818-194618,1787082405255,BUY,0.0
20260818-194618,1787082405197,BUY,0.0
20260818-194618,1787082405357,BUY,0.0
20260818-194618,1787082405459,BUY,0.0
20260818-194618,1787082405561,BUY,0.0
20260818-194618,1787082405663,BUY,0.0
20260818-194618,1787082405517,BUY,0.0
20260818-194618,1787082405765,BUY,0.0
20260818-194618,1787082405867,BUY,0.0
20260818-194618,1787082405969,BUY,0.0
20260818-194618,1787082406071,BUY,0.0
20260818-194618,1787082406173,BUY,0.0
20260818-194618,1787082406275,BUY,0.0
20260818-194618,1787082406377,BUY,0.0
20260818-194618,1787082406326,BUY,0.0
20260818-194618,1787082406479,BUY,0.0
20260818-194618,1787082406581,BUY,0.0
20260818-194618,1787082406683,BUY,0.0
20260818-194618,1787082406531,BUY,0.0
20260818-194618,1787082406785,BUY,0.0
20260818-194618,1787082406782,BUY,0.0
20260818-194618,1787082406887,BUY,0.0
20260818-194618,1787082406989,BUY,0.0
20260818-194618,1787082406843,BUY,0.0
20260818-194618,1787082407091,BUY,0.0
20260818-194618,1787082407028,BUY,0.0
20260818-194618,1787082407193,BUY,0.0
20260818-194618,1787082407295,BUY,0.0
20260818-194618,1787082407397,BUY,0.0
20260818-194618,1787082407499,BUY,0.0
20260818-194618,1787082407601,BUY,0.0
20260818-194618,1787082407529,BUY,0.0
20260818-194618,1787082407703,BUY,0.0
20260818-194618,1787082407805,BUY,0.0
20260818-194618,1787082407907,BUY,0.0
20260818-194618,1787082408009,BUY,0.0
20260818-194618,1787082408111,BUY,0.0
20260818-194618,1787082408213,BUY,0.0
20260818-194618,1787082414333,BUY,0.0
20260818-194618,1787082414233,BUY,0.0
20260818-194618,1787082414435,BUY,0.0
20260818-194618,1787082414537,BUY,0.0
20260818-194618,1787082414639,BUY,0.0
20260818-194618,1787082414741,BUY,0.0
20260818-194618,1787082414843,BUY,0.0
20260818-194618,1787082414945,BUY,0.0
20260818-194618,1787082415047,BUY,0.0
20260818-194618,1787082414930,BUY,0.0
20260818-194618,1787082415149,BUY,0.0
20260818-194618,1787082415140,BUY,0.0
20260818-194618,1787082415251,BUY,0.0
20260818-194618,1787082415154,BUY,0.0
20260818-194618,1787082415353,BUY,0.0
20260818-194618,1787082415455,BUY,0.0
20260818-194618,1787082511862,SELL,0.17017313569618536
20260818-194618,1787082511862,SELL,0.17017313569618536
20260818-194618,1787082511862,SELL,0.17017313569618536
20260818-194618,1787082511862,SELL,0.17017313569618536
20260818-194618,1787082511862,SELL,0.17017313569618536
20260818-194618,1787082511949,SELL,0.09282242837486039
20260818-194618,1787082511864,SELL,0.09282242837486039
20260818-194618,1787082512051,SELL,0.09282242837486039
20260818-194618,1787082511997,SELL,0.09282242837486039
20260818-194618,1787082512153,SELL,0.09282242837486039
20260818-194618,1787082512255,SELL,0.09282242837486039
20260818-194618,1787082512329,SELL,0.09282242837486039
20260818-194618,1787082512330,SELL,-0.0
20260818-194618,1787082512357,SELL,-0.0
20260818-194618,1787082512459,SELL,-0.0
20260818-194618,1787082512330,SELL,-0.0
20260818-194618,1787082512561,SELL,-0.0
20260818-194618,1787082512485,SELL,-0.0
20260818-194618,1787082512663,SELL,-0.0
20260818-194618,1787082512765,SELL,-0.0
20260818-194618,1787082512867,SELL,-0.0
20260818-194618,1787082512812,SELL,-0.0
20260818-194618,1787082512969,SELL,-0.0
20260818-194618,1787082513071,SELL,-0.0
20260818-194618,1787082513173,SELL,-0.0
20260818-194618,1787082513275,SELL,-0.0
20260818-194618,1787082513377,SELL,-0.0
20260818-194618,1787082513479,SELL,-0.0
20260818-194618,1787082513581,SELL,-0.0
20260818-194618,1787082513683,SELL,0.030941096660309246
20260818-194618,1787082513785,SELL,0.030941096660309246
20260818-194618,1787082513887,SELL,0.030941096660309246
20260818-194618,1787082513989,SELL,0.030941096660309246
20260818-194618,1787082514091,SELL,0.030941096660309246
20260818-194618,1787082514193,SELL,0.030941096660309246
20260818-194618,1787082514108,SELL,0.030941096660309246
20260818-194618,1787082514295,SELL,0.030941096660309246
20260818-194618,1787082514397,SELL,0.030941096660309246
20260818-194618,1787082514499,SELL,0.030941096660309246
20260818-194618,1787082514601,SELL,0.030941096660309246
20260818-194618,1787082514703,SELL,0.030941096660309246
20260818-194618,1787082514805,SELL,0.030941096660309246
20260818-194618,1787082514907,SELL,0.030941096660309246
20260818-194618,1787082515009,SELL,0.030941096660309246
20260818-194618,1787082515111,SELL,0.030941096660309246
20260818-194618,1787082515213,SELL,0.030941096660309246
20260818-194618,1787082515315,SELL,0.030941096660309246
20260818-194618,1787082515417,SELL,0.030941096660309246
20260818-194618,1787082515519,SELL,0.030941096660309246
20260818-194618,1787082515621,SELL,0.030941096660309246
20260818-194618,1787082515659,SELL,0.030941096660309246
20260818-194618,1787082515723,SELL,-0.0
20260818-194618,1787082515661,SELL,-0.0
20260818-194618,1787082515825,SELL,-0.0
20260818-194618,1787082515927,SELL,-0.0
20260818-194618,1787082516029,SELL,-0.0
20260818-194618,1787082516131,SELL,-0.0
20260818-194618,1787082516233,SELL,-0.0
20260818-194618,1787082516204,SELL,-0.0
20260818-194618,1787082516335,SELL,-0.0
20260818-194618,1787082516272,SELL,-0.0
20260818-194618,1787082516437,SELL,-0.0
20260818-194618,1787082516539,SELL,-0.0
20260818-194618,1787082516641,SELL,-0.0
20260818-194618,1787082516743,SELL,-0.0
20260818-194618,1787082516845,SELL,-0.0
20260818-194618,1787082516856,SELL,-0.0
20260818-194618,1787082516947,SELL,-0.0
20260818-194618,1787082516865,SELL,-0.0
20260818-194618,1787082517049,SELL,-0.0
20260818-194618,1787082517151,SELL,-0.0
20260818-194618,1787082517253,SELL,-0.0
20260818-194618,1787082517162,SELL,-0.0
20260818-194618,1787082517355,SELL,-0.0
20260818-194618,1787082517457,SELL,-0.0
20260818-194618,1787082517559,SELL,-0.0
20260818-194618,1787082517661,SELL,-0.0
20260818-194618,1787082517566,SELL,-0.0
20260818-194618,1787082517763,SELL,-0.0
20260818-194618,1787082517865,SELL,-0.0
20260818-194618,1787082517748,SELL,-0.0
20260818-194618,1787082517967,SELL,-0.0
20260818-194618,1787082518069,SELL,-0.0
20260818-194618,1787082518171,SELL,-0.0
20260818-194618,1787082518273,SELL,-0.0
20260818-194618,1787082518375,SELL,-0.0
20260818-194618,1787082518477,SELL,-0.0
20260818-194618,1787082518579,SELL,-0.0
20260818-194618,1787082518681,SELL,-0.0
20260818-194618,1787082518535,SELL,-0.0
20260818-194618,1787082518783,SELL,-0.0
20260818-194618,1787082518885,SELL,-0.0
20260818-194618,1787082518987,SELL,-0.0
20260818-194618,1787082519089,SELL,-0.0
20260818-194618,1787082519191,SELL,-0.0
20260818-194618,1787082519293,SELL,-0.0
20260818-194618,1787082519395,SELL,-0.0
20260818-194618,1787082519497,SELL,-0.0
20260818-194618,1787082519599,SELL,-0.0
20260818-194618,1787082519701,SELL,-0.0
20260818-194618,1787082519803,SELL,-0.0
20260818-194618,1787082519905,SELL,-0.0
20260818-194618,1787082520007,SELL,-0.0
20260818-194618,1787082520020,SELL,-0.0
20260818-194618,1787082520109,SELL,-0.0
20260818-194618,1787082520211,SELL,-0.0
20260818-194618,1787082520057,SELL,-0.0
20260818-194618,1787082520313,SELL,-0.0
20260818-194618,1787082520415,SELL,-0.0
20260818-194618,1787082520517,SELL,-0.0
20260818-194618,1787082520619,SELL,-0.0
20260818-194618,1787082520721,SELL,-0.0
20260818-194618,1787082520597,SELL,-0.0
20260818-194618,1787082520823,SELL,-0.0
20260818-194618,1787082520925,SELL,-0.0
20260818-194618,1787082521027,SELL,-0.0
20260818-194618,1787082521129,SELL,-0.0
20260818-194618,1787082521231,SELL,-0.0
20260818-194618,1787082521333,SELL,-0.0
20260818-194618,1787082521435,SELL,-0.0
20260818-194618,1787082521537,SELL,-0.0
20260818-194618,1787082521639,SELL,-0.0
20260818-194618,1787082521559,SELL,-0.0
20260818-194618,1787082521741,SELL,-0.0
20260818-194618,1787082521843,SELL,-0.0
20260818-194618,1787082521945,SELL,-0.0
20260818-194618,1787082522047,SELL,-0.0
20260818-194618,1787082521971,SELL,-0.0
20260818-194618,1787082522149,SELL,-0.0
20260818-194618,1787082522251,SELL,-0.0
20260818-194618,1787082522353,SELL,-0.0
20260818-194618,1787082522455,SELL,-0.0
20260818-194618,1787082522557,SELL,-0.0
20260818-194618,1787082522659,SELL,-0.0
20260818-194618,1787082522761,SELL,-0.0
20260818-194618,1787082522863,SELL,-0.0
20260818-194618,1787082522965,SELL,-0.0
20260818-194618,1787082523067,SELL,-0.0
20260818-194618,1787082523169,SELL,-0.0
20260818-194618,1787082523271,SELL,-0.0
20260818-194618,1787082523191,SELL,-0.0
20260818-194618,1787082523373,SELL,-0.0
20260818-194618,1787082523475,SELL,-0.0
20260818-194618,1787082523577,SELL,-0.0
20260818-194618,1787082523437,SELL,-0.0
20260818-194618,1787082523679,SELL,-0.0
20260818-194618,1787082523781,SELL,-0.0
20260818-194618,1787082523883,SELL,-0.0
20260818-194618,1787082523985,SELL,-0.0
20260818-194618,1787082524087,SELL,-0.0
20260818-194618,1787082524189,SELL,-0.0
20260818-194618,1787082524291,SELL,-0.0
20260818-194618,1787082524393,SELL,-0.0
20260818-194618,1787082524495,SELL,-0.0
20260818-194618,1787082524597,SELL,-0.0
20260818-194618,1787082524699,SELL,-0.0
20260818-194618,1787082524801,SELL,-0.0
20260818-194618,1787082524903,SELL,-0.0
20260818-194618,1787082524779,SELL,-0.0
20260818-194618,1787082525005,SELL,-0.0
20260818-194618,1787082525107,SELL,-0.0
20260818-194618,1787082524987,SELL,-0.0
20260818-194618,1787082525209,SELL,-0.0
20260818-194618,1787082525311,SELL,-0.0
20260818-194618,1787082525413,SELL,-0.0
20260818-194618,1787082525515,SELL,-0.0
20260818-194618,1787082525376,SELL,-0.0
20260818-194618,1787082525617,SELL,-0.0
20260818-194618,1787082525719,SELL,-0.0
20260818-194618,1787082525821,SELL,-0.0
20260818-194618,1787082525923,SELL,-0.0
20260818-194618,1787082525824,SELL,-0.0
20260818-194618,1787082526025,SELL,-0.0
20260818-194618,1787082525941,SELL,-0.0
20260818-194618,1787082526127,SELL,-0.0
20260818-194618,1787082526229,SELL,-0.0
20260818-194618,1787082526331,SELL,-0.0
20260818-194618,1787082526433,SELL,0.26300013536726646
20260818-194618,1787082526535,SELL,0.26300013536726646
20260818-194618,1787082526637,SELL,0.26300013536726646
20260818-194618,1787082526739,SELL,0.26300013536726646
20260818-194618,1787082526841,SELL,0.26300013536726646
20260818-194618,1787082526943,SELL,0.26300013536726646
20260818-194618,1787082527045,SELL,0.26300013536726646
20260818-194618,1787082527147,SELL,0.26300013536726646
20260818-194618,1787082527249,SELL,0.26300013536726646
20260818-194618,1787082527230,SELL,0.26300013536726646
20260818-194618,1787082527351,SELL,0.26300013536726646
20260818-194618,1787082527453,SELL,0.26300013536726646
20260818-194618,1787082527327,SELL,0.26300013536726646
20260818-194618,1787082527555,SELL,0.26300013536726646
20260818-194618,1787082527657,SELL,0.26300013536726646
20260818-194618,1787082527759,SELL,0.26300013536726646
20260818-194618,1787082527700,SELL,0.26300013536726646
20260818-194618,1787082527861,SELL,0.26300013536726646
20260818-194618,1787082527963,SELL,0.26300013536726646
20260818-194618,1787082528065,SELL,0.26300013536726646
20260818-194618,1787082528167,SELL,0.26300013536726646
20260818-194618,1787082528269,SELL,0.26300013536726646
20260818-194618,1787082528332,SELL,-0.0
20260818-194618,1787082528332,SELL,-0.0
20260818-194618,1787082528332,SELL,-0.0
20260818-194618,1787082528332,SELL,-0.0
20260818-194618,1787082528332,SELL,-0.0
20260818-194618,1787082528332,SELL,-0.0
20260818-194618,1787082528332,SELL,-0.0
20260818-194618,1787082528332,SELL,-0.0
20260818-194618,1787082528332,SELL,-0.0
20260818-194618,1787082528332,SELL,-0.0
20260818-194618,1787082528332,SELL,-0.0
20260818-194618,1787082528332,SELL,-0.0
20260818-194618,1787082528371,SELL,-0.0
20260818-194618,1787082528473,SELL,-0.0
20260818-194618,1787082528332,SELL,-0.0
20260818-194618,1787082528575,SELL,-0.0
20260818-194618,1787082528677,SELL,-0.0
20260818-194618,1787082528779,SELL,-0.0
20260818-194618,1787082528645,SELL,-0.0
20260818-194618,1787082528881,SELL,-0.0
20260818-194618,1787082528983,SELL,-0.0
20260818-194618,1787082529085,SELL,-0.0
20260818-194618,1787082529187,SELL,-0.0
20260818-194618,1787082529289,SELL,-0.0
20260818-194618,1787082529391,SELL,-0.0
20260818-194618,1787082529493,SELL,-0.0
20260818-194618,1787082529595,SELL,-0.0
20260818-194618,1787082529519,SELL,-0.0
20260818-194618,1787082529697,SELL,-0.0
20260818-194618,1787082529799,SELL,-0.0
20260818-194618,1787082529901,SELL,-0.0
20260818-194618,1787082530003,SELL,-0.0
20260818-194618,1787082530105,SELL,-0.0
20260818-194618,1787082530207,SELL,-0.0
20260818-194618,1787082530309,SELL,-0.0
20260818-194618,1787082530411,SELL,-0.0
20260818-194618,1787082530513,SELL,-0.0
20260818-194618,1787082530615,SELL,-0.0
20260818-194618,1787082530717,SELL,-0.0
20260818-194618,1787082530819,SELL,-0.0
20260818-194618,1787082530921,SELL,-0.0
20260818-194618,1787082531023,SELL,-0.0
20260818-194618,1787082531125,SELL,-0.0
20260818-194618,1787082531227,SELL,-0.0
20260818-194618,1787082531329,SELL,-0.0
20260818-194618,1787082531431,SELL,-0.0
20260818-194618,1787082531533,SELL,-0.0
20260818-194618,1787082531635,SELL,-0.0
20260818-194618,1787082531737,SELL,-0.0
20260818-194618,1787082531657,SELL,-0.0
20260818-194618,1787082531839,SELL,-0.0
20260818-194618,1787082531941,SELL,-0.0
20260818-194618,1787082532043,SELL,-0.0
20260818-194618,1787082532145,SELL,-0.0
20260818-194618,1787082532247,SELL,-0.0
20260818-194618,1787082532138,SELL,-0.0
20260818-194618,1787082532349,SELL,-0.0
20260818-194618,1787082532451,SELL,-0.0
20260818-194618,1787082532553,SELL,-0.0
20260818-194618,1787082532450,SELL,-0.0
20260818-194618,1787082532655,SELL,-0.0
20260818-194618,1787082532757,SELL,-0.0
20260818-194618,1787082532859,SELL,-0.0
20260818-194618,1787082532961,SELL,-0.0
20260818-194618,1787082532860,SELL,-0.0
20260818-194618,1787082533063,SELL,-0.0
20260818-194618,1787082533165,SELL,-0.0
20260818-194618,1787082533267,SELL,-0.0
20260818-194618,1787082533201,SELL,-0.0
20260818-194618,1787082533369,SELL,-0.0
20260818-194618,1787082533471,SELL,-0.0
20260818-194618,1787082533328,SELL,-0.0
20260818-194618,1787082533573,SELL,-0.0
20260818-194618,1787082533675,SELL,-0.0
20260818-194618,1787082533555,SELL,-0.0
20260818-194618,1787082533777,SELL,-0.0
20260818-194618,1787082533879,SELL,-0.0
20260818-194618,1787082533981,SELL,-0.0
20260818-194618,1787082533873,SELL,-0.0
20260818-194618,1787082534083,SELL,-0.0
20260818-194618,1787082534185,SELL,-0.0
20260818-194618,1787082534287,SELL,-0.0
20260818-194618,1787082534389,SELL,-0.0
20260818-194618,1787082534491,SELL,-0.0
20260818-194618,1787082534593,SELL,-0.0
20260818-194618,1787082534695,SELL,-0.0
20260818-194618,1787082534797,SELL,-0.0
20260818-194618,1787082534899,SELL,-0.0
20260818-194618,1787082535001,SELL,-0.0
20260818-194618,1787082534932,SELL,-0.0
20260818-194618,1787082535103,SELL,-0.0
20260818-194618,1787082535205,SELL,-0.0
20260818-194618,1787082535307,SELL,-0.0
20260818-194618,1787082535196,SELL,-0.0
20260818-194618,1787082535409,SELL,-0.0
20260818-194618,1787082535511,SELL,-0.0
20260818-194618,1787082535613,SELL,-0.0
20260818-194618,1787082535715,SELL,-0.0
20260818-194618,1787082535727,SELL,-0.0
20260818-194618,1787082535817,SELL,-0.0
20260818-194618,1787082535739,SELL,-0.0
20260818-194618,1787082535919,SELL,-0.0
20260818-194618,1787082536021,SELL,-0.0
20260818-194618,1787082536123,SELL,-0.0
20260818-194618,1787082535986,SELL,-0.0
20260818-194618,1787082536225,SELL,-0.0
20260818-194618,1787082536327,SELL,-0.0
20260818-194618,1787082536429,SELL,-0.0
20260818-194618,1787082536531,SELL,-0.0
20260818-194618,1787082536633,SELL,-0.0
20260818-194618,1787082536502,SELL,-0.0
20260818-194618,1787082536735,SELL,-0.0
20260818-194618,1787082536837,SELL,-0.0
20260818-194618,1787082536939,SELL,-0.0
20260818-194618,1787082537041,SELL,-0.0
20260818-194618,1787082537143,SELL,-0.0
20260818-194618,1787082537245,SELL,-0.0
20260818-194618,1787082537347,SELL,-0.0
20260818-194618,1787082537349,SELL,-0.0
20260818-194618,1787082537449,SELL,-0.0
20260818-194618,1787082537358,SELL,-0.0
20260818-194618,1787082537551,SELL,-0.0
20260818-194618,1787082537653,SELL,-0.0
20260818-194618,1787082537755,SELL,-0.0
20260818-194618,1787082537857,SELL,-0.0
20260818-194618,1787082537959,SELL,-0.0
20260818-194618,1787082538061,SELL,-0.0
20260818-194618,1787082537945,SELL,-0.0
20260818-194618,1787082538163,SELL,-0.0
20260818-194618,1787082538265,SELL,-0.0
20260818-194618,1787082538152,SELL,-0.0
20260818-194618,1787082538367,SELL,-0.0
20260818-194618,1787082538469,SELL,-0.0
20260818-194618,1787082538571,SELL,-0.0
20260818-194618,1787082538673,SELL,-0.0
20260818-194618,1787082538775,SELL,-0.0
20260818-194618,1787082538877,SELL,-0.0
20260818-194618,1787082538979,SELL,-0.0
20260818-194618,1787082539081,SELL,-0.0
20260818-194618,1787082539183,SELL,-0.0
20260818-194618,1787082539285,SELL,-0.0
20260818-194618,1787082539387,SELL,-0.0
20260818-194618,1787082539489,SELL,-0.0
20260818-194618,1787082539591,SELL,-0.0
20260818-194618,1787082539693,SELL,-0.0
20260818-194618,1787082539795,SELL,-0.0
20260818-194618,1787082539897,SELL,-0.0
20260818-194618,1787082539999,SELL,-0.0
20260818-194618,1787082540101,SELL,-0.0
20260818-194618,1787082540203,SELL,-0.0
20260818-194618,1787082540305,SELL,-0.0
20260818-194618,1787082540407,SELL,-0.0
20260818-194618,1787082540509,SELL,0.7426081481136454
20260818-194618,1787082540611,SELL,0.7426081481136454
20260818-194618,1787082540713,SELL,0.7426081481136454
20260818-194618,1787082540600,SELL,0.7426081481136454
20260818-194618,1787082540761,SELL,0.7426081481136454
20260818-194618,1787082540815,SELL,0.7426081481136454
20260818-194618,1787082540917,SELL,0.7426081481136454
20260818-194618,1787082540810,SELL,0.7426081481136454
20260818-194618,1787082541019,SELL,0.7426081481136454
20260818-194618,1787082540940,SELL,0.7426081481136454
20260818-194618,1787082541121,SELL,0.7426081481136454
20260818-194618,1787082541223,SELL,0.7426081481136454
20260818-194618,1787082541325,SELL,0.7426081481136454
20260818-194618,1787082541217,SELL,0.7426081481136454
20260818-194618,1787082541427,SELL,0.7426081481136454
20260818-194618,1787082541529,SELL,0.7426081481136454
20260818-194618,1787082541631,SELL,0.7426081481136454
20260818-194618,1787082541733,SELL,0.7426081481136454
20260818-194618,1787082541648,SELL,0.7426081481136454
20260818-194618,1787082541835,SELL,0.7426081481136454
20260818-194618,1787082541937,SELL,0.7426081481136454
20260818-194618,1787082541910,SELL,0.7426081481136454
20260818-194618,1787082542039,SELL,0.7426081481136454
20260818-194618,1787082542141,SELL,0.7426081481136454
20260818-194618,1787082542024,SELL,0.7426081481136454
20260818-194618,1787082542243,SELL,0.7426081481136454
20260818-194618,1787082542345,SELL,0.7426081481136454
20260818-194618,1787082542419,SELL,0.7426081481136454
20260818-194618,1787082542419,SELL,0.7426081481136454
20260818-194618,1787082542419,SELL,0.7426081481136454
20260818-194618,1787082542419,SELL,0.7426081481136454
20260818-194618,1787082542419,SELL,0.7426081481136454
20260818-194618,1787082542419,SELL,0.7426081481136454
20260818-194618,1787082542419,SELL,0.7426081481136454
20260818-194618,1787082542419,SELL,0.7426081481136454
20260818-194618,1787082542428,SELL,0.7426081481136454
20260818-194618,1787082542435,SELL,0.7426081481136454
20260818-194618,1787082542435,SELL,0.7426081481136454
20260818-194618,1787082542435,SELL,0.7426081481136454
20260818-194618,1787082542435,SELL,0.7426081481136454
20260818-194618,1787082542435,SELL,0.7426081481136454
20260818-194618,1787082542435,SELL,0.7426081481136454
20260818-194618,1787082542435,SELL,0.7426081481136454
20260818-194618,1787082542435,SELL,0.7426081481136454
20260818-194618,1787082542435,SELL,0.7426081481136454
20260818-194618,1787082542435,SELL,0.7426081481136454
20260818-194618,1787082542435,SELL,0.7426081481136454
20260818-194618,1787082542435,SELL,0.7426081481136454
20260818-194618,1787082542435,SELL,0.7426081481136454
20260818-194618,1787082542435,SELL,0.7426081481136454
20260818-194618,1787082542435,SELL,0.7426081481136454
20260818-194618,1787082542435,SELL,0.7426081481136454
20260818-194618,1787082542435,SELL,0.7426081481136454
20260818-194618,1787082542435,SELL,0.7426081481136454
20260818-194618,1787082542435,SELL,0.7426081481136454
20260818-194618,1787082542435,SELL,0.7426081481136454
20260818-194618,1787082542435,SELL,0.7426081481136454
20260818-194618,1787082542435,SELL,0.7426081481136454
20260818-194618,1787082542437,SELL,0.12377568442196529
20260818-194618,1787082542447,SELL,0.12377568442196529
20260818-194618,1787082542437,SELL,0.12377568442196529
20260818-194618,1787082542446,SELL,0.12377568442196529
20260818-194618,1787082542446,SELL,0.12377568442196529
20260818-194618,1787082542446,SELL,0.12377568442196529
20260818-194618,1787082542449,SELL,0.12377568442196529
20260818-194618,1787082542449,SELL,0.12377568442196529
20260818-194618,1787082542449,SELL,0.12377568442196529
20260818-194618,1787082542449,SELL,0.12377568442196529
20260818-194618,1787082542457,SELL,0.12377568442196529
20260818-194618,1787082542457,SELL,0.12377568442196529
20260818-194618,1787082542457,SELL,0.12377568442196529
20260818-194618,1787082542458,SELL,0.12377568442196529
20260818-194618,1787082542471,SELL,0.12377568442196529
20260818-194618,1787082542549,SELL,-0.0
20260818-194618,1787082542487,SELL,-0.0
20260818-194618,1787082542651,SELL,-0.0
20260818-194618,1787082542545,SELL,-0.0
20260818-194618,1787082542753,SELL,-0.0
20260818-194618,1787082542855,SELL,-0.0
20260818-194618,1787082542957,SELL,-0.0
20260818-194618,1787082543059,SELL,-0.0
20260818-194618,1787082542963,SELL,-0.0
20260818-194618,1787082543161,SELL,-0.0
20260818-194618,1787082543263,SELL,-0.0
20260818-194618,1787082543365,SELL,-0.0
20260818-194618,1787082543467,SELL,-0.0
20260818-194618,1787082543569,SELL,-0.0
20260818-194618,1787082543474,SELL,-0.0
20260818-194618,1787082543671,SELL,-0.0
20260818-194618,1787082543773,SELL,-0.0
20260818-194618,1787082543643,SELL,-0.0
20260818-194618,1787082543875,SELL,-0.0
20260818-194618,1787082543977,SELL,-0.0
20260818-194618,1787082544079,SELL,-0.0
20260818-194618,1787082544181,SELL,-0.0
20260818-194618,1787082544283,SELL,0.34038734532637954
20260818-194618,1787082544200,SELL,-0.0
20260818-194618,1787082544385,SELL,0.34038734532637954
20260818-194618,1787082544487,SELL,0.34038734532637954
20260818-194618,1787082544589,SELL,0.34038734532637954
20260818-194618,1787082544691,SELL,0.34038734532637954
20260818-194618,1787082544555,SELL,0.34038734532637954
20260818-194618,1787082544793,SELL,0.34038734532637954
20260818-194618,1787082544895,SELL,0.34038734532637954
20260818-194618,1787082544756,SELL,0.34038734532637954
20260818-194618,1787082544997,SELL,0.34038734532637954
20260818-194618,1787082545099,SELL,0.34038734532637954
20260818-194618,1787082545201,SELL,0.34038734532637954
20260818-194618,1787082545303,SELL,0.34038734532637954
20260818-194618,1787082545405,SELL,0.34038734532637954
20260818-194618,1787082545507,SELL,0.34038734532637954
20260818-194618,1787082545609,SELL,0.34038734532637954
20260818-194618,1787082545498,SELL,0.34038734532637954
20260818-194618,1787082545711,SELL,0.34038734532637954
20260818-194618,1787082545813,SELL,0.34038734532637954
20260818-194618,1787082545915,SELL,0.34038734532637954
20260818-194618,1787082546017,SELL,0.34038734532637954
20260818-194618,1787082546119,SELL,0.34038734532637954
20260818-194618,1787082546122,SELL,0.34038734532637954
20260818-194618,1787082546125,SELL,0.34038734532637954
20260818-194618,1787082546210,SELL,-0.0
20260818-194618,1787082546210,SELL,-0.0
20260818-194618,1787082546210,SELL,-0.0
20260818-194618,1787082546210,SELL,-0.0
20260818-194618,1787082546210,SELL,-0.0
20260818-194618,1787082546210,SELL,-0.0
20260818-194618,1787082546210,SELL,-0.0
20260818-194618,1787082546210,SELL,-0.0
20260818-194618,1787082546210,SELL,-0.0
20260818-194618,1787082546210,SELL,-0.0
20260818-194618,1787082546210,SELL,-0.0
20260818-194618,1787082546210,SELL,-0.0
20260818-194618,1787082546210,SELL,-0.0
20260818-194618,1787082546221,SELL,-0.0
20260818-194618,1787082546323,SELL,-0.0
20260818-194618,1787082546210,SELL,-0.0
20260818-194618,1787082546425,SELL,-0.0
20260818-194618,1787082546462,SELL,-0.0
20260818-194618,1787082546464,SELL,-0.0
20260818-194618,1787082546527,SELL,-0.0
20260818-194618,1787082546464,SELL,-0.0
20260818-194618,1787082546629,SELL,-0.0
20260818-194618,1787082546731,SELL,-0.0
20260818-194618,1787082546833,SELL,-0.0
20260818-194618,1787082546761,SELL,-0.0
20260818-194618,1787082546935,SELL,-0.0
20260818-194618,1787082547037,SELL,-0.0
20260818-194618,1787082547139,SELL,-0.0
20260818-194618,1787082547241,SELL,-0.0
20260818-194618,1787082547110,SELL,-0.0
20260818-194618,1787082547343,SELL,-0.0
20260818-194618,1787082547445,SELL,-0.0
20260818-194618,1787082547547,SELL,-0.0
20260818-194618,1787082547502,SELL,-0.0
20260818-194618,1787082547649,SELL,-0.0
20260818-194618,1787082547751,SELL,-0.0
20260818-194618,1787082547617,SELL,-0.0
20260818-194618,1787082547853,SELL,-0.0
20260818-194618,1787082547955,SELL,-0.0
20260818-194618,1787082547970,SELL,-0.0
20260818-194618,1787082548057,SELL,-0.0
20260818-194618,1787082548004,SELL,-0.0
20260818-194618,1787082548159,SELL,-0.0
20260818-194618,1787082548261,SELL,-0.0
20260818-194618,1787082548363,SELL,-0.0
20260818-194618,1787082548233,SELL,-0.0
20260818-194618,1787082548465,SELL,-0.0
20260818-194618,1787082548567,SELL,-0.0
20260818-194618,1787082548463,SELL,-0.0
20260818-194618,1787082548669,SELL,-0.0
20260818-194618,1787082548771,SELL,-0.0
20260818-194618,1787082548873,SELL,-0.0
20260818-194618,1787082548975,SELL,-0.0
20260818-194618,1787082549077,SELL,-0.0
20260818-194618,1787082549179,SELL,-0.0
20260818-194618,1787082549281,SELL,-0.0
20260818-194618,1787082549383,SELL,-0.0
20260818-194618,1787082549485,SELL,-0.0
20260818-194618,1787082549424,SELL,-0.0
20260818-194618,1787082549587,SELL,-0.0
20260818-194618,1787082549689,SELL,-0.0
20260818-194618,1787082549791,SELL,-0.0
20260818-194618,1787082549893,SELL,-0.0
20260818-194618,1787082549995,SELL,-0.0
20260818-194618,1787082550097,SELL,-0.0
20260818-194618,1787082550199,SELL,-0.0
20260818-194618,1787082550301,SELL,-0.0
20260818-194618,1787082550403,SELL,-0.0
20260818-194618,1787082550334,SELL,-0.0
20260818-194618,1787082550607,SELL,-0.0
20260818-194618,1787082551321,SELL,-0.0
20260818-194618,1787082551234,SELL,-0.0
20260818-194618,1787082551423,SELL,-0.0
20260818-194618,1787082551525,SELL,-0.0
20260818-194618,1787082551627,SELL,-0.0
20260818-194618,1787082551729,SELL,-0.0
20260818-194618,1787082551641,SELL,-0.0
20260818-194618,1787082551831,SELL,-0.0
20260818-194618,1787082551889,SELL,-0.0
20260818-194618,1787082551933,SELL,-0.0
20260818-194618,1787082552035,SELL,-0.0
20260818-194618,1787082551932,SELL,-0.0
20260818-194618,1787082552137,SELL,-0.0
20260818-194618,1787082552239,SELL,-0.0
20260818-194618,1787082552341,SELL,-0.0
20260818-194618,1787082552204,SELL,-0.0
20260818-194618,1787082552443,SELL,-0.0
20260818-194618,1787082552545,SELL,-0.0
20260818-194920,1787082561725,SELL,-0.0
20260818-194920,1787082561827,SELL,-0.0
20260818-194920,1787082561929,SELL,-0.0
20260818-194920,1787082562031,SELL,-0.0
20260818-194920,1787082562133,SELL,-0.0
20260818-194920,1787082561999,SELL,-0.0
20260818-194920,1787082562643,SELL,-0.0
20260818-194920,1787082562745,SELL,-0.0
20260818-194920,1787082562847,SELL,-0.0
20260818-194920,1787082562949,SELL,-0.0
20260818-194920,1787082563051,SELL,-0.0
20260818-194920,1787082562956,SELL,-0.0
20260818-194920,1787082563153,SELL,-0.0
20260818-194920,1787082563255,SELL,-0.0
20260818-194920,1787082563357,SELL,-0.0
20260818-194920,1787082563459,SELL,-0.0
20260818-194920,1787082563561,SELL,-0.0
20260818-194920,1787082563663,SELL,-0.0
20260818-194920,1787082563765,SELL,-0.0
20260818-194920,1787082563867,SELL,-0.0
20260818-194920,1787082563969,SELL,-0.0
20260818-194920,1787082564071,SELL,-0.0
20260818-194920,1787082564173,SELL,-0.0
20260818-194920,1787082564026,SELL,-0.0
20260818-194920,1787082564275,SELL,-0.0
20260818-194920,1787082564377,SELL,-0.0
20260818-194920,1787082564479,SELL,-0.0
20260818-194920,1787082564581,SELL,-0.0
20260818-194920,1787082564683,SELL,-0.0
20260818-194920,1787082564785,SELL,-0.0
20260818-194920,1787082564887,SELL,-0.0
20260818-194920,1787082564943,SELL,-0.0
20260818-194920,1787082564989,SELL,-0.0
20260818-194920,1787082564951,SELL,-0.0
20260818-194920,1787082565295,SELL,-0.0
20260818-194920,1787082565601,SELL,-0.0
20260818-194920,1787082565530,SELL,-0.0
20260818-194920,1787082565703,SELL,-0.0
20260818-194920,1787082565710,SELL,-0.0
20260818-194920,1787082565805,SELL,-0.0
20260818-194920,1787082565907,SELL,-0.0
20260818-194920,1787082565747,SELL,-0.0
20260818-194920,1787082566009,SELL,-0.0
20260818-194920,1787082566111,SELL,-0.0
20260818-194920,1787082565961,SELL,-0.0
20260818-194920,1787082566213,SELL,-0.0
20260818-194920,1787082566315,SELL,-0.0
20260818-194920,1787082566417,SELL,-0.0
20260818-194920,1787082566519,SELL,-0.0
20260818-194920,1787082566621,SELL,-0.0
20260818-194920,1787082566723,SELL,-0.0
20260818-194920,1787082566825,SELL,-0.0
20260818-194920,1787082568049,SELL,-0.0
20260818-194920,1787082567922,SELL,-0.0
20260818-194920,1787082568151,SELL,-0.0
20260818-194920,1787082568253,SELL,-0.0
20260818-194920,1787082568355,SELL,-0.0
20260818-194920,1787082568457,SELL,-0.0
20260818-194920,1787082568559,SELL,-0.0
20260818-194920,1787082568661,SELL,-0.0
20260818-194920,1787082568586,SELL,-0.0
20260818-194920,1787082568763,SELL,-0.0
20260818-194920,1787082568865,SELL,-0.0
20260818-194920,1787082568786,SELL,-0.0
20260818-194920,1787082568967,SELL,-0.0
20260818-194920,1787082569069,SELL,-0.0
20260818-194920,1787082568959,SELL,-0.0
20260818-194920,1787082569579,SELL,-0.0
20260818-194920,1787082569681,SELL,-0.0
20260818-194920,1787082569783,SELL,-0.0
20260818-194920,1787082569885,SELL,-0.0
20260818-194920,1787082569691,SELL,-0.0
20260818-194920,1787082569987,SELL,-0.0
20260818-194920,1787082569839,SELL,-0.0
20260818-194920,1787082570089,SELL,-0.0
20260818-194920,1787082570011,SELL,-0.0
20260818-194920,1787082570191,SELL,-0.0
20260818-194920,1787082570293,SELL,-0.0
20260818-194920,1787082570395,SELL,-0.0
20260818-194920,1787082570497,SELL,-0.0
20260818-194920,1787082570599,SELL,-0.0
20260818-194920,1787082570701,SELL,-0.0
20260818-194920,1787082570803,SELL,-0.0
20260818-194920,1787082570660,SELL,-0.0
20260818-194920,1787082570905,SELL,-0.0
20260818-194920,1787082571007,SELL,-0.0
20260818-194920,1787082571109,SELL,-0.0
20260818-194920,1787082571019,SELL,-0.0
20260818-194920,1787082571211,SELL,-0.0
20260818-194920,1787082571313,SELL,-0.0
20260818-194920,1787082571415,SELL,-0.0
20260818-194920,1787082571517,SELL,-0.0
20260818-194920,1787082571424,SELL,-0.0
20260818-194920,1787082571619,SELL,-0.0
20260818-194920,1787082571721,SELL,-0.0
20260818-194920,1787082571823,SELL,-0.0
20260818-194920,1787082571925,SELL,-0.0
20260818-194920,1787082572027,SELL,-0.0
20260818-194920,1787082572129,SELL,-0.0
20260818-194920,1787082572046,SELL,-0.0
20260818-194920,1787082572231,SELL,-0.0
20260818-194920,1787082572333,SELL,-0.0
20260818-194920,1787082572168,SELL,-0.0
20260818-194920,1787082572435,SELL,-0.0
20260818-194920,1787082572537,SELL,-0.0
20260818-194920,1787082572639,SELL,-0.0
20260818-194920,1787082572741,SELL,-0.0
20260818-194920,1787082572843,SELL,-0.0
20260818-194920,1787082572945,SELL,-0.0
20260818-194920,1787082573047,SELL,-0.0
20260818-194920,1787082572947,SELL,-0.0
20260818-194920,1787082573149,SELL,-0.0
20260818-194920,1787082573251,SELL,-0.0
20260818-194920,1787082573353,SELL,-0.0
20260818-194920,1787082573455,SELL,-0.0
20260818-194920,1787082573350,SELL,-0.0
20260818-194920,1787082573557,SELL,-0.0
20260818-194920,1787082573659,SELL,-0.0
20260818-194920,1787082573761,SELL,-0.0
20260818-194920,1787082573863,SELL,-0.0
20260818-194920,1787082573965,SELL,-0.0
20260818-194920,1787082574067,SELL,-0.0
20260818-194920,1787082573945,SELL,-0.0
20260818-194920,1787082574169,SELL,-0.0
20260818-194920,1787082574271,SELL,-0.0
20260818-194920,1787082574373,SELL,-0.0
20260818-194920,1787082577031,BUY,0.3094535746142854
20260818-194920,1787082577229,BUY,0.3094535746142854
20260818-194920,1787082577167,BUY,0.3094535746142854
20260818-194920,1787082577331,BUY,0.3094535746142854
20260818-194920,1787082577433,BUY,0.3094535746142854
20260818-194920,1787082577332,BUY,0.3094535746142854
20260818-194920,1787082577535,BUY,0.3094535746142854
20260818-194920,1787082577637,BUY,0.3094535746142854
20260818-194920,1787082577739,BUY,0.3094535746142854
20260818-194920,1787082577841,BUY,0.3094535746142854
20260818-194920,1787082577760,BUY,0.3094535746142854
20260818-194920,1787082577943,BUY,0.3094535746142854
20260818-194920,1787082578045,BUY,0.3094535746142854
20260818-194920,1787082577899,BUY,0.3094535746142854
20260818-194920,1787082578147,BUY,0.3094535746142854
20260818-194920,1787082578249,BUY,0.3094535746142854
20260818-194920,1787082578351,BUY,0.3094535746142854
20260818-194920,1787082578453,BUY,0.3094535746142854
20260818-194920,1787082578312,BUY,0.3094535746142854
20260818-194920,1787082578555,BUY,0.3094535746142854
20260818-194920,1787082578657,BUY,0.3094535746142854
20260818-194920,1787082578575,BUY,0.3094535746142854
20260818-194920,1787082578759,BUY,0.3094535746142854
20260818-194920,1787082578804,BUY,0.3094535746142854
20260818-194920,1787082578812,BUY,0.3094535746142854
20260818-194920,1787082578812,BUY,0.3094535746142854
20260818-194920,1787082578812,BUY,0.3094535746142854
20260818-194920,1787082578812,BUY,0.3094535746142854
20260818-194920,1787082578812,BUY,0.3094535746142854
20260818-194920,1787082578812,BUY,0.3094535746142854
20260818-194920,1787082578812,BUY,0.3094535746142854
20260818-194920,1787082578812,BUY,0.3094535746142854
20260818-194920,1787082578812,BUY,0.3094535746142854
20260818-194920,1787082578812,BUY,0.3094535746142854
20260818-194920,1787082578814,BUY,0.3094535746142854
20260818-194920,1787082578861,BUY,0.0
20260818-194920,1787082578963,BUY,0.0
20260818-194920,1787082579065,BUY,0.0
20260818-194920,1787082578940,BUY,0.0
20260818-194920,1787082579167,BUY,0.0
20260818-194920,1787082579269,BUY,0.0
20260818-194920,1787082579371,BUY,0.0
20260818-194920,1787082579473,BUY,0.0
20260818-194920,1787082579575,BUY,0.0
20260818-194920,1787082579677,BUY,0.0
20260818-194920,1787082579779,BUY,0.0
20260818-194920,1787082579621,BUY,0.0
20260818-194920,1787082579881,BUY,0.0
20260818-194920,1787082579983,BUY,0.0
20260818-194920,1787082579886,BUY,0.0
20260818-194920,1787082580085,BUY,0.0
20260818-194920,1787082580005,BUY,0.0
20260818-194920,1787082580187,BUY,0.0
20260818-194920,1787082580289,BUY,0.0
20260818-194920,1787082580391,BUY,0.0
20260818-194920,1787082580493,BUY,0.0
20260818-194920,1787082580595,BUY,0.0
20260818-194920,1787082580697,BUY,0.0
20260818-194920,1787082580799,BUY,0.0
20260818-194920,1787082580901,BUY,0.0
20260818-194920,1787082580821,BUY,0.0
20260818-194920,1787082581003,BUY,0.0
20260818-194920,1787082581105,BUY,0.0
20260818-194920,1787082581207,BUY,0.0
20260818-194920,1787082581309,BUY,0.0
20260818-194920,1787082581197,BUY,0.0
20260818-194920,1787082581411,BUY,0.0
20260818-194920,1787082581513,BUY,0.0
20260818-194920,1787082581615,BUY,0.0
20260818-194920,1787082581717,BUY,0.0
20260818-194920,1787082581819,BUY,0.0
20260818-194920,1787082581921,BUY,0.0
20260818-194920,1787082581835,BUY,0.0
20260818-194920,1787082582023,BUY,0.0
20260818-194920,1787082582125,BUY,0.0
20260818-194920,1787082582227,BUY,0.0
20260818-194920,1787082582329,BUY,0.0
20260818-194920,1787082582431,BUY,0.0
20260818-194920,1787082582533,BUY,0.0
20260818-194920,1787082582635,BUY,0.0
20260818-194920,1787082582737,BUY,0.603415797579402
20260818-194920,1787082582839,BUY,0.603415797579402
20260818-194920,1787082582941,BUY,1.268720394911981
20260818-194920,1787082582848,BUY,0.603415797579402
20260818-194920,1787082583043,BUY,1.4079701943526886
20260818-194920,1787082583145,BUY,1.4079701943526886
20260818-194920,1787082583247,BUY,1.4079701943526886
20260818-194920,1787082583125,BUY,1.4079701943526886
20260818-194920,1787082583349,BUY,1.4079701943526886
20260818-194920,1787082583451,BUY,1.4079701943526886
20260818-194920,1787082583553,BUY,1.4079701943526886
20260818-194920,1787082583655,BUY,1.4079701943526886
20260818-194920,1787082583757,BUY,1.4079701943526886
20260818-194920,1787082583859,BUY,1.4079701943526886
20260818-194920,1787082583801,BUY,1.4079701943526886
20260818-194920,1787082583961,BUY,1.4079701943526886
20260818-194920,1787082583866,BUY,1.4079701943526886
20260818-194920,1787082584063,BUY,1.4079701943526886
20260818-194920,1787082584165,BUY,1.4079701943526886
20260818-194920,1787082584066,BUY,1.4079701943526886
20260818-194920,1787082584267,BUY,1.4079701943526886
20260818-194920,1787082584369,BUY,1.4079701943526886
20260818-194920,1787082584471,BUY,1.4079701943526886
20260818-194920,1787082584573,BUY,1.4079701943526886
20260818-194920,1787082584584,BUY,1.4079701943526886
20260818-194920,1787082584643,BUY,1.4079701943526886
20260818-194920,1787082584644,BUY,1.4079701943526886
20260818-194920,1787082584644,BUY,1.4079701943526886
20260818-194920,1787082584644,BUY,1.4079701943526886
20260818-194920,1787082584644,BUY,1.4079701943526886
20260818-194920,1787082584644,BUY,1.4079701943526886
20260818-194920,1787082584646,BUY,1.4079701943526886
20260818-194920,1787082584646,BUY,1.4079701943526886
20260818-194920,1787082584646,BUY,1.4079701943526886
20260818-194920,1787082584646,BUY,1.4079701943526886
20260818-194920,1787082584646,BUY,1.4079701943526886
20260818-194920,1787082584646,BUY,1.4079701943526886
20260818-194920,1787082584649,BUY,1.4079701943526886
20260818-194920,1787082584653,BUY,1.4079701943526886
20260818-194920,1787082584653,BUY,1.4079701943526886
20260818-194920,1787082584653,BUY,1.4079701943526886
20260818-194920,1787082584653,BUY,1.4079701943526886
20260818-194920,1787082584653,BUY,1.4079701943526886
20260818-194920,1787082584653,BUY,1.4079701943526886
20260818-194920,1787082584653,BUY,1.4079701943526886
20260818-194920,1787082584653,BUY,1.4079701943526886
20260818-194920,1787082584653,BUY,1.4079701943526886
20260818-194920,1787082584653,BUY,1.4079701943526886
20260818-194920,1787082584653,BUY,1.4079701943526886
20260818-194920,1787082584653,BUY,1.4079701943526886
20260818-194920,1787082584653,BUY,1.4079701943526886
20260818-194920,1787082584675,BUY,0.8045058516192753
20260818-194920,1787082584777,BUY,0.8045058516192753
20260818-194920,1787082584658,BUY,0.8045058516192753
20260818-194920,1787082584809,BUY,0.8045058516192753
20260818-194920,1787082584812,BUY,0.8045058516192753
20260818-194920,1787082584834,BUY,0.8045058516192753
20260818-194920,1787082584834,BUY,0.8045058516192753
20260818-194920,1787082584834,BUY,0.8045058516192753
20260818-194920,1787082584834,BUY,0.8045058516192753
20260818-194920,1787082584834,BUY,0.8045058516192753
20260818-194920,1787082584834,BUY,0.8045058516192753
20260818-194920,1787082584834,BUY,0.8045058516192753
20260818-194920,1787082584834,BUY,0.8045058516192753
20260818-194920,1787082584834,BUY,0.8045058516192753
20260818-194920,1787082584834,BUY,0.8045058516192753
20260818-194920,1787082584834,BUY,0.8045058516192753
20260818-194920,1787082584834,BUY,0.8045058516192753
20260818-194920,1787082584834,BUY,0.8045058516192753
20260818-194920,1787082584834,BUY,0.8045058516192753
20260818-194920,1787082584834,BUY,0.8045058516192753
20260818-194920,1787082584835,BUY,0.8045058516192753
20260818-194920,1787082584835,BUY,0.8045058516192753
20260818-194920,1787082584835,BUY,0.8045058516192753
20260818-194920,1787082584835,BUY,0.8045058516192753
20260818-194920,1787082584835,BUY,0.8045058516192753
20260818-194920,1787082584835,BUY,0.8045058516192753
20260818-194920,1787082584835,BUY,0.8045058516192753
20260818-194920,1787082584835,BUY,0.8045058516192753
20260818-194920,1787082584835,BUY,0.8045058516192753
20260818-194920,1787082584835,BUY,0.8045058516192753
20260818-194920,1787082584835,BUY,0.8045058516192753
20260818-194920,1787082584835,BUY,0.8045058516192753
20260818-194920,1787082584835,BUY,0.8045058516192753
20260818-194920,1787082584846,BUY,0.8045058516192753
20260818-194920,1787082584855,BUY,0.13923213477580598
20260818-194920,1787082584855,BUY,0.13923213477580598
20260818-194920,1787082584879,BUY,0.13923213477580598
20260818-194920,1787082584855,BUY,0.13923213477580598
20260818-194920,1787082584919,BUY,0.13923213477580598
20260818-194920,1787082584919,BUY,0.13923213477580598
20260818-194920,1787082584919,BUY,0.13923213477580598
20260818-194920,1787082584933,BUY,0.13923213477580598
20260818-194920,1787082584970,BUY,0.13923213477580598
20260818-194920,1787082584982,BUY,0.0
20260818-194920,1787082584982,BUY,0.0
20260818-194920,1787082584981,BUY,0.06188047013597139
20260818-194920,1787082585083,BUY,0.0
20260818-194920,1787082584982,BUY,0.0
20260818-194920,1787082585185,BUY,0.0
20260818-194920,1787082585116,BUY,0.0
20260818-194920,1787082585287,BUY,0.0
20260818-194920,1787082585389,BUY,0.0
20260818-194920,1787082585491,BUY,0.0
20260818-194920,1787082585399,BUY,0.0
20260818-194920,1787082585593,BUY,0.0
20260818-194920,1787082585695,BUY,0.0
20260818-194920,1787082585693,BUY,0.0
20260818-194920,1787082585797,BUY,0.0
20260818-194920,1787082585899,BUY,0.0
20260818-194920,1787082585743,BUY,0.0
20260818-194920,1787082586001,BUY,0.0
20260818-194920,1787082585939,BUY,0.0
20260818-194920,1787082586103,BUY,0.0
20260818-194920,1787082586205,BUY,0.0
20260818-194920,1787082586070,BUY,0.0
20260818-194920,1787082586307,BUY,0.0
20260818-194920,1787082586409,BUY,0.0
20260818-194920,1787082586511,BUY,0.0
20260818-194920,1787082586613,BUY,0.0
20260818-194920,1787082586715,BUY,0.0
20260818-194920,1787082586693,BUY,0.0
20260818-194920,1787082586817,BUY,0.0
20260818-194920,1787082586715,BUY,0.0
20260818-194920,1787082586919,BUY,0.0
20260818-194920,1787082587021,BUY,0.0
20260818-194920,1787082586952,BUY,0.0
20260818-194920,1787082587123,BUY,0.0
20260818-194920,1787082587225,BUY,0.0
20260818-194920,1787082587327,BUY,0.0
20260818-194920,1787082587429,BUY,0.0
20260818-194920,1787082587531,BUY,0.0
20260818-194920,1787082587633,BUY,0.0
20260818-194920,1787082587553,BUY,0.0
20260818-194920,1787082587705,BUY,0.0
20260818-194920,1787082587735,BUY,0.0
20260818-194920,1787082587837,BUY,0.0
20260818-194920,1787082587725,BUY,0.0
20260818-194920,1787082587939,BUY,0.0
20260818-194920,1787082588041,BUY,0.0
20260818-194920,1787082588143,BUY,0.0
20260818-194920,1787082588066,BUY,0.0
20260818-194920,1787082588245,BUY,0.0
20260818-194920,1787082588347,BUY,0.0
20260818-194920,1787082588449,BUY,0.0
20260818-194920,1787082588551,BUY,0.0
20260818-194920,1787082588653,BUY,0.0
20260818-194920,1787082588755,BUY,0.0
20260818-194920,1787082588857,BUY,0.0
20260818-194920,1787082588959,BUY,0.0
20260818-194920,1787082589061,BUY,0.0
20260818-194920,1787082589163,BUY,0.0
20260818-194920,1787082589265,BUY,0.0
20260818-194920,1787082589367,BUY,0.0
20260818-194920,1787082589469,BUY,0.0
20260818-194920,1787082589571,BUY,0.0
20260818-194920,1787082589492,BUY,0.0
20260818-194920,1787082589673,BUY,0.0
20260818-194920,1787082589775,BUY,0.0
20260818-194920,1787082589877,BUY,0.0
20260818-194920,1787082589979,BUY,0.0
20260818-194920,1787082590081,BUY,0.0
20260818-194920,1787082590183,BUY,0.0
20260818-194920,1787082590070,BUY,0.0
20260818-194920,1787082590285,BUY,0.0
20260818-194920,1787082590387,BUY,0.0
20260818-194920,1787082590489,BUY,0.0
20260818-194920,1787082590591,BUY,0.0
20260818-194920,1787082590693,BUY,0.0
20260818-194920,1787082590539,BUY,0.0
20260818-194920,1787082590795,BUY,0.0
20260818-194920,1787082590897,BUY,0.0
20260818-194920,1787082590999,BUY,0.0
20260818-194920,1787082591101,BUY,0.0
20260818-194920,1787082591006,BUY,0.0
20260818-194920,1787082591203,BUY,0.0
20260818-194920,1787082591305,BUY,0.0
20260818-194920,1787082591407,BUY,0.0
20260818-194920,1787082591509,BUY,0.0
20260818-194920,1787082591611,BUY,0.0
20260818-194920,1787082591524,BUY,0.0
20260818-194920,1787082591713,BUY,0.0
20260818-194920,1787082591815,BUY,0.0
20260818-194920,1787082591917,BUY,0.0
20260818-194920,1787082592019,BUY,0.0
20260818-194920,1787082592121,BUY,0.0
20260818-194920,1787082592223,BUY,0.0
20260818-194920,1787082592070,BUY,0.0
20260818-194920,1787082592325,BUY,0.0
20260818-194920,1787082592427,BUY,0.0
20260818-194920,1787082592529,BUY,0.0
20260818-194920,1787082592465,BUY,0.0
20260818-194920,1787082592631,BUY,0.0
20260818-194920,1787082592733,BUY,0.0
20260818-194920,1787082592835,BUY,0.0
20260818-194920,1787082592762,BUY,0.0
20260818-194920,1787082592937,BUY,0.0
20260818-194920,1787082593039,BUY,0.0
20260818-194920,1787082593141,BUY,0.0
20260818-194920,1787082593243,BUY,0.0
20260818-194920,1787082593345,BUY,0.0
20260818-194920,1787082593447,BUY,0.0
20260818-194920,1787082593549,BUY,0.0
20260818-194920,1787082593651,BUY,0.0
20260818-194920,1787082593753,BUY,0.0
20260818-194920,1787082593855,BUY,0.0
20260818-194920,1787082593957,BUY,0.0
20260818-194920,1787082594059,BUY,0.0
20260818-194920,1787082594161,BUY,0.0
20260818-194920,1787082594071,BUY,0.0
20260818-194920,1787082594263,BUY,0.0
20260818-194920,1787082594365,BUY,0.0
20260818-194920,1787082594224,BUY,0.0
20260818-194920,1787082594467,BUY,0.0
20260818-194920,1787082594569,BUY,0.0
20260818-194920,1787082594671,BUY,0.0
20260818-194920,1787082594773,BUY,0.0
20260818-194920,1787082597833,BUY,0.0
20260818-194920,1787082597935,BUY,0.0
20260818-194920,1787082598037,BUY,0.0
20260818-194920,1787082598139,BUY,0.0
20260818-194920,1787082598241,BUY,0.0
20260818-194920,1787082598343,BUY,0.0
20260818-194920,1787082598445,BUY,0.0
20260818-194920,1787082598547,BUY,0.0
20260818-194920,1787082598649,BUY,0.0
20260818-194920,1787082598751,BUY,0.0
20260818-194920,1787082598853,BUY,0.0
20260818-194920,1787082598955,BUY,0.0
20260818-194920,1787082599057,BUY,0.0
20260818-194920,1787082599159,BUY,0.0
20260818-194920,1787082599261,BUY,0.0
20260818-194920,1787082599363,BUY,0.0
20260818-194920,1787082599465,BUY,0.0
20260818-194920,1787082599567,BUY,0.0
20260818-194920,1787082599669,BUY,0.0
20260818-194920,1787082599625,BUY,0.0
20260818-194920,1787082599771,BUY,0.0
20260818-194920,1787082599708,BUY,0.0
20260818-194920,1787082599873,BUY,0.0
20260818-194920,1787082599975,BUY,0.0
20260818-194920,1787082600077,BUY,0.6497409158116219
20260818-194920,1787082600179,BUY,0.7735010902497869
20260818-194920,1787082600281,BUY,0.7735010902497869
20260818-194920,1787082602117,BUY,0.12375213375569293
20260818-194920,1787082601812,BUY,0.12375213375569293
20260818-194920,1787082602033,BUY,0.12375213375569293
20260818-194920,1787082602089,BUY,0.12375213375569293
20260818-194920,1787082602089,BUY,0.12375213375569293
20260818-194920,1787082602090,BUY,0.12375213375569293
20260818-194920,1787082602090,BUY,0.12375213375569293
20260818-194920,1787082602090,BUY,0.12375213375569293
20260818-194920,1787082602090,BUY,0.12375213375569293
20260818-194920,1787082602090,BUY,0.12375213375569293
20260818-194920,1787082602093,BUY,0.12375213375569293
20260818-194920,1787082602093,BUY,0.12375213375569293
20260818-194920,1787082602093,BUY,0.12375213375569293
20260818-194920,1787082602093,BUY,0.12375213375569293
20260818-194920,1787082602093,BUY,0.12375213375569293
20260818-194920,1787082602093,BUY,0.12375213375569293
20260818-194920,1787082602093,BUY,0.12375213375569293
20260818-194920,1787082602093,BUY,0.12375213375569293
20260818-194920,1787082602093,BUY,0.12375213375569293
20260818-194920,1787082602093,BUY,0.12375213375569293
20260818-194920,1787082602093,BUY,0.12375213375569293
20260818-194920,1787082602097,BUY,0.12375213375569293
20260818-194920,1787082602097,BUY,0.12375213375569293
20260818-194920,1787082602097,BUY,0.12375213375569293
20260818-194920,1787082602097,BUY,0.12375213375569293
20260818-194920,1787082602097,BUY,0.12375213375569293
20260818-194920,1787082602097,BUY,0.12375213375569293
20260818-194920,1787082602097,BUY,0.12375213375569293
20260818-194920,1787082602097,BUY,0.12375213375569293
20260818-194920,1787082602097,BUY,0.12375213375569293
20260818-194920,1787082602097,BUY,0.12375213375569293
20260818-194920,1787082602097,BUY,0.12375213375569293
20260818-194920,1787082602097,BUY,0.12375213375569293
20260818-194920,1787082602114,BUY,0.12375213375569293
20260818-194920,1787082602114,BUY,0.12375213375569293
20260818-194920,1787082602114,BUY,0.12375213375569293
20260818-194920,1787082602114,BUY,0.12375213375569293
20260818-194920,1787082602114,BUY,0.12375213375569293
20260818-194920,1787082602114,BUY,0.12375213375569293
20260818-194920,1787082602152,BUY,0.12375213375569293
20260818-194920,1787082602152,BUY,0.12375213375569293
20260818-194920,1787082602167,BUY,0.12375213375569293
20260818-194920,1787082602173,BUY,0.12375213375569293
20260818-194920,1787082602219,BUY,0.0
20260818-194920,1787082602184,BUY,0.0
20260818-194920,1787082602199,BUY,0.0
20260818-194920,1787082602321,BUY,0.0
20260818-194920,1787082656177,BUY,0.0
20260818-194920,1787082656279,BUY,0.0
20260818-194920,1787082656381,BUY,0.0
20260818-194920,1787082658829,BUY,0.0
20260818-194920,1787082658730,BUY,0.0
20260818-194920,1787082658931,BUY,0.0
20260818-194920,1787082659033,BUY,0.0
20260818-194920,1787082659135,BUY,0.0
20260818-194920,1787082659237,BUY,0.0
20260818-194920,1787082659339,BUY,0.0
20260818-194920,1787082659441,BUY,0.0
20260818-194920,1787082659543,BUY,0.0
20260818-194920,1787082659645,BUY,0.0
20260818-194920,1787082659747,BUY,0.0
20260818-194920,1787082659849,BUY,0.0
20260818-194920,1787082659951,BUY,0.0
20260818-194920,1787082660053,BUY,0.0
20260818-194920,1787082660155,BUY,0.0
20260818-194920,1787082660257,BUY,0.0
20260818-194920,1787082660359,BUY,0.0
20260818-194920,1787082660461,BUY,0.0
20260818-194920,1787082660563,BUY,0.0
20260818-194920,1787082660665,BUY,0.0
20260818-194920,1787082660663,BUY,0.0
20260818-194920,1787082660767,BUY,0.0
20260818-194920,1787082660700,BUY,0.0
20260818-194920,1787082660869,BUY,0.0
20260818-194920,1787082660971,BUY,0.0
20260818-194920,1787082660821,BUY,0.0
20260818-194920,1787082661073,BUY,0.0
20260818-194920,1787082661175,BUY,0.0
20260818-194920,1787082661277,BUY,0.0
20260818-194920,1787082661379,BUY,0.0
20260818-194920,1787082661481,BUY,0.0
20260818-194920,1787082661583,BUY,0.0
20260818-194920,1787082661685,BUY,0.0
20260818-194920,1787082661787,BUY,0.0
20260818-194920,1787082661889,BUY,0.0
20260818-194920,1787082661991,BUY,0.0
20260818-194920,1787082662093,BUY,0.0
20260818-194920,1787082662195,BUY,0.0
20260818-194920,1787082662297,BUY,0.0
20260818-194920,1787082662399,BUY,0.0
20260818-194920,1787082662501,BUY,0.0
20260818-194920,1787082662603,BUY,0.0
20260818-194920,1787082662705,BUY,0.0
20260818-194920,1787082662807,BUY,0.0
20260818-194920,1787082662909,BUY,0.0
20260818-194920,1787082663011,BUY,0.0
20260818-194920,1787082663113,BUY,0.0
20260818-194920,1787082663215,BUY,0.24753758123383882
20260818-194920,1787082663317,BUY,0.24753758123383882
20260818-194920,1787082663419,BUY,0.24753758123383882
20260818-194920,1787082663521,BUY,0.24753758123383882
20260818-194920,1787082663488,BUY,0.24753758123383882
20260818-194920,1787082663623,BUY,0.24753758123383882
20260818-194920,1787082663725,BUY,0.24753758123383882
20260818-194920,1787082663570,BUY,0.24753758123383882
20260818-194920,1787082663827,BUY,0.24753758123383882
20260818-194920,1787082663929,BUY,0.24753758123383882
20260818-194920,1787082664031,BUY,0.24753758123383882
20260818-194920,1787082664133,BUY,0.24753758123383882
20260818-194920,1787082664235,BUY,0.24753758123383882
20260818-194920,1787082664337,BUY,0.24753758123383882
20260818-194920,1787082664439,BUY,0.24753758123383882
20260818-194920,1787082664541,BUY,0.24753758123383882
20260818-194920,1787082664643,BUY,0.24753758123383882
20260818-194920,1787082664745,BUY,0.24753758123383882
20260818-194920,1787082664847,BUY,0.24753758123383882
20260818-194920,1787082664896,BUY,0.24753758123383882
20260818-194920,1787082664949,BUY,0.24753758123383882
20260818-194920,1787082665051,BUY,0.24753758123383882
20260818-194920,1787082664939,BUY,0.24753758123383882
20260818-194920,1787082665109,BUY,0.24753758123383882
20260818-194920,1787082665115,BUY,0.24753758123383882
20260818-194920,1787082665115,BUY,0.24753758123383882
20260818-194920,1787082665118,BUY,0.24753758123383882
20260818-194920,1787082665118,BUY,0.24753758123383882
20260818-194920,1787082665119,BUY,0.24753758123383882
20260818-194920,1787082665119,BUY,0.24753758123383882
20260818-194920,1787082665121,BUY,0.24753758123383882
20260818-194920,1787082665121,BUY,0.24753758123383882
20260818-194920,1787082665153,BUY,0.0
20260818-194920,1787082665255,BUY,0.0
20260818-194920,1787082665164,BUY,0.0
20260818-194920,1787082665357,BUY,0.0
20260818-194920,1787082665459,BUY,0.0
20260818-194920,1787082665561,BUY,0.0
20260818-194920,1787082665663,BUY,0.0
20260818-194920,1787082665765,BUY,0.0
20260818-194920,1787082665867,BUY,0.0
20260818-194920,1787082665969,BUY,0.0
20260818-194920,1787082665878,BUY,0.0
20260818-194920,1787082666071,BUY,0.0
20260818-194920,1787082666173,BUY,0.0
20260818-194920,1787082666275,BUY,0.0
20260818-194920,1787082666377,BUY,0.0
20260818-194920,1787082666479,BUY,0.0
20260818-194920,1787082666581,BUY,0.0
20260818-194920,1787082666683,BUY,0.0
20260818-194920,1787082666785,BUY,0.0
20260818-194920,1787082666887,BUY,0.0
20260818-194920,1787082666989,BUY,0.0
20260818-194920,1787082667091,BUY,0.0
20260818-194920,1787082667193,BUY,0.0
20260818-194920,1787082667070,BUY,0.0
20260818-194920,1787082667229,BUY,0.0
20260818-194920,1787082667295,BUY,0.0
20260818-194920,1787082667397,BUY,0.0
20260818-194920,1787082667248,BUY,0.0
20260818-194920,1787082667499,BUY,0.0
20260818-194920,1787082667601,BUY,0.0
20260818-194920,1787082667703,BUY,0.0
20260818-194920,1787082667805,BUY,0.0
20260818-194920,1787082667907,BUY,0.0
20260818-194920,1787082668009,BUY,0.0
20260818-194920,1787082668111,BUY,0.3712971808479003
20260818-194920,1787082668213,BUY,0.3712971808479003
20260818-194920,1787082668078,BUY,0.0
20260818-194920,1787082668315,BUY,0.3712971808479003
20260818-194920,1787082668417,BUY,0.3712971808479003
20260818-194920,1787082668519,BUY,0.3712971808479003
20260818-194920,1787082668376,BUY,0.3712971808479003
20260818-194920,1787082668621,BUY,0.3712971808479003
20260818-194920,1787082668723,BUY,0.3712971808479003
20260818-194920,1787082668825,BUY,0.3712971808479003
20260818-194920,1787082668927,BUY,0.3712971808479003
20260818-194920,1787082669029,BUY,0.3712971808479003
20260818-194920,1787082669131,BUY,0.3712971808479003
20260818-194920,1787082669233,BUY,0.3712971808479003
20260818-194920,1787082669335,BUY,0.3712971808479003
20260818-194920,1787082669437,BUY,0.3712971808479003
20260818-194920,1787082669539,BUY,0.3712971808479003
20260818-194920,1787082669641,BUY,0.3712971808479003
20260818-194920,1787082669743,BUY,0.3712971808479003
20260818-194920,1787082669845,BUY,0.3712971808479003
20260818-194920,1787082669947,BUY,0.3712971808479003
20260818-194920,1787082670049,BUY,0.3712971808479003
20260818-194920,1787082670096,BUY,0.3712971808479003
20260818-194920,1787082670097,BUY,0.3712971808479003
20260818-194920,1787082670101,BUY,0.3712971808479003
20260818-194920,1787082670102,BUY,0.3712971808479003
20260818-194920,1787082670106,BUY,0.3712971808479003
20260818-194920,1787082670106,BUY,0.3712971808479003
20260818-194920,1787082670106,BUY,0.3712971808479003
20260818-194920,1787082670106,BUY,0.3712971808479003
20260818-194920,1787082670106,BUY,0.3712971808479003
20260818-194920,1787082670151,BUY,0.0
20260818-194920,1787082670253,BUY,0.0
20260818-194920,1787082670108,BUY,0.0
20260818-194920,1787082670355,BUY,0.0
20260818-194920,1787082670457,BUY,0.0
20260818-194920,1787082670559,BUY,0.0
20260818-194920,1787082670661,BUY,0.0
20260818-194920,1787082670763,BUY,0.0
20260818-194920,1787082670865,BUY,0.0
20260818-194920,1787082670967,BUY,0.0
20260818-194920,1787082671069,BUY,0.0
20260818-194920,1787082670917,BUY,0.0
20260818-194920,1787082671171,BUY,0.0
20260818-194920,1787082671273,BUY,0.0
20260818-194920,1787082671375,BUY,0.0
20260818-194920,1787082671477,BUY,0.0
20260818-194920,1787082671579,BUY,0.0
20260818-194920,1787082671681,BUY,0.0
20260818-194920,1787082671623,BUY,0.0
20260818-194920,1787082671783,BUY,0.0
20260818-194920,1787082671885,BUY,0.0
20260818-194920,1787082671987,BUY,0.0
20260818-194920,1787082672089,BUY,0.0
20260818-194920,1787082672191,BUY,0.0
20260818-194920,1787082672293,BUY,0.0
20260818-194920,1787082672183,BUY,0.0
20260818-194920,1787082672395,BUY,0.0
20260818-194920,1787082672497,BUY,0.0
20260818-194920,1787082672599,BUY,0.0
20260818-194920,1787082672701,BUY,0.0
20260818-194920,1787082672803,BUY,0.0
20260818-194920,1787082672905,BUY,0.0
20260818-194920,1787082672791,BUY,0.0
20260818-194920,1787082673007,BUY,0.0
20260818-194920,1787082673109,BUY,0.0
20260818-194920,1787082673211,BUY,0.0
20260818-194920,1787082673313,BUY,0.0
20260818-194920,1787082673415,BUY,0.0
20260818-194920,1787082673517,BUY,0.0
20260818-194920,1787082673576,BUY,0.0
20260818-194920,1787082673619,BUY,0.0
20260818-194920,1787082673721,BUY,0.0
20260818-194920,1787082673594,BUY,0.0
20260818-194920,1787082673823,BUY,0.0
20260818-194920,1787082673925,BUY,0.0
20260818-194920,1787082674027,BUY,0.0
20260818-194920,1787082674129,BUY,0.0
20260818-194920,1787082674231,BUY,0.0
20260818-194920,1787082674333,BUY,0.0
20260818-194920,1787082674435,BUY,0.0
20260818-194920,1787082674366,BUY,0.0
20260818-194920,1787082674537,BUY,0.0
20260818-194920,1787082674639,BUY,0.0
20260818-194920,1787082674741,BUY,0.0
20260818-194920,1787082674843,BUY,0.0
20260818-194920,1787082674945,BUY,0.0
20260818-194920,1787082675047,BUY,0.0
20260818-194920,1787082675149,BUY,0.0
20260818-194920,1787082675024,BUY,0.0
20260818-194920,1787082675251,BUY,0.0
20260818-194920,1787082675353,BUY,1.4232530149389961
20260818-194920,1787082675455,BUY,1.407782873471387
20260818-194920,1787082675557,BUY,0.8508577806689753
20260818-194920,1787082675659,BUY,0.8508577806689753
20260818-194920,1787082675761,BUY,0.8508577806689753
20260818-194920,1787082675863,BUY,0.8508577806689753
20260818-194920,1787082675965,BUY,0.8508577806689753
20260818-194920,1787082676067,BUY,0.8508577806689753
20260818-194920,1787082676169,BUY,0.8508577806689753
20260818-194920,1787082676271,BUY,0.8508577806689753
20260818-194920,1787082676373,BUY,0.8508577806689753
20260818-194920,1787082676475,BUY,0.8508577806689753
20260818-194920,1787082676577,BUY,0.8508577806689753
20260818-194920,1787082676679,BUY,0.8508577806689753
20260818-194920,1787082676781,BUY,0.8508577806689753
20260818-194920,1787082676883,BUY,0.8508577806689753
20260818-194920,1787082676985,BUY,0.8508577806689753
20260818-194920,1787082677087,BUY,0.8508577806689753
20260818-194920,1787082677022,BUY,0.8508577806689753
20260818-194920,1787082677189,BUY,0.8508577806689753
20260818-194920,1787082677230,BUY,0.8508577806689753
20260818-194920,1787082677278,BUY,0.8508577806689753
20260818-194920,1787082677278,BUY,0.8508577806689753
20260818-194920,1787082677278,BUY,0.8508577806689753
20260818-194920,1787082677278,BUY,0.8508577806689753
20260818-194920,1787082677278,BUY,0.8508577806689753
20260818-194920,1787082677278,BUY,0.8508577806689753
20260818-194920,1787082677278,BUY,0.8508577806689753
20260818-194920,1787082677278,BUY,0.8508577806689753
20260818-194920,1787082677278,BUY,0.8508577806689753
20260818-194920,1787082677278,BUY,0.8508577806689753
20260818-194920,1787082677278,BUY,0.8508577806689753
20260818-194920,1787082677278,BUY,0.8508577806689753
20260818-194920,1787082677278,BUY,0.8508577806689753
20260818-194920,1787082677278,BUY,0.8508577806689753
20260818-194920,1787082677278,BUY,0.8508577806689753
20260818-194920,1787082677278,BUY,0.8508577806689753
20260818-194920,1787082677278,BUY,0.8508577806689753
20260818-194920,1787082677278,BUY,0.8508577806689753
20260818-194920,1787082677278,BUY,0.8508577806689753
20260818-194920,1787082677278,BUY,0.8508577806689753
20260818-194920,1787082677278,BUY,0.8508577806689753
20260818-194920,1787082677278,BUY,0.8508577806689753
20260818-194920,1787082677278,BUY,0.8508577806689753
20260818-194920,1787082677278,BUY,0.8508577806689753
20260818-194920,1787082677278,BUY,0.8508577806689753
20260818-194920,1787082677278,BUY,0.8508577806689753
20260818-194920,1787082677279,BUY,0.8508577806689753
20260818-194920,1787082677279,BUY,0.8508577806689753
20260818-194920,1787082677279,BUY,0.8508577806689753
20260818-194920,1787082677279,BUY,0.8508577806689753
20260818-194920,1787082677279,BUY,0.8508577806689753
20260818-194920,1787082677279,BUY,0.8508577806689753
20260818-194920,1787082677279,BUY,0.8508577806689753
20260818-194920,1787082677279,BUY,0.8508577806689753
20260818-194920,1787082677279,BUY,0.8508577806689753
20260818-194920,1787082677279,BUY,0.8508577806689753
20260818-194920,1787082677279,BUY,0.8508577806689753
20260818-194920,1787082677279,BUY,0.8508577806689753
20260818-194920,1787082677279,BUY,0.8508577806689753
20260818-194920,1787082677279,BUY,0.8508577806689753
20260818-194920,1787082677279,BUY,0.8508577806689753
20260818-194920,1787082677279,BUY,0.8508577806689753
20260818-194920,1787082677279,BUY,0.8508577806689753
20260818-194920,1787082677279,BUY,0.8508577806689753
20260818-194920,1787082677279,BUY,0.8508577806689753
20260818-194920,1787082677279,BUY,0.8508577806689753
20260818-194920,1787082677279,BUY,0.8508577806689753
20260818-194920,1787082677279,BUY,0.8508577806689753
20260818-194920,1787082677280,BUY,0.8508577806689753
20260818-194920,1787082677280,BUY,0.8508577806689753
20260818-194920,1787082677280,BUY,0.8508577806689753
20260818-194920,1787082677284,BUY,0.8508577806689753
20260818-194920,1787082677284,BUY,0.8508577806689753
20260818-194920,1787082677284,BUY,0.8508577806689753
20260818-194920,1787082677284,BUY,0.8508577806689753
20260818-194920,1787082677284,BUY,0.8508577806689753
20260818-194920,1787082677284,BUY,0.8508577806689753
20260818-194920,1787082677284,BUY,0.8508577806689753
20260818-194920,1787082677284,BUY,0.8508577806689753
20260818-194920,1787082677284,BUY,0.8508577806689753
20260818-194920,1787082677285,BUY,0.8508577806689753
20260818-194920,1787082677285,BUY,0.8508577806689753
20260818-194920,1787082677285,BUY,0.8508577806689753
20260818-194920,1787082677291,BUY,-0.41764083970737936
20260818-194920,1787082677286,BUY,-0.41764083970737936
20260818-194920,1787082677286,BUY,-0.41764083970737936
20260818-194920,1787082677286,BUY,-0.41764083970737936
20260818-194920,1787082677286,BUY,-0.41764083970737936
20260818-194920,1787082677286,BUY,-0.41764083970737936
20260818-194920,1787082677286,BUY,-0.41764083970737936
20260818-194920,1787082677286,BUY,-0.41764083970737936
20260818-194920,1787082677286,BUY,-0.41764083970737936
20260818-194920,1787082677286,BUY,-0.41764083970737936
20260818-194920,1787082677286,BUY,-0.41764083970737936
20260818-194920,1787082677286,BUY,-0.41764083970737936
20260818-194920,1787082677286,BUY,-0.41764083970737936
20260818-194920,1787082677288,BUY,-0.41764083970737936
20260818-194920,1787082677290,BUY,-0.41764083970737936
20260818-194920,1787082677292,BUY,-0.41764083970737936
20260818-194920,1787082677296,BUY,-0.41764083970737936
20260818-194920,1787082677296,BUY,-0.41764083970737936
20260818-194920,1787082677296,BUY,-0.41764083970737936
20260818-194920,1787082677296,BUY,-0.41764083970737936
20260818-194920,1787082677308,BUY,-0.41764083970737936
20260818-194920,1787082677312,BUY,-0.41764083970737936
20260818-194920,1787082677312,BUY,-0.41764083970737936
20260818-194920,1787082677312,BUY,-0.41764083970737936
20260818-194920,1787082677312,BUY,-0.41764083970737936
20260818-194920,1787082677325,BUY,-0.41764083970737936
20260818-194920,1787082677326,BUY,-0.41764083970737936
20260818-194920,1787082685043,BUY,0.0
20260818-194920,1787082685247,BUY,0.0
20260818-194920,1787082685349,BUY,0.0
20260818-194920,1787082685221,BUY,0.0
20260818-194920,1787082685451,BUY,0.0
20260818-194920,1787082685553,BUY,0.0
20260818-194920,1787082685655,BUY,0.0
20260818-194920,1787082685757,BUY,0.0
20260818-194920,1787082685859,BUY,0.0
20260818-194920,1787082685736,BUY,0.0
20260818-194920,1787082685961,BUY,0.0
20260818-194920,1787082686573,BUY,0.0
20260818-194920,1787082686675,BUY,0.0
20260818-194920,1787082686559,BUY,0.0
20260818-194920,1787082686777,BUY,0.0
20260818-194920,1787082686700,BUY,0.0
20260818-194920,1787082686879,BUY,0.0
20260818-194920,1787082686981,BUY,0.0
20260818-194920,1787082687083,BUY,0.0
20260818-194920,1787082687185,BUY,0.0
20260818-194920,1787082687287,BUY,0.0
20260818-194920,1787082687389,BUY,0.0
20260818-194920,1787082728495,BUY,0.0
20260818-194920,1787082728597,BUY,0.0
20260818-194920,1787082728464,BUY,0.0
20260818-194920,1787082728699,BUY,0.0
20260818-194920,1787082728801,BUY,0.0
20260818-194920,1787082728903,BUY,0.0
20260818-194920,1787082729005,BUY,0.0
20260818-194920,1787082729107,BUY,0.0
20260818-194920,1787082729209,BUY,0.0
20260818-194920,1787082729311,BUY,0.0
20260818-194920,1787082729413,BUY,0.0
20260818-194920,1787082729348,BUY,0.0
20260818-194920,1787082729515,BUY,0.0
20260818-194920,1787082729617,BUY,0.0
20260818-194920,1787082729719,BUY,0.0
20260818-194920,1787082729821,BUY,0.0
20260818-194920,1787082729923,BUY,0.0
20260818-194920,1787082730025,BUY,0.0
20260818-194920,1787082730127,BUY,0.0
20260818-194920,1787082729986,BUY,0.0
20260818-194920,1787082730229,BUY,0.0
20260818-194920,1787082730331,BUY,0.0
20260818-194920,1787082730190,BUY,0.0
20260818-194920,1787082730433,BUY,0.0
20260818-194920,1787082730535,BUY,0.0
20260818-194920,1787082730637,BUY,0.0
20260818-194920,1787082730739,BUY,0.0
20260818-194920,1787082730841,BUY,0.0
20260818-194920,1787082730943,BUY,0.0
20260818-194920,1787082731045,BUY,0.0
20260818-194920,1787082730915,BUY,0.0
20260818-194920,1787082731147,BUY,0.0
20260818-194920,1787082731249,BUY,0.0
20260818-194920,1787082731351,BUY,0.0
20260818-194920,1787082731453,BUY,0.0
20260818-194920,1787082731555,BUY,0.0
20260818-194920,1787082731480,BUY,0.0
20260818-194920,1787082731657,BUY,0.0
20260818-194920,1787082731759,BUY,0.0
20260818-194920,1787082731616,BUY,0.0
20260818-194920,1787082731861,BUY,0.0
20260818-194920,1787082731963,BUY,0.0
20260818-194920,1787082732065,BUY,0.0
20260818-194920,1787082732167,BUY,0.0
20260818-194920,1787082732269,BUY,0.0
20260818-194920,1787082732371,BUY,0.0
20260818-194920,1787082732473,BUY,0.0
20260818-194920,1787082732575,BUY,0.0
20260818-194920,1787082732677,BUY,0.0
20260818-194920,1787082732779,BUY,0.0
20260818-194920,1787082732881,BUY,0.0
20260818-194920,1787082732983,BUY,0.0
20260818-194920,1787082733085,BUY,0.0
20260818-194920,1787082733187,BUY,0.0
20260818-194920,1787082733289,BUY,0.0
20260818-194920,1787082733391,BUY,0.0
20260818-194920,1787082733493,BUY,0.0
20260818-194920,1787082733595,BUY,0.0
20260818-194920,1787082733697,BUY,0.0
20260818-194920,1787082733799,BUY,0.0
20260818-194920,1787082733644,BUY,0.0
20260818-194920,1787082733901,BUY,0.0
20260818-194920,1787082734003,BUY,0.0
20260818-194920,1787082733851,BUY,0.0
20260818-194920,1787082734105,BUY,0.0
20260818-194920,1787082734207,BUY,0.0
20260818-194920,1787082734309,BUY,0.0
20260818-194920,1787082734411,BUY,0.0
20260818-194920,1787082734322,BUY,0.0
20260818-194920,1787082734513,BUY,0.0
20260818-194920,1787082734615,BUY,0.0
20260818-194920,1787082734717,BUY,0.0
20260818-194920,1787082734819,BUY,0.0
20260818-194920,1787082734921,BUY,0.0
20260818-194920,1787082735023,BUY,0.0
20260818-194920,1787082735125,BUY,0.0
20260818-194920,1787082735227,BUY,0.0
20260818-194920,1787082735329,BUY,0.0
20260818-194920,1787082735431,BUY,0.0
20260818-194920,1787082735533,BUY,0.0
20260818-194920,1787082735635,BUY,0.0
20260818-194920,1787082735505,BUY,0.0
20260818-194920,1787082735737,BUY,0.0
20260818-194920,1787082735839,BUY,0.0
20260818-194920,1787082735941,BUY,0.0
20260818-194920,1787082736043,BUY,0.0
20260818-194920,1787082736145,BUY,0.0
20260818-194920,1787082736247,BUY,0.0
20260818-194920,1787082736108,BUY,0.0
20260818-194920,1787082736349,BUY,0.0
20260818-194920,1787082736451,BUY,0.0
20260818-194920,1787082736553,BUY,0.0
20260818-194920,1787082736655,BUY,0.0
20260818-194920,1787082736757,BUY,0.0
20260818-194920,1787082736859,BUY,0.0
20260818-194920,1787082736961,BUY,0.0
20260818-194920,1787082737063,BUY,0.0
20260818-194920,1787082737165,BUY,0.0
20260818-194920,1787082737267,BUY,0.0
20260818-194920,1787082737369,BUY,0.0
20260818-194920,1787082737471,BUY,0.0
20260818-194920,1787082737573,BUY,0.0
20260818-194920,1787082737675,BUY,0.0
20260818-194920,1787082737777,BUY,0.0
20260818-194920,1787082737682,BUY,0.0
20260818-194920,1787082737879,BUY,0.0
20260818-194920,1787082737981,BUY,0.0
20260818-194920,1787082738083,BUY,0.0
20260818-194920,1787082738185,BUY,0.0
20260818-194920,1787082738287,BUY,0.0
20260818-194920,1787082738389,BUY,0.0
20260818-194920,1787082738491,BUY,0.0
20260818-195221,1787082743374,BUY,0.30936789178929885
20260818-195221,1787082743591,BUY,0.30936789178929885
20260818-195221,1787082743607,BUY,0.30936789178929885
20260818-195221,1787082743610,BUY,0.30936789178929885
20260818-195221,1787082743610,BUY,0.30936789178929885
20260818-195221,1787082743610,BUY,0.30936789178929885
20260818-195221,1787082743611,BUY,0.30936789178929885
20260818-195221,1787082743611,BUY,0.30936789178929885
20260818-195221,1787082743611,BUY,0.30936789178929885
20260818-195221,1787082743611,BUY,0.30936789178929885
20260818-195221,1787082743611,BUY,0.30936789178929885
20260818-195221,1787082743611,BUY,0.30936789178929885
20260818-195221,1787082743611,BUY,0.30936789178929885
20260818-195221,1787082743611,BUY,0.30936789178929885
20260818-195221,1787082743611,BUY,0.30936789178929885
20260818-195221,1787082743611,BUY,0.30936789178929885
20260818-195221,1787082743693,BUY,0.0
20260818-195221,1787082743645,BUY,0.0
20260818-195221,1787082743795,BUY,0.0
20260818-195221,1787082743897,BUY,0.0
20260818-195221,1787082743999,BUY,0.0
20260818-195221,1787082744101,BUY,0.0
20260818-195221,1787082743980,BUY,0.0
20260818-195221,1787082744203,BUY,0.0
20260818-195221,1787082744305,BUY,0.0
20260818-195221,1787082744232,BUY,0.0
20260818-195221,1787082744407,BUY,0.0
20260818-195221,1787082744509,BUY,0.0
20260818-195221,1787082744611,BUY,0.0
20260818-195221,1787082744713,BUY,0.0
20260818-195221,1787082744815,BUY,0.0
20260818-195221,1787082744917,BUY,0.0
20260818-195221,1787082745019,BUY,0.0
20260818-195221,1787082745121,BUY,0.0
20260818-195221,1787082745223,BUY,0.0
20260818-195221,1787082745325,BUY,0.0
20260818-195221,1787082745427,BUY,0.0
20260818-195221,1787082745529,BUY,0.0
20260818-195221,1787082745631,BUY,0.0
20260818-195221,1787082745733,BUY,0.0
20260818-195221,1787082745835,BUY,0.0
20260818-195221,1787082745937,BUY,0.0
20260818-195221,1787082746039,BUY,0.0
20260818-195221,1787082746141,BUY,0.0
20260818-195221,1787082746243,BUY,0.0
20260818-195221,1787082746345,BUY,0.0
20260818-195221,1787082746447,BUY,0.0
20260818-195221,1787082746549,BUY,0.0
20260818-195221,1787082746651,BUY,0.0
20260818-195221,1787082746753,BUY,0.0
20260818-195221,1787082746855,BUY,0.0
20260818-195221,1787082746957,BUY,0.0
20260818-195221,1787082747059,BUY,0.0
20260818-195221,1787082747161,BUY,0.0
20260818-195221,1787082747263,BUY,0.0
20260818-195221,1787082747365,BUY,1.1291578725123392
20260818-195221,1787082747467,BUY,1.1291578725123392
20260818-195221,1787082747569,BUY,1.1291578725123392
20260818-195221,1787082747671,BUY,1.1291578725123392
20260818-195221,1787082747773,BUY,1.1291578725123392
20260818-195221,1787082747875,BUY,1.1291578725123392
20260818-195221,1787082747977,BUY,1.1291578725123392
20260818-195221,1787082748079,BUY,1.1291578725123392
20260818-195221,1787082748181,BUY,1.3921124455626028
20260818-195221,1787082748283,BUY,1.3921124455626028
20260818-195221,1787082748385,BUY,1.3921124455626028
20260818-195221,1787082748487,BUY,1.3921124455626028
20260818-195221,1787082748589,BUY,1.3921124455626028
20260818-195221,1787082748691,BUY,1.3921124455626028
20260818-195221,1787082748793,BUY,1.3921124455626028
20260818-195221,1787082748895,BUY,1.3921124455626028
20260818-195221,1787082748997,BUY,1.3921124455626028
20260818-195221,1787082749099,BUY,1.3921124455626028
20260818-195221,1787082749201,BUY,1.3921124455626028
20260818-195221,1787082749205,BUY,1.3921124455626028
20260818-195221,1787082749205,BUY,1.3921124455626028
20260818-195221,1787082749205,BUY,1.3921124455626028
20260818-195221,1787082749205,BUY,1.3921124455626028
20260818-195221,1787082749205,BUY,1.3921124455626028
20260818-195221,1787082749205,BUY,1.3921124455626028
20260818-195221,1787082749205,BUY,1.3921124455626028
20260818-195221,1787082749205,BUY,1.3921124455626028
20260818-195221,1787082749205,BUY,1.3921124455626028
20260818-195221,1787082749205,BUY,1.3921124455626028
20260818-195221,1787082749205,BUY,1.3921124455626028
20260818-195221,1787082749205,BUY,1.3921124455626028
20260818-195221,1787082749205,BUY,1.3921124455626028
20260818-195221,1787082749205,BUY,1.3921124455626028
20260818-195221,1787082749206,BUY,1.3921124455626028
20260818-195221,1787082749209,BUY,1.3921124455626028
20260818-195221,1787082749209,BUY,1.3921124455626028
20260818-195221,1787082749209,BUY,1.3921124455626028
20260818-195221,1787082749209,BUY,1.3921124455626028
20260818-195221,1787082749209,BUY,1.3921124455626028
20260818-195221,1787082749216,BUY,1.3921124455626028
20260818-195221,1787082749216,BUY,1.3921124455626028
20260818-195221,1787082749216,BUY,1.3921124455626028
20260818-195221,1787082749216,BUY,1.3921124455626028
20260818-195221,1787082749221,BUY,1.3921124455626028
20260818-195221,1787082749221,BUY,1.3921124455626028
20260818-195221,1787082749221,BUY,1.3921124455626028
20260818-195221,1787082749221,BUY,1.3921124455626028
20260818-195221,1787082749221,BUY,1.3921124455626028
20260818-195221,1787082749221,BUY,1.3921124455626028
20260818-195221,1787082749221,BUY,1.3921124455626028
20260818-195221,1787082749221,BUY,1.3921124455626028
20260818-195221,1787082749229,BUY,1.3921124455626028
20260818-195221,1787082749229,BUY,1.3921124455626028
20260818-195221,1787082749229,BUY,1.3921124455626028
20260818-195221,1787082749229,BUY,1.3921124455626028
20260818-195221,1787082749229,BUY,1.3921124455626028
20260818-195221,1787082749229,BUY,1.3921124455626028
20260818-195221,1787082749229,BUY,1.3921124455626028
20260818-195221,1787082749229,BUY,1.3921124455626028
20260818-195221,1787082749229,BUY,1.3921124455626028
20260818-195221,1787082749229,BUY,1.3921124455626028
20260818-195221,1787082749229,BUY,1.3921124455626028
20260818-195221,1787082749229,BUY,1.3921124455626028
20260818-195221,1787082749229,BUY,1.3921124455626028
20260818-195221,1787082749246,BUY,1.3921124455626028
20260818-195221,1787082749263,BUY,1.3921124455626028
20260818-195221,1787082749263,BUY,1.3921124455626028
20260818-195221,1787082749263,BUY,1.3921124455626028
20260818-195221,1787082749263,BUY,1.3921124455626028
20260818-195221,1787082749263,BUY,1.3921124455626028
20260818-195221,1787082749303,BUY,0.26292488467992214
20260818-195221,1787082749417,BUY,0.26292488467992214
20260818-195221,1787082749405,BUY,0.26292488467992214
20260818-195221,1787082749507,BUY,0.26292488467992214
20260818-195221,1787082749609,BUY,0.26292488467992214
20260818-195221,1787082749466,BUY,0.26292488467992214
20260818-195221,1787082749711,BUY,0.26292488467992214
20260818-195221,1787082749813,BUY,0.26292488467992214
20260818-195221,1787082749915,BUY,0.26292488467992214
20260818-195221,1787082750017,BUY,0.26292488467992214
20260818-195221,1787082750119,BUY,0.26292488467992214
20260818-195221,1787082750173,BUY,0.26292488467992214
20260818-195221,1787082750173,BUY,0.26292488467992214
20260818-195221,1787082750173,BUY,0.26292488467992214
20260818-195221,1787082750173,BUY,0.26292488467992214
20260818-195221,1787082750173,BUY,0.26292488467992214
20260818-195221,1787082750175,BUY,0.0
20260818-195221,1787082750221,BUY,0.0
20260818-195221,1787082750323,BUY,0.0
20260818-195221,1787082750175,BUY,0.0
20260818-195221,1787082750425,BUY,0.0
20260818-195221,1787082750527,BUY,0.0
20260818-195221,1787082750629,BUY,0.0
20260818-195221,1787082750527,BUY,0.0
20260818-195221,1787082750731,BUY,0.0
20260818-195221,1787082750833,BUY,0.0
20260818-195221,1787082750935,BUY,0.0
20260818-195221,1787082751037,BUY,0.0
20260818-195221,1787082751139,BUY,0.0
20260818-195221,1787082751241,BUY,0.0
20260818-195221,1787082751343,BUY,0.0
20260818-195221,1787082751445,BUY,0.0
20260818-195221,1787082751547,BUY,0.0
20260818-195221,1787082751413,BUY,0.0
20260818-195221,1787082751649,BUY,0.0
20260818-195221,1787082751751,BUY,0.0
20260818-195221,1787082751671,BUY,0.0
20260818-195221,1787082751853,BUY,0.0
20260818-195221,1787082751955,BUY,0.0
20260818-195221,1787082752057,BUY,0.0
20260818-195221,1787082752159,BUY,0.0
20260818-195221,1787082752261,BUY,0.0
20260818-195221,1787082752363,BUY,0.0
20260818-195221,1787082752465,BUY,0.0
20260818-195221,1787082752567,BUY,0.0
20260818-195221,1787082752669,BUY,0.0
20260818-195221,1787082752771,BUY,0.0
20260818-195221,1787082752873,BUY,0.0
20260818-195221,1787082752750,BUY,0.0
20260818-195221,1787082752975,BUY,0.0
20260818-195221,1787082753077,BUY,0.0
20260818-195221,1787082753179,BUY,0.0
20260818-195221,1787082753281,BUY,0.0
20260818-195221,1787082753139,BUY,0.0
20260818-195221,1787082753383,BUY,0.0
20260818-195221,1787082753485,BUY,0.0
20260818-195221,1787082753587,BUY,0.0
20260818-195221,1787082753689,BUY,0.0
20260818-195221,1787082753791,BUY,0.0
20260818-195221,1787082753893,BUY,0.0
20260818-195221,1787082753995,BUY,0.0
20260818-195221,1787082754097,BUY,0.0
20260818-195221,1787082754199,BUY,0.0
20260818-195221,1787082754301,BUY,0.0
20260818-195221,1787082754403,BUY,0.0
20260818-195221,1787082754505,BUY,0.0
20260818-195221,1787082754607,BUY,0.0
20260818-195221,1787082754709,BUY,0.0
20260818-195221,1787082754811,BUY,0.0
20260818-195221,1787082754913,BUY,0.0
20260818-195221,1787082755015,BUY,0.0
20260818-195221,1787082755117,BUY,0.0
20260818-195221,1787082755219,BUY,0.0
20260818-195221,1787082755321,BUY,0.0
20260818-195221,1787082755423,BUY,0.0
20260818-195221,1787082755525,BUY,0.0
20260818-195221,1787082755627,BUY,0.0
20260818-195221,1787082755729,BUY,0.0
20260818-195221,1787082755629,BUY,0.0
20260818-195221,1787082755831,BUY,0.0
20260818-195221,1787082755933,BUY,0.0
20260818-195221,1787082756035,BUY,0.0
20260818-195221,1787082756137,BUY,0.0
20260818-195221,1787082756239,BUY,0.0
20260818-195221,1787082756341,BUY,0.0
20260818-195221,1787082756443,BUY,0.0
20260818-195221,1787082756545,BUY,0.0
20260818-195221,1787082756647,BUY,0.0
20260818-195221,1787082756749,BUY,0.0
20260818-195221,1787082756851,BUY,0.0
20260818-195221,1787082756953,BUY,0.0
20260818-195221,1787082757055,BUY,0.0
20260818-195221,1787082756993,BUY,0.0
20260818-195221,1787082757157,BUY,0.0
20260818-195221,1787082757259,BUY,0.0
20260818-195221,1787082757361,BUY,0.0
20260818-195221,1787082757463,BUY,0.0
20260818-195221,1787082757565,BUY,0.0
20260818-195221,1787082757457,BUY,0.0
20260818-195221,1787082757667,BUY,0.0
20260818-195221,1787082757769,BUY,0.0
20260818-195221,1787082757871,BUY,0.0
20260818-195221,1787082757973,BUY,0.0
20260818-195221,1787082758075,BUY,0.0
20260818-195221,1787082758177,BUY,0.0
20260818-195221,1787082758279,BUY,0.0
20260818-195221,1787082758381,BUY,0.0
20260818-195221,1787082758483,BUY,0.0
20260818-195221,1787082758585,BUY,0.0
20260818-195221,1787082758687,BUY,0.0
20260818-195221,1787082758789,BUY,0.0
20260818-195221,1787082758891,BUY,0.0
20260818-195221,1787082758775,BUY,0.0
20260818-195221,1787082758993,BUY,0.0
20260818-195221,1787082759095,BUY,0.0
20260818-195221,1787082759197,BUY,0.0
20260818-195221,1787082759299,BUY,0.0
20260818-195221,1787082759401,BUY,0.0
20260818-195221,1787082759503,BUY,0.0
20260818-195221,1787082759605,BUY,0.0
20260818-195221,1787082759707,BUY,0.0
20260818-195221,1787082759809,BUY,0.0
20260818-195221,1787082759911,BUY,0.0
20260818-195221,1787082760013,BUY,0.0
20260818-195221,1787082760115,BUY,0.0
20260818-195221,1787082760039,BUY,0.0
20260818-195221,1787082760217,BUY,0.0
20260818-195221,1787082760319,BUY,0.0
20260818-195221,1787082760421,BUY,0.0
20260818-195221,1787082760523,BUY,0.0
20260818-195221,1787082760625,BUY,0.0
20260818-195221,1787082760727,BUY,0.0
20260818-195221,1787082760829,BUY,0.0
20260818-195221,1787082760931,BUY,0.0
20260818-195221,1787082761033,BUY,0.0
20260818-195221,1787082761135,BUY,0.0
20260818-195221,1787082761237,BUY,0.0
20260818-195221,1787082761339,BUY,0.0
20260818-195221,1787082761441,BUY,0.0
20260818-195221,1787082761543,BUY,0.0
20260818-195221,1787082761645,BUY,0.0
20260818-195221,1787082761747,BUY,0.0
20260818-195221,1787082761849,BUY,0.0
20260818-195221,1787082761951,BUY,0.0
20260818-195221,1787082762053,BUY,0.0
20260818-195221,1787082762155,BUY,0.0
20260818-195221,1787082762040,BUY,0.0
20260818-195221,1787082762257,BUY,0.0
20260818-195221,1787082762149,BUY,0.0
20260818-195221,1787082762359,BUY,0.0
20260818-195221,1787082762461,BUY,0.0
20260818-195221,1787082762563,BUY,0.0
20260818-195221,1787082762665,BUY,0.0
20260818-195221,1787082762767,BUY,0.0
20260818-195221,1787082762869,BUY,0.0
20260818-195221,1787082762971,BUY,0.0
20260818-195221,1787082763073,BUY,0.0
20260818-195221,1787082763175,BUY,0.0
20260818-195221,1787082763277,BUY,0.0
20260818-195221,1787082763379,BUY,0.0
20260818-195221,1787082763481,BUY,0.0
20260818-195221,1787082763583,BUY,0.0
20260818-195221,1787082763685,BUY,0.0
20260818-195221,1787082763787,BUY,0.0
20260818-195221,1787082763889,BUY,0.0
20260818-195221,1787082763991,BUY,0.0
20260818-195221,1787082764093,BUY,0.0
20260818-195221,1787082764195,BUY,0.0
20260818-195221,1787082764040,BUY,0.0
20260818-195221,1787082764297,BUY,0.0
20260818-195221,1787082764399,BUY,0.0
20260818-195221,1787082764501,BUY,0.0
20260818-195221,1787082764603,BUY,0.0
20260818-195221,1787082764705,BUY,0.0
20260818-195221,1787082764807,BUY,0.0
20260818-195221,1787082764688,BUY,0.0
20260818-195221,1787082764909,BUY,0.0
20260818-195221,1787082765011,BUY,0.0
20260818-195221,1787082765113,BUY,0.0
20260818-195221,1787082765215,BUY,0.0
20260818-195221,1787082765317,BUY,0.0
20260818-195221,1787082765419,BUY,0.0
20260818-195221,1787082765521,BUY,0.0
20260818-195221,1787082765623,BUY,0.0
20260818-195221,1787082765725,BUY,0.0
20260818-195221,1787082765590,BUY,0.0
20260818-195221,1787082765827,BUY,0.0
20260818-195221,1787082765929,BUY,0.0
20260818-195221,1787082766031,BUY,0.0
20260818-195221,1787082766133,BUY,0.0
20260818-195221,1787082766235,BUY,0.0
20260818-195221,1787082766040,BUY,0.0
20260818-195221,1787082766337,BUY,0.0
20260818-195221,1787082766347,BUY,0.0
20260818-195221,1787082766439,BUY,0.0
20260818-195221,1787082766377,BUY,0.0
20260818-195221,1787082766541,BUY,0.0
20260818-195221,1787082766643,BUY,0.0
20260818-195221,1787082766745,BUY,0.0
20260818-195221,1787082766847,BUY,0.0
20260818-195221,1787082766949,BUY,0.0
20260818-195221,1787082767051,BUY,0.0
20260818-195221,1787082767153,BUY,0.0
20260818-195221,1787082767255,BUY,0.0
20260818-195221,1787082767357,BUY,0.0
20260818-195221,1787082767459,BUY,0.0
20260818-195221,1787082767365,BUY,0.0
20260818-195221,1787082767561,BUY,0.0
20260818-195221,1787082767663,BUY,0.0
20260818-195221,1787082767765,BUY,0.0
20260818-195221,1787082767811,BUY,0.0
20260818-195221,1787082767867,BUY,0.0
20260818-195221,1787082767969,BUY,0.0
20260818-195221,1787082767814,BUY,0.0
20260818-195221,1787082768071,BUY,0.0
20260818-195221,1787082768173,BUY,0.0
20260818-195221,1787082768041,BUY,0.0
20260818-195221,1787082768275,BUY,0.0
20260818-195221,1787082768377,BUY,0.0
20260818-195221,1787082768479,BUY,0.0
20260818-195221,1787082768581,BUY,0.0
20260818-195221,1787082768683,BUY,0.0
20260818-195221,1787082768785,BUY,0.0
20260818-195221,1787082768637,BUY,0.0
20260818-195221,1787082768887,BUY,0.0
20260818-195221,1787082768989,BUY,0.0
20260818-195221,1787082769091,BUY,0.0
20260818-195221,1787082768958,BUY,0.0
20260818-195221,1787082769193,BUY,0.0
20260818-195221,1787082769098,BUY,0.0
20260818-195221,1787082769295,BUY,0.0
20260818-195221,1787082769397,BUY,0.0
20260818-195221,1787082769499,BUY,0.0
20260818-195221,1787082769601,BUY,0.0
20260818-195221,1787082769703,BUY,0.0
20260818-195221,1787082769805,BUY,0.0
20260818-195221,1787082769907,BUY,0.0
20260818-195221,1787082770009,BUY,0.0
20260818-195221,1787082770111,BUY,0.0
20260818-195221,1787082770042,BUY,0.0
20260818-195221,1787082770213,BUY,0.0
20260818-195221,1787082770315,BUY,0.0
20260818-195221,1787082770417,BUY,0.0
20260818-195221,1787082773783,BUY,0.0
20260818-195221,1787082773885,BUY,0.0
20260818-195221,1787082773987,BUY,0.0
20260818-195221,1787082774089,BUY,0.0
20260818-195221,1787082774013,BUY,0.0
20260818-195221,1787082774191,BUY,0.0
20260818-195221,1787082799489,BUY,0.0
20260818-195221,1787082800407,BUY,0.0
20260818-195221,1787082800509,BUY,0.0
20260818-195221,1787082800394,BUY,0.0
20260818-195221,1787082800611,BUY,0.0
20260818-195221,1787082800713,BUY,0.0
20260818-195221,1787082800815,BUY,0.0
20260818-195221,1787082800917,BUY,0.0
20260818-195221,1787082801019,BUY,0.0
20260818-195221,1787082801121,BUY,0.0
20260818-195221,1787082801017,BUY,0.0
20260818-195221,1787082801223,BUY,0.0
20260818-195221,1787082801325,BUY,0.0
20260818-195221,1787082801427,BUY,0.0
20260818-195221,1787082801529,BUY,0.0
20260818-195221,1787082801631,BUY,0.0
20260818-195221,1787082801733,BUY,0.0
20260818-195221,1787082801835,BUY,0.0
20260818-195221,1787082801937,BUY,0.0
20260818-195221,1787082802039,BUY,0.0
20260818-195221,1787082801963,BUY,0.0
20260818-195221,1787082802141,BUY,0.0
20260818-195221,1787082802243,BUY,0.0
20260818-195221,1787082802345,BUY,0.0
20260818-195221,1787082802447,BUY,0.0
20260818-195221,1787082802549,BUY,0.0
20260818-195221,1787082802489,BUY,0.0
20260818-195221,1787082802651,BUY,0.0
20260818-195221,1787082802753,BUY,0.0
20260818-195221,1787082802855,BUY,0.0
20260818-195221,1787082802957,BUY,0.0
20260818-195221,1787082803059,BUY,0.0
20260818-195221,1787082803161,BUY,0.0
20260818-195221,1787082803263,BUY,0.0
20260818-195221,1787082803365,BUY,0.0
20260818-195221,1787082803467,BUY,0.0
20260818-195221,1787082803569,BUY,0.0
20260818-195221,1787082803671,BUY,0.0
20260818-195221,1787082803773,BUY,0.0
20260818-195221,1787082803710,BUY,0.0
20260818-195221,1787082803875,BUY,0.0
20260818-195221,1787082803977,BUY,0.0
20260818-195221,1787082804079,BUY,0.0
20260818-195221,1787082804181,BUY,0.0
20260818-195221,1787082804283,BUY,0.0
20260818-195221,1787082804224,BUY,0.0
20260818-195221,1787082804385,BUY,0.0
20260818-195221,1787082804487,BUY,0.0
20260818-195221,1787082804589,BUY,0.0
20260818-195221,1787082804691,BUY,0.0
20260818-195221,1787082804793,BUY,0.0
20260818-195221,1787082804895,BUY,0.0
20260818-195221,1787082804761,BUY,0.0
20260818-195221,1787082804997,BUY,0.0
20260818-195221,1787082805099,BUY,0.0
20260818-195221,1787082805201,BUY,0.0
20260818-195221,1787082805303,BUY,0.0
20260818-195221,1787082805232,BUY,0.0
20260818-195221,1787082805405,BUY,0.0
20260818-195221,1787082805507,BUY,0.0
20260818-195221,1787082805609,BUY,0.0
20260818-195221,1787082805711,BUY,0.0
20260818-195221,1787082805632,BUY,0.0
20260818-195221,1787082805813,BUY,0.0
20260818-195221,1787082805915,BUY,0.0
20260818-195221,1787082806017,BUY,0.0
20260818-195221,1787082805883,BUY,0.0
20260818-195221,1787082806119,BUY,0.0
20260818-195221,1787082806221,BUY,0.0
20260818-195221,1787082806323,BUY,0.0
20260818-195221,1787082806425,BUY,0.0
20260818-195221,1787082806527,BUY,0.0
20260818-195221,1787082806629,BUY,0.0
20260818-195221,1787082806731,BUY,0.0
20260818-195221,1787082806833,BUY,0.0
20260818-195221,1787082806935,BUY,0.0
20260818-195221,1787082807037,BUY,0.0
20260818-195221,1787082806891,BUY,0.0
20260818-195221,1787082807139,BUY,0.0
20260818-195221,1787082807241,BUY,0.0
20260818-195221,1787082807343,BUY,0.0
20260818-195221,1787082807445,BUY,0.0
20260818-195221,1787082807297,BUY,0.0
20260818-195221,1787082807547,BUY,0.0
20260818-195221,1787082807649,BUY,0.0
20260818-195221,1787082807538,BUY,0.0
20260818-195221,1787082807751,BUY,0.0
20260818-195221,1787082807853,BUY,0.0
20260818-195221,1787082807955,BUY,0.0
20260818-195221,1787082808057,BUY,0.0
20260818-195221,1787082808159,BUY,0.0
20260818-195221,1787082808001,BUY,0.0
20260818-195221,1787082808261,BUY,0.0
20260818-195221,1787082808363,BUY,0.0
20260818-195221,1787082808465,BUY,0.0
20260818-195221,1787082808567,BUY,0.0
20260818-195221,1787082808669,BUY,0.0
20260818-195221,1787082808771,BUY,0.0
20260818-195221,1787082808873,BUY,0.0
20260818-195221,1787082808975,BUY,0.0
20260818-195221,1787082809077,BUY,0.0
20260818-195221,1787082809179,BUY,0.0
20260818-195221,1787082809281,BUY,0.0
20260818-195221,1787082809383,BUY,0.0
20260818-195221,1787082809485,BUY,0.0
20260818-195221,1787082809350,BUY,0.0
20260818-195221,1787082809587,BUY,0.0
20260818-195221,1787082809689,BUY,0.0
20260818-195221,1787082809791,BUY,0.0
20260818-195221,1787082809893,BUY,0.0
20260818-195221,1787082809995,BUY,0.0
20260818-195221,1787082810097,BUY,0.0
20260818-195221,1787082810199,BUY,0.0
20260818-195221,1787082810301,BUY,0.0
20260818-195221,1787082810403,BUY,0.0
20260818-195221,1787082810505,BUY,0.0
20260818-195221,1787082810607,BUY,0.0
20260818-195221,1787082810709,BUY,0.0
20260818-195221,1787082810811,BUY,0.0
20260818-195221,1787082810913,BUY,0.0
20260818-195221,1787082811015,BUY,0.0
20260818-195221,1787082811117,BUY,0.0
20260818-195221,1787082811219,BUY,0.0
20260818-195221,1787082811321,BUY,0.0
20260818-195221,1787082811423,BUY,0.0
20260818-195221,1787082811525,BUY,0.0
20260818-195221,1787082811627,BUY,0.0
20260818-195221,1787082811729,BUY,0.0
20260818-195221,1787082811831,BUY,0.0
20260818-195221,1787082811933,BUY,0.0
20260818-195221,1787082812035,BUY,0.0
20260818-195221,1787082812137,BUY,0.0
20260818-195221,1787082812239,BUY,0.0
20260818-195221,1787082812341,BUY,0.0
20260818-195221,1787082812443,BUY,0.0
20260818-195221,1787082812351,BUY,0.0
20260818-195221,1787082812545,BUY,0.0
20260818-195221,1787082812647,BUY,0.0
20260818-195221,1787082812749,BUY,0.0
20260818-195221,1787082812851,BUY,0.0
20260818-195221,1787082812953,BUY,0.0
20260818-195221,1787082813055,BUY,0.0
20260818-195221,1787082813157,BUY,0.0
20260818-195221,1787082813259,BUY,0.0
20260818-195221,1787082813361,BUY,0.0
20260818-195221,1787082813463,BUY,0.0
20260818-195221,1787082813565,BUY,0.0
20260818-195221,1787082813667,BUY,0.0
20260818-195221,1787082813769,BUY,0.0
20260818-195221,1787082813871,BUY,0.0
20260818-195221,1787082813973,BUY,0.0
20260818-195221,1787082814075,BUY,0.0
20260818-195221,1787082814177,BUY,0.0
20260818-195221,1787082814279,BUY,0.0
20260818-195221,1787082814381,BUY,0.0
20260818-195221,1787082814483,BUY,0.0
20260818-195221,1787082814585,BUY,0.0
20260818-195221,1787082814687,BUY,0.0
20260818-195221,1787082814789,BUY,0.0
20260818-195221,1787082814891,BUY,0.0
20260818-195221,1787082814827,BUY,0.0
20260818-195221,1787082814993,BUY,0.0
20260818-195221,1787082815095,BUY,0.0
20260818-195221,1787082815197,BUY,0.0
20260818-195221,1787082815299,BUY,0.0
20260818-195221,1787082815401,BUY,0.0
20260818-195221,1787082815503,BUY,0.0
20260818-195221,1787082815605,BUY,0.0
20260818-195221,1787082815572,BUY,0.0
20260818-195221,1787082815707,BUY,0.0
20260818-195221,1787082815809,BUY,0.0
20260818-195221,1787082815669,BUY,0.0
20260818-195221,1787082815911,BUY,0.0
20260818-195221,1787082816013,BUY,0.0
20260818-195221,1787082816115,BUY,0.0
20260818-195221,1787082816217,BUY,0.0
20260818-195221,1787082816319,BUY,0.0
20260818-195221,1787082816185,BUY,0.0
20260818-195221,1787082816421,BUY,0.0
20260818-195221,1787082816523,BUY,0.0
20260818-195221,1787082816625,BUY,0.0
20260818-195221,1787082816727,BUY,0.0
20260818-195221,1787082816829,BUY,0.0
20260818-195221,1787082816931,BUY,0.0
20260818-195221,1787082817033,BUY,0.0
20260818-195221,1787082817135,BUY,0.0
20260818-195221,1787082817237,BUY,0.0
20260818-195221,1787082817339,BUY,0.0
20260818-195221,1787082817441,BUY,0.0
20260818-195221,1787082817543,BUY,0.0
20260818-195221,1787082817645,BUY,0.0
20260818-195221,1787082817747,BUY,0.0
20260818-195221,1787082817849,BUY,0.0
20260818-195221,1787082817951,BUY,0.0
20260818-195221,1787082818053,BUY,0.0
20260818-195221,1787082818155,BUY,0.0
20260818-195221,1787082818257,BUY,0.0
20260818-195221,1787082818359,BUY,0.0
20260818-195221,1787082818461,BUY,0.0
20260818-195221,1787082818563,BUY,0.0
20260818-195221,1787082818665,BUY,0.0
20260818-195221,1787082818767,BUY,0.0
20260818-195221,1787082818869,BUY,0.0
20260818-195221,1787082818971,BUY,0.0
20260818-195221,1787082819073,BUY,0.0
20260818-195221,1787082819056,BUY,0.0
20260818-195221,1787082819175,BUY,0.0
20260818-195221,1787082819103,BUY,0.0
20260818-195221,1787082819277,BUY,0.0
20260818-195221,1787082819379,BUY,0.0
20260818-195221,1787082819481,BUY,0.0
20260818-195221,1787082819583,BUY,0.0
20260818-195221,1787082819685,BUY,0.0
20260818-195221,1787082819787,BUY,0.0
20260818-195221,1787082819889,BUY,0.0
20260818-195221,1787082819991,BUY,0.0
20260818-195221,1787082820093,BUY,0.0
20260818-195221,1787082820195,BUY,0.0
20260818-195221,1787082820297,BUY,0.0
20260818-195221,1787082820399,BUY,0.0
20260818-195221,1787082820501,BUY,0.0
20260818-195221,1787082820603,BUY,0.0
20260818-195221,1787082820705,BUY,0.0
20260818-195221,1787082820807,BUY,0.0
20260818-195221,1787082820909,BUY,0.0
20260818-195221,1787082821011,BUY,0.0
20260818-195221,1787082821057,BUY,0.0
20260818-195221,1787082821113,BUY,0.0
20260818-195221,1787082821100,BUY,0.0
20260818-195221,1787082821215,BUY,0.0
20260818-195221,1787082821317,BUY,0.0
20260818-195221,1787082821161,BUY,0.0
20260818-195221,1787082821419,BUY,0.0
20260818-195221,1787082821521,BUY,0.0
20260818-195221,1787082821623,BUY,0.0
20260818-195221,1787082821725,BUY,0.0
20260818-195221,1787082821827,BUY,0.0
20260818-195221,1787082821929,BUY,0.0
20260818-195221,1787082822031,BUY,0.0
20260818-195221,1787082821882,BUY,0.0
20260818-195221,1787082822133,BUY,0.0
20260818-195221,1787082822235,BUY,0.0
20260818-195221,1787082822337,BUY,0.0
20260818-195221,1787082822439,BUY,0.0
20260818-195221,1787082822541,BUY,0.0
20260818-195221,1787082822643,BUY,0.0
20260818-195221,1787082822745,BUY,0.0
20260818-195221,1787082822847,BUY,0.0
20260818-195221,1787082822949,BUY,0.0
20260818-195221,1787082823051,BUY,0.0
20260818-195221,1787082823153,BUY,0.0
20260818-195221,1787082823059,BUY,0.0
20260818-195221,1787082823255,BUY,0.0
20260818-195221,1787082823357,BUY,0.0
20260818-195221,1787082823459,BUY,0.0
20260818-195221,1787082823561,BUY,0.0
20260818-195221,1787082823663,BUY,0.0
20260818-195221,1787082823765,BUY,0.0
20260818-195221,1787082823867,BUY,0.0
20260818-195221,1787082823969,BUY,0.0
20260818-195221,1787082824071,BUY,0.0
20260818-195221,1787082824173,BUY,0.0
20260818-195221,1787082824275,BUY,0.0
20260818-195221,1787082824377,BUY,0.0
20260818-195221,1787082824479,BUY,0.0
20260818-195221,1787082824581,BUY,0.0
20260818-195221,1787082824683,BUY,0.0
20260818-195221,1787082824785,BUY,0.0
20260818-195221,1787082824887,BUY,0.0
20260818-195221,1787082824989,BUY,0.0
20260818-195221,1787082825091,BUY,0.0
20260818-195221,1787082825193,BUY,0.0
20260818-195221,1787082825059,BUY,0.0
20260818-195221,1787082825295,BUY,0.0
20260818-195221,1787082825397,BUY,0.0
20260818-195221,1787082825499,BUY,0.0
20260818-195221,1787082825601,BUY,0.0
20260818-195221,1787082825703,BUY,0.0
20260818-195221,1787082825805,BUY,0.0
20260818-195221,1787082825907,BUY,0.0
20260818-195221,1787082825813,BUY,0.0
20260818-195221,1787082826009,BUY,0.0
20260818-195221,1787082826111,BUY,0.0
20260818-195221,1787082826213,BUY,0.0
20260818-195221,1787082826174,BUY,0.0
20260818-195221,1787082826315,BUY,0.0
20260818-195221,1787082826417,BUY,0.0
20260818-195221,1787082826306,BUY,0.0
20260818-195221,1787082826519,BUY,0.0
20260818-195221,1787082826621,BUY,0.0
20260818-195221,1787082826723,BUY,0.0
20260818-195221,1787082826825,BUY,0.0
20260818-195221,1787082826927,BUY,0.0
20260818-195221,1787082827029,BUY,0.0
20260818-195221,1787082827060,BUY,0.0
20260818-195221,1787082827131,BUY,0.0
20260818-195221,1787082827233,BUY,0.0
20260818-195221,1787082827103,BUY,0.0
20260818-195221,1787082827335,BUY,0.0
20260818-195221,1787082827437,BUY,0.0
20260818-195221,1787082827539,BUY,0.0
20260818-195221,1787082827425,BUY,0.0
20260818-195221,1787082827641,BUY,0.0
20260818-195221,1787082827743,BUY,0.0
20260818-195221,1787082827845,BUY,0.0
20260818-195221,1787082827947,BUY,0.0
20260818-195221,1787082828049,BUY,0.0
20260818-195221,1787082828151,BUY,0.0
20260818-195221,1787082828253,BUY,0.0
20260818-195221,1787082828355,BUY,0.0
20260818-195221,1787082828457,BUY,0.0
20260818-195221,1787082828331,BUY,0.0
20260818-195221,1787082828559,BUY,0.0
20260818-195221,1787082828661,BUY,0.0
20260818-195221,1787082828763,BUY,0.0
20260818-195221,1787082828865,BUY,0.0
20260818-195221,1787082828967,BUY,0.0
20260818-195221,1787082829069,BUY,0.0
20260818-195221,1787082829171,BUY,0.0
20260818-195221,1787082829063,BUY,0.0
20260818-195221,1787082829273,BUY,0.0
20260818-195221,1787082829375,BUY,0.0
20260818-195221,1787082829247,BUY,0.0
20260818-195221,1787082829477,BUY,0.0
20260818-195221,1787082829579,BUY,0.0
20260818-195221,1787082829681,BUY,0.0
20260818-195221,1787082829783,BUY,0.0
20260818-195221,1787082829686,BUY,0.0
20260818-195221,1787082829885,BUY,0.0
20260818-195221,1787082829987,BUY,0.0
20260818-195221,1787082830089,BUY,0.0
20260818-195221,1787082830191,BUY,0.0
20260818-195221,1787082830293,BUY,0.0
20260818-195221,1787082830395,BUY,0.0
20260818-195221,1787082830497,BUY,0.0
20260818-195221,1787082830599,BUY,0.0
20260818-195221,1787082830701,BUY,0.0
20260818-195221,1787082830803,BUY,0.0
20260818-195221,1787082830905,BUY,0.0
20260818-195221,1787082831007,BUY,0.0
20260818-195221,1787082831042,BUY,0.0
20260818-195221,1787082831109,BUY,0.0
20260818-195221,1787082831211,BUY,0.0
20260818-195221,1787082831062,BUY,0.0
20260818-195221,1787082831313,BUY,0.0
20260818-195221,1787082831415,BUY,0.0
20260818-195221,1787082831517,BUY,0.0
20260818-195221,1787082831619,BUY,0.0
20260818-195221,1787082831501,BUY,0.0
20260818-195221,1787082831721,BUY,0.0
20260818-195221,1787082831823,BUY,0.0
20260818-195221,1787082831925,BUY,0.0
20260818-195221,1787082831849,BUY,0.0
20260818-195221,1787082832027,BUY,0.0
20260818-195221,1787082832129,BUY,0.0
20260818-195221,1787082832231,BUY,0.0
20260818-195221,1787082832333,BUY,0.0
20260818-195221,1787082832435,BUY,-0.5104309661457296
20260818-195221,1787082832537,BUY,-0.5104309661457296
20260818-195221,1787082832396,BUY,-0.5104309661457296
20260818-195221,1787082832639,BUY,-0.5104309661457296
20260818-195221,1787082832741,BUY,-0.5104309661457296
20260818-195221,1787082832843,BUY,-0.5104309661457296
20260818-195221,1787082832945,BUY,-0.5104309661457296
20260818-195221,1787082832806,BUY,-0.5104309661457296
20260818-195221,1787082833047,BUY,-0.5104309661457296
20260818-195221,1787082872043,SELL,1.7015234048411436
20260818-195221,1787082872043,SELL,1.7015234048411436
20260818-195221,1787082872043,SELL,1.7015234048411436
20260818-195221,1787082872043,SELL,1.7015234048411436
20260818-195221,1787082872043,SELL,1.7015234048411436
20260818-195221,1787082872043,SELL,1.7015234048411436
20260818-195221,1787082872043,SELL,1.7015234048411436
20260818-195221,1787082872043,SELL,1.7015234048411436
20260818-195221,1787082872043,SELL,1.7015234048411436
20260818-195221,1787082872043,SELL,1.7015234048411436
20260818-195221,1787082872043,SELL,1.7015234048411436
20260818-195221,1787082872043,SELL,1.7015234048411436
20260818-195221,1787082872043,SELL,1.7015234048411436
20260818-195221,1787082872043,SELL,1.7015234048411436
20260818-195221,1787082872043,SELL,1.7015234048411436
20260818-195221,1787082872043,SELL,1.7015234048411436
20260818-195221,1787082872066,SELL,1.7015234048411436
20260818-195221,1787082872085,SELL,1.7015234048411436
20260818-195221,1787082872089,SELL,1.7015234048411436
20260818-195221,1787082872089,SELL,1.7015234048411436
20260818-195221,1787082872089,SELL,1.7015234048411436
20260818-195221,1787082872089,SELL,1.7015234048411436
20260818-195221,1787082872089,SELL,1.7015234048411436
20260818-195221,1787082872090,SELL,1.7015234048411436
20260818-195221,1787082872090,SELL,1.7015234048411436
20260818-195221,1787082872090,SELL,1.7015234048411436
20260818-195221,1787082872090,SELL,1.7015234048411436
20260818-195221,1787082872090,SELL,1.7015234048411436
20260818-195221,1787082872090,SELL,1.7015234048411436
20260818-195221,1787082872090,SELL,1.7015234048411436
20260818-195221,1787082872090,SELL,1.7015234048411436
20260818-195221,1787082872090,SELL,1.7015234048411436
20260818-195221,1787082872091,SELL,1.7015234048411436
20260818-195221,1787082872091,SELL,1.7015234048411436
20260818-195221,1787082872115,SELL,-0.0
20260818-195221,1787082872319,SELL,-0.0
20260818-195221,1787082872421,SELL,-0.0
20260818-195221,1787082872523,SELL,-0.0
20260818-195221,1787082872625,SELL,-0.0
20260818-195221,1787082872727,SELL,-0.0
20260818-195221,1787082872829,SELL,-0.0
20260818-195221,1787082872931,SELL,-0.0
20260818-195221,1787082873033,SELL,-0.0
20260818-195221,1787082873135,SELL,-0.0
20260818-195221,1787082873237,SELL,-0.0
20260818-195221,1787082873339,SELL,-0.0
20260818-195221,1787082873441,SELL,-0.0
20260818-195221,1787082873543,SELL,-0.0
20260818-195221,1787082873645,SELL,-0.0
20260818-195221,1787082873747,SELL,-0.0
20260818-195221,1787082873588,SELL,-0.0
20260818-195221,1787082873849,SELL,-0.0
20260818-195221,1787082873951,SELL,-0.0
20260818-195221,1787082874053,SELL,-0.0
20260818-195221,1787082874155,SELL,-0.0
20260818-195221,1787082874257,SELL,-0.0
20260818-195221,1787082874359,SELL,-0.0
20260818-195221,1787082874461,SELL,-0.0
20260818-195221,1787082874430,SELL,-0.0
20260818-195221,1787082874563,SELL,-0.0
20260818-195221,1787082874665,SELL,-0.0
20260818-195221,1787082874532,SELL,-0.0
20260818-195221,1787082874767,SELL,-0.0
20260818-195221,1787082874869,SELL,-0.0
20260818-195221,1787082874971,SELL,-0.0
20260818-195221,1787082874839,SELL,-0.0
20260818-195221,1787082875073,SELL,-0.0
20260818-195221,1787082875175,SELL,-0.0
20260818-195221,1787082875113,SELL,-0.0
20260818-195221,1787082875277,SELL,-0.0
20260818-195221,1787082875379,SELL,-0.0
20260818-195221,1787082875230,SELL,-0.0
20260818-195221,1787082875481,SELL,-0.0
20260818-195221,1787082875583,SELL,-0.0
20260818-195221,1787082875685,SELL,-0.0
20260818-195221,1787082875787,SELL,-0.0
20260818-195221,1787082875629,SELL,-0.0
20260818-195221,1787082875889,SELL,-0.0
20260818-195221,1787082875991,SELL,-0.0
20260818-195221,1787082876093,SELL,-0.0
20260818-195221,1787082876195,SELL,-0.0
20260818-195221,1787082876297,SELL,-0.0
20260818-195221,1787082876399,SELL,-0.0
20260818-195221,1787082876501,SELL,-0.0
20260818-195221,1787082876603,SELL,-0.0
20260818-195221,1787082876705,SELL,-0.0
20260818-195221,1787082876807,SELL,-0.0
20260818-195221,1787082876909,SELL,-0.0
20260818-195221,1787082877011,SELL,-0.0
20260818-195221,1787082877113,SELL,-0.0
20260818-195221,1787082877215,SELL,-0.0
20260818-195221,1787082877317,SELL,-0.0
20260818-195221,1787082877419,SELL,-0.0
20260818-195221,1787082877521,SELL,-0.0
20260818-195221,1787082877623,SELL,-0.0
20260818-195221,1787082877725,SELL,-0.0
20260818-195221,1787082877827,SELL,-0.0
20260818-195221,1787082877929,SELL,-0.0
20260818-195221,1787082877932,SELL,-0.0
20260818-195221,1787082878031,SELL,-0.0
20260818-195221,1787082878133,SELL,-0.0
20260818-195221,1787082877990,SELL,-0.0
20260818-195221,1787082878235,SELL,-0.0
20260818-195221,1787082878337,SELL,-0.0
20260818-195221,1787082878439,SELL,-0.0
20260818-195221,1787082878367,SELL,-0.0
20260818-195221,1787082878541,SELL,-0.0
20260818-195221,1787082878643,SELL,-0.0
20260818-195221,1787082878745,SELL,-0.0
20260818-195221,1787082878847,SELL,-0.0
20260818-195221,1787082878949,SELL,-0.0
20260818-195221,1787082879051,SELL,0.046413081063217
20260818-195221,1787082879153,SELL,0.046413081063217
20260818-195221,1787082879050,SELL,0.046413081063217
20260818-195221,1787082879255,SELL,0.046413081063217
20260818-195221,1787082879238,SELL,0.046413081063217
20260818-195221,1787082879357,SELL,0.046413081063217
20260818-195221,1787082879260,SELL,0.046413081063217
20260818-195221,1787082879459,SELL,0.046413081063217
20260818-195221,1787082879561,SELL,0.046413081063217
20260818-195221,1787082879663,SELL,0.046413081063217
20260818-195221,1787082879566,SELL,0.046413081063217
20260818-195221,1787082879765,SELL,0.046413081063217
20260818-195221,1787082879867,SELL,0.046413081063217
20260818-195221,1787082879969,SELL,0.046413081063217
20260818-195221,1787082880071,SELL,0.046413081063217
20260818-195221,1787082880173,SELL,0.046413081063217
20260818-195221,1787082880275,SELL,0.046413081063217
20260818-195221,1787082880377,SELL,0.046413081063217
20260818-195221,1787082880152,SELL,0.046413081063217
20260818-195221,1787082880479,SELL,0.046413081063217
20260818-195221,1787082880581,SELL,0.046413081063217
20260818-195221,1787082880599,SELL,0.046413081063217
20260818-195221,1787082880683,SELL,0.046413081063217
20260818-195221,1787082880616,SELL,0.046413081063217
20260818-195221,1787082880785,SELL,0.046413081063217
20260818-195221,1787082880887,SELL,0.046413081063217
20260818-195221,1787082880989,SELL,0.046413081063217
20260818-195221,1787082880994,SELL,0.046413081063217
20260818-195221,1787082880994,SELL,0.046413081063217
20260818-195221,1787082880994,SELL,0.046413081063217
20260818-195221,1787082880994,SELL,0.046413081063217
20260818-195221,1787082880999,SELL,0.046413081063217
20260818-195221,1787082881091,SELL,-0.0
20260818-195221,1787082881193,SELL,-0.0
20260818-195221,1787082881045,SELL,-0.0
20260818-195221,1787082881295,SELL,-0.0
20260818-195221,1787082881397,SELL,-0.0
20260818-195221,1787082881499,SELL,-0.0
20260818-195221,1787082881601,SELL,-0.0
20260818-195221,1787082881703,SELL,-0.0
20260818-195221,1787082881565,SELL,-0.0
20260818-195221,1787082881805,SELL,-0.0
20260818-195221,1787082881907,SELL,-0.0
20260818-195221,1787082882009,SELL,-0.0
20260818-195221,1787082882111,SELL,-0.0
20260818-195221,1787082882213,SELL,-0.0
20260818-195221,1787082882315,SELL,-0.0
20260818-195221,1787082882417,SELL,-0.0
20260818-195221,1787082882519,SELL,-0.0
20260818-195221,1787082882438,SELL,-0.0
20260818-195221,1787082882621,SELL,-0.0
20260818-195221,1787082882723,SELL,-0.0
20260818-195221,1787082882605,SELL,-0.0
20260818-195221,1787082882825,SELL,-0.0
20260818-195221,1787082882927,SELL,-0.0
20260818-195221,1787082882836,SELL,-0.0
20260818-195221,1787082883029,SELL,-0.0
20260818-195221,1787082883131,SELL,-0.0
20260818-195221,1787082883039,SELL,-0.0
20260818-195221,1787082883233,SELL,-0.0
20260818-195221,1787082883335,SELL,-0.0
20260818-195221,1787082883437,SELL,-0.0
20260818-195221,1787082883539,SELL,-0.0
20260818-195221,1787082883641,SELL,-0.0
20260818-195221,1787082883743,SELL,-0.0
20260818-195221,1787082883845,SELL,-0.0
20260818-195221,1787082883947,SELL,-0.0
20260818-195221,1787082884049,SELL,-0.0
20260818-195221,1787082884151,SELL,-0.0
20260818-195221,1787082884048,SELL,-0.0
20260818-195221,1787082884253,SELL,-0.0
20260818-195221,1787082884355,SELL,-0.0
20260818-195221,1787082884457,SELL,-0.0
20260818-195221,1787082884559,SELL,-0.0
20260818-195221,1787082884661,SELL,-0.0
20260818-195221,1787082884763,SELL,-0.0
20260818-195221,1787082884865,SELL,-0.0
20260818-195221,1787082884967,SELL,-0.0
20260818-195221,1787082885069,SELL,-0.0
20260818-195221,1787082885171,SELL,-0.0
20260818-195221,1787082885273,SELL,-0.0
20260818-195221,1787082885375,SELL,-0.0
20260818-195221,1787082885231,SELL,-0.0
20260818-195221,1787082885477,SELL,-0.0
20260818-195221,1787082885579,SELL,-0.0
20260818-195221,1787082885681,SELL,-0.0
20260818-195221,1787082885783,SELL,-0.0
20260818-195221,1787082885885,SELL,-0.0
20260818-195221,1787082885739,SELL,-0.0
20260818-195221,1787082885987,SELL,-0.0
20260818-195221,1787082886089,SELL,-0.0
20260818-195221,1787082886191,SELL,-0.0
20260818-195221,1787082886073,SELL,-0.0
20260818-195221,1787082886293,SELL,-0.0
20260818-195221,1787082886395,SELL,-0.0
20260818-195221,1787082886497,SELL,-0.0
20260818-195221,1787082886337,SELL,-0.0
20260818-195221,1787082886599,SELL,-0.0
20260818-195221,1787082886701,SELL,-0.0
20260818-195221,1787082886614,SELL,-0.0
20260818-195221,1787082886803,SELL,-0.0
20260818-195221,1787082886905,SELL,-0.0
20260818-195221,1787082887007,SELL,-0.0
20260818-195221,1787082887109,SELL,0.03094219765366702
20260818-195221,1787082887211,SELL,0.03094219765366702
20260818-195221,1787082887313,SELL,0.03094219765366702
20260818-195221,1787082887415,SELL,0.03094219765366702
20260818-195221,1787082887517,SELL,0.03094219765366702
20260818-195221,1787082887619,SELL,0.03094219765366702
20260818-195221,1787082887721,SELL,0.03094219765366702
20260818-195221,1787082887823,SELL,0.03094219765366702
20260818-195221,1787082887925,SELL,0.03094219765366702
20260818-195221,1787082887917,SELL,0.03094219765366702
20260818-195221,1787082888027,SELL,0.03094219765366702
20260818-195221,1787082888006,SELL,0.03094219765366702
20260818-195221,1787082888129,SELL,0.03094219765366702
20260818-195221,1787082888231,SELL,0.03094219765366702
20260818-195221,1787082888074,SELL,0.03094219765366702
20260818-195221,1787082888333,SELL,0.03094219765366702
20260818-195221,1787082888435,SELL,0.03094219765366702
20260818-195221,1787082888537,SELL,0.03094219765366702
20260818-195221,1787082888639,SELL,0.03094219765366702
20260818-195221,1787082888741,SELL,0.03094219765366702
20260818-195221,1787082888843,SELL,0.03094219765366702
20260818-195221,1787082888945,SELL,0.03094219765366702
20260818-195221,1787082889035,SELL,0.03094219765366702
20260818-195221,1787082889039,SELL,-0.0
20260818-195221,1787082889047,SELL,-0.0
20260818-195221,1787082889149,SELL,-0.0
20260818-195221,1787082889039,SELL,-0.0
20260818-195221,1787082889251,SELL,-0.0
20260818-195221,1787082889353,SELL,-0.0
20260818-195221,1787082889455,SELL,-0.0
20260818-195221,1787082889557,SELL,-0.0
20260818-195221,1787082889659,SELL,-0.0
20260818-195221,1787082889761,SELL,-0.0
20260818-195221,1787082889863,SELL,-0.0
20260818-195221,1787082889965,SELL,-0.0
20260818-195221,1787082890067,SELL,-0.0
20260818-195221,1787082890169,SELL,-0.0
20260818-195221,1787082890271,SELL,-0.0
20260818-195221,1787082890373,SELL,-0.0
20260818-195221,1787082890108,SELL,-0.0
20260818-195221,1787082890475,SELL,-0.0
20260818-195221,1787082890577,SELL,-0.0
20260818-195221,1787082890679,SELL,-0.0
20260818-195221,1787082890781,SELL,-0.0
20260818-195221,1787082890883,SELL,-0.0
20260818-195221,1787082890985,SELL,-0.0
20260818-195221,1787082891087,SELL,-0.0
20260818-195221,1787082891189,SELL,-0.0
20260818-195221,1787082891291,SELL,-0.0
20260818-195221,1787082891393,SELL,-0.0
20260818-195221,1787082891495,SELL,-0.0
20260818-195221,1787082891597,SELL,-0.0
20260818-195221,1787082891699,SELL,-0.0
20260818-195221,1787082891801,SELL,-0.0
20260818-195221,1787082891903,SELL,-0.0
20260818-195221,1787082892005,SELL,-0.0
20260818-195221,1787082892107,SELL,-0.0
20260818-195221,1787082892209,SELL,-0.0
20260818-195221,1787082892076,SELL,-0.0
20260818-195221,1787082892311,SELL,-0.0
20260818-195221,1787082892413,SELL,-0.0
20260818-195221,1787082892309,SELL,-0.0
20260818-195221,1787082892515,SELL,-0.0
20260818-195221,1787082892617,SELL,-0.0
20260818-195221,1787082892465,SELL,-0.0
20260818-195221,1787082892719,SELL,-0.0
20260818-195221,1787082892821,SELL,-0.0
20260818-195221,1787082892923,SELL,-0.0
20260818-195221,1787082893025,SELL,-0.0
20260818-195221,1787082893127,SELL,-0.0
20260818-195221,1787082893229,SELL,-0.0
20260818-195221,1787082893331,SELL,-0.0
20260818-195221,1787082893433,SELL,-0.0
20260818-195221,1787082893311,SELL,-0.0
20260818-195221,1787082893535,SELL,-0.0
20260818-195221,1787082893637,SELL,-0.0
20260818-195221,1787082893739,SELL,-0.0
20260818-195221,1787082893841,SELL,-0.0
20260818-195221,1787082895881,SELL,-0.0
20260818-195221,1787082895983,SELL,-0.0
20260818-195221,1787082896085,SELL,-0.0
20260818-195221,1787082896391,SELL,-0.0
20260818-195221,1787082896493,SELL,-0.0
20260818-195221,1787082896387,SELL,-0.0
20260818-195221,1787082896595,SELL,-0.0
20260818-195221,1787082896697,SELL,-0.0
20260818-195221,1787082896799,SELL,-0.0
20260818-195221,1787082896901,SELL,-0.0
20260818-195221,1787082897003,SELL,-0.0
20260818-195221,1787082897105,SELL,-0.0
20260818-195221,1787082897207,SELL,-0.0
20260818-195221,1787082897309,SELL,-0.0
20260818-195221,1787082897411,SELL,-0.0
20260818-195221,1787082897513,SELL,-0.0
20260818-195221,1787082897615,SELL,-0.0
20260818-195221,1787082897503,SELL,-0.0
20260818-195221,1787082897717,SELL,-0.0
20260818-195221,1787082897819,SELL,-0.0
20260818-195221,1787082897921,SELL,-0.0
20260818-195221,1787082898023,SELL,-0.0
20260818-195221,1787082897960,SELL,-0.0
20260818-195221,1787082898125,SELL,-0.0
20260818-195221,1787082898227,SELL,-0.0
20260818-195221,1787082898329,SELL,-0.0
20260818-195221,1787082898236,SELL,-0.0
20260818-195221,1787082898431,SELL,-0.0
20260818-195221,1787082898533,SELL,-0.0
20260818-195221,1787082898635,SELL,-0.0
20260818-195221,1787082898737,SELL,-0.0
20260818-195221,1787082898839,SELL,-0.0
20260818-195221,1787082898941,SELL,-0.0
20260818-195221,1787082899043,SELL,-0.0
20260818-195221,1787082899145,SELL,-0.0
20260818-195221,1787082899032,SELL,-0.0
20260818-195221,1787082899247,SELL,-0.0
20260818-195221,1787082899349,SELL,-0.0
20260818-195221,1787082899333,SELL,-0.0
20260818-195221,1787082899451,SELL,-0.0
20260818-195221,1787082899362,SELL,-0.0
20260818-195221,1787082899553,SELL,-0.0
20260818-195221,1787082899655,SELL,-0.0
20260818-195221,1787082899757,SELL,-0.0
20260818-195221,1787082899859,SELL,-0.0
20260818-195221,1787082899961,SELL,-0.0
20260818-195221,1787082900573,SELL,-0.0
20260818-195221,1787082900675,SELL,-0.0
20260818-195221,1787082900777,SELL,-0.0
20260818-195221,1787082900879,SELL,-0.0
20260818-195221,1787082900423,SELL,-0.0
20260818-195221,1787082900981,SELL,-0.0
20260818-195221,1787082902307,SELL,-0.0
20260818-195221,1787082902613,SELL,-0.0
20260818-195221,1787082902715,SELL,-0.0
20260818-195221,1787082902480,SELL,-0.0
20260818-195221,1787082902817,SELL,-0.0
20260818-195221,1787082902732,SELL,-0.0
20260818-195221,1787082903429,SELL,-0.0
20260818-195221,1787082903531,SELL,-0.0
20260818-195221,1787082903633,SELL,-0.0
20260818-195221,1787082903735,SELL,-0.0
20260818-195221,1787082903837,SELL,-0.0
20260818-195221,1787082903939,SELL,-0.0
20260818-195221,1787082903966,SELL,-0.0
20260818-195221,1787082904041,SELL,-0.0
20260818-195221,1787082903983,SELL,-0.0
20260818-195221,1787082904143,SELL,-0.0
20260818-195221,1787082904245,SELL,-0.0
20260818-195221,1787082904347,SELL,-0.0
20260818-195221,1787082904449,SELL,-0.0
20260818-195221,1787082904551,SELL,-0.0
20260818-195221,1787082904476,SELL,-0.0
20260818-195221,1787082904653,SELL,-0.0
20260818-195221,1787082904755,SELL,-0.0
20260818-195221,1787082904857,SELL,-0.0
20260818-195221,1787082904959,SELL,-0.0
20260818-195221,1787082905061,SELL,-0.0
20260818-195221,1787082905163,SELL,-0.0
20260818-195221,1787082905265,SELL,-0.0
20260818-195221,1787082905367,SELL,-0.0
20260818-195221,1787082905469,SELL,-0.0
20260818-195221,1787082905571,SELL,-0.0
20260818-195221,1787082905673,SELL,-0.0
20260818-195221,1787082905775,SELL,-0.0
20260818-195221,1787082905877,SELL,-0.0
20260818-195221,1787082905979,SELL,-0.0
20260818-195221,1787082906081,SELL,-0.0
20260818-195221,1787082906183,SELL,-0.0
20260818-195221,1787082906285,SELL,-0.0
20260818-195221,1787082906387,SELL,-0.0
20260818-195221,1787082906489,SELL,-0.0
20260818-195221,1787082906591,SELL,-0.0
20260818-195221,1787082906693,SELL,-0.0
20260818-195221,1787082906795,SELL,-0.0
20260818-195221,1787082906897,SELL,-0.0
20260818-195221,1787082906999,SELL,-0.0
20260818-195221,1787082907101,SELL,-0.0
20260818-195221,1787082907203,SELL,-0.0
20260818-195221,1787082907305,SELL,-0.0
20260818-195221,1787082907407,SELL,-0.0
20260818-195221,1787082907509,SELL,-0.0
20260818-195221,1787082907611,SELL,-0.0
20260818-195221,1787082907713,SELL,-0.0
20260818-195221,1787082907815,SELL,-0.0
20260818-195221,1787082907917,SELL,-0.0
20260818-195221,1787082907824,SELL,-0.0
20260818-195221,1787082908019,SELL,-0.0
20260818-195221,1787082908121,SELL,-0.0
20260818-195221,1787082908223,SELL,-0.0
20260818-195221,1787082908325,SELL,-0.0
20260818-195221,1787082908427,SELL,-0.0
20260818-195221,1787082908529,SELL,-0.0
20260818-195221,1787082908631,SELL,-0.0
20260818-195221,1787082908733,SELL,-0.0
20260818-195221,1787082908835,SELL,-0.0
20260818-195221,1787082908937,SELL,-0.0
20260818-195221,1787082909039,SELL,-0.0
20260818-195221,1787082909141,SELL,-0.0
20260818-195221,1787082909243,SELL,-0.0
20260818-195221,1787082909345,SELL,-0.0
20260818-195221,1787082909447,SELL,-0.0
20260818-195221,1787082909549,SELL,-0.0
20260818-195221,1787082909651,SELL,-0.0
20260818-195221,1787082909753,SELL,-0.0
20260818-195221,1787082909855,SELL,-0.0
20260818-195221,1787082909957,SELL,-0.0
20260818-195221,1787082910059,SELL,-0.0
20260818-195221,1787082910161,SELL,-0.0
20260818-195221,1787082910063,SELL,-0.0
20260818-195221,1787082910263,SELL,-0.0
20260818-195221,1787082910365,SELL,-0.0
20260818-195221,1787082910467,SELL,-0.0
20260818-195221,1787082910569,SELL,-0.0
20260818-195221,1787082910483,SELL,-0.0
20260818-195221,1787082910671,SELL,-0.0
20260818-195221,1787082910773,SELL,-0.0
20260818-195221,1787082910651,SELL,-0.0
20260818-195221,1787082910875,SELL,-0.0
20260818-195221,1787082910977,SELL,-0.0
20260818-195221,1787082911079,SELL,-0.0
20260818-195221,1787082911181,SELL,-0.0
20260818-195221,1787082911283,SELL,-0.0
20260818-195221,1787082911385,SELL,-0.0
20260818-195221,1787082911312,SELL,-0.0
20260818-195221,1787082911487,SELL,-0.0
20260818-195221,1787082911589,SELL,-0.0
20260818-195221,1787082911691,SELL,-0.0
20260818-195221,1787082911793,SELL,-0.0
20260818-195221,1787082911895,SELL,-0.0
20260818-195221,1787082911997,SELL,-0.0
20260818-195221,1787082912099,SELL,-0.0
20260818-195221,1787082912201,SELL,-0.0
20260818-195221,1787082912108,SELL,-0.0
20260818-195221,1787082912303,SELL,-0.0
20260818-195221,1787082912405,SELL,-0.0
20260818-195221,1787082912507,SELL,-0.0
20260818-195221,1787082912609,SELL,-0.0
20260818-195221,1787082912711,SELL,-0.0
20260818-195221,1787082912813,SELL,-0.0
20260818-195221,1787082912915,SELL,-0.0
20260818-195221,1787082913017,SELL,-0.0
20260818-195221,1787082913119,SELL,-0.0
20260818-195221,1787082917301,SELL,-0.0
20260818-195221,1787082917607,SELL,-0.0
20260818-195221,1787082917485,SELL,-0.0
20260818-195221,1787082917709,SELL,-0.0
20260818-195221,1787082917811,SELL,-0.0
20260818-195221,1787082917676,SELL,-0.0
20260818-195221,1787082917913,SELL,-0.0
20260818-195221,1787082918015,SELL,-0.0
20260818-195221,1787082918117,SELL,-0.0
20260818-195221,1787082917992,SELL,-0.0
20260818-195221,1787082918219,SELL,-0.0
20260818-195221,1787082918321,SELL,-0.0
20260818-195221,1787082918423,SELL,-0.0
20260818-195221,1787082918525,SELL,-0.0
20260818-195221,1787082918627,SELL,-0.0
20260818-195221,1787082918729,SELL,-0.0
20260818-195221,1787082918573,SELL,-0.0
20260818-195221,1787082918831,SELL,-0.0
20260818-195221,1787082918933,SELL,-0.0
20260818-195221,1787082918826,SELL,-0.0
20260818-195221,1787082919035,SELL,-0.0
20260818-195221,1787082919137,SELL,-0.0
20260818-195221,1787082919239,SELL,-0.0
20260818-195221,1787082919341,SELL,-0.0
20260818-195221,1787082919443,SELL,-0.0
20260818-195221,1787082919545,SELL,-0.0
20260818-195221,1787082919647,SELL,-0.0
20260818-195221,1787082919749,SELL,-0.0
20260818-195221,1787082919851,SELL,-0.0
20260818-195221,1787082919953,SELL,-0.0
20260818-195221,1787082919953,SELL,-0.0
20260818-212451,1787088300033,BUY,0.6193383762960623
20260818-212451,1787088300178,BUY,1.3625444278517875
20260818-212451,1787088300180,BUY,1.3625444278517875
20260818-212451,1787088300181,BUY,1.3625444278517875
20260818-212451,1787088300181,BUY,1.3625444278517875
20260818-212451,1787088300181,BUY,1.3625444278517875
20260818-212451,1787088300181,BUY,1.3625444278517875
20260818-212451,1787088300181,BUY,1.3625444278517875
20260818-212451,1787088300181,BUY,1.3625444278517875
20260818-212451,1787088300182,BUY,1.3625444278517875
20260818-212451,1787088300182,BUY,1.3625444278517875
20260818-212451,1787088300182,BUY,1.3625444278517875
20260818-212451,1787088300182,BUY,1.3625444278517875
20260818-212451,1787088300182,BUY,1.3625444278517875
20260818-212451,1787088300182,BUY,1.3625444278517875
20260818-212451,1787088300183,BUY,1.3625444278517875
20260818-212451,1787088300189,BUY,1.3625444278517875
20260818-212451,1787088300190,BUY,1.3625444278517875
20260818-212451,1787088300190,BUY,1.3625444278517875
20260818-212451,1787088300190,BUY,1.3625444278517875
20260818-212451,1787088300190,BUY,1.3625444278517875
20260818-212451,1787088300190,BUY,1.3625444278517875
20260818-212451,1787088300190,BUY,1.3625444278517875
20260818-212451,1787088300191,BUY,1.3625444278517875
20260818-212451,1787088300192,BUY,1.3625444278517875
20260818-212451,1787088300192,BUY,1.3625444278517875
20260818-212451,1787088300192,BUY,1.3625444278517875
20260818-212451,1787088300192,BUY,1.3625444278517875
20260818-212451,1787088300192,BUY,1.3625444278517875
20260818-212451,1787088300193,BUY,1.3625444278517875
20260818-212451,1787088300193,BUY,1.3625444278517875
20260818-212451,1787088300198,BUY,1.3625444278517875
20260818-212451,1787088300221,BUY,0.8205788796935231
20260818-212451,1787088300232,BUY,0.8205788796935231
20260818-212451,1787088300232,BUY,0.8205788796935231
20260818-212451,1787088300237,BUY,0.8205788796935231
20260818-212451,1787088300238,BUY,0.8205788796935231
20260818-212451,1787088300247,BUY,0.8205788796935231
20260818-212451,1787088300323,BUY,0.7431600248034164
20260818-212451,1787088300425,BUY,0.7431600248034164
20260818-212451,1787088300293,BUY,0.7431600248034164
20260818-212451,1787088300527,BUY,0.7431600248034164
20260818-212451,1787088300629,BUY,0.7431600248034164
20260818-212451,1787088300731,BUY,0.7431600248034164
20260818-212451,1787088300833,BUY,0.7431600248034164
20260818-212451,1787088300935,BUY,0.7431600248034164
20260818-212451,1787088301037,BUY,0.7431600248034164
20260818-212451,1787088301139,BUY,0.7431600248034164
20260818-212451,1787088301241,BUY,0.7431600248034164
20260818-212451,1787088301125,BUY,0.7431600248034164
20260818-212451,1787088301343,BUY,0.7431600248034164
20260818-212451,1787088301265,BUY,0.7431600248034164
20260818-212451,1787088301445,BUY,0.7431600248034164
20260818-212451,1787088301547,BUY,0.7431600248034164
20260818-212451,1787088301462,BUY,0.7431600248034164
20260818-212451,1787088301649,BUY,0.7431600248034164
20260818-212451,1787088301751,BUY,0.7431600248034164
20260818-212451,1787088301853,BUY,0.7431600248034164
20260818-212451,1787088301955,BUY,0.7431600248034164
20260818-212451,1787088302057,BUY,0.7431600248034164
20260818-212451,1787088302057,BUY,0.7431600248034164
20260818-212451,1787088302066,BUY,0.7431600248034164
20260818-212451,1787088302066,BUY,0.7431600248034164
20260818-212451,1787088302066,BUY,0.7431600248034164
20260818-212451,1787088302066,BUY,0.7431600248034164
20260818-212451,1787088302066,BUY,0.7431600248034164
20260818-212451,1787088302066,BUY,0.7431600248034164
20260818-212451,1787088302066,BUY,0.7431600248034164
20260818-212451,1787088302069,BUY,0.7431600248034164
20260818-212451,1787088302069,BUY,0.7431600248034164
20260818-212451,1787088302069,BUY,0.7431600248034164
20260818-212451,1787088302069,BUY,0.7431600248034164
20260818-212451,1787088302069,BUY,0.7431600248034164
20260818-212451,1787088302070,BUY,0.7431600248034164
20260818-212451,1787088302070,BUY,0.7431600248034164
20260818-212451,1787088302070,BUY,0.7431600248034164
20260818-212451,1787088302070,BUY,0.7431600248034164
20260818-212451,1787088302072,BUY,0.7431600248034164
20260818-212451,1787088302072,BUY,0.7431600248034164
20260818-212451,1787088302072,BUY,0.7431600248034164
20260818-212451,1787088302072,BUY,0.7431600248034164
20260818-212451,1787088302072,BUY,0.7431600248034164
20260818-212451,1787088302072,BUY,0.7431600248034164
20260818-212451,1787088302072,BUY,0.7431600248034164
20260818-212451,1787088302072,BUY,0.7431600248034164
20260818-212451,1787088302072,BUY,0.7431600248034164
20260818-212451,1787088302072,BUY,0.7431600248034164
20260818-212451,1787088302072,BUY,0.7431600248034164
20260818-212451,1787088302072,BUY,0.7431600248034164
20260818-212451,1787088302072,BUY,0.7431600248034164
20260818-212451,1787088302072,BUY,0.7431600248034164
20260818-212451,1787088302072,BUY,0.7431600248034164
20260818-212451,1787088302072,BUY,0.7431600248034164
20260818-212451,1787088302159,BUY,0.0
20260818-212451,1787088302075,BUY,0.0
20260818-212451,1787088302261,BUY,0.0
20260818-212451,1787088302363,BUY,0.0
20260818-212451,1787088302251,BUY,0.0
20260818-212451,1787088302465,BUY,0.0
20260818-212451,1787088302567,BUY,0.0
20260818-212451,1787088302669,BUY,0.0
20260818-212451,1787088302517,BUY,0.0
20260818-212451,1787088302771,BUY,0.0
20260818-212451,1787088302873,BUY,0.0
20260818-212451,1787088302975,BUY,0.0
20260818-212451,1787088303077,BUY,0.0
20260818-212451,1787088303179,BUY,0.0
20260818-212451,1787088303281,BUY,0.0
20260818-212451,1787088303192,BUY,0.0
20260818-212451,1787088303383,BUY,0.0
20260818-212451,1787088303485,BUY,0.0
20260818-212451,1787088303587,BUY,0.0
20260818-212451,1787088303689,BUY,0.0
20260818-212451,1787088303791,BUY,0.0
20260818-212451,1787088303893,BUY,0.0
20260818-212451,1787088303995,BUY,0.0
20260818-212451,1787088304097,BUY,0.0
20260818-212451,1787088304199,BUY,0.0
20260818-212451,1787088304301,BUY,0.0
20260818-212451,1787088304403,BUY,0.0
20260818-212451,1787088304505,BUY,0.0
20260818-212451,1787088304607,BUY,0.0
20260818-212451,1787088304709,BUY,0.0
20260818-212451,1787088304811,BUY,0.0
20260818-212451,1787088304913,BUY,0.0
20260818-212451,1787088305015,BUY,0.0
20260818-212451,1787088305117,BUY,0.0
20260818-212451,1787088305219,BUY,0.0
20260818-212451,1787088305101,BUY,0.0
20260818-212451,1787088305321,BUY,0.0
20260818-212451,1787088305423,BUY,0.0
20260818-212451,1787088305305,BUY,0.0
20260818-212451,1787088305525,BUY,0.0
20260818-212451,1787088305627,BUY,0.0
20260818-212451,1787088305729,BUY,0.0
20260818-212451,1787088305831,BUY,0.0
20260818-212451,1787088305933,BUY,0.0
20260818-212451,1787088306035,BUY,0.0
20260818-212451,1787088306137,BUY,0.0
20260818-212451,1787088306239,BUY,0.0
20260818-212451,1787088306341,BUY,0.0
20260818-212451,1787088306227,BUY,0.0
20260818-212451,1787088306443,BUY,0.0
20260818-212451,1787088306545,BUY,0.0
20260818-212451,1787088306647,BUY,0.0
20260818-212451,1787088306749,BUY,0.0
20260818-212451,1787088306851,BUY,0.0
20260818-212451,1787088306783,BUY,0.0
20260818-212451,1787088306953,BUY,0.0
20260818-212451,1787088307055,BUY,0.0
20260818-212451,1787088312563,BUY,0.5882913001761558
20260818-212451,1787088312483,BUY,0.5882913001761558
20260818-212451,1787088312665,BUY,0.9443623502843178
20260818-212451,1787088312767,BUY,0.9443623502843178
20260818-212451,1787088312869,BUY,0.9443623502843178
20260818-212451,1787088312971,BUY,0.9443623502843178
20260818-212451,1787088313073,BUY,0.9443623502843178
20260818-212451,1787088313175,BUY,0.9443623502843178
20260818-212451,1787088313277,BUY,0.9443623502843178
20260818-212451,1787088313379,BUY,0.9443623502843178
20260818-212451,1787088313481,BUY,0.9443623502843178
20260818-212451,1787088313583,BUY,0.9443623502843178
20260818-212451,1787088313685,BUY,0.9443623502843178
20260818-212451,1787088313787,BUY,0.9443623502843178
20260818-212451,1787088313889,BUY,0.9443623502843178
20260818-212451,1787088313991,BUY,0.9443623502843178
20260818-212451,1787088314093,BUY,0.9443623502843178
20260818-212451,1787088314154,BUY,0.9443623502843178
20260818-212451,1787088314156,BUY,0.9443623502843178
20260818-212451,1787088314156,BUY,0.9443623502843178
20260818-212451,1787088314156,BUY,0.9443623502843178
20260818-212451,1787088314156,BUY,0.9443623502843178
20260818-212451,1787088314156,BUY,0.9443623502843178
20260818-212451,1787088314156,BUY,0.9443623502843178
20260818-212451,1787088314156,BUY,0.9443623502843178
20260818-212451,1787088314156,BUY,0.9443623502843178
20260818-212451,1787088314156,BUY,0.9443623502843178
20260818-212451,1787088314156,BUY,0.9443623502843178
20260818-212451,1787088314166,BUY,0.35605010399030157
20260818-212451,1787088314166,BUY,0.35605010399030157
20260818-212451,1787088314166,BUY,0.35605010399030157
20260818-212451,1787088314166,BUY,0.35605010399030157
20260818-212451,1787088314166,BUY,0.35605010399030157
20260818-212451,1787088314166,BUY,0.35605010399030157
20260818-212451,1787088314166,BUY,0.35605010399030157
20260818-212451,1787088314166,BUY,0.35605010399030157
20260818-212451,1787088314166,BUY,0.35605010399030157
20260818-212451,1787088314166,BUY,0.35605010399030157
20260818-212451,1787088314166,BUY,0.35605010399030157
20260818-212451,1787088314166,BUY,0.35605010399030157
20260818-212451,1787088314166,BUY,0.35605010399030157
20260818-212451,1787088314195,BUY,0.35605010399030157
20260818-212451,1787088314166,BUY,0.35605010399030157
20260818-212451,1787088314297,BUY,0.35605010399030157
20260818-212451,1787088314399,BUY,0.35605010399030157
20260818-212451,1787088314230,BUY,0.35605010399030157
20260818-212451,1787088314501,BUY,0.35605010399030157
20260818-212451,1787088314603,BUY,0.35605010399030157
20260818-212451,1787088314648,BUY,0.35605010399030157
20260818-212451,1787088314661,BUY,0.35605010399030157
20260818-212451,1787088314662,BUY,0.0
20260818-212451,1787088314662,BUY,0.0
20260818-212451,1787088314662,BUY,0.0
20260818-212451,1787088314662,BUY,0.0
20260818-212451,1787088314662,BUY,0.0
20260818-212451,1787088314662,BUY,0.0
20260818-212451,1787088314662,BUY,0.0
20260818-212451,1787088314662,BUY,0.0
20260818-212451,1787088314662,BUY,0.0
20260818-212451,1787088314662,BUY,0.0
20260818-212451,1787088314662,BUY,0.0
20260818-212451,1787088314662,BUY,0.0
20260818-212451,1787088314705,BUY,0.0
20260818-212451,1787088314662,BUY,0.0
20260818-212451,1787088314807,BUY,0.0
20260818-212451,1787088314704,BUY,0.0
20260818-212451,1787088314909,BUY,0.0
20260818-212451,1787088315011,BUY,0.0
20260818-212451,1787088315113,BUY,0.0
20260818-212451,1787088314957,BUY,0.0
20260818-212451,1787088315215,BUY,0.0
20260818-212451,1787088315317,BUY,0.0
20260818-212752,1787088481579,SELL,-0.0
20260818-212752,1787088481681,SELL,-0.0
20260818-212752,1787088481568,SELL,-0.0
20260818-212752,1787088481783,SELL,-0.0
20260818-212752,1787088481885,SELL,-0.0
20260818-212752,1787088481987,SELL,-0.0
20260818-212752,1787088484639,SELL,-0.0
20260818-212752,1787088484741,SELL,-0.0
20260818-212752,1787088484843,SELL,-0.0
20260818-212752,1787088484945,SELL,-0.0
20260818-212752,1787088485047,SELL,-0.0
20260818-212752,1787088485149,SELL,-0.0
20260818-212752,1787088485251,SELL,-0.0
20260818-212752,1787088485353,SELL,-0.0
20260818-212752,1787088485455,SELL,-0.0
20260818-212752,1787088485557,SELL,-0.0
20260818-212752,1787088485659,SELL,-0.0
20260818-212752,1787088485578,SELL,-0.0
20260818-212752,1787088485761,SELL,-0.0
20260818-212752,1787088485863,SELL,-0.0
20260818-212752,1787088485965,SELL,-0.0
20260818-212752,1787088486067,SELL,-0.0
20260818-212752,1787088486169,SELL,-0.0
20260818-212752,1787088486062,SELL,-0.0
20260818-212752,1787088486271,SELL,-0.0
20260818-212752,1787088486373,SELL,-0.0
20260818-212752,1787088486475,SELL,-0.0
20260818-212752,1787088486577,SELL,-0.0
20260818-212752,1787088486679,SELL,-0.0
20260818-212752,1787088486781,SELL,-0.0
20260818-212752,1787088486778,SELL,-0.0
20260818-212752,1787088486883,SELL,-0.0
20260818-212752,1787088486985,SELL,-0.0
20260818-212752,1787088486842,SELL,-0.0
20260818-212752,1787088487087,SELL,-0.0
20260818-212752,1787088487189,SELL,-0.0
20260818-212752,1787088487291,SELL,-0.0
20260818-212752,1787088487190,SELL,-0.0
20260818-212752,1787088487393,SELL,-0.0
20260818-212752,1787088487495,SELL,-0.0
20260818-212752,1787088487597,SELL,-0.0
20260818-212752,1787088487478,SELL,-0.0
20260818-212752,1787088487699,SELL,-0.0
20260818-212752,1787088487801,SELL,-0.0
20260818-212752,1787088487903,SELL,-0.0
20260818-212752,1787088488005,SELL,-0.0
20260818-212752,1787088488107,SELL,-0.0
20260818-212752,1787088488209,SELL,-0.0
20260818-212752,1787088488311,SELL,-0.0
20260818-212752,1787088488413,SELL,-0.0
20260818-212752,1787088488515,SELL,-0.0
20260818-212752,1787088488617,SELL,-0.0
20260818-212752,1787088488719,SELL,-0.0
20260818-212752,1787088488821,SELL,-0.0
20260818-212752,1787088488923,SELL,-0.0
20260818-212752,1787088489025,SELL,-0.0
20260818-212752,1787088489127,SELL,-0.0
20260818-212752,1787088489229,SELL,-0.0
20260818-212752,1787088489331,SELL,-0.0
20260818-212752,1787088489433,SELL,-0.0
20260818-212752,1787088489535,SELL,-0.0
20260818-212752,1787088489637,SELL,-0.0
20260818-212752,1787088489739,SELL,-0.0
20260818-212752,1787088489841,SELL,-0.0
20260818-212752,1787088489943,SELL,-0.0
20260818-212752,1787088490045,SELL,-0.0
20260818-212752,1787088490147,SELL,-0.0
20260818-212752,1787088490249,SELL,-0.0
20260818-212752,1787088490351,SELL,-0.0
20260818-212752,1787088490453,SELL,-0.0
20260818-212752,1787088490555,SELL,-0.0
20260818-212752,1787088490657,SELL,-0.0
20260818-212752,1787088490759,SELL,-0.0
20260818-212752,1787088490861,SELL,-0.0
20260818-212752,1787088490963,SELL,-0.0
20260818-212752,1787088490896,SELL,-0.0
20260818-212752,1787088491065,SELL,-0.0
20260818-212752,1787088491167,SELL,-0.0
20260818-212752,1787088491062,SELL,-0.0
20260818-212752,1787088491269,SELL,-0.0
20260818-212752,1787088491371,SELL,-0.0
20260818-212752,1787088522481,SELL,-0.0
20260818-212752,1787088522583,SELL,-0.0
20260818-212752,1787088522468,SELL,-0.0
20260818-212752,1787088522685,SELL,-0.0
20260818-212752,1787088522787,SELL,-0.0
20260818-212752,1787088522889,SELL,-0.0
20260818-212752,1787088522991,SELL,-0.0
20260818-212752,1787088522915,SELL,-0.0
20260818-212752,1787088523093,SELL,-0.0
20260818-212752,1787088523195,SELL,-0.0
20260818-212752,1787088523297,SELL,-0.0
20260818-212752,1787088523399,SELL,-0.0
20260818-212752,1787088523501,SELL,-0.0
20260818-212752,1787088523603,SELL,-0.0
20260818-212752,1787088523705,SELL,-0.0
20260818-212752,1787088523807,SELL,-0.0
20260818-212752,1787088523909,SELL,-0.0
20260818-212752,1787088524011,SELL,-0.0
20260818-212752,1787088524113,SELL,-0.0
20260818-212752,1787088524026,SELL,-0.0
20260818-212752,1787088524215,SELL,-0.0
20260818-212752,1787088524317,SELL,-0.0
20260818-212752,1787088524419,SELL,-0.0
20260818-212752,1787088524623,SELL,-0.0
20260818-212752,1787088524725,SELL,-0.0
20260818-212752,1787088524827,SELL,-0.0
20260818-212752,1787088524929,SELL,-0.0
20260818-212752,1787088525031,SELL,-0.0
20260818-212752,1787088525133,SELL,-0.0
20260818-212752,1787088527479,SELL,-0.0
20260818-212752,1787088527387,SELL,-0.0
20260818-212752,1787088527581,SELL,-0.0
20260818-212752,1787088527683,SELL,-0.0
20260818-212752,1787088527785,SELL,-0.0
20260818-212752,1787088527887,SELL,-0.0
20260818-212752,1787088527748,SELL,-0.0
20260818-212752,1787088527989,SELL,-0.0
20260818-212752,1787088528091,SELL,-0.0
20260818-212752,1787088528193,SELL,-0.0
20260818-212752,1787088528295,SELL,-0.0
20260818-212752,1787088528397,SELL,-0.0
20260818-212752,1787088528499,SELL,-0.0
20260818-212752,1787088528601,SELL,-0.0
20260818-212752,1787088528703,SELL,-0.0
20260818-212752,1787088528805,SELL,-0.0
20260818-212752,1787088528907,SELL,-0.0
20260818-212752,1787088529009,SELL,-0.0
20260818-212752,1787088529111,SELL,-0.0
20260818-212752,1787088529213,SELL,-0.0
20260818-212752,1787088529095,SELL,-0.0
20260818-212752,1787088529825,SELL,-0.0
20260818-212752,1787088529736,SELL,-0.0
20260818-212752,1787088529927,SELL,-0.0
20260818-212752,1787088530029,SELL,-0.0
20260818-212752,1787088530131,SELL,-0.0
20260818-212752,1787088530233,SELL,-0.0
20260818-212752,1787088530335,SELL,-0.0
20260818-212752,1787088530437,SELL,-0.0
20260818-212752,1787088530539,SELL,-0.0
20260818-212752,1787088530413,SELL,-0.0
20260818-212752,1787088530641,SELL,-0.0
20260818-212752,1787088530743,SELL,-0.0
20260818-212752,1787088530845,SELL,-0.0
20260818-212752,1787088530947,SELL,-0.0
20260818-212752,1787088531049,SELL,-0.0
20260818-212752,1787088531151,SELL,-0.0
20260818-212752,1787088531253,SELL,-0.0
20260818-212752,1787088531355,SELL,-0.0
20260818-212752,1787088531457,SELL,-0.0
20260818-212752,1787088531559,SELL,-0.0
20260818-212752,1787088531661,SELL,-0.0
20260818-212752,1787088531763,SELL,-0.0
20260818-212752,1787088531865,SELL,-0.0
20260818-212752,1787088531967,SELL,-0.0
20260818-212752,1787088532069,SELL,-0.0
20260818-212752,1787088532131,SELL,-0.0
20260818-212752,1787088532171,SELL,-0.0
20260818-212752,1787088532273,SELL,-0.0
20260818-212752,1787088532139,SELL,-0.0
20260818-212752,1787088532375,SELL,-0.0
20260818-212752,1787088532477,SELL,-0.0
20260818-212752,1787088532579,SELL,-0.0
20260818-212752,1787088532681,SELL,-0.0
20260818-212752,1787088532597,SELL,-0.0
20260818-212752,1787088532783,SELL,-0.0
20260818-212752,1787088532885,SELL,-0.0
20260818-212752,1787088532987,SELL,-0.0
20260818-212752,1787088533089,SELL,-0.0
20260818-212752,1787088533191,SELL,-0.0
20260818-212752,1787088533293,SELL,-0.0
20260818-212752,1787088533395,SELL,-0.0
20260818-212752,1787088533497,SELL,-0.0
20260818-212752,1787088533347,SELL,-0.0
20260818-212752,1787088533599,SELL,-0.0
20260818-212752,1787088533701,SELL,-0.0
20260818-212752,1787088533803,SELL,-0.0
20260818-212752,1787088533905,SELL,-0.0
20260818-212752,1787088533821,SELL,-0.0
20260818-212752,1787088534007,SELL,-0.0
20260818-212752,1787088534109,SELL,-0.0
20260818-212752,1787088534056,SELL,-0.0
20260818-212752,1787088534211,SELL,-0.0
20260818-212752,1787088534313,SELL,-0.0
20260818-212752,1787088534230,SELL,-0.0
20260818-212752,1787088534415,SELL,-0.0
20260818-212752,1787088534517,SELL,-0.0
20260818-212752,1787088534619,SELL,-0.0
20260818-212752,1787088534721,SELL,-0.0
20260818-212752,1787088534823,SELL,-0.0
20260818-212752,1787088534925,SELL,-0.0
20260818-212752,1787088535027,SELL,-0.0
20260818-212752,1787088535129,SELL,-0.0
20260818-212752,1787088535231,SELL,-0.0
20260818-212752,1787088535333,SELL,-0.0
20260818-212752,1787088535435,SELL,-0.0
20260818-212752,1787088535537,SELL,-0.0
20260818-212752,1787088535639,SELL,-0.0
20260818-212752,1787088535741,SELL,-0.0
20260818-212752,1787088535620,SELL,-0.0
20260818-212752,1787088535843,SELL,-0.0
20260818-212752,1787088535945,SELL,-0.0
20260818-212752,1787088536047,SELL,-0.0
20260818-212752,1787088536149,SELL,-0.0
20260818-212752,1787088536251,SELL,-0.0
20260818-212752,1787088536353,SELL,-0.0
20260818-212752,1787088536455,SELL,-0.0
20260818-212752,1787088536557,SELL,-0.0
20260818-212752,1787088537271,SELL,-0.0
20260818-212752,1787088537373,SELL,-0.0
20260818-212752,1787088537475,SELL,-0.0
20260818-212752,1787088538393,SELL,-0.0
20260818-212752,1787088538495,SELL,-0.0
20260818-212752,1787088538431,SELL,-0.0
20260818-212752,1787088538597,SELL,-0.0
20260818-212752,1787088538699,SELL,-0.0
20260818-212752,1787088538801,SELL,-0.0
20260818-212752,1787088538903,SELL,-0.0
20260818-212752,1787088539005,SELL,-0.0
20260818-212752,1787088539107,SELL,-0.0
20260818-212752,1787088539209,SELL,-0.0
20260818-212752,1787088539311,SELL,-0.0
20260818-212752,1787088539413,SELL,-0.0
20260818-212752,1787088539515,SELL,-0.0
20260818-212752,1787088539617,SELL,-0.0
20260818-212752,1787088539719,SELL,-0.0
20260818-212752,1787088539821,SELL,-0.0
20260818-212752,1787088539923,SELL,-0.0
20260818-212752,1787088540025,SELL,-0.0
20260818-212752,1787088540127,SELL,-0.0
20260818-212752,1787088540007,SELL,-0.0
20260818-212752,1787088540229,SELL,-0.0
20260818-212752,1787088540331,SELL,-0.0
20260818-212752,1787088540211,SELL,-0.0
20260818-212752,1787088540433,SELL,-0.0
20260818-212752,1787088540535,SELL,-0.0
20260818-212752,1787088540637,SELL,-0.0
20260818-212752,1787088540514,SELL,-0.0
20260818-212752,1787088540739,SELL,-0.0
20260818-212752,1787088541147,SELL,-0.0
20260818-212752,1787088541249,SELL,-0.0
20260818-212752,1787088541351,SELL,-0.0
20260818-212752,1787088541453,SELL,-0.0
20260818-212752,1787088541555,SELL,-0.0
20260818-212752,1787088541657,SELL,-0.0
20260818-212752,1787088541759,SELL,-0.0
20260818-212752,1787088541861,SELL,-0.0
20260818-212752,1787088541963,SELL,-0.0
20260818-212752,1787088542065,SELL,-0.0
20260818-212752,1787088542167,SELL,-0.0
20260818-212752,1787088542269,SELL,-0.0
20260818-212752,1787088542184,SELL,-0.0
20260818-212752,1787088542371,SELL,-0.0
20260818-212752,1787088542473,SELL,-0.0
20260818-212752,1787088542575,SELL,-0.0
20260818-212752,1787088542677,SELL,-0.0
20260818-212752,1787088542779,SELL,-0.0
20260818-212752,1787088542881,SELL,-0.0
20260818-212752,1787088542983,SELL,-0.0
20260818-212752,1787088543085,SELL,-0.0
20260818-212752,1787088543187,SELL,-0.0
20260818-212752,1787088543289,SELL,-0.0
20260818-212752,1787088543391,SELL,-0.0
20260818-212752,1787088543493,SELL,-0.0
20260818-212752,1787088543595,SELL,-0.0
20260818-212752,1787088543697,SELL,-0.0
20260818-212752,1787088543799,SELL,-0.0
20260818-212752,1787088543901,SELL,-0.0
20260818-212752,1787088544003,SELL,-0.0
20260818-212752,1787088544105,SELL,-0.0
20260818-212752,1787088544207,SELL,-0.0
20260818-212752,1787088544309,SELL,-0.0
20260818-212752,1787088544411,SELL,-0.0
20260818-212752,1787088544513,SELL,-0.0
20260818-212752,1787088544615,SELL,-0.0
20260818-212752,1787088544717,SELL,-0.0
20260818-212752,1787088544819,SELL,-0.0
20260818-212752,1787088544921,SELL,-0.0
20260818-212752,1787088545023,SELL,-0.0
20260818-212752,1787088545125,SELL,-0.0
20260818-212752,1787088545227,SELL,-0.0
20260818-212752,1787088545329,SELL,-0.0
20260818-212752,1787088545431,SELL,-0.0
20260818-212752,1787088545533,SELL,-0.0
20260818-212752,1787088545635,SELL,-0.0
20260818-212752,1787088545737,SELL,-0.0
20260818-212752,1787088545839,SELL,-0.0
20260818-212752,1787088545723,SELL,-0.0
20260818-212752,1787088545941,SELL,-0.0
20260818-212752,1787088546043,SELL,-0.0
20260818-212752,1787088546145,SELL,-0.0
20260818-212752,1787088546247,SELL,-0.0
20260818-212752,1787088546349,SELL,-0.0
20260818-212752,1787088546451,SELL,-0.0
20260818-212752,1787088546553,SELL,-0.0
20260818-212752,1787088546655,SELL,-0.0
20260818-212752,1787088546757,SELL,-0.0
20260818-212752,1787088546859,SELL,-0.0
20260818-212752,1787088546961,SELL,-0.0
20260818-212752,1787088546882,SELL,-0.0
20260818-212752,1787088547063,SELL,-0.0
20260818-212752,1787088547165,SELL,-0.0
20260818-212752,1787088547267,SELL,-0.0
20260818-212752,1787088547369,SELL,-0.0
20260818-212752,1787088547471,SELL,-0.0
20260818-212752,1787088547573,SELL,-0.0
20260818-212752,1787088547675,SELL,-0.0
20260818-212752,1787088547777,SELL,-0.0
20260818-212752,1787088547879,SELL,-0.0
20260818-212752,1787088547981,SELL,-0.0
20260818-212752,1787088548083,SELL,-0.0
20260818-212752,1787088548185,SELL,-0.0
20260818-212752,1787088548287,SELL,-0.0
20260818-212752,1787088548389,SELL,-0.0
20260818-212752,1787088548491,SELL,-0.0
20260818-212752,1787088548593,SELL,-0.0
20260818-212752,1787088548695,SELL,-0.0
20260818-212752,1787088548797,SELL,-0.0
20260818-212752,1787088548648,SELL,-0.0
20260818-212752,1787088548899,SELL,-0.0
20260818-212752,1787088549001,SELL,-0.0
20260818-212752,1787088549103,SELL,-0.0
20260818-212752,1787088548953,SELL,-0.0
20260818-212752,1787088549205,SELL,-0.0
20260818-212752,1787088549307,SELL,-0.0
20260818-212752,1787088549409,SELL,-0.0
20260818-212752,1787088549511,SELL,-0.0
20260818-212752,1787088549613,SELL,-0.0
20260818-212752,1787088549715,SELL,-0.0
20260818-212752,1787088549817,SELL,-0.0
20260818-212752,1787088549919,SELL,-0.0
20260818-212752,1787088550021,SELL,-0.0
20260818-212752,1787088550123,SELL,-0.0
20260818-212752,1787088550225,SELL,-0.0
20260818-212752,1787088550327,SELL,-0.0
20260818-212752,1787088550429,SELL,-0.0
20260818-212752,1787088550531,SELL,-0.0
20260818-212752,1787088550633,SELL,-0.0
20260818-212752,1787088550735,SELL,-0.0
20260818-212752,1787088550837,SELL,-0.0
20260818-212752,1787088550939,SELL,-0.0
20260818-212752,1787088551041,SELL,-0.0
20260818-212752,1787088551143,SELL,-0.0
20260818-212752,1787088551245,SELL,-0.0
20260818-212752,1787088551347,SELL,-0.0
20260818-212752,1787088551449,SELL,-0.0
20260818-212752,1787088551551,SELL,-0.0
20260818-212752,1787088551653,SELL,-0.0
20260818-212752,1787088551560,SELL,-0.0
20260818-212752,1787088551755,SELL,-0.0
20260818-212752,1787088551857,SELL,-0.0
20260818-212752,1787088551959,SELL,-0.0
20260818-212752,1787088552061,SELL,-0.0
20260818-212752,1787088552163,SELL,-0.0
20260818-212752,1787088552265,SELL,-0.0
20260818-212752,1787088552367,SELL,-0.0
20260818-212752,1787088552252,SELL,-0.0
20260818-212752,1787088552469,SELL,-0.0
20260818-212752,1787088552571,SELL,-0.0
20260818-212752,1787088552492,SELL,-0.0
20260818-212752,1787088552673,SELL,-0.0
20260818-212752,1787088552775,SELL,-0.0
20260818-212752,1787088552877,SELL,-0.0
20260818-212752,1787088552979,SELL,-0.0
20260818-212752,1787088553081,SELL,-0.0
20260818-212752,1787088553183,SELL,-0.0
20260818-212752,1787088553285,SELL,-0.0
20260818-212752,1787088553387,SELL,-0.0
20260818-212752,1787088553489,SELL,-0.0
20260818-212752,1787088553591,SELL,-0.0
20260818-212752,1787088553693,SELL,-0.0
20260818-212752,1787088553795,SELL,-0.0
20260818-212752,1787088553897,SELL,-0.0
20260818-212752,1787088553999,SELL,-0.0
20260818-212752,1787088554101,SELL,-0.0
20260818-212752,1787088554203,SELL,-0.0
20260818-212752,1787088554141,SELL,-0.0
20260818-212752,1787088554305,SELL,-0.0
20260818-212752,1787088554407,SELL,-0.0
20260818-212752,1787088554276,SELL,-0.0
20260818-212752,1787088554509,SELL,-0.0
20260818-212752,1787088554611,SELL,-0.0
20260818-212752,1787088554713,SELL,-0.0
20260818-212752,1787088554815,SELL,-0.0
20260818-212752,1787088554917,SELL,-0.0
20260818-212752,1787088555019,SELL,-0.0
20260818-212752,1787088555121,SELL,-0.0
20260818-212752,1787088555223,SELL,-0.0
20260818-212752,1787088555325,SELL,-0.0
20260818-212752,1787088555427,SELL,-0.0
20260818-212752,1787088555529,SELL,-0.0
20260818-212752,1787088555397,SELL,-0.0
20260818-212752,1787088555631,SELL,-0.0
20260818-212752,1787088555733,SELL,-0.0
20260818-212752,1787088555835,SELL,-0.0
20260818-212752,1787088555937,SELL,-0.0
20260818-212752,1787088556039,SELL,-0.0
20260818-212752,1787088556141,SELL,-0.0
20260818-212752,1787088556243,SELL,-0.0
20260818-212752,1787088556345,SELL,-0.0
20260818-212752,1787088556447,SELL,-0.0
20260818-212752,1787088556549,SELL,-0.0
20260818-212752,1787088556651,SELL,-0.0
20260818-212752,1787088556753,SELL,-0.0
20260818-212752,1787088556855,SELL,-0.0
20260818-212752,1787088556957,SELL,-0.0
20260818-212752,1787088557059,SELL,-0.0
20260818-212752,1787088557161,SELL,-0.0
20260818-212752,1787088557263,SELL,-0.0
20260818-212752,1787088557365,SELL,-0.0
20260818-212752,1787088557467,SELL,-0.0
20260818-212752,1787088557569,SELL,-0.0
20260818-212752,1787088557671,SELL,-0.0
20260818-212752,1787088557773,SELL,-0.0
20260818-212752,1787088557875,SELL,-0.0
20260818-212752,1787088557977,SELL,-0.0
20260818-212752,1787088558079,SELL,-0.0
20260818-212752,1787088558181,SELL,-0.0
20260818-212752,1787088558283,SELL,-0.0
20260818-212752,1787088558385,SELL,-0.0
20260818-212752,1787088558487,SELL,-0.0
20260818-212752,1787088558589,SELL,-0.0
20260818-212752,1787088558691,SELL,-0.0
20260818-212752,1787088558793,SELL,-0.0
20260818-212752,1787088558895,SELL,-0.0
20260818-212752,1787088558997,SELL,-0.0
20260818-212752,1787088559099,SELL,-0.0
20260818-212752,1787088559201,SELL,-0.0
20260818-212752,1787088559303,SELL,-0.0
20260818-212752,1787088559405,SELL,-0.0
20260818-212752,1787088559507,SELL,-0.0
20260818-212752,1787088559609,SELL,-0.0
20260818-212752,1787088559711,SELL,-0.0
20260818-212752,1787088559813,SELL,-0.0
20260818-212752,1787088559915,SELL,-0.0
20260818-212752,1787088560017,SELL,-0.0
20260818-212752,1787088560119,SELL,-0.0
20260818-212752,1787088560221,SELL,-0.0
20260818-212752,1787088560323,SELL,-0.0
20260818-212752,1787088560425,SELL,-0.0
20260818-212752,1787088560527,SELL,-0.0
20260818-212752,1787088560629,SELL,-0.0
20260818-212752,1787088560523,SELL,-0.0
20260818-212752,1787088560731,SELL,-0.0
20260818-212752,1787088560833,SELL,-0.0
20260818-212752,1787088560935,SELL,-0.0
20260818-212752,1787088561037,SELL,-0.0
20260818-212752,1787088561139,SELL,-0.0
20260818-212752,1787088561241,SELL,-0.0
20260818-212752,1787088561343,SELL,-0.0
20260818-212752,1787088561445,SELL,-0.0
20260818-212752,1787088561547,SELL,-0.0
20260818-212752,1787088561649,SELL,-0.0
20260818-212752,1787088561751,SELL,-0.0
20260818-212752,1787088561853,SELL,-0.0
20260818-212752,1787088561955,SELL,-0.0
20260818-212752,1787088562057,SELL,-0.0
20260818-212752,1787088562159,SELL,-0.0
20260818-212752,1787088562261,SELL,-0.0
20260818-212752,1787088562363,SELL,-0.0
20260818-212752,1787088562281,SELL,-0.0
20260818-212752,1787088562465,SELL,-0.0
20260818-212752,1787088562567,SELL,-0.0
20260818-212752,1787088562669,SELL,-0.0
20260818-212752,1787088562771,SELL,-0.0
20260818-212752,1787088562873,SELL,-0.0
20260818-212752,1787088562975,SELL,-0.0
20260818-212752,1787088563077,SELL,-0.0
20260818-212752,1787088563179,SELL,-0.0
20260818-212752,1787088563281,SELL,-0.0
20260818-212752,1787088563383,SELL,-0.0
20260818-212752,1787088563485,SELL,-0.0
20260818-212752,1787088563587,SELL,-0.0
20260818-212752,1787088563689,SELL,-0.0
20260818-212752,1787088563791,SELL,-0.0
20260818-212752,1787088563893,SELL,-0.0
20260818-212752,1787088563995,SELL,-0.0
20260818-212752,1787088564097,SELL,-0.0
20260818-212752,1787088564199,SELL,-0.0
20260818-212752,1787088564301,SELL,-0.0
20260818-212752,1787088564230,SELL,-0.0
20260818-212752,1787088564403,SELL,-0.0
20260818-212752,1787088564505,SELL,-0.0
20260818-212752,1787088564607,SELL,-0.0
20260818-212752,1787088564709,SELL,-0.0
20260818-212752,1787088564811,SELL,-0.0
20260818-212752,1787088564913,SELL,-0.0
20260818-212752,1787088565015,SELL,-0.0
20260818-212752,1787088565117,SELL,-0.0
20260818-212752,1787088565219,SELL,-0.0
20260818-212752,1787088565321,SELL,-0.0
20260818-212752,1787088565423,SELL,-0.0
20260818-212752,1787088565525,SELL,-0.0
20260818-212752,1787088565627,SELL,-0.0
20260818-212752,1787088565729,SELL,-0.0
20260818-212752,1787088565831,SELL,-0.0
20260818-212752,1787088565933,SELL,-0.0
20260818-212752,1787088566035,SELL,-0.0
20260818-212752,1787088566137,SELL,-0.0
20260818-212752,1787088566020,SELL,-0.0
20260818-212752,1787088566239,SELL,-0.0
20260818-212752,1787088566341,SELL,-0.0
20260818-212752,1787088566443,SELL,-0.0
20260818-212752,1787088566545,SELL,-0.0
20260818-212752,1787088566435,SELL,-0.0
20260818-212752,1787088611181,SELL,-0.0
20260818-212752,1787088611323,SELL,-0.0
20260818-212752,1787088611425,SELL,-0.0
20260818-212752,1787088611527,SELL,-0.0
20260818-212752,1787088611629,SELL,-0.0
20260818-212752,1787088611525,SELL,-0.0
20260818-212752,1787088611731,SELL,-0.0
20260818-212752,1787088611833,SELL,-0.0
20260818-212752,1787088611935,SELL,-0.0
20260818-212752,1787088612037,SELL,-0.0
20260818-212752,1787088612139,SELL,-0.0
20260818-212752,1787088612241,SELL,-0.0
20260818-212752,1787088612343,SELL,-0.0
20260818-212752,1787088612445,SELL,-0.0
20260818-212752,1787088612547,SELL,-0.0
20260818-212752,1787088612649,SELL,-0.0
20260818-212752,1787088612638,SELL,-0.0
20260818-212752,1787088612751,SELL,-0.0
20260818-212752,1787088612853,SELL,-0.0
20260818-212752,1787088612701,SELL,-0.0
20260818-212752,1787088612955,SELL,-0.0
20260818-212752,1787088613057,SELL,-0.0
20260818-212752,1787088613159,SELL,-0.0
20260818-212752,1787088613261,SELL,-0.0
20260818-212752,1787088613166,SELL,-0.0
20260818-212752,1787088613363,SELL,-0.0
20260818-212752,1787088613465,SELL,-0.0
20260818-212752,1787088613567,SELL,-0.0
20260818-212752,1787088613669,SELL,-0.0
20260818-212752,1787088613771,SELL,-0.0
20260818-212752,1787088613693,SELL,-0.0
20260818-212752,1787088613873,SELL,-0.0
20260818-212752,1787088613798,SELL,-0.0
20260818-212752,1787088613975,SELL,-0.0
20260818-212752,1787088614077,SELL,-0.0
20260818-212752,1787088614179,SELL,-0.0
20260818-212752,1787088614067,SELL,-0.0
20260818-212752,1787088614281,SELL,-0.0
20260818-212752,1787088614383,SELL,-0.0
20260818-212752,1787088614230,SELL,-0.0
20260818-212752,1787088614485,SELL,-0.0
20260818-212752,1787088614587,SELL,-0.0
20260818-212752,1787088614689,SELL,-0.0
20260818-212752,1787088614791,SELL,-0.0
20260818-212752,1787088614718,SELL,-0.0
20260818-212752,1787088614893,SELL,-0.0
20260818-212752,1787088614995,SELL,-0.0
20260818-212752,1787088615097,SELL,-0.0
20260818-212752,1787088615199,SELL,-0.0
20260818-212752,1787088615301,SELL,-0.0
20260818-212752,1787088615403,SELL,-0.0
20260818-212752,1787088615505,SELL,-0.0
20260818-212752,1787088615607,SELL,-0.0
20260818-212752,1787088615709,SELL,-0.0
20260818-212752,1787088615811,SELL,-0.0
20260818-212752,1787088615913,SELL,-0.0
20260818-212752,1787088616015,SELL,-0.0
20260818-212752,1787088616117,SELL,-0.0
20260818-212752,1787088616219,SELL,-0.0
20260818-212752,1787088616321,SELL,-0.0
20260818-212752,1787088616423,SELL,-0.0
20260818-212752,1787088616525,SELL,-0.0
20260818-212752,1787088616627,SELL,-0.0
20260818-212752,1787088616729,SELL,-0.0
20260818-212752,1787088616831,SELL,-0.0
20260818-212752,1787088616933,SELL,-0.0
20260818-212752,1787088617035,SELL,-0.0
20260818-212752,1787088616897,SELL,-0.0
20260818-212752,1787088617137,SELL,-0.0
20260818-212752,1787088617239,SELL,-0.0
20260818-212752,1787088617341,SELL,-0.0
20260818-212752,1787088617192,SELL,-0.0
20260818-212752,1787088617443,SELL,-0.0
20260818-212752,1787088617545,SELL,-0.0
20260818-212752,1787088617647,SELL,-0.0
20260818-212752,1787088617749,SELL,-0.0
20260818-212752,1787088617851,SELL,-0.0
20260818-212752,1787088617953,SELL,-0.0
20260818-212752,1787088618055,SELL,-0.0
20260818-212752,1787088617953,SELL,-0.0
20260818-212752,1787088618157,SELL,-0.0
20260818-212752,1787088618259,SELL,-0.0
20260818-212752,1787088618110,SELL,-0.0
20260818-212752,1787088618361,SELL,-0.0
20260818-212752,1787088618463,SELL,-0.0
20260818-212752,1787088618565,SELL,-0.0
20260818-212752,1787088618667,SELL,-0.0
20260818-212752,1787088618769,SELL,-0.0
20260818-212752,1787088618871,SELL,-0.0
20260818-212752,1787088618973,SELL,-0.0
20260818-212752,1787088618821,SELL,-0.0
20260818-212752,1787088619075,SELL,-0.0
20260818-212752,1787088619177,SELL,-0.0
20260818-212752,1787088619279,SELL,-0.0
20260818-212752,1787088619381,SELL,-0.0
20260818-212752,1787088619483,SELL,-0.0
20260818-212752,1787088619585,SELL,-0.0
20260818-212752,1787088619687,SELL,-0.0
20260818-212752,1787088619789,SELL,-0.0
20260818-212752,1787088619891,SELL,-0.0
20260818-212752,1787088619993,SELL,-0.0
20260818-212752,1787088620095,SELL,-0.0
20260818-212752,1787088620197,SELL,-0.0
20260818-212752,1787088620299,SELL,-0.0
20260818-212752,1787088620401,SELL,-0.0
20260818-212752,1787088620503,SELL,-0.0
20260818-212752,1787088620605,SELL,-0.0
20260818-212752,1787088620707,SELL,-0.0
20260818-212752,1787088620809,SELL,-0.0
20260818-212752,1787088620911,SELL,-0.0
20260818-212752,1787088621013,SELL,-0.0
20260818-212752,1787088621115,SELL,-0.0
20260818-212752,1787088621217,SELL,-0.0
20260818-212752,1787088621319,SELL,-0.0
20260818-212752,1787088621421,SELL,-0.0
20260818-212752,1787088621523,SELL,-0.0
20260818-212752,1787088621625,SELL,-0.0
20260818-212752,1787088621727,SELL,-0.0
20260818-212752,1787088621829,SELL,-0.0
20260818-212752,1787088621931,SELL,-0.0
20260818-212752,1787088621864,SELL,-0.0
20260818-212752,1787088622033,SELL,-0.0
20260818-212752,1787088622135,SELL,-0.0
20260818-212752,1787088622237,SELL,-0.0
20260818-212752,1787088622111,SELL,-0.0
20260818-212752,1787088622339,SELL,-0.0
20260818-212752,1787088622441,SELL,-0.0
20260818-212752,1787088622317,SELL,-0.0
20260818-212752,1787088622543,SELL,-0.0
20260818-212752,1787088622645,SELL,-0.0
20260818-212752,1787088622560,SELL,-0.0
20260818-212752,1787088622747,SELL,-0.0
20260818-212752,1787088622849,SELL,-0.0
20260818-212752,1787088622951,SELL,-0.0
20260818-212752,1787088623053,SELL,-0.0
20260818-212752,1787088623155,SELL,-0.0
20260818-212752,1787088623257,SELL,-0.0
20260818-212752,1787088623185,SELL,-0.0
20260818-212752,1787088623359,SELL,-0.0
20260818-212752,1787088623461,SELL,-0.0
20260818-212752,1787088623563,SELL,-0.0
20260818-212752,1787088623665,SELL,-0.0
20260818-212752,1787088623767,SELL,-0.0
20260818-212752,1787088623644,SELL,-0.0
20260818-212752,1787088623869,SELL,-0.0
20260818-212752,1787088623971,SELL,-0.0
20260818-212752,1787088624073,SELL,-0.0
20260818-212752,1787088623993,SELL,-0.0
20260818-212752,1787088624175,SELL,-0.0
20260818-212752,1787088624277,SELL,-0.0
20260818-212752,1787088624379,SELL,-0.0
20260818-212752,1787088624481,SELL,-0.0
20260818-212752,1787088624583,SELL,-0.0
20260818-212752,1787088624685,SELL,-0.0
20260818-212752,1787088624787,SELL,-0.0
20260818-212752,1787088624889,SELL,-0.0
20260818-212752,1787088624991,SELL,-0.0
20260818-212752,1787088625093,SELL,-0.0
20260818-212752,1787088625195,SELL,-0.0
20260818-212752,1787088625297,SELL,-0.0
20260818-212752,1787088625399,SELL,-0.0
20260818-212752,1787088625501,SELL,-0.0
20260818-212752,1787088625603,SELL,-0.0
20260818-212752,1787088625705,SELL,-0.0
20260818-212752,1787088625807,SELL,-0.0
20260818-212752,1787088625909,SELL,-0.0
20260818-212752,1787088626011,SELL,-0.0
20260818-212752,1787088625933,SELL,-0.0
20260818-212752,1787088626113,SELL,-0.0
20260818-212752,1787088626215,SELL,-0.0
20260818-212752,1787088626317,SELL,-0.0
20260818-212752,1787088626419,SELL,-0.0
20260818-212752,1787088626521,SELL,-0.0
20260818-212752,1787088626623,SELL,-0.0
20260818-212752,1787088626725,SELL,-0.0
20260818-212752,1787088626827,SELL,-0.0
20260818-212752,1787088626929,SELL,-0.0
20260818-212752,1787088627031,SELL,-0.0
20260818-212752,1787088627133,SELL,-0.0
20260818-212752,1787088627235,SELL,-0.0
20260818-212752,1787088627337,SELL,-0.0
20260818-212752,1787088627439,SELL,-0.0
20260818-212752,1787088627541,SELL,-0.0
20260818-212752,1787088627643,SELL,-0.0
20260818-212752,1787088627745,SELL,-0.0
20260818-212752,1787088627847,SELL,-0.0
20260818-212752,1787088627949,SELL,-0.0
20260818-212752,1787088628051,SELL,-0.0
20260818-212752,1787088627996,SELL,-0.0
20260818-212752,1787088628153,SELL,-0.0
20260818-212752,1787088628255,SELL,-0.0
20260818-212752,1787088628357,SELL,-0.0
20260818-212752,1787088628459,SELL,-0.0
20260818-212752,1787088628561,SELL,-0.0
20260818-212752,1787088628663,SELL,-0.0
20260818-212752,1787088628765,SELL,-0.0
20260818-212752,1787088628867,SELL,-0.0
20260818-212752,1787088628969,SELL,-0.0
20260818-212752,1787088629071,SELL,-0.0
20260818-212752,1787088629173,SELL,-0.0
20260818-212752,1787088629275,SELL,-0.0
20260818-212752,1787088629377,SELL,-0.0
20260818-212752,1787088629479,SELL,-0.0
20260818-212752,1787088629581,SELL,-0.0
20260818-212752,1787088629683,SELL,-0.0
20260818-212752,1787088629785,SELL,-0.0
20260818-212752,1787088629887,SELL,-0.0
20260818-212752,1787088629989,SELL,-0.0
20260818-212752,1787088630091,SELL,-0.0
20260818-212752,1787088630193,SELL,-0.0
20260818-212752,1787088630295,SELL,-0.0
20260818-212752,1787088630397,SELL,-0.0
20260818-212752,1787088630250,SELL,-0.0
20260818-212752,1787088630499,SELL,-0.0
20260818-212752,1787088630601,SELL,-0.0
20260818-212752,1787088630530,SELL,-0.0
20260818-212752,1787088630703,SELL,-0.0
20260818-212752,1787088630805,SELL,-0.0
20260818-212752,1787088630907,SELL,-0.0
20260818-212752,1787088631009,SELL,-0.0
20260818-212752,1787088631111,SELL,-0.0
20260818-212752,1787088631213,SELL,-0.0
20260818-212752,1787088631315,SELL,-0.0
20260818-212752,1787088631417,SELL,-0.0
20260818-212752,1787088631519,SELL,-0.0
20260818-212752,1787088631621,SELL,-0.0
20260818-212752,1787088631723,SELL,-0.0
20260818-212752,1787088631825,SELL,-0.0
20260818-212752,1787088631927,SELL,-0.0
20260818-212752,1787088632029,SELL,-0.0
20260818-212752,1787088632131,SELL,-0.0
20260818-212752,1787088632233,SELL,-0.0
20260818-212752,1787088632335,SELL,-0.0
20260818-212752,1787088632437,SELL,-0.0
20260818-212752,1787088632539,SELL,-0.0
20260818-212752,1787088632641,SELL,-0.0
20260818-212752,1787088632743,SELL,-0.0
20260818-212752,1787088632845,SELL,-0.0
20260818-212752,1787088632947,SELL,-0.0
20260818-212752,1787088633049,SELL,-0.0
20260818-212752,1787088633151,SELL,-0.0
20260818-212752,1787088633253,SELL,-0.0
20260818-212752,1787088633355,SELL,-0.0
20260818-212752,1787088633457,SELL,-0.0
20260818-212752,1787088633559,SELL,-0.0
20260818-212752,1787088633661,SELL,-0.0
20260818-212752,1787088633763,SELL,-0.0
20260818-212752,1787088633865,SELL,-0.0
20260818-212752,1787088633967,SELL,-0.0
20260818-212752,1787088634069,SELL,-0.0
20260818-212752,1787088634171,SELL,-0.0
20260818-212752,1787088634273,SELL,-0.0
20260818-212752,1787088634375,SELL,-0.0
20260818-212752,1787088634477,SELL,-0.0
20260818-212752,1787088634579,SELL,-0.0
20260818-212752,1787088634522,SELL,-0.0
20260818-212752,1787088634681,SELL,-0.0
20260818-212752,1787088634783,SELL,-0.0
20260818-212752,1787088634885,SELL,-0.0
20260818-212752,1787088634987,SELL,-0.0
20260818-212752,1787088635089,SELL,-0.0
20260818-212752,1787088635191,SELL,-0.0
20260818-212752,1787088635293,SELL,-0.0
20260818-212752,1787088635395,SELL,-0.0
20260818-212752,1787088635497,SELL,-0.0
20260818-212752,1787088635599,SELL,-0.0
20260818-212752,1787088635701,SELL,-0.0
20260818-212752,1787088635803,SELL,-0.0
20260818-212752,1787088635905,SELL,-0.0
20260818-212752,1787088636007,SELL,-0.0
20260818-212752,1787088636109,SELL,-0.0
20260818-212752,1787088636211,SELL,-0.0
20260818-212752,1787088636313,SELL,-0.0
20260818-212752,1787088636415,SELL,-0.0
20260818-212752,1787088636517,SELL,-0.0
20260818-212752,1787088636619,SELL,-0.0
20260818-212752,1787088636721,SELL,-0.0
20260818-212752,1787088636823,SELL,-0.0
20260818-212752,1787088636925,SELL,-0.0
20260818-212752,1787088637027,SELL,-0.0
20260818-212752,1787088637129,SELL,-0.0
20260818-212752,1787088637231,SELL,-0.0
20260818-212752,1787088637333,SELL,-0.0
20260818-212752,1787088637435,SELL,-0.0
20260818-212752,1787088637537,SELL,-0.0
20260818-212752,1787088637639,SELL,-0.0
20260818-212752,1787088637741,SELL,-0.0
20260818-212752,1787088637843,SELL,-0.0
20260818-212752,1787088637742,SELL,-0.0
20260818-212752,1787088637945,SELL,-0.0
20260818-212752,1787088638047,SELL,-0.0
20260818-212752,1787088638149,SELL,-0.0
20260818-212752,1787088638085,SELL,-0.0
20260818-212752,1787088638251,SELL,-0.0
20260818-212752,1787088638353,SELL,-0.0
20260818-212752,1787088638455,SELL,-0.0
20260818-212752,1787088638557,SELL,-0.0
20260818-212752,1787088638659,SELL,-0.0
20260818-212752,1787088638761,SELL,-0.0
20260818-212752,1787088638863,SELL,-0.0
20260818-212752,1787088638965,SELL,-0.0
20260818-212752,1787088639067,SELL,-0.0
20260818-212752,1787088639169,SELL,-0.0
20260818-212752,1787088639271,SELL,-0.0
20260818-212752,1787088639373,SELL,-0.0
20260818-212752,1787088639475,SELL,-0.0
20260818-212752,1787088639371,SELL,-0.0
20260818-212752,1787088639577,SELL,-0.0
20260818-212752,1787088639679,SELL,-0.0
20260818-212752,1787088639781,SELL,-0.0
20260818-212752,1787088639640,SELL,-0.0
20260818-212752,1787088639883,SELL,-0.0
20260818-212752,1787088639985,SELL,-0.0
20260818-212752,1787088640087,SELL,-0.0
20260818-212752,1787088640189,SELL,-0.0
20260818-212752,1787088640291,SELL,-0.0
20260818-212752,1787088640393,SELL,-0.0
20260818-212752,1787088640495,SELL,-0.0
20260818-212752,1787088640521,SELL,-0.0
20260818-212752,1787088640597,SELL,-0.0
20260818-212752,1787088640699,SELL,-0.0
20260818-212752,1787088640563,SELL,-0.0
20260818-212752,1787088640801,SELL,-0.0
20260818-212752,1787088640903,SELL,-0.0
20260818-212752,1787088641005,SELL,-0.0
20260818-212752,1787088641107,SELL,-0.0
20260818-212752,1787088641209,SELL,-0.0
20260818-212752,1787088641091,SELL,-0.0
20260818-212752,1787088641311,SELL,-0.0
20260818-212752,1787088641413,SELL,-0.0
20260818-212752,1787088641515,SELL,-0.0
20260818-212752,1787088641617,SELL,-0.0
20260818-212752,1787088641719,SELL,-0.0
20260818-212752,1787088641821,SELL,-0.0
20260818-212752,1787088641923,SELL,-0.0
20260818-212752,1787088641851,SELL,-0.0
20260818-212752,1787088642025,SELL,-0.0
20260818-212752,1787088642127,SELL,-0.0
20260818-212752,1787088642229,SELL,-0.0
20260818-212752,1787088642331,SELL,-0.0
20260818-212752,1787088642433,SELL,-0.0
20260818-212752,1787088642535,SELL,-0.0
20260818-212752,1787088642637,SELL,-0.0
20260818-212752,1787088642739,SELL,-0.0
20260818-212752,1787088642841,SELL,-0.0
20260818-212752,1787088642943,SELL,-0.0
20260818-212752,1787088643045,SELL,-0.0
20260818-212752,1787088642937,SELL,-0.0
20260818-212752,1787088643147,SELL,-0.0
20260818-212752,1787088643249,SELL,-0.0
20260818-212752,1787088643351,SELL,-0.0
20260818-212752,1787088643453,SELL,-0.0
20260818-212752,1787088643555,SELL,-0.0
20260818-212752,1787088643657,SELL,-0.0
20260818-212752,1787088643759,SELL,-0.0
20260818-212752,1787088643861,SELL,-0.0
20260818-212752,1787088643963,SELL,-0.0
20260818-212752,1787088644065,SELL,-0.0
20260818-212752,1787088644167,SELL,-0.0
20260818-212752,1787088644269,SELL,-0.0
20260818-212752,1787088644155,SELL,-0.0
20260818-212752,1787088644371,SELL,-0.0
20260818-212752,1787088644473,SELL,-0.0
20260818-212752,1787088644575,SELL,-0.0
20260818-212752,1787088644677,SELL,-0.0
20260818-212752,1787088644779,SELL,-0.0
20260818-212752,1787088644881,SELL,-0.0
20260818-212752,1787088644761,SELL,-0.0
20260818-212752,1787088644983,SELL,-0.0
20260818-212752,1787088645085,SELL,-0.0
20260818-212752,1787088645187,SELL,-0.0
20260818-212752,1787088645289,SELL,-0.0
20260818-212752,1787088645391,SELL,-0.0
20260818-212752,1787088645493,SELL,-0.0
20260818-212752,1787088645595,SELL,-0.0
20260818-212752,1787088645697,SELL,-0.0
20260818-212752,1787088645565,SELL,-0.0
20260818-212752,1787088645799,SELL,-0.0
20260818-212752,1787088645901,SELL,-0.0
20260818-212752,1787088646003,SELL,-0.0
20260818-212752,1787088646105,SELL,-0.0
20260818-212752,1787088646207,SELL,-0.0
20260818-212752,1787088646309,SELL,-0.0
20260818-212752,1787088646411,SELL,-0.0
20260818-212752,1787088646295,SELL,-0.0
20260818-212752,1787088646513,SELL,-0.0
20260818-212752,1787088646422,SELL,-0.0
20260818-212752,1787088646615,SELL,-0.0
20260818-212752,1787088646717,SELL,-0.0
20260818-212752,1787088646639,SELL,-0.0
20260818-212752,1787088646819,SELL,-0.0
20260818-212752,1787088646921,SELL,-0.0
20260818-212752,1787088646851,SELL,-0.0
20260818-212752,1787088647023,SELL,-0.0
20260818-212752,1787088647125,SELL,-0.0
20260818-212752,1787088647227,SELL,-0.0
20260818-212752,1787088647329,SELL,-0.0
20260818-212752,1787088647431,SELL,-0.0
20260818-212752,1787088647533,SELL,-0.0
20260818-212752,1787088647635,SELL,-0.0
20260818-212752,1787088647737,SELL,-0.0
20260818-212752,1787088647839,SELL,-0.0
20260818-212752,1787088647941,SELL,-0.0
20260818-212752,1787088648043,SELL,-0.0
20260818-212752,1787088648145,SELL,-0.0
20260818-212752,1787088648046,SELL,-0.0
20260818-212752,1787088648247,SELL,-0.0
20260818-212752,1787088648349,SELL,-0.0
20260818-212752,1787088648451,SELL,-0.0
20260818-212752,1787088648553,SELL,-0.0
20260818-212752,1787088648655,SELL,-0.0
20260818-212752,1787088648556,SELL,-0.0
20260818-212752,1787088648757,SELL,-0.0
20260818-212752,1787088648859,SELL,-0.0
20260818-212752,1787088648961,SELL,-0.0
20260818-212752,1787088649063,SELL,-0.0
20260818-212752,1787088649165,SELL,-0.0
20260818-212752,1787088649267,SELL,-0.0
20260818-212752,1787088649369,SELL,-0.0
20260818-212752,1787088649290,SELL,-0.0
20260818-212752,1787088649471,SELL,-0.0
20260818-212752,1787088649573,SELL,-0.0
20260818-212752,1787088649675,SELL,-0.0
20260818-212752,1787088649777,SELL,-0.0
20260818-212752,1787088649879,SELL,-0.0
20260818-212752,1787088649981,SELL,-0.0
20260818-212752,1787088650083,SELL,-0.0
20260818-212752,1787088650185,SELL,-0.0
20260818-212752,1787088650287,SELL,-0.0
20260818-212752,1787088650235,SELL,-0.0
20260818-212752,1787088650389,SELL,-0.0
20260818-212752,1787088650491,SELL,-0.0
20260818-212752,1787088650368,SELL,-0.0
20260818-212752,1787088650593,SELL,-0.0
20260818-213053,1787088657110,SELL,-0.0
20260818-213053,1787088657325,SELL,-0.0
20260818-213053,1787088657427,SELL,-0.0
20260818-213053,1787088657366,SELL,-0.0
20260818-213053,1787088657529,SELL,-0.0
20260818-213053,1787088657631,SELL,-0.0
20260818-213053,1787088657733,SELL,-0.0
20260818-213053,1787088657639,SELL,-0.0
20260818-213053,1787088657835,SELL,-0.0
20260818-213053,1787088657937,SELL,-0.0
20260818-213053,1787088658039,SELL,-0.0
20260818-213053,1787088658141,SELL,-0.0
20260818-213053,1787088658243,SELL,-0.0
20260818-213053,1787088658345,SELL,-0.0
20260818-213053,1787088658447,SELL,-0.0
20260818-213053,1787088658549,SELL,-0.0
20260818-213053,1787088658651,SELL,-0.0
20260818-213053,1787088658753,SELL,-0.0
20260818-213053,1787088658855,SELL,-0.0
20260818-213053,1787088658957,SELL,-0.0
20260818-213053,1787088658852,SELL,-0.0
20260818-213053,1787088659059,SELL,-0.0
20260818-213053,1787088659161,SELL,-0.0
20260818-213053,1787088659263,SELL,-0.0
20260818-213053,1787088659365,SELL,-0.0
20260818-213053,1787088659467,SELL,-0.0
20260818-213053,1787088659569,SELL,-0.0
20260818-213053,1787088659671,SELL,-0.0
20260818-213053,1787088659773,SELL,-0.0
20260818-213053,1787088659875,SELL,-0.0
20260818-213053,1787088659977,SELL,-0.0
20260818-213053,1787088660079,SELL,-0.0
20260818-213053,1787088660181,SELL,-0.0
20260818-213053,1787088660283,SELL,-0.0
20260818-213053,1787088660385,SELL,-0.0
20260818-213053,1787088660259,SELL,-0.0
20260818-213053,1787088660487,SELL,-0.0
20260818-213053,1787088660589,SELL,-0.0
20260818-213053,1787088660691,SELL,-0.0
20260818-213053,1787088660566,SELL,-0.0
20260818-213053,1787088660793,SELL,-0.0
20260818-213053,1787088660895,SELL,-0.0
20260818-213053,1787088660997,SELL,-0.0
20260818-213053,1787088661099,SELL,-0.0
20260818-213053,1787088661009,SELL,-0.0
20260818-213053,1787088661201,SELL,-0.0
20260818-213053,1787088661303,SELL,-0.0
20260818-213053,1787088661405,SELL,-0.0
20260818-213053,1787088661507,SELL,-0.0
20260818-213053,1787088661609,SELL,-0.0
20260818-213053,1787088661711,SELL,-0.0
20260818-213053,1787088661813,SELL,-0.0
20260818-213053,1787088661915,SELL,-0.0
20260818-213053,1787088662017,SELL,-0.0
20260818-213053,1787088662119,SELL,-0.0
20260818-213053,1787088662221,SELL,-0.0
20260818-213053,1787088662323,SELL,-0.0
20260818-213053,1787088662425,SELL,-0.0
20260818-213053,1787088662527,SELL,-0.0
20260818-213053,1787088662629,SELL,-0.0
20260818-213053,1787088662731,SELL,-0.0
20260818-213053,1787088662833,SELL,-0.0
20260818-213053,1787088662935,SELL,-0.0
20260818-213053,1787088663037,SELL,-0.0
20260818-213053,1787088663139,SELL,-0.0
20260818-213053,1787088663241,SELL,-0.0
20260818-213053,1787088663089,SELL,-0.0
20260818-213053,1787088663343,SELL,-0.0
20260818-213053,1787088663445,SELL,-0.0
20260818-213053,1787088663305,SELL,-0.0
20260818-213053,1787088663547,SELL,-0.0
20260818-213053,1787088663649,SELL,-0.0
20260818-213053,1787088663751,SELL,-0.0
20260818-213053,1787088663618,SELL,-0.0
20260818-213053,1787088663853,SELL,-0.0
20260818-213053,1787088663955,SELL,-0.0
20260818-213053,1787088664057,SELL,-0.0
20260818-213053,1787088664159,SELL,-0.0
20260818-213053,1787088664261,SELL,-0.0
20260818-213053,1787088664363,SELL,-0.0
20260818-213053,1787088664465,SELL,-0.0
20260818-213053,1787088664362,SELL,-0.0
20260818-213053,1787088664567,SELL,-0.0
20260818-213053,1787088664669,SELL,-0.0
20260818-213053,1787088664771,SELL,-0.0
20260818-213053,1787088664873,SELL,-0.0
20260818-213053,1787088664975,SELL,-0.0
20260818-213053,1787088665077,SELL,-0.0
20260818-213053,1787088665179,SELL,-0.0
20260818-213053,1787088665281,SELL,-0.0
20260818-213053,1787088665383,SELL,-0.0
20260818-213053,1787088665292,SELL,-0.0
20260818-213053,1787088665485,SELL,-0.0
20260818-213053,1787088665587,SELL,-0.0
20260818-213053,1787088665689,SELL,-0.0
20260818-213053,1787088665791,SELL,-0.0
20260818-213053,1787088665893,SELL,-0.0
20260818-213053,1787088665995,SELL,-0.0
20260818-213053,1787088666097,SELL,-0.0
20260818-213053,1787088666199,SELL,-0.0
20260818-213053,1787088666301,SELL,-0.0
20260818-213053,1787088666403,SELL,-0.0
20260818-213053,1787088666505,SELL,-0.0
20260818-213053,1787088666607,SELL,-0.0
20260818-213053,1787088666709,SELL,-0.0
20260818-213053,1787088666811,SELL,-0.0
20260818-213053,1787088666660,SELL,-0.0
20260818-213053,1787088666913,SELL,-0.0
20260818-213053,1787088667015,SELL,-0.0
20260818-213053,1787088667117,SELL,-0.0
20260818-213053,1787088667219,SELL,-0.0
20260818-213053,1787088667321,SELL,-0.0
20260818-213053,1787088667423,SELL,-0.0
20260818-213053,1787088667525,SELL,-0.0
20260818-213053,1787088667627,SELL,-0.0
20260818-213053,1787088667729,SELL,-0.0
20260818-213053,1787088667831,SELL,-0.0
20260818-213053,1787088667690,SELL,-0.0
20260818-213053,1787088667933,SELL,-0.0
20260818-213053,1787088668035,SELL,-0.0
20260818-213053,1787088668137,SELL,-0.0
20260818-213053,1787088668239,SELL,-0.0
20260818-213053,1787088668341,SELL,-0.0
20260818-213053,1787088668443,SELL,-0.0
20260818-213053,1787088668545,SELL,-0.0
20260818-213053,1787088668647,SELL,-0.0
20260818-213053,1787088668555,SELL,-0.0
20260818-213053,1787088668749,SELL,-0.0
20260818-213053,1787088668851,SELL,-0.0
20260818-213053,1787088668953,SELL,-0.0
20260818-213053,1787088669055,SELL,-0.0
20260818-213053,1787088669157,SELL,-0.0
20260818-213053,1787088669259,SELL,-0.0
20260818-213053,1787088669361,SELL,-0.0
20260818-213053,1787088669463,SELL,-0.0
20260818-213053,1787088669565,SELL,-0.0
20260818-213053,1787088669667,SELL,-0.0
20260818-213053,1787088669557,SELL,-0.0
20260818-213053,1787088669769,SELL,-0.0
20260818-213053,1787088669871,SELL,-0.0
20260818-213053,1787088669973,SELL,-0.0
20260818-213053,1787088670075,SELL,-0.0
20260818-213053,1787088670177,SELL,-0.0
20260818-213053,1787088670279,SELL,-0.0
20260818-213053,1787088670381,SELL,-0.0
20260818-213053,1787088670483,SELL,-0.0
20260818-213053,1787088670585,SELL,-0.0
20260818-213053,1787088670687,SELL,-0.0
20260818-213053,1787088670575,SELL,-0.0
20260818-213053,1787088670789,SELL,-0.0
20260818-213053,1787088670891,SELL,-0.0
20260818-213053,1787088670993,SELL,-0.0
20260818-213053,1787088671095,SELL,-0.0
20260818-213053,1787088671197,SELL,-0.0
20260818-213053,1787088671050,SELL,-0.0
20260818-213053,1787088671299,SELL,-0.0
20260818-213053,1787088671401,SELL,-0.0
20260818-213053,1787088671503,SELL,-0.0
20260818-213053,1787088671412,SELL,-0.0
20260818-213053,1787088671605,SELL,-0.0
20260818-213053,1787088671707,SELL,-0.0
20260818-213053,1787088671583,SELL,-0.0
20260818-213053,1787088671809,SELL,-0.0
20260818-213053,1787088671911,SELL,-0.0
20260818-213053,1787088672013,SELL,-0.0
20260818-213053,1787088672115,SELL,-0.0
20260818-213053,1787088672217,SELL,-0.0
20260818-213053,1787088672319,SELL,-0.0
20260818-213053,1787088672421,SELL,-0.0
20260818-213053,1787088672523,SELL,-0.0
20260818-213053,1787088672625,SELL,-0.0
20260818-213053,1787088672727,SELL,-0.0
20260818-213053,1787088672639,SELL,-0.0
20260818-213053,1787088672829,SELL,-0.0
20260818-213053,1787088672931,SELL,-0.0
20260818-213053,1787088672816,SELL,-0.0
20260818-213053,1787088673033,SELL,-0.0
20260818-213053,1787088673135,SELL,-0.0
20260818-213053,1787088673101,SELL,-0.0
20260818-213053,1787088673237,SELL,-0.0
20260818-213053,1787088673339,SELL,-0.0
20260818-213053,1787088675382,SELL,2.0435382006199725
20260818-213053,1787088675386,SELL,2.0435382006199725
20260818-213053,1787088675386,SELL,2.0435382006199725
20260818-213053,1787088675386,SELL,2.0435382006199725
20260818-213053,1787088675386,SELL,2.0435382006199725
20260818-213053,1787088675386,SELL,2.0435382006199725
20260818-213053,1787088675386,SELL,2.0435382006199725
20260818-213053,1787088675386,SELL,2.0435382006199725
20260818-213053,1787088675386,SELL,2.0435382006199725
20260818-213053,1787088675386,SELL,2.0435382006199725
20260818-213053,1787088675386,SELL,2.0435382006199725
20260818-213053,1787088675388,SELL,2.0435382006199725
20260818-213053,1787088675388,SELL,2.0435382006199725
20260818-213053,1787088675388,SELL,2.0435382006199725
20260818-213053,1787088675388,SELL,2.0435382006199725
20260818-213053,1787088675388,SELL,2.0435382006199725
20260818-213053,1787088675388,SELL,2.0435382006199725
20260818-213053,1787088675388,SELL,2.0435382006199725
20260818-213053,1787088675388,SELL,2.0435382006199725
20260818-213053,1787088675388,SELL,2.0435382006199725
20260818-213053,1787088675388,SELL,2.0435382006199725
20260818-213053,1787088675388,SELL,2.0435382006199725
20260818-213053,1787088675388,SELL,2.0435382006199725
20260818-213053,1787088675388,SELL,2.0435382006199725
20260818-213053,1787088675388,SELL,2.0435382006199725
20260818-213053,1787088675388,SELL,2.0435382006199725
20260818-213053,1787088675388,SELL,2.0435382006199725
20260818-213053,1787088675388,SELL,2.0435382006199725
20260818-213053,1787088675388,SELL,2.0435382006199725
20260818-213053,1787088675388,SELL,2.0435382006199725
20260818-213053,1787088675388,SELL,2.0435382006199725
20260818-213053,1787088675390,SELL,2.0435382006199725
20260818-213053,1787088675390,SELL,2.0435382006199725
20260818-213053,1787088675390,SELL,2.0435382006199725
20260818-213053,1787088675390,SELL,2.0435382006199725
20260818-213053,1787088675390,SELL,2.0435382006199725
20260818-213053,1787088675390,SELL,2.0435382006199725
20260818-213053,1787088675390,SELL,2.0435382006199725
20260818-213053,1787088675390,SELL,2.0435382006199725
20260818-213053,1787088675392,SELL,2.0435382006199725
20260818-213053,1787088675392,SELL,2.0435382006199725
20260818-213053,1787088675393,SELL,2.0435382006199725
20260818-213053,1787088675401,SELL,2.0435382006199725
20260818-213053,1787088675401,SELL,2.0435382006199725
20260818-213053,1787088675401,SELL,2.0435382006199725
20260818-213053,1787088675401,SELL,2.0435382006199725
20260818-213053,1787088675401,SELL,2.0435382006199725
20260818-213053,1787088675403,SELL,2.0435382006199725
20260818-213053,1787088675417,SELL,2.0435382006199725
20260818-213053,1787088675481,SELL,1.0683173459914073
20260818-213053,1787088675583,SELL,1.0683173459914073
20260818-213053,1787088675685,SELL,1.0683173459914073
20260818-213053,1787088675702,SELL,1.0683173459914073
20260818-213053,1787088675785,SELL,1.0683173459914073
20260818-213053,1787088675785,SELL,1.0683173459914073
20260818-213053,1787088675785,SELL,1.0683173459914073
20260818-213053,1787088675785,SELL,1.0683173459914073
20260818-213053,1787088675790,SELL,1.0683173459914073
20260818-213053,1787088675790,SELL,1.0683173459914073
20260818-213053,1787088675791,SELL,1.0683173459914073
20260818-213053,1787088675791,SELL,1.0683173459914073
20260818-213053,1787088675793,SELL,1.0683173459914073
20260818-213053,1787088675793,SELL,1.0683173459914073
20260818-213053,1787088675793,SELL,1.0683173459914073
20260818-213053,1787088675793,SELL,1.0683173459914073
20260818-213053,1787088675793,SELL,1.0683173459914073
20260818-213053,1787088675794,SELL,1.0683173459914073
20260818-213053,1787088675794,SELL,1.0683173459914073
20260818-213053,1787088675794,SELL,1.0683173459914073
20260818-213053,1787088675794,SELL,1.0683173459914073
20260818-213053,1787088675812,SELL,1.0683173459914073
20260818-213053,1787088675812,SELL,1.0683173459914073
20260818-213053,1787088675813,SELL,1.0683173459914073
20260818-213053,1787088675825,SELL,1.0683173459914073
20260818-213053,1787088675825,SELL,1.0683173459914073
20260818-213053,1787088675825,SELL,1.0683173459914073
20260818-213053,1787088675837,SELL,1.0683173459914073
20260818-213053,1787088675787,SELL,0.5032213910897299
20260818-213053,1787088675842,SELL,0.5032213910897299
20260818-213053,1787088675889,SELL,-0.0
20260818-213354,1787088836606,SELL,-0.0
20260818-213354,1787088836849,SELL,-0.0
20260818-213354,1787088836951,SELL,-0.0
20260818-213354,1787088837053,SELL,-0.0
20260818-213354,1787088837155,SELL,-0.0
20260818-213354,1787088837257,SELL,-0.0
20260818-213354,1787088837359,SELL,-0.0
20260818-213354,1787088837461,SELL,-0.0
20260818-213354,1787088837563,SELL,-0.0
20260818-213354,1787088837665,SELL,-0.0
20260818-213354,1787088837767,SELL,-0.0
20260818-213354,1787088837869,SELL,-0.0
20260818-213354,1787088837761,SELL,-0.0
20260818-213354,1787088837971,SELL,-0.0
20260818-213354,1787088838073,SELL,-0.0
20260818-213354,1787088838175,SELL,-0.0
20260818-213354,1787088838277,SELL,-0.0
20260818-213354,1787088838379,SELL,-0.0
20260818-213354,1787088838481,SELL,-0.0
20260818-213354,1787088838583,SELL,-0.0
20260818-213354,1787088838467,SELL,-0.0
20260818-213354,1787088838685,SELL,-0.0
20260818-213354,1787088838787,SELL,-0.0
20260818-213354,1787088838889,SELL,-0.0
20260818-213354,1787088838991,SELL,-0.0
20260818-213354,1787088838855,SELL,-0.0
20260818-213354,1787088839093,SELL,-0.0
20260818-213354,1787088839195,SELL,-0.0
20260818-213354,1787088839062,SELL,-0.0
20260818-213354,1787088839297,SELL,-0.0
20260818-213354,1787088839399,SELL,-0.0
20260818-213354,1787088839501,SELL,-0.0
20260818-213354,1787088839603,SELL,-0.0
20260818-213354,1787088839705,SELL,-0.0
20260818-213354,1787088839807,SELL,-0.0
20260818-213354,1787088839909,SELL,-0.0
20260818-213354,1787088840011,SELL,-0.0
20260818-213354,1787088840113,SELL,-0.0
20260818-213354,1787088840215,SELL,-0.0
20260818-213354,1787088840102,SELL,-0.0
20260818-213354,1787088840254,SELL,-0.0
20260818-213354,1787088840317,SELL,-0.0
20260818-213354,1787088840419,SELL,-0.0
20260818-213354,1787088840310,SELL,-0.0
20260818-213354,1787088840521,SELL,-0.0
20260818-213354,1787088840623,SELL,-0.0
20260818-213354,1787088840725,SELL,-0.0
20260818-213354,1787088840589,SELL,-0.0
20260818-213354,1787088840827,SELL,-0.0
20260818-213354,1787088840733,SELL,-0.0
20260818-213354,1787088840929,SELL,-0.0
20260818-213354,1787088841031,SELL,-0.0
20260818-213354,1787088840964,SELL,-0.0
20260818-213354,1787088841133,SELL,-0.0
20260818-213354,1787088841235,SELL,-0.0
20260818-213354,1787088841337,SELL,-0.0
20260818-213354,1787088841439,SELL,-0.0
20260818-213354,1787088841541,SELL,-0.0
20260818-213354,1787088841643,SELL,-0.0
20260818-213354,1787088841745,SELL,-0.0
20260818-213354,1787088841847,SELL,-0.0
20260818-213354,1787088841949,SELL,-0.0
20260818-213354,1787088841858,SELL,-0.0
20260818-213354,1787088842051,SELL,-0.0
20260818-213354,1787088842153,SELL,-0.0
20260818-213354,1787088842255,SELL,-0.0
20260818-213354,1787088842357,SELL,-0.0
20260818-213354,1787088842459,SELL,-0.0
20260818-213354,1787088842561,SELL,-0.0
20260818-213354,1787088842663,SELL,-0.0
20260818-213354,1787088842765,SELL,-0.0
20260818-213354,1787088842867,SELL,-0.0
20260818-213354,1787088842969,SELL,-0.0
20260818-213354,1787088842833,SELL,-0.0
20260818-213354,1787088843071,SELL,-0.0
20260818-213354,1787088843173,SELL,-0.0
20260818-213354,1787088843275,SELL,-0.0
20260818-213354,1787088843377,SELL,-0.0
20260818-213354,1787088843479,SELL,-0.0
20260818-213354,1787088843581,SELL,-0.0
20260818-213354,1787088843683,SELL,-0.0
20260818-213354,1787088843785,SELL,-0.0
20260818-213354,1787088843887,SELL,-0.0
20260818-213354,1787088843989,SELL,-0.0
20260818-213354,1787088844091,SELL,-0.0
20260818-213354,1787088844193,SELL,-0.0
20260818-213354,1787088844295,SELL,-0.0
20260818-213354,1787088844397,SELL,-0.0
20260818-213354,1787088844499,SELL,-0.0
20260818-213354,1787088844601,SELL,-0.0
20260818-213354,1787088844703,SELL,-0.0
20260818-213354,1787088844805,SELL,-0.0
20260818-213354,1787088844907,SELL,-0.0
20260818-213354,1787088845009,SELL,-0.0
20260818-213354,1787088845111,SELL,-0.0
20260818-213354,1787088845213,SELL,-0.0
20260818-213354,1787088845315,SELL,-0.0
20260818-213354,1787088845417,SELL,-0.0
20260818-213354,1787088845519,SELL,-0.0
20260818-213354,1787088845621,SELL,-0.0
20260818-213354,1787088845723,SELL,-0.0
20260818-213354,1787088845825,SELL,-0.0
20260818-213354,1787088845927,SELL,-0.0
20260818-213354,1787088846029,SELL,-0.0
20260818-213354,1787088846131,SELL,-0.0
20260818-213354,1787088846233,SELL,-0.0
20260818-213354,1787088846335,SELL,-0.0
20260818-213354,1787088846437,SELL,-0.0
20260818-213354,1787088846539,SELL,-0.0
20260818-213354,1787088846641,SELL,-0.0
20260818-213354,1787088846743,SELL,-0.0
20260818-213354,1787088846607,SELL,-0.0
20260818-213354,1787088846845,SELL,-0.0
20260818-213354,1787088846947,SELL,-0.0
20260818-213354,1787088847049,SELL,-0.0
20260818-213354,1787088847151,SELL,-0.0
20260818-213354,1787088847253,SELL,-0.0
20260818-213354,1787088847355,SELL,-0.0
20260818-213354,1787088847238,SELL,-0.0
20260818-213354,1787088847457,SELL,-0.0
20260818-213354,1787088847559,SELL,-0.0
20260818-213354,1787088847661,SELL,-0.0
20260818-213354,1787088847763,SELL,-0.0
20260818-213354,1787088847865,SELL,-0.0
20260818-213354,1787088847751,SELL,-0.0
20260818-213354,1787088847967,SELL,-0.0
20260818-213354,1787088848069,SELL,-0.0
20260818-213354,1787088848171,SELL,-0.0
20260818-213354,1787088848273,SELL,-0.0
20260818-213354,1787088848375,SELL,-0.0
20260818-213354,1787088862084,SELL,0.6658351469603325
20260818-213354,1787088862086,SELL,0.6658351469603325
20260818-213354,1787088862086,SELL,0.6658351469603325
20260818-213354,1787088862086,SELL,0.6658351469603325
20260818-213354,1787088862086,SELL,0.6658351469603325
20260818-213354,1787088862088,SELL,0.6658351469603325
20260818-213354,1787088862095,SELL,0.6658351469603325
20260818-213354,1787088862095,SELL,0.6658351469603325
20260818-213354,1787088862095,SELL,0.6658351469603325
20260818-213354,1787088862095,SELL,0.6658351469603325
20260818-213354,1787088862095,SELL,0.6658351469603325
20260818-213354,1787088862095,SELL,0.6658351469603325
20260818-213354,1787088862095,SELL,0.6658351469603325
20260818-213354,1787088862095,SELL,0.6658351469603325
20260818-213354,1787088862096,SELL,0.6658351469603325
20260818-213354,1787088862096,SELL,0.6658351469603325
20260818-213354,1787088862096,SELL,0.6658351469603325
20260818-213354,1787088862096,SELL,0.6658351469603325
20260818-213354,1787088862096,SELL,0.6658351469603325
20260818-213354,1787088862096,SELL,0.6658351469603325
20260818-213354,1787088862096,SELL,0.6658351469603325
20260818-213354,1787088862096,SELL,0.6658351469603325
20260818-213354,1787088862096,SELL,0.6658351469603325
20260818-213354,1787088862096,SELL,0.6658351469603325
20260818-213354,1787088862097,SELL,0.6658351469603325
20260818-213354,1787088862097,SELL,0.6658351469603325
20260818-213354,1787088862097,SELL,0.6658351469603325
20260818-213354,1787088862097,SELL,0.6658351469603325
20260818-213354,1787088862097,SELL,0.6658351469603325
20260818-213354,1787088862097,SELL,0.6658351469603325
20260818-213354,1787088862097,SELL,0.6658351469603325
20260818-213354,1787088862097,SELL,0.6658351469603325
20260818-213354,1787088862097,SELL,0.6658351469603325
20260818-213354,1787088862097,SELL,0.6658351469603325
20260818-213354,1787088862097,SELL,0.6658351469603325
20260818-213354,1787088862102,SELL,0.6658351469603325
20260818-213354,1787088862145,SELL,-0.0
20260818-213354,1787088862247,SELL,-0.0
20260818-213354,1787088862349,SELL,-0.0
20260818-213354,1787088862204,SELL,-0.0
20260818-213354,1787088862451,SELL,-0.0
20260818-213354,1787088862370,SELL,-0.0
20260818-213354,1787088862553,SELL,-0.0
20260818-213354,1787088862655,SELL,-0.0
20260818-213354,1787088862590,SELL,-0.0
20260818-213354,1787088862757,SELL,-0.0
20260818-213354,1787088862859,SELL,-0.0
20260818-213354,1787088862961,SELL,-0.0
20260818-213354,1787088863063,SELL,-0.0
20260818-213354,1787088863165,SELL,-0.0
20260818-213354,1787088863267,SELL,-0.0
20260818-213354,1787088863369,SELL,-0.0
20260818-213354,1787088863257,SELL,-0.0
20260818-213354,1787088863471,SELL,-0.0
20260818-213354,1787088863573,SELL,-0.0
20260818-213354,1787088863675,SELL,-0.0
20260818-213354,1787088863777,SELL,-0.0
20260818-213354,1787088863879,SELL,-0.0
20260818-213354,1787088863981,SELL,-0.0
20260818-213354,1787088863919,SELL,-0.0
20260818-213354,1787088864083,SELL,-0.0
20260818-213354,1787088864185,SELL,-0.0
20260818-213354,1787088864287,SELL,-0.0
20260818-213354,1787088864232,SELL,-0.0
20260818-213354,1787088864389,SELL,-0.0
20260818-213354,1787088864491,SELL,-0.0
20260818-213354,1787088864593,SELL,-0.0
20260818-213354,1787088864470,SELL,-0.0
20260818-213354,1787088864695,SELL,-0.0
20260818-213354,1787088864797,SELL,-0.0
20260818-213354,1787088864899,SELL,-0.0
20260818-213354,1787088865001,SELL,-0.0
20260818-213354,1787088865103,SELL,-0.0
20260818-213354,1787088865205,SELL,-0.0
20260818-213354,1787088865307,SELL,-0.0
20260818-213354,1787088865409,SELL,-0.0
20260818-213354,1787088865511,SELL,-0.0
20260818-213354,1787088865613,SELL,-0.0
20260818-213354,1787088865715,SELL,-0.0
20260818-213354,1787088865817,SELL,-0.0
20260818-213354,1787088865919,SELL,-0.0
20260818-213354,1787088866021,SELL,-0.0
20260818-213354,1787088865919,SELL,-0.0
20260818-213354,1787088866123,SELL,-0.0
20260818-213354,1787088866225,SELL,-0.0
20260818-213354,1787088866327,SELL,-0.0
20260818-213354,1787088866429,SELL,-0.0
20260818-213354,1787088866531,SELL,-0.0
20260818-213354,1787088866633,SELL,-0.0
20260818-213354,1787088866735,SELL,-0.0
20260818-213354,1787088866837,SELL,-0.0
20260818-213354,1787088866772,SELL,-0.0
20260818-213354,1787088866939,SELL,-0.0
20260818-213354,1787088867041,SELL,-0.0
20260818-213354,1787088867143,SELL,-0.0
20260818-213354,1787088867245,SELL,-0.0
20260818-213354,1787088867347,SELL,-0.0
20260818-213354,1787088867449,SELL,-0.0
20260818-213354,1787088867551,SELL,-0.0
20260818-213354,1787088867653,SELL,-0.0
20260818-213354,1787088867755,SELL,-0.0
20260818-213354,1787088867857,SELL,-0.0
20260818-213354,1787088867959,SELL,-0.0
20260818-213354,1787088868061,SELL,-0.0
20260818-213354,1787088868163,SELL,-0.0
20260818-213354,1787088868265,SELL,-0.0
20260818-213354,1787088868367,SELL,-0.0
20260818-213354,1787088868254,SELL,-0.0
20260818-213354,1787088868469,SELL,-0.0
20260818-213354,1787088868571,SELL,-0.0
20260818-213354,1787088868673,SELL,-0.0
20260818-213354,1787088868775,SELL,-0.0
20260818-213354,1787088868673,SELL,-0.0
20260818-213354,1787088868877,SELL,-0.0
20260818-213354,1787088868979,SELL,-0.0
20260818-213354,1787088869081,SELL,-0.0
20260818-213354,1787088869183,SELL,-0.0
20260818-213354,1787088869285,SELL,-0.0
20260818-213354,1787088869387,SELL,-0.0
20260818-213354,1787088869320,SELL,-0.0
20260818-213354,1787088869489,SELL,-0.0
20260818-213354,1787088869591,SELL,-0.0
20260818-213354,1787088869693,SELL,-0.0
20260818-213354,1787088869795,SELL,-0.0
20260818-213354,1787088869897,SELL,-0.0
20260818-213354,1787088869999,SELL,-0.0
20260818-213354,1787088870101,SELL,-0.0
20260818-213354,1787088870203,SELL,-0.0
20260818-213354,1787088870305,SELL,-0.0
20260818-213354,1787088870407,SELL,-0.0
20260818-213354,1787088870509,SELL,-0.0
20260818-213354,1787088870611,SELL,-0.0
20260818-213354,1787088870713,SELL,-0.0
20260818-213354,1787088870815,SELL,-0.0
20260818-213354,1787088870694,SELL,-0.0
20260818-213354,1787088870917,SELL,-0.0
20260818-213354,1787088871019,SELL,-0.0
20260818-213354,1787088871121,SELL,-0.0
20260818-213354,1787088871223,SELL,-0.0
20260818-213354,1787088871325,SELL,-0.0
20260818-213354,1787088871427,SELL,-0.0
20260818-213354,1787088871529,SELL,-0.0
20260818-213354,1787088871631,SELL,-0.0
20260818-213354,1787088871733,SELL,-0.0
20260818-213354,1787088871835,SELL,-0.0
20260818-213354,1787088871937,SELL,-0.0
20260818-213354,1787088872039,SELL,-0.0
20260818-213354,1787088872141,SELL,-0.0
20260818-213354,1787088872243,SELL,-0.0
20260818-213354,1787088872345,SELL,-0.0
20260818-213354,1787088872447,SELL,-0.0
20260818-213354,1787088872549,SELL,-0.0
20260818-213354,1787088872651,SELL,-0.0
20260818-213354,1787088872753,SELL,-0.0
20260818-213354,1787088872855,SELL,-0.0
20260818-213354,1787088872957,SELL,-0.0
20260818-213354,1787088873059,SELL,-0.0
20260818-213354,1787088873161,SELL,-0.0
20260818-213354,1787088873263,SELL,-0.0
20260818-213354,1787088873365,SELL,-0.0
20260818-213354,1787088873467,SELL,-0.0
20260818-213354,1787088873515,SELL,-0.0
20260818-213354,1787088873569,SELL,-0.0
20260818-213354,1787088873671,SELL,-0.0
20260818-213354,1787088873529,SELL,-0.0
20260818-213354,1787088873773,SELL,-0.0
20260818-213354,1787088873875,SELL,-0.0
20260818-213354,1787088873977,SELL,-0.0
20260818-213354,1787088873894,SELL,-0.0
20260818-213354,1787088874079,SELL,-0.0
20260818-213354,1787088874181,SELL,-0.0
20260818-213354,1787088874283,SELL,-0.0
20260818-213354,1787088874230,SELL,-0.0
20260818-213354,1787088874385,SELL,-0.0
20260818-213354,1787088874487,SELL,-0.0
20260818-213354,1787088874589,SELL,-0.0
20260818-213354,1787088874691,SELL,-0.0
20260818-213354,1787088874588,SELL,-0.0
20260818-213354,1787088874793,SELL,-0.0
20260818-213354,1787088874895,SELL,-0.0
20260818-213354,1787088874997,SELL,-0.0
20260818-213354,1787088875099,SELL,-0.0
20260818-213354,1787088875201,SELL,-0.0
20260818-213354,1787088875303,SELL,-0.0
20260818-213354,1787088875405,SELL,-0.0
20260818-213354,1787088875507,SELL,-0.0
20260818-213354,1787088875609,SELL,-0.0
20260818-213354,1787088875711,SELL,-0.0
20260818-213354,1787088875813,SELL,-0.0
20260818-213354,1787088875915,SELL,-0.0
20260818-213354,1787088876017,SELL,-0.0
20260818-213354,1787088875868,SELL,-0.0
20260818-213354,1787088876119,SELL,-0.0
20260818-213354,1787088876221,SELL,-0.0
20260818-213354,1787088876323,SELL,-0.0
20260818-213354,1787088876425,SELL,-0.0
20260818-213354,1787088876527,SELL,-0.0
20260818-213354,1787088876629,SELL,-0.0
20260818-213354,1787088876731,SELL,-0.0
20260818-213354,1787088876833,SELL,-0.0
20260818-213354,1787088876935,SELL,-0.0
20260818-213354,1787088877037,SELL,-0.0
20260818-213354,1787088877139,SELL,-0.0
20260818-213354,1787088877241,SELL,-0.0
20260818-213354,1787088877151,SELL,-0.0
20260818-213354,1787088877343,SELL,-0.0
20260818-213354,1787088877445,SELL,-0.0
20260818-213354,1787088880199,SELL,-0.0
20260818-213354,1787088880301,SELL,-0.0
20260818-213354,1787088880403,SELL,-0.0
20260818-213354,1787088880505,SELL,-0.0
20260818-213354,1787088880607,SELL,-0.0
20260818-213354,1787088880709,SELL,-0.0
20260818-213354,1787088880811,SELL,-0.0
20260818-213354,1787088880913,SELL,-0.0
20260818-213354,1787088881015,SELL,-0.0
20260818-213354,1787088881117,SELL,-0.0
20260818-213354,1787088881219,SELL,-0.0
20260818-213354,1787088881321,SELL,-0.0
20260818-213354,1787088881423,SELL,-0.0
20260818-213354,1787088881525,SELL,-0.0
20260818-213354,1787088881627,SELL,-0.0
20260818-213354,1787088881729,SELL,-0.0
20260818-213354,1787088881831,SELL,-0.0
20260818-213354,1787088881933,SELL,-0.0
20260818-213354,1787088882035,SELL,-0.0
20260818-213354,1787088882137,SELL,-0.0
20260818-213354,1787088882239,SELL,-0.0
20260818-213354,1787088882341,SELL,-0.0
20260818-213354,1787088882443,SELL,-0.0
20260818-213354,1787088882545,SELL,-0.0
20260818-213354,1787088882647,SELL,-0.0
20260818-213354,1787088882749,SELL,-0.0
20260818-213354,1787088882851,SELL,-0.0
20260818-213354,1787088882953,SELL,-0.0
20260818-213354,1787088883055,SELL,-0.0
20260818-213354,1787088883157,SELL,-0.0
20260818-213354,1787088883259,SELL,-0.0
20260818-213354,1787088883361,SELL,-0.0
20260818-213354,1787088883463,SELL,-0.0
20260818-213354,1787088883565,SELL,-0.0
20260818-213354,1787088883667,SELL,-0.0
20260818-213354,1787088883769,SELL,-0.0
20260818-213354,1787088883871,SELL,-0.0
20260818-213354,1787088883973,SELL,-0.0
20260818-213354,1787088884075,SELL,-0.0
20260818-213354,1787088884177,SELL,-0.0
20260818-213354,1787088884038,SELL,-0.0
20260818-213354,1787088884279,SELL,-0.0
20260818-213354,1787088884381,SELL,-0.0
20260818-213354,1787088884483,SELL,-0.0
20260818-213354,1787088884585,SELL,-0.0
20260818-213354,1787088884687,SELL,-0.0
20260818-213354,1787088884620,SELL,-0.0
20260818-213354,1787088884789,SELL,-0.0
20260818-213354,1787088884891,SELL,-0.0
20260818-213354,1787088884838,SELL,-0.0
20260818-213354,1787088884993,SELL,-0.0
20260818-213354,1787088885095,SELL,-0.0
20260818-213354,1787088885197,SELL,-0.0
20260818-213354,1787088885299,SELL,-0.0
20260818-213354,1787088885401,SELL,-0.0
20260818-213354,1787088885503,SELL,-0.0
20260818-213354,1787088885419,SELL,-0.0
20260818-213354,1787088885605,SELL,-0.0
20260818-213354,1787088885707,SELL,-0.0
20260818-213354,1787088885809,SELL,-0.0
20260818-213354,1787088885911,SELL,-0.0
20260818-213354,1787088886013,SELL,-0.0
20260818-213354,1787088886115,SELL,-0.0
20260818-213354,1787088886217,SELL,-0.0
20260818-213354,1787088886319,SELL,-0.0
20260818-213354,1787088886421,SELL,-0.0
20260818-213354,1787088886328,SELL,-0.0
20260818-213354,1787088886523,SELL,-0.0
20260818-213354,1787088886625,SELL,-0.0
20260818-213354,1787088886727,SELL,-0.0
20260818-213354,1787088886829,SELL,-0.0
20260818-213354,1787088886931,SELL,-0.0
20260818-213354,1787088887033,SELL,-0.0
20260818-213354,1787088887135,SELL,-0.0
20260818-213354,1787088887237,SELL,-0.0
20260818-213354,1787088887339,SELL,-0.0
20260818-213354,1787088887441,SELL,-0.0
20260818-213354,1787088887543,SELL,-0.0
20260818-213354,1787088887645,SELL,-0.0
20260818-213354,1787088887747,SELL,-0.0
20260818-213354,1787088887849,SELL,-0.0
20260818-213354,1787088887951,SELL,-0.0
20260818-213354,1787088888053,SELL,-0.0
20260818-213354,1787088888155,SELL,-0.0
20260818-213354,1787088888257,SELL,-0.0
20260818-213354,1787088888359,SELL,-0.0
20260818-213354,1787088888461,SELL,-0.0
20260818-213354,1787088888563,SELL,-0.0
20260818-213354,1787088888665,SELL,-0.0
20260818-213354,1787088888548,SELL,-0.0
20260818-213354,1787088888767,SELL,-0.0
20260818-213354,1787088888869,SELL,-0.0
20260818-213354,1787088888971,SELL,-0.0
20260818-213354,1787088889073,SELL,-0.0
20260818-213354,1787088889175,SELL,-0.0
20260818-213354,1787088889043,SELL,-0.0
20260818-213354,1787088889277,SELL,-0.0
20260818-213354,1787088889379,SELL,-0.0
20260818-213354,1787088889481,SELL,-0.0
20260818-213354,1787088889583,SELL,-0.0
20260818-213354,1787088889525,SELL,-0.0
20260818-213354,1787088889685,SELL,-0.0
20260818-213354,1787088889787,SELL,-0.0
20260818-213354,1787088889889,SELL,-0.0
20260818-213354,1787088889991,SELL,-0.0
20260818-213354,1787088890093,SELL,-0.0
20260818-213354,1787088890195,SELL,-0.0
20260818-213354,1787088890297,SELL,-0.0
20260818-213354,1787088890399,SELL,-0.0
20260818-213354,1787088890501,SELL,-0.0
20260818-213354,1787088890603,SELL,-0.0
20260818-213354,1787088890705,SELL,-0.0
20260818-213354,1787088890807,SELL,-0.0
20260818-213354,1787088890909,SELL,-0.0
20260818-213354,1787088890771,SELL,-0.0
20260818-213354,1787088891011,SELL,-0.0
20260818-213354,1787088891113,SELL,-0.0
20260818-213354,1787088891012,SELL,-0.0
20260818-213354,1787088891215,SELL,-0.0
20260818-213354,1787088891317,SELL,-0.0
20260818-213354,1787088891419,SELL,-0.0
20260818-213354,1787088891521,SELL,-0.0
20260818-213354,1787088891623,SELL,-0.0
20260818-213354,1787088891725,SELL,-0.0
20260818-213354,1787088891827,SELL,-0.0
20260818-213354,1787088891929,SELL,-0.0
20260818-213354,1787088892031,SELL,-0.0
20260818-213354,1787088892133,SELL,-0.0
20260818-213354,1787088892235,SELL,-0.0
20260818-213354,1787088892337,SELL,-0.0
20260818-213354,1787088892220,SELL,-0.0
20260818-213354,1787088892439,SELL,-0.0
20260818-213354,1787088892541,SELL,-0.0
20260818-213354,1787088892643,SELL,-0.0
20260818-213354,1787088892745,SELL,-0.0
20260818-213354,1787088892847,SELL,-0.0
20260818-213354,1787088892949,SELL,-0.0
20260818-213354,1787088892802,SELL,-0.0
20260818-213354,1787088894275,SELL,-0.0
20260818-213354,1787088894377,SELL,-0.0
20260818-213354,1787088894226,SELL,-0.0
20260818-213354,1787088894479,SELL,-0.0
20260818-213354,1787088894581,SELL,-0.0
20260818-213354,1787088894683,SELL,-0.0
20260818-213354,1787088894785,SELL,-0.0
20260818-213354,1787088894887,SELL,-0.0
20260818-213354,1787088894989,SELL,-0.0
20260818-213354,1787088895091,SELL,-0.0
20260818-213354,1787088895055,SELL,-0.0
20260818-213354,1787088895193,SELL,-0.0
20260818-213354,1787088895132,SELL,-0.0
20260818-213354,1787088895295,SELL,-0.0
20260818-213354,1787088895397,SELL,-0.0
20260818-213354,1787088895499,SELL,-0.0
20260818-213354,1787088895601,SELL,-0.0
20260818-213354,1787088895703,SELL,-0.0
20260818-213354,1787088895805,SELL,-0.0
20260818-213354,1787088895907,SELL,-0.0
20260818-213354,1787088895814,SELL,-0.0
20260818-213354,1787088896009,SELL,-0.0
20260818-213354,1787088896111,SELL,-0.0
20260818-213354,1787088896213,SELL,-0.0
20260818-213354,1787088896118,SELL,-0.0
20260818-213354,1787088896315,SELL,-0.0
20260818-213354,1787088896417,SELL,-0.0
20260818-213354,1787088896293,SELL,-0.0
20260818-213354,1787088896519,SELL,-0.0
20260818-213354,1787088896621,SELL,-0.0
20260818-213354,1787088896723,SELL,-0.0
20260818-213354,1787088896825,SELL,-0.0
20260818-213354,1787088896927,SELL,-0.0
20260818-213354,1787088897029,SELL,-0.0
20260818-213354,1787088897131,SELL,-0.0
20260818-213354,1787088897233,SELL,-0.0
20260818-213354,1787088897335,SELL,-0.0
20260818-213354,1787088897437,SELL,-0.0
20260818-213354,1787088897539,SELL,-0.0
20260818-213354,1787088897641,SELL,-0.0
20260818-213354,1787088897743,SELL,-0.0
20260818-213354,1787088897607,SELL,-0.0
20260818-213354,1787088897845,SELL,-0.0
20260818-213354,1787088897947,SELL,-0.0
20260818-213354,1787088897814,SELL,-0.0
20260818-213354,1787088898049,SELL,-0.0
20260818-213354,1787088898151,SELL,-0.0
20260818-213354,1787088898253,SELL,-0.0
20260818-213354,1787088898355,SELL,-0.0
20260818-213354,1787088898457,SELL,-0.0
20260818-213354,1787088898559,SELL,-0.0
20260818-213354,1787088898661,SELL,-0.0
20260818-213354,1787088898568,SELL,-0.0
20260818-213354,1787088898763,SELL,-0.0
20260818-213354,1787088898865,SELL,-0.0
20260818-213354,1787088898967,SELL,-0.0
20260818-213354,1787088899069,SELL,-0.0
20260818-213354,1787088899171,SELL,-0.0
20260818-213354,1787088899273,SELL,-0.0
20260818-213354,1787088899375,SELL,-0.0
20260818-213354,1787088899477,SELL,-0.0
20260818-213354,1787088899335,SELL,-0.0
20260818-213354,1787088899579,SELL,-0.0
20260818-213354,1787088899681,SELL,-0.0
20260818-213354,1787088899783,SELL,-0.0
20260818-213354,1787088899885,SELL,-0.0
20260818-213354,1787088899832,SELL,-0.0
20260818-213354,1787088899987,SELL,-0.0
20260818-213354,1787088900089,SELL,-0.0
20260818-213354,1787088900191,SELL,-0.0
20260818-213354,1787088900293,SELL,-0.0
20260818-213354,1787088900220,SELL,-0.0
20260818-213354,1787088900395,SELL,-0.0
20260818-213354,1787088900497,SELL,-0.0
20260818-213354,1787088900599,SELL,-0.0
20260818-213354,1787088900701,SELL,-0.0
20260818-213354,1787088900803,SELL,-0.0
20260818-213354,1787088900905,SELL,-0.0
20260818-213354,1787088901007,SELL,-0.0
20260818-213354,1787088901109,SELL,-0.0
20260818-213354,1787088901211,SELL,-0.0
20260818-213354,1787088901313,SELL,-0.0
20260818-213354,1787088901207,SELL,-0.0
20260818-213354,1787088901415,SELL,-0.0
20260818-213354,1787088901517,SELL,-0.0
20260818-213354,1787088901619,SELL,-0.0
20260818-213354,1787088901721,SELL,-0.0
20260818-213354,1787088901823,SELL,-0.0
20260818-213354,1787088901925,SELL,-0.0
20260818-213354,1787088902027,SELL,-0.0
20260818-213354,1787088902129,SELL,-0.0
20260818-213354,1787088902231,SELL,-0.0
20260818-213354,1787088902333,SELL,-0.0
20260818-213354,1787088902435,SELL,-0.0
20260818-213354,1787088902537,SELL,-0.0
20260818-213354,1787088902409,SELL,-0.0
20260818-213354,1787088902639,SELL,-0.0
20260818-213354,1787088902741,SELL,-0.0
20260818-213354,1787088902843,SELL,-0.0
20260818-213354,1787088902945,SELL,-0.0
20260818-213354,1787088903047,SELL,-0.0
20260818-213354,1787088903149,SELL,-0.0
20260818-213354,1787088903251,SELL,-0.0
20260818-213354,1787088903353,SELL,-0.0
20260818-213354,1787088903455,SELL,-0.0
20260818-213354,1787088903557,SELL,-0.0
20260818-213354,1787088903659,SELL,-0.0
20260818-213354,1787088903761,SELL,-0.0
20260818-213354,1787088903863,SELL,-0.0
20260818-213354,1787088903965,SELL,-0.0
20260818-213354,1787088904067,SELL,-0.0
20260818-213354,1787088904169,SELL,-0.0
20260818-213354,1787088904095,SELL,-0.0
20260818-213354,1787088904271,SELL,-0.0
20260818-213354,1787088904373,SELL,-0.0
20260818-213354,1787088904577,SELL,-0.0
20260818-213354,1787088904446,SELL,-0.0
20260818-213354,1787088904679,SELL,-0.0
20260818-213354,1787088904781,SELL,-0.0
20260818-213354,1787088904883,SELL,-0.0
20260818-213354,1787088904736,SELL,-0.0
20260818-213354,1787088904985,SELL,-0.0
20260818-213354,1787088905087,SELL,-0.0
20260818-213354,1787088905189,SELL,-0.0
20260818-213354,1787088905291,SELL,-0.0
20260818-213354,1787088905393,SELL,-0.0
20260818-213354,1787088905495,SELL,-0.0
20260818-213354,1787088905597,SELL,-0.0
20260818-213354,1787088905699,SELL,-0.0
20260818-213354,1787088905801,SELL,-0.0
20260818-213354,1787088905903,SELL,-0.0
20260818-213354,1787088906005,SELL,-0.0
20260818-213354,1787088906107,SELL,-0.0
20260818-213354,1787088906029,SELL,-0.0
20260818-213354,1787088906209,SELL,-0.0
20260818-213354,1787088906311,SELL,-0.0
20260818-213354,1787088906218,SELL,-0.0
20260818-213354,1787088906413,SELL,-0.0
20260818-213354,1787088906515,SELL,-0.0
20260818-213354,1787088906617,SELL,-0.0
20260818-213354,1787088906719,SELL,-0.0
20260818-213354,1787088906821,SELL,-0.0
20260818-213354,1787088906923,SELL,-0.0
20260818-213354,1787088907025,SELL,-0.0
20260818-213354,1787088907127,SELL,-0.0
20260818-213354,1787088907229,SELL,-0.0
20260818-213354,1787088907331,SELL,-0.0
20260818-213354,1787088907433,SELL,-0.0
20260818-213354,1787088907535,SELL,-0.0
20260818-213354,1787088907637,SELL,-0.0
20260818-213354,1787088907739,SELL,-0.0
20260818-213354,1787088907841,SELL,-0.0
20260818-213354,1787088907943,SELL,-0.0
20260818-213354,1787088908045,SELL,-0.0
20260818-213354,1787088908147,SELL,-0.0
20260818-213354,1787088908249,SELL,-0.0
20260818-213354,1787088908351,SELL,-0.0
20260818-213354,1787088908453,SELL,-0.0
20260818-213354,1787088908555,SELL,-0.0
20260818-213354,1787088908438,SELL,-0.0
20260818-213354,1787088908657,SELL,-0.0
20260818-213354,1787088908759,SELL,-0.0
20260818-213354,1787088908861,SELL,-0.0
20260818-213354,1787088908963,SELL,-0.0
20260818-213354,1787088909065,SELL,-0.0
20260818-213354,1787088909135,SELL,-0.0
20260818-213354,1787088909167,SELL,-0.0
20260818-213354,1787088909269,SELL,-0.0
20260818-213354,1787088909155,SELL,-0.0
20260818-213354,1787088909371,SELL,-0.0
20260818-213354,1787088909272,SELL,-0.0
20260818-213354,1787088909473,SELL,-0.0
20260818-213354,1787088914981,BUY,0.4645670815508798
20260818-213354,1787088914990,BUY,0.4645670815508798
20260818-213354,1787088915002,BUY,0.4645670815508798
20260818-213354,1787088915003,BUY,0.4645670815508798
20260818-213354,1787088915003,BUY,0.4645670815508798
20260818-213354,1787088915003,BUY,0.4645670815508798
20260818-213354,1787088915003,BUY,0.4645670815508798
20260818-213354,1787088915134,BUY,0.3251924248756442
20260818-213354,1787088915134,BUY,0.3251924248756442
20260818-213354,1787088915134,BUY,0.3251924248756442
20260818-213354,1787088915134,BUY,0.3251924248756442
20260818-213354,1787088915134,BUY,0.3251924248756442
20260818-213354,1787088915134,BUY,0.3251924248756442
20260818-213354,1787088915134,BUY,0.3251924248756442
20260818-213354,1787088915134,BUY,0.3251924248756442
20260818-213354,1787088915134,BUY,0.3251924248756442
20260818-213354,1787088915134,BUY,0.3251924248756442
20260818-213354,1787088915134,BUY,0.3251924248756442
20260818-213354,1787088915134,BUY,0.3251924248756442
20260818-213354,1787088915134,BUY,0.3251924248756442
20260818-213354,1787088915083,BUY,0.3251924248756442
20260818-213354,1787088915134,BUY,0.3251924248756442
20260818-213354,1787088915287,BUY,0.0
20260818-213354,1787088915167,BUY,0.0
20260818-213354,1787088915389,BUY,0.0
20260818-213354,1787088915491,BUY,0.0
20260818-213354,1787088915593,BUY,0.0
20260818-213354,1787088935075,SELL,-0.0
20260818-213354,1787088935177,SELL,-0.0
20260818-213354,1787088935279,SELL,-0.0
20260818-213354,1787088935381,SELL,-0.0
20260818-213354,1787088935483,SELL,-0.0
20260818-213354,1787088935585,SELL,-0.0
20260818-213354,1787088935687,SELL,-0.0
20260818-213354,1787088935578,SELL,-0.0
20260818-213354,1787088935789,SELL,-0.0
20260818-213354,1787088935891,SELL,-0.0
20260818-213354,1787088935827,SELL,-0.0
20260818-213354,1787088935993,SELL,-0.0
20260818-213354,1787088935888,SELL,-0.0
20260818-213354,1787088936095,SELL,-0.0
20260818-213354,1787088936197,SELL,-0.0
20260818-213354,1787088936299,SELL,-0.0
20260818-213354,1787088936401,SELL,-0.0
20260818-213354,1787088936809,SELL,-0.0
20260818-213354,1787088937013,SELL,-0.0
20260818-213354,1787088936906,SELL,-0.0
20260818-213354,1787088937115,SELL,-0.0
20260818-213354,1787088937217,SELL,-0.0
20260818-213354,1787088937319,SELL,-0.0
20260818-213354,1787088937421,SELL,-0.0
20260818-213354,1787088937523,SELL,-0.0
20260818-213354,1787088937625,SELL,-0.0
20260818-213354,1787088937727,SELL,-0.0
20260818-213354,1787088937829,SELL,-0.0
20260818-213354,1787088937931,SELL,-0.0
20260818-213354,1787088938033,SELL,-0.0
20260818-213354,1787088938135,SELL,-0.0
20260818-213354,1787088995561,SELL,-0.0
20260818-213354,1787088995663,SELL,-0.0
20260818-213354,1787088995765,SELL,-0.0
20260818-213354,1787088995867,SELL,-0.0
20260818-213354,1787088995969,SELL,-0.0
20260818-213354,1787088996989,SELL,-0.0
20260818-213354,1787088997091,SELL,-0.0
20260818-213354,1787088996973,SELL,-0.0
20260818-213354,1787088997193,SELL,-0.0
20260818-213354,1787088997295,SELL,-0.0
20260818-213354,1787088997397,SELL,-0.0
20260818-213354,1787088997499,SELL,-0.0
20260818-213354,1787088998213,SELL,-0.0
20260818-213354,1787088998315,SELL,-0.0
20260818-213354,1787088998175,SELL,-0.0
20260818-213354,1787088998417,SELL,-0.0
20260818-213354,1787088999947,SELL,-0.0
20260818-213354,1787089000049,SELL,-0.0
20260818-213354,1787089000151,SELL,-0.0
20260818-213354,1787089000253,SELL,-0.0
20260818-213354,1787089000355,SELL,-0.0
20260818-213354,1787089000457,SELL,-0.0
20260818-213354,1787089000559,SELL,-0.0
20260818-213354,1787089000661,SELL,-0.0
20260818-213354,1787089000763,SELL,-0.0
20260818-213354,1787089000865,SELL,-0.0
20260818-213354,1787089000967,SELL,-0.0
20260818-213354,1787089001069,SELL,-0.0
20260818-213354,1787089001171,SELL,-0.0
20260818-213354,1787089001273,SELL,-0.0
20260818-213354,1787089001375,SELL,-0.0
20260818-213354,1787089001477,SELL,-0.0
20260818-213354,1787089001579,SELL,-0.0
20260818-213354,1787089001681,SELL,-0.0
20260818-213354,1787089001783,SELL,-0.0
20260818-213354,1787089001885,SELL,-0.0
20260818-213354,1787089001987,SELL,-0.0
20260818-213354,1787089002089,SELL,-0.0
20260818-213354,1787089001959,SELL,-0.0
20260818-213354,1787089002191,SELL,-0.0
20260818-213354,1787089002293,SELL,-0.0
20260818-213354,1787089002395,SELL,-0.0
20260818-213354,1787089002497,SELL,-0.0
20260818-213354,1787089002599,SELL,-0.0
20260818-213354,1787089002701,SELL,-0.0
20260818-213354,1787089002803,SELL,-0.0
20260818-213354,1787089002905,SELL,-0.0
20260818-213354,1787089003007,SELL,-0.0
20260818-213354,1787089003109,SELL,-0.0
20260818-213354,1787089003042,SELL,-0.0
20260818-213354,1787089011473,SELL,-0.0
20260818-213354,1787089011575,SELL,-0.0
20260818-213354,1787089011677,SELL,-0.0
20260818-213354,1787089011779,SELL,-0.0
20260818-213354,1787089011881,SELL,-0.0
20260818-213354,1787089011983,SELL,-0.0
20260818-213354,1787089012085,SELL,-0.0
20260818-213354,1787089012187,SELL,-0.0
20260818-213354,1787089012289,SELL,-0.0
20260818-213354,1787089012218,SELL,-0.0
20260818-213354,1787089012391,SELL,-0.0
20260818-213354,1787089012493,SELL,-0.0
20260818-213354,1787089012595,SELL,-0.0
20260818-213354,1787089012697,SELL,-0.0
20260818-213655,1787089016675,SELL,-0.0
20260818-213655,1787089016728,SELL,-0.0
20260818-213655,1787089016981,SELL,-0.0
20260818-213655,1787089017083,SELL,-0.0
20260818-213655,1787089017185,SELL,-0.0
20260818-213655,1787089017287,SELL,-0.0
20260818-213655,1787089017389,SELL,-0.0
20260818-213655,1787089017491,SELL,-0.0
20260818-213655,1787089017593,SELL,-0.0
20260818-213655,1787089017695,SELL,-0.0
20260818-213655,1787089017797,SELL,-0.0
20260818-213655,1787089017692,SELL,-0.0
20260818-213655,1787089017899,SELL,-0.0
20260818-213655,1787089018001,SELL,-0.0
20260818-213655,1787089018103,SELL,-0.0
20260818-213655,1787089018205,SELL,-0.0
20260818-213655,1787089018307,SELL,-0.0
20260818-213655,1787089018409,SELL,-0.0
20260818-213655,1787089018511,SELL,-0.0
20260818-213655,1787089018613,SELL,-0.0
20260818-213655,1787089018715,SELL,-0.0
20260818-213655,1787089018817,SELL,-0.0
20260818-213655,1787089018919,SELL,-0.0
20260818-213655,1787089019021,SELL,-0.0
20260818-213655,1787089019123,SELL,-0.0
20260818-213655,1787089019225,SELL,-0.0
20260818-213655,1787089019327,SELL,-0.0
20260818-213655,1787089019429,SELL,-0.0
20260818-213655,1787089019531,SELL,-0.0
20260818-213655,1787089019633,SELL,-0.0
20260818-213655,1787089019735,SELL,-0.0
20260818-213655,1787089019837,SELL,-0.0
20260818-213655,1787089019939,SELL,-0.0
20260818-213655,1787089020041,SELL,-0.0
20260818-213655,1787089019953,SELL,-0.0
20260818-213655,1787089020143,SELL,-0.0
20260818-213655,1787089020245,SELL,-0.0
20260818-213655,1787089020347,SELL,-0.0
20260818-213655,1787089020449,SELL,-0.0
20260818-213655,1787089020551,SELL,-0.0
20260818-213655,1787089020653,SELL,-0.0
20260818-213655,1787089020755,SELL,-0.0
20260818-213655,1787089020959,SELL,-0.0
20260818-213655,1787089021061,SELL,-0.0
20260818-213655,1787089021163,SELL,-0.0
20260818-213655,1787089021021,SELL,-0.0
20260818-213655,1787089021265,SELL,-0.0
20260818-213655,1787089021367,SELL,-0.0
20260818-213655,1787089021469,SELL,-0.0
20260818-213655,1787089021571,SELL,-0.0
20260818-213655,1787089021775,SELL,-0.0
20260818-213655,1787089021877,SELL,-0.0
20260818-213655,1787089021979,SELL,-0.0
20260818-213655,1787089022081,SELL,-0.0
20260818-213655,1787089022183,SELL,-0.0
20260818-213655,1787089022489,SELL,-0.0
20260818-213655,1787089022591,SELL,-0.0
20260818-213655,1787089022693,SELL,-0.0
20260818-213655,1787089022795,SELL,-0.0
20260818-213655,1787089022999,SELL,-0.0
20260818-213655,1787089028507,SELL,-0.0
20260818-213655,1787089028609,SELL,-0.0
20260818-213655,1787089028711,SELL,-0.0
20260818-213655,1787089028813,SELL,-0.0
20260818-213655,1787089028915,SELL,-0.0
20260818-213655,1787089029017,SELL,-0.0
20260818-213655,1787089029119,SELL,-0.0
20260818-213655,1787089029221,SELL,-0.0
20260818-213655,1787089029323,SELL,-0.0
20260818-213655,1787089029425,SELL,-0.0
20260818-213655,1787089029527,SELL,-0.0
20260818-213655,1787089029629,SELL,-0.0
20260818-213655,1787089029731,SELL,-0.0
20260818-213655,1787089029833,SELL,-0.0
20260818-213655,1787089029935,SELL,-0.0
20260818-213655,1787089030037,SELL,-0.0
20260818-213655,1787089030139,SELL,-0.0
20260818-213655,1787089030241,SELL,-0.0
20260818-213655,1787089030343,SELL,-0.0
20260818-213655,1787089030445,SELL,-0.0
20260818-213655,1787089030547,SELL,-0.0
20260818-213655,1787089030649,SELL,-0.0
20260818-213655,1787089030751,SELL,-0.0
20260818-213655,1787089030853,SELL,-0.0
20260818-213655,1787089030955,SELL,-0.0
20260818-213655,1787089031057,SELL,-0.0
20260818-213655,1787089031159,SELL,-0.0
20260818-213655,1787089031261,SELL,-0.0
20260818-213655,1787089031363,SELL,-0.0
20260818-213655,1787089031465,SELL,-0.0
20260818-213655,1787089031567,SELL,-0.0
20260818-213655,1787089035035,SELL,-0.0
20260818-213655,1787089035072,SELL,-0.0
20260818-213655,1787089035137,SELL,-0.0
20260818-213655,1787089035239,SELL,-0.0
20260818-213655,1787089035094,SELL,-0.0
20260818-213655,1787089035341,SELL,-0.0
20260818-213655,1787089035443,SELL,-0.0
20260818-213655,1787089035545,SELL,-0.0
20260818-213655,1787089035647,SELL,-0.0
20260818-213655,1787089035749,SELL,-0.0
20260818-213655,1787089035851,SELL,-0.0
20260818-213655,1787089035794,SELL,-0.0
20260818-213655,1787089035953,SELL,-0.0
20260818-213655,1787089036055,SELL,-0.0
20260818-213655,1787089036157,SELL,-0.0
20260818-213655,1787089036259,SELL,-0.0
20260818-213655,1787089036155,SELL,-0.0
20260818-213655,1787089036361,SELL,-0.0
20260818-213655,1787089036463,SELL,-0.0
20260818-213655,1787089036565,SELL,-0.0
20260818-213655,1787089036494,SELL,-0.0
20260818-213655,1787089036667,SELL,-0.0
20260818-213655,1787089036769,SELL,-0.0
20260818-213655,1787089036656,SELL,-0.0
20260818-213655,1787089036871,SELL,-0.0
20260818-213655,1787089036973,SELL,-0.0
20260818-213655,1787089037075,SELL,-0.0
20260818-213655,1787089037177,SELL,-0.0
20260818-213655,1787089037279,SELL,-0.0
20260818-213655,1787089037198,SELL,-0.0
20260818-213655,1787089037381,SELL,-0.0
20260818-213655,1787089037483,SELL,-0.0
20260818-213655,1787089037585,SELL,-0.0
20260818-213655,1787089037687,SELL,-0.0
20260818-213655,1787089037789,SELL,-0.0
20260818-213655,1787089037891,SELL,-0.0
20260818-213655,1787089037993,SELL,-0.0
20260818-213655,1787089037898,SELL,-0.0
20260818-213655,1787089038095,SELL,-0.0
20260818-213655,1787089038197,SELL,-0.0
20260818-213655,1787089038299,SELL,-0.0
20260818-213655,1787089038401,SELL,-0.0
20260818-213655,1787089038503,SELL,-0.0
20260818-213655,1787089038605,SELL,-0.0
20260818-213655,1787089038707,SELL,-0.0
20260818-213655,1787089038602,SELL,-0.0
20260818-213655,1787089038809,SELL,-0.0
20260818-213655,1787089038911,SELL,-0.0
20260818-213655,1787089039013,SELL,-0.0
20260818-213655,1787089039115,SELL,-0.0
20260818-213655,1787089039015,SELL,-0.0
20260818-213655,1787089039217,SELL,-0.0
20260818-213655,1787089039319,SELL,-0.0
20260818-213655,1787089039421,SELL,-0.0
20260818-213655,1787089039302,SELL,-0.0
20260818-213655,1787089039523,SELL,-0.0
20260818-213655,1787089039625,SELL,-0.0
20260818-213655,1787089039727,SELL,-0.0
20260818-213655,1787089039829,SELL,-0.0
20260818-213655,1787089039931,SELL,-0.0
20260818-213655,1787089040033,SELL,-0.0
20260818-213655,1787089040135,SELL,-0.0
20260818-213655,1787089040002,SELL,-0.0
20260818-213655,1787089040237,SELL,-0.0
20260818-213655,1787089040339,SELL,-0.0
20260818-213655,1787089040441,SELL,-0.0
20260818-213655,1787089040543,SELL,-0.0
20260818-213655,1787089040645,SELL,-0.0
20260818-213655,1787089040747,SELL,-0.0
20260818-213655,1787089040849,SELL,-0.0
20260818-213655,1787089040705,SELL,-0.0
20260818-213655,1787089040951,SELL,-0.0
20260818-213655,1787089041053,SELL,-0.0
20260818-213655,1787089041155,SELL,-0.0
20260818-213655,1787089041257,SELL,-0.0
20260818-213655,1787089041123,SELL,-0.0
20260818-213655,1787089041359,SELL,-0.0
20260818-213655,1787089041461,SELL,-0.0
20260818-213655,1787089041563,SELL,-0.0
20260818-213655,1787089041415,SELL,-0.0
20260818-213655,1787089041665,SELL,-0.0
20260818-213655,1787089041767,SELL,-0.0
20260818-213655,1787089041643,SELL,-0.0
20260818-213655,1787089041869,SELL,-0.0
20260818-213655,1787089041971,SELL,-0.0
20260818-213655,1787089042073,SELL,-0.0
20260818-213655,1787089042175,SELL,-0.0
20260818-213655,1787089042115,SELL,-0.0
20260818-213655,1787089042277,SELL,-0.0
20260818-213655,1787089042379,SELL,-0.0
20260818-213655,1787089042481,SELL,-0.0
20260818-213655,1787089042583,SELL,-0.0
20260818-213655,1787089042685,SELL,-0.0
20260818-213655,1787089042787,SELL,-0.0
20260818-213655,1787089042889,SELL,-0.0
20260818-213655,1787089042815,SELL,-0.0
20260818-213655,1787089042991,SELL,-0.0
20260818-213655,1787089043093,SELL,-0.0
20260818-213655,1787089043195,SELL,-0.0
20260818-213655,1787089043297,SELL,-0.0
20260818-213655,1787089043158,SELL,-0.0
20260818-213655,1787089043399,SELL,-0.0
20260818-213655,1787089043501,SELL,-0.0
20260818-213655,1787089043603,SELL,-0.0
20260818-213655,1787089043515,SELL,-0.0
20260818-213655,1787089043705,SELL,-0.0
20260818-213655,1787089043807,SELL,-0.0
20260818-213655,1787089043909,SELL,-0.0
20260818-213655,1787089044011,SELL,-0.0
20260818-213655,1787089044113,SELL,-0.0
20260818-213655,1787089044215,SELL,-0.0
20260818-213655,1787089044317,SELL,-0.0
20260818-213655,1787089044215,SELL,-0.0
20260818-213655,1787089044419,SELL,-0.0
20260818-213655,1787089044521,SELL,-0.0
20260818-213655,1787089044623,SELL,-0.0
20260818-213655,1787089044725,SELL,-0.0
20260818-213655,1787089044827,SELL,-0.0
20260818-213655,1787089044929,SELL,-0.0
20260818-213655,1787089045031,SELL,-0.0
20260818-213655,1787089044914,SELL,-0.0
20260818-213655,1787089045133,SELL,-0.0
20260818-213655,1787089045072,SELL,-0.0
20260818-213655,1787089045235,SELL,-0.0
20260818-213655,1787089045541,SELL,-0.0
20260818-213655,1787089045847,SELL,-0.0
20260818-213655,1787089046561,SELL,-0.0
20260818-213655,1787089048193,SELL,-0.0
20260818-213655,1787089048044,SELL,-0.0
20260818-213655,1787089059789,SELL,0.4955152003154403
20260818-213655,1787089059799,SELL,0.4955152003154403
20260818-213655,1787089059801,SELL,0.4955152003154403
20260818-213655,1787089059806,SELL,0.4955152003154403
20260818-213655,1787089059809,SELL,0.4955152003154403
20260818-213655,1787089059809,SELL,0.4955152003154403
20260818-213655,1787089059809,SELL,0.4955152003154403
20260818-213655,1787089059809,SELL,0.4955152003154403
20260818-213655,1787089059812,SELL,0.4955152003154403
20260818-213655,1787089059819,SELL,0.4955152003154403
20260818-213655,1787089059819,SELL,0.4955152003154403
20260818-213655,1787089059819,SELL,0.4955152003154403
20260818-213655,1787089059822,SELL,0.4955152003154403
20260818-213655,1787089059866,SELL,0.4955152003154403
20260818-213655,1787089059866,SELL,0.4955152003154403
20260818-213655,1787089059866,SELL,0.4955152003154403
20260818-213655,1787089059866,SELL,0.4955152003154403
20260818-213655,1787089059866,SELL,0.4955152003154403
20260818-213655,1787089059821,SELL,0.17033888921875134
20260818-213655,1787089059923,SELL,-0.0
20260818-213655,1787089060025,SELL,-0.0
20260818-213655,1787089060127,SELL,-0.0
20260818-213655,1787089060229,SELL,-0.0
20260818-213655,1787089060331,SELL,-0.0
20260818-213655,1787089060433,SELL,-0.0
20260818-213655,1787089060535,SELL,-0.0
20260818-213655,1787089060637,SELL,-0.0
20260818-213655,1787089060739,SELL,-0.0
20260818-213655,1787089060841,SELL,-0.0
20260818-213655,1787089060806,SELL,-0.0
20260818-213655,1787089060943,SELL,-0.0
20260818-213655,1787089061045,SELL,-0.0
20260818-213655,1787089060933,SELL,-0.0
20260818-213655,1787089061147,SELL,-0.0
20260818-213655,1787089061249,SELL,-0.0
20260818-213655,1787089061351,SELL,-0.0
20260818-213655,1787089061453,SELL,-0.0
20260818-213655,1787089061555,SELL,-0.0
20260818-213655,1787089061657,SELL,-0.0
20260818-213655,1787089061759,SELL,-0.0
20260818-213655,1787089061611,SELL,-0.0
20260818-213655,1787089061861,SELL,-0.0
20260818-213655,1787089061963,SELL,-0.0
20260818-213655,1787089062065,SELL,-0.0
20260818-213655,1787089062167,SELL,-0.0
20260818-213655,1787089062269,SELL,-0.0
20260818-213655,1787089062371,SELL,-0.0
20260818-213655,1787089062473,SELL,-0.0
20260818-213655,1787089062575,SELL,-0.0
20260818-213655,1787089062677,SELL,-0.0
20260818-213655,1787089062779,SELL,-0.0
20260818-213655,1787089062881,SELL,-0.0
20260818-213655,1787089062983,SELL,-0.0
20260818-213655,1787089063085,SELL,-0.0
20260818-213655,1787089063187,SELL,-0.0
20260818-213655,1787089063289,SELL,-0.0
20260818-213655,1787089063391,SELL,-0.0
20260818-213655,1787089063493,SELL,-0.0
20260818-213655,1787089063595,SELL,-0.0
20260818-213655,1787089063697,SELL,-0.0
20260818-213655,1787089063799,SELL,-0.0
20260818-213655,1787089063901,SELL,-0.0
20260818-213655,1787089064003,SELL,-0.0
20260818-213655,1787089063908,SELL,-0.0
20260818-213655,1787089064105,SELL,-0.0
20260818-213655,1787089064207,SELL,-0.0
20260818-213655,1787089064055,SELL,-0.0
20260818-213655,1787089064309,SELL,-0.0
20260818-213655,1787089064215,SELL,-0.0
20260818-213655,1787089064411,SELL,-0.0
20260818-213655,1787089064513,SELL,-0.0
20260818-213655,1787089064615,SELL,-0.0
20260818-213655,1787089064717,SELL,-0.0
20260818-213655,1787089064819,SELL,-0.0
20260818-213655,1787089064921,SELL,-0.0
20260818-213655,1787089065023,SELL,-0.0
20260818-213655,1787089065125,SELL,-0.0
20260818-213655,1787089065227,SELL,-0.0
20260818-213655,1787089065130,SELL,-0.0
20260818-213655,1787089065329,SELL,-0.0
20260818-213655,1787089065431,SELL,-0.0
20260818-213655,1787089065533,SELL,-0.0
20260818-213655,1787089065635,SELL,-0.0
20260818-213655,1787089065737,SELL,-0.0
20260818-213655,1787089065596,SELL,-0.0
20260818-213655,1787089065839,SELL,-0.0
20260818-213655,1787089065941,SELL,-0.0
20260818-213655,1787089066043,SELL,-0.0
20260818-213655,1787089065952,SELL,-0.0
20260818-213655,1787089066145,SELL,-0.0
20260818-213655,1787089066247,SELL,-0.0
20260818-213655,1787089066349,SELL,-0.0
20260818-213655,1787089066451,SELL,-0.0
20260818-213655,1787089066553,SELL,-0.0
20260818-213655,1787089066655,SELL,-0.0
20260818-213655,1787089066757,SELL,-0.0
20260818-213655,1787089066859,SELL,-0.0
20260818-213655,1787089066961,SELL,-0.0
20260818-213655,1787089067063,SELL,-0.0
20260818-213655,1787089067165,SELL,-0.0
20260818-213655,1787089067114,SELL,-0.0
20260818-213655,1787089067267,SELL,-0.0
20260818-213655,1787089067369,SELL,-0.0
20260818-213655,1787089067471,SELL,-0.0
20260818-213655,1787089067573,SELL,-0.0
20260818-213655,1787089067675,SELL,-0.0
20260818-213655,1787089067777,SELL,-0.0
20260818-213655,1787089067879,SELL,-0.0
20260818-213655,1787089067981,SELL,-0.0
20260818-213655,1787089068083,SELL,-0.0
20260818-213655,1787089068185,SELL,-0.0
20260818-213655,1787089068287,SELL,-0.0
20260818-213655,1787089068389,SELL,-0.0
20260818-213655,1787089068491,SELL,-0.0
20260818-213655,1787089068593,SELL,-0.0
20260818-213655,1787089068695,SELL,-0.0
20260818-213655,1787089068797,SELL,-0.0
20260818-213655,1787089068899,SELL,-0.0
20260818-213655,1787089069001,SELL,-0.0
20260818-213655,1787089069016,SELL,-0.0
20260818-213655,1787089069103,SELL,-0.0
20260818-213655,1787089069205,SELL,-0.0
20260818-213655,1787089069074,SELL,-0.0
20260818-213655,1787089069307,SELL,-0.0
20260818-213655,1787089069409,SELL,-0.0
20260818-213655,1787089069511,SELL,-0.0
20260818-213655,1787089069372,SELL,-0.0
20260818-213655,1787089069613,SELL,-0.0
20260818-213655,1787089069715,SELL,-0.0
20260818-213655,1787089069565,SELL,-0.0
20260818-213655,1787089069817,SELL,-0.0
20260818-213655,1787089069919,SELL,-0.0
20260818-213655,1787089070021,SELL,-0.0
20260818-213655,1787089070123,SELL,-0.0
20260818-213655,1787089070225,SELL,-0.0
20260818-213655,1787089070327,SELL,-0.0
20260818-213655,1787089070429,SELL,-0.0
20260818-213655,1787089070531,SELL,-0.0
20260818-213655,1787089070633,SELL,-0.0
20260818-213655,1787089070735,SELL,-0.0
20260818-213655,1787089070837,SELL,-0.0
20260818-213655,1787089070939,SELL,-0.0
20260818-213655,1787089071041,SELL,-0.0
20260818-213655,1787089071143,SELL,-0.0
20260818-213655,1787089071245,SELL,-0.0
20260818-213655,1787089071347,SELL,-0.0
20260818-213655,1787089071449,SELL,-0.0
20260818-213655,1787089071551,SELL,-0.0
20260818-213655,1787089071653,SELL,-0.0
20260818-213655,1787089071755,SELL,-0.0
20260818-213655,1787089071857,SELL,-0.0
20260818-213655,1787089071959,SELL,-0.0
20260818-213655,1787089072061,SELL,-0.0
20260818-213655,1787089072163,SELL,-0.0
20260818-213655,1787089072265,SELL,-0.0
20260818-213655,1787089072367,SELL,-0.0
20260818-213655,1787089072469,SELL,-0.0
20260818-213655,1787089072571,SELL,-0.0
20260818-213655,1787089072673,SELL,-0.0
20260818-213655,1787089072531,SELL,-0.0
20260818-213655,1787089072775,SELL,-0.0
20260818-213655,1787089072877,SELL,-0.0
20260818-213655,1787089072979,SELL,-0.0
20260818-213655,1787089073081,SELL,-0.0
20260818-213655,1787089073183,SELL,-0.0
20260818-213655,1787089073285,SELL,-0.0
20260818-213655,1787089073139,SELL,-0.0
20260818-213655,1787089073387,SELL,-0.0
20260818-213655,1787089073489,SELL,-0.0
20260818-213655,1787089073591,SELL,-0.0
20260818-213655,1787089073693,SELL,-0.0
20260818-213655,1787089073795,SELL,-0.0
20260818-213655,1787089073897,SELL,-0.0
20260818-213655,1787089073999,SELL,-0.0
20260818-213655,1787089073940,SELL,-0.0
20260818-213655,1787089074101,SELL,-0.0
20260818-213655,1787089074203,SELL,-0.0
20260818-213655,1787089074305,SELL,-0.0
20260818-213655,1787089074407,SELL,-0.0
20260818-213655,1787089074509,SELL,-0.0
20260818-213655,1787089074547,SELL,-0.0
20260818-213655,1787089074611,SELL,-0.0
20260818-213655,1787089074713,SELL,-0.0
20260818-213655,1787089074603,SELL,-0.0
20260818-213655,1787089074815,SELL,-0.0
20260818-213655,1787089074917,SELL,-0.0
20260818-213655,1787089074945,SELL,-0.0
20260818-213655,1787089075019,SELL,-0.0
20260818-213655,1787089075121,SELL,-0.0
20260818-213655,1787089075015,SELL,-0.0
20260818-213655,1787089075223,SELL,-0.0
20260818-213655,1787089075325,SELL,-0.0
20260818-213655,1787089075427,SELL,-0.0
20260818-213655,1787089075529,SELL,-0.0
20260818-213655,1787089075631,SELL,-0.0
20260818-213655,1787089075733,SELL,-0.0
20260818-213655,1787089075835,SELL,-0.0
20260818-213655,1787089075937,SELL,-0.0
20260818-213655,1787089076039,SELL,-0.0
20260818-213655,1787089076141,SELL,-0.0
20260818-213655,1787089076243,SELL,-0.0
20260818-213655,1787089076345,SELL,-0.0
20260818-213655,1787089076447,SELL,-0.0
20260818-213655,1787089076549,SELL,-0.0
20260818-213655,1787089076470,SELL,-0.0
20260818-213655,1787089076651,SELL,-0.0
20260818-213655,1787089076753,SELL,-0.0
20260818-213655,1787089076855,SELL,-0.0
20260818-213655,1787089076957,SELL,-0.0
20260818-213655,1787089077059,SELL,-0.0
20260818-213655,1787089077161,SELL,-0.0
20260818-213655,1787089077263,SELL,-0.0
20260818-213655,1787089077365,SELL,-0.0
20260818-213655,1787089077467,SELL,-0.0
20260818-213655,1787089077569,SELL,-0.0
20260818-213655,1787089077671,SELL,-0.0
20260818-213655,1787089077773,SELL,-0.0
20260818-213655,1787089077875,SELL,-0.0
20260818-213655,1787089077977,SELL,-0.0
20260818-213655,1787089078079,SELL,-0.0
20260818-213655,1787089078181,SELL,-0.0
20260818-213655,1787089078283,SELL,-0.0
20260818-213655,1787089078385,SELL,-0.0
20260818-213655,1787089078487,SELL,-0.0
20260818-213655,1787089078589,SELL,-0.0
20260818-213655,1787089078691,SELL,-0.0
20260818-213655,1787089078793,SELL,-0.0
20260818-213655,1787089078895,SELL,0.3251979642616451
20260818-213655,1787089078830,SELL,-0.0
20260818-213655,1787089078997,SELL,0.5265109897568419
20260818-213655,1787089079099,SELL,0.8517089540162336
20260818-213655,1787089079201,SELL,1.50210488253727
20260818-213655,1787089079303,SELL,1.50210488253727
20260818-213655,1787089079405,SELL,2.2763857498247555
20260818-213655,1787089079507,SELL,2.2763857498247555
20260818-213655,1787089079609,SELL,2.2763857498247555
20260818-213655,1787089079711,SELL,2.2763857498247555
20260818-213655,1787089079813,SELL,2.2763857498247555
20260818-213655,1787089079915,SELL,2.2763857498247555
20260818-213655,1787089079861,SELL,2.2763857498247555
20260818-213655,1787089080017,SELL,2.2763857498247555
20260818-213655,1787089079952,SELL,2.2763857498247555
20260818-213655,1787089080119,SELL,2.2763857498247555
20260818-213655,1787089080221,SELL,2.2763857498247555
20260818-213655,1787089080323,SELL,2.2763857498247555
20260818-213655,1787089080425,SELL,2.2763857498247555
20260818-213655,1787089080323,SELL,2.2763857498247555
20260818-213655,1787089080527,SELL,2.2763857498247555
20260818-213655,1787089080629,SELL,2.2763857498247555
20260818-213655,1787089080571,SELL,2.2763857498247555
20260818-213655,1787089080731,SELL,2.2763857498247555
20260818-213655,1787089080820,SELL,2.2763857498247555
20260818-213655,1787089080822,SELL,2.2763857498247555
20260818-213655,1787089080822,SELL,2.2763857498247555
20260818-213655,1787089080822,SELL,2.2763857498247555
20260818-213655,1787089080825,SELL,2.2763857498247555
20260818-213655,1787089080826,SELL,2.2763857498247555
20260818-213655,1787089080826,SELL,2.2763857498247555
20260818-213655,1787089080826,SELL,2.2763857498247555
20260818-213655,1787089080826,SELL,2.2763857498247555
20260818-213655,1787089080827,SELL,2.2763857498247555
20260818-213655,1787089080827,SELL,2.2763857498247555
20260818-213655,1787089080829,SELL,2.2763857498247555
20260818-213655,1787089080830,SELL,2.2763857498247555
20260818-213655,1787089080831,SELL,2.2763857498247555
20260818-213655,1787089080831,SELL,2.2763857498247555
20260818-213655,1787089080833,SELL,1.9512512398562067
20260818-213655,1787089080833,SELL,1.9512512398562067
20260818-213655,1787089080837,SELL,1.9512512398562067
20260818-213655,1787089080837,SELL,1.9512512398562067
20260818-213655,1787089080837,SELL,1.9512512398562067
20260818-213655,1787089080837,SELL,1.9512512398562067
20260818-213655,1787089080837,SELL,1.9512512398562067
20260818-213655,1787089080833,SELL,1.9512512398562067
20260818-213655,1787089080837,SELL,1.9512512398562067
20260818-213655,1787089080934,SELL,1.9512512398562067
20260818-213655,1787089080935,SELL,1.7499668977482508
20260818-213655,1787089080937,SELL,1.9512512398562067
20260818-213655,1787089080937,SELL,1.9512512398562067
20260818-213655,1787089080937,SELL,1.9512512398562067
20260818-213655,1787089080935,SELL,1.7499668977482508
20260818-213655,1787089080958,SELL,1.7499668977482508
20260818-213655,1787089081028,SELL,1.7499668977482508
20260818-213655,1787089081028,SELL,1.7499668977482508
20260818-213655,1787089081031,SELL,1.7499668977482508
20260818-213655,1787089081031,SELL,1.7499668977482508
20260818-213655,1787089081031,SELL,1.7499668977482508
20260818-213655,1787089081031,SELL,1.7499668977482508
20260818-213655,1787089081033,SELL,1.7499668977482508
20260818-213655,1787089081037,SELL,1.4247981471424804
20260818-213655,1787089081139,SELL,1.4247981471424804
20260818-213655,1787089081107,SELL,1.4247981471424804
20260818-213655,1787089081197,SELL,1.4247981471424804
20260818-213655,1787089081197,SELL,1.4247981471424804
20260818-213655,1787089081197,SELL,1.4247981471424804
20260818-213655,1787089081197,SELL,1.4247981471424804
20260818-213655,1787089081197,SELL,1.4247981471424804
20260818-213655,1787089081197,SELL,1.4247981471424804
20260818-213655,1787089081197,SELL,1.4247981471424804
20260818-213655,1787089081197,SELL,1.4247981471424804
20260818-213655,1787089081197,SELL,1.4247981471424804
20260818-213655,1787089081197,SELL,1.4247981471424804
20260818-213655,1787089081197,SELL,1.4247981471424804
20260818-213655,1787089081197,SELL,1.4247981471424804
20260818-213655,1787089081197,SELL,1.4247981471424804
20260818-213655,1787089081197,SELL,1.4247981471424804
20260818-213655,1787089081197,SELL,1.4247981471424804
20260818-213655,1787089081197,SELL,1.4247981471424804
20260818-213655,1787089081197,SELL,1.4247981471424804
20260818-213655,1787089081197,SELL,1.4247981471424804
20260818-213655,1787089081197,SELL,1.4247981471424804
20260818-213655,1787089081197,SELL,1.4247981471424804
20260818-213655,1787089081197,SELL,1.4247981471424804
20260818-213655,1787089081197,SELL,1.4247981471424804
20260818-213655,1787089081197,SELL,1.4247981471424804
20260818-213655,1787089081197,SELL,1.4247981471424804
20260818-213655,1787089081197,SELL,1.4247981471424804
20260818-213655,1787089081197,SELL,1.4247981471424804
20260818-213655,1787089081197,SELL,1.4247981471424804
20260818-213655,1787089081197,SELL,1.4247981471424804
20260818-213655,1787089081197,SELL,1.4247981471424804
20260818-213655,1787089081197,SELL,1.4247981471424804
20260818-213655,1787089081197,SELL,1.4247981471424804
20260818-213655,1787089081197,SELL,1.4247981471424804
20260818-213655,1787089081241,SELL,0.7743971898674773
20260818-213655,1787089081204,SELL,0.7743971898674773
20260818-213655,1787089081308,SELL,0.7743971898674773
20260818-213655,1787089081308,SELL,0.7743971898674773
20260818-213655,1787089081309,SELL,0.7743971898674773
20260818-213655,1787089081309,SELL,0.7743971898674773
20260818-213655,1787089081309,SELL,0.7743971898674773
20260818-213655,1787089081309,SELL,0.7743971898674773
20260818-213655,1787089081309,SELL,0.7743971898674773
20260818-213655,1787089081309,SELL,0.7743971898674773
20260818-213655,1787089081309,SELL,0.7743971898674773
20260818-213655,1787089081309,SELL,0.7743971898674773
20260818-213655,1787089081318,SELL,0.7743971898674773
20260818-213655,1787089081318,SELL,0.7743971898674773
20260818-213655,1787089081318,SELL,0.7743971898674773
20260818-213655,1787089081318,SELL,0.7743971898674773
20260818-213655,1787089081318,SELL,0.7743971898674773
20260818-213655,1787089081318,SELL,0.7743971898674773
20260818-213655,1787089081318,SELL,0.7743971898674773
20260818-213655,1787089081318,SELL,0.7743971898674773
20260818-213655,1787089081318,SELL,0.7743971898674773
20260818-213655,1787089081318,SELL,0.7743971898674773
20260818-213655,1787089081319,SELL,0.7743971898674773
20260818-213655,1787089081319,SELL,0.7743971898674773
20260818-213655,1787089081319,SELL,0.7743971898674773
20260818-213655,1787089081319,SELL,0.7743971898674773
20260818-213655,1787089081319,SELL,0.7743971898674773
20260818-213655,1787089081319,SELL,0.7743971898674773
20260818-213655,1787089081319,SELL,0.7743971898674773
20260818-213655,1787089081319,SELL,0.7743971898674773
20260818-213655,1787089081319,SELL,0.7743971898674773
20260818-213655,1787089081319,SELL,0.7743971898674773
20260818-213655,1787089081319,SELL,0.7743971898674773
20260818-213655,1787089081322,SELL,-0.0
20260818-213655,1787089081322,SELL,-0.0
20260818-213655,1787089081343,SELL,-0.0
20260818-213655,1787089081445,SELL,-0.0
20260818-213655,1787089081322,SELL,-0.0
20260818-213655,1787089081547,SELL,-0.0
20260818-213655,1787089081649,SELL,-0.0
20260818-213655,1787089081751,SELL,-0.0
20260818-213655,1787089081853,SELL,-0.0
20260818-213655,1787089081955,SELL,-0.0
20260818-213655,1787089082057,SELL,-0.0
20260818-213655,1787089082159,SELL,-0.0
20260818-213655,1787089082261,SELL,-0.0
20260818-213655,1787089082363,SELL,-0.0
20260818-213655,1787089082325,SELL,-0.0
20260818-213655,1787089082465,SELL,-0.0
20260818-213655,1787089082380,SELL,-0.0
20260818-213655,1787089082567,SELL,-0.0
20260818-213655,1787089082505,SELL,-0.0
20260818-213655,1787089082669,SELL,-0.0
20260818-213655,1787089082771,SELL,-0.0
20260818-213655,1787089082873,SELL,-0.0
20260818-213655,1787089082975,SELL,-0.0
20260818-213655,1787089083077,SELL,-0.0
20260818-213655,1787089083179,SELL,-0.0
20260818-213655,1787089083281,SELL,-0.0
20260818-213655,1787089083383,SELL,-0.0
20260818-213655,1787089083485,SELL,-0.0
20260818-213655,1787089083587,SELL,-0.0
20260818-213655,1787089083689,SELL,-0.0
20260818-213655,1787089083623,SELL,-0.0
20260818-213655,1787089083791,SELL,-0.0
20260818-213655,1787089083893,SELL,-0.0
20260818-213655,1787089083995,SELL,-0.0
20260818-213655,1787089084097,SELL,-0.0
20260818-213655,1787089084199,SELL,-0.0
20260818-213655,1787089084301,SELL,-0.0
20260818-213655,1787089084403,SELL,-0.0
20260818-213655,1787089084505,SELL,-0.0
20260818-213655,1787089084607,SELL,-0.0
20260818-213655,1787089084709,SELL,-0.0
20260818-213655,1787089084811,SELL,-0.0
20260818-213655,1787089084711,SELL,-0.0
20260818-213655,1787089084913,SELL,-0.0
20260818-213655,1787089085015,SELL,-0.0
20260818-213655,1787089085117,SELL,-0.0
20260818-213655,1787089085016,SELL,-0.0
20260818-213655,1787089085219,SELL,-0.0
20260818-213655,1787089085118,SELL,-0.0
20260818-213655,1787089085321,SELL,-0.0
20260818-213655,1787089085423,SELL,-0.0
20260818-213655,1787089085324,SELL,-0.0
20260818-213655,1787089085525,SELL,-0.0
20260818-213655,1787089085450,SELL,-0.0
20260818-213655,1787089085627,SELL,-0.0
20260818-213655,1787089085729,SELL,-0.0
20260818-213655,1787089085831,SELL,-0.0
20260818-213655,1787089085692,SELL,-0.0
20260818-213655,1787089085933,SELL,-0.0
20260818-213655,1787089086035,SELL,-0.0
20260818-213655,1787089085940,SELL,-0.0
20260818-213655,1787089086137,SELL,-0.0
20260818-213655,1787089086239,SELL,-0.0
20260818-213655,1787089086341,SELL,-0.0
20260818-213655,1787089086443,SELL,-0.0
20260818-213655,1787089086545,SELL,-0.0
20260818-213655,1787089086647,SELL,-0.0
20260818-213655,1787089086749,SELL,-0.0
20260818-213655,1787089086851,SELL,-0.0
20260818-213655,1787089086953,SELL,-0.0
20260818-213655,1787089087055,SELL,-0.0
20260818-213655,1787089087157,SELL,-0.0
20260818-213655,1787089087007,SELL,-0.0
20260818-213655,1787089087259,SELL,-0.0
20260818-213655,1787089087361,SELL,-0.0
20260818-213655,1787089087463,SELL,-0.0
20260818-213655,1787089087319,SELL,-0.0
20260818-213655,1787089087565,SELL,-0.0
20260818-213655,1787089087667,SELL,-0.0
20260818-213655,1787089087769,SELL,-0.0
20260818-213655,1787089087871,SELL,-0.0
20260818-213655,1787089087973,SELL,-0.0
20260818-213655,1787089088075,SELL,-0.0
20260818-213655,1787089088003,SELL,-0.0
20260818-213655,1787089088177,SELL,-0.0
20260818-213655,1787089088279,SELL,-0.0
20260818-213655,1787089088152,SELL,-0.0
20260818-213655,1787089088381,SELL,-0.0
20260818-213655,1787089088483,SELL,-0.0
20260818-213655,1787089088585,SELL,-0.0
20260818-213655,1787089088687,SELL,-0.0
20260818-213655,1787089088789,SELL,-0.0
20260818-213655,1787089088891,SELL,-0.0
20260818-213655,1787089088993,SELL,-0.0
20260818-213655,1787089089095,SELL,-0.0
20260818-213655,1787089089197,SELL,-0.0
20260818-213655,1787089089299,SELL,-0.0
20260818-213655,1787089089230,SELL,-0.0
20260818-213655,1787089089401,SELL,-0.0
20260818-213655,1787089089503,SELL,-0.0
20260818-213655,1787089089605,SELL,-0.0
20260818-213655,1787089089707,SELL,-0.0
20260818-213655,1787089089569,SELL,-0.0
20260818-213655,1787089089809,SELL,-0.0
20260818-213655,1787089089911,SELL,-0.0
20260818-213655,1787089090013,SELL,-0.0
20260818-213655,1787089090115,SELL,-0.0
20260818-213655,1787089090217,SELL,-0.0
20260818-213655,1787089090319,SELL,-0.0
20260818-213655,1787089090421,SELL,-0.0
20260818-213655,1787089090523,SELL,-0.0
20260818-213655,1787089090625,SELL,-0.0
20260818-213655,1787089090727,SELL,-0.0
20260818-213655,1787089090829,SELL,-0.0
20260818-213655,1787089090931,SELL,-0.0
20260818-213655,1787089091033,SELL,-0.0
20260818-213655,1787089090957,SELL,-0.0
20260818-213655,1787089091135,SELL,-0.0
20260818-213655,1787089091081,SELL,-0.0
20260818-213655,1787089091237,SELL,-0.0
20260818-213655,1787089091339,SELL,-0.0
20260818-213655,1787089091318,SELL,-0.0
20260818-213655,1787089091441,SELL,-0.0
20260818-213655,1787089091368,SELL,-0.0
20260818-213655,1787089091543,SELL,-0.0
20260818-213655,1787089091493,SELL,-0.0
20260818-213655,1787089091645,SELL,-0.0
20260818-213655,1787089091747,SELL,-0.0
20260818-213655,1787089091707,SELL,-0.0
20260818-213655,1787089091849,SELL,-0.0
20260818-213655,1787089091846,SELL,-0.0
20260818-213655,1787089091951,SELL,-0.0
20260818-213655,1787089092053,SELL,-0.0
20260818-213655,1787089091930,SELL,-0.0
20260818-213655,1787089092155,SELL,-0.0
20260818-213655,1787089092257,SELL,-0.0
20260818-213655,1787089092359,SELL,-0.0
20260818-213655,1787089092305,SELL,-0.0
20260818-213655,1787089092461,SELL,-0.0
20260818-213655,1787089092563,SELL,-0.0
20260818-213655,1787089092665,SELL,-0.0
20260818-213655,1787089092555,SELL,-0.0
20260818-213655,1787089092767,SELL,-0.0
20260818-213655,1787089092869,SELL,-0.0
20260818-213655,1787089092796,SELL,-0.0
20260818-213655,1787089092971,SELL,-0.0
20260818-213655,1787089093073,SELL,-0.0
20260818-213655,1787089093008,SELL,-0.0
20260818-213655,1787089093175,SELL,-0.0
20260818-213655,1787089093277,SELL,-0.0
20260818-213655,1787089093379,SELL,-0.0
20260818-213655,1787089093296,SELL,-0.0
20260818-213655,1787089093481,SELL,-0.0
20260818-213655,1787089093583,SELL,-0.0
20260818-213655,1787089093685,SELL,-0.0
20260818-213655,1787089093623,SELL,-0.0
20260818-213655,1787089093787,SELL,-0.0
20260818-213655,1787089093733,SELL,-0.0
20260818-213655,1787089093889,SELL,-0.0
20260818-213655,1787089093991,SELL,-0.0
20260818-213655,1787089094093,SELL,-0.0
20260818-213655,1787089094008,SELL,-0.0
20260818-213655,1787089094195,SELL,-0.0
20260818-213655,1787089094297,SELL,-0.0
20260818-213655,1787089094399,SELL,-0.0
20260818-213655,1787089094296,SELL,-0.0
20260818-213655,1787089094501,SELL,-0.0
20260818-213655,1787089094603,SELL,-0.0
20260818-213655,1787089094705,SELL,-0.0
20260818-213655,1787089094807,SELL,-0.0
20260818-213655,1787089094909,SELL,-0.0
20260818-213655,1787089094806,SELL,-0.0
20260818-213655,1787089095011,SELL,-0.0
20260818-213655,1787089095113,SELL,-0.0
20260818-213655,1787089095215,SELL,-0.0
20260818-213655,1787089095100,SELL,-0.0
20260818-213655,1787089095317,SELL,-0.0
20260818-213655,1787089095419,SELL,-0.0
20260818-213655,1787089095296,SELL,-0.0
20260818-213655,1787089095521,SELL,-0.0
20260818-213655,1787089095623,SELL,-0.0
20260818-213655,1787089095725,SELL,-0.0
20260818-213655,1787089095827,SELL,-0.0
20260818-213655,1787089095929,SELL,-0.0
20260818-213655,1787089095795,SELL,-0.0
20260818-213655,1787089096031,SELL,-0.0
20260818-213655,1787089096133,SELL,-0.0
20260818-213655,1787089096235,SELL,-0.0
20260818-213655,1787089096337,SELL,-0.0
20260818-213655,1787089096439,SELL,-0.0
20260818-213655,1787089096296,SELL,-0.0
20260818-213655,1787089096541,SELL,-0.0
20260818-213655,1787089096643,SELL,-0.0
20260818-213655,1787089096745,SELL,-0.0
20260818-213655,1787089096847,SELL,-0.0
20260818-213655,1787089096797,SELL,-0.0
20260818-213655,1787089096949,SELL,-0.0
20260818-213655,1787089097051,SELL,-0.0
20260818-213655,1787089096917,SELL,-0.0
20260818-213655,1787089097153,SELL,-0.0
20260818-213655,1787089097255,SELL,-0.0
20260818-213655,1787089097239,SELL,-0.0
20260818-213655,1787089097357,SELL,-0.0
20260818-213655,1787089097307,SELL,-0.0
20260818-213655,1787089097459,SELL,-0.0
20260818-213655,1787089097561,SELL,-0.0
20260818-213655,1787089097663,SELL,-0.0
20260818-213655,1787089097765,SELL,-0.0
20260818-213655,1787089097867,SELL,-0.0
20260818-213655,1787089097740,SELL,-0.0
20260818-213655,1787089097969,SELL,-0.0
20260818-213655,1787089097871,SELL,-0.0
20260818-213655,1787089098071,SELL,-0.0
20260818-213655,1787089098173,SELL,-0.0
20260818-213655,1787089098275,SELL,-0.0
20260818-213655,1787089098377,SELL,-0.0
20260818-213655,1787089098296,SELL,-0.0
20260818-213655,1787089098479,SELL,-0.0
20260818-213655,1787089098581,SELL,-0.0
20260818-213655,1787089098683,SELL,-0.0
20260818-213655,1787089098785,SELL,-0.0
20260818-213655,1787089098887,SELL,-0.0
20260818-213655,1787089098795,SELL,-0.0
20260818-213655,1787089098989,SELL,-0.0
20260818-213655,1787089099091,SELL,-0.0
20260818-213655,1787089099006,SELL,-0.0
20260818-213655,1787089099193,SELL,-0.0
20260818-213655,1787089099295,SELL,-0.0
20260818-213655,1787089099397,SELL,-0.0
20260818-213655,1787089099296,SELL,-0.0
20260818-213655,1787089099499,SELL,-0.0
20260818-213655,1787089099601,SELL,-0.0
20260818-213655,1787089099703,SELL,-0.0
20260818-213655,1787089099805,SELL,-0.0
20260818-213655,1787089099907,SELL,-0.0
20260818-213655,1787089099805,SELL,-0.0
20260818-213655,1787089100009,SELL,-0.0
20260818-213655,1787089100111,SELL,-0.0
20260818-213655,1787089100213,SELL,-0.0
20260818-213655,1787089100315,SELL,-0.0
20260818-213655,1787089100417,SELL,-0.0
20260818-213655,1787089100297,SELL,-0.0
20260818-213655,1787089100519,SELL,-0.0
20260818-213655,1787089100621,SELL,-0.0
20260818-213655,1787089100510,SELL,-0.0
20260818-213655,1787089100723,SELL,-0.0
20260818-213655,1787089100825,SELL,-0.0
20260818-213655,1787089100927,SELL,-0.0
20260818-213655,1787089101029,SELL,-0.0
20260818-213655,1787089101131,SELL,-0.0
20260818-213655,1787089101233,SELL,-0.0
20260818-213655,1787089101335,SELL,-0.0
20260818-213655,1787089101437,SELL,-0.0
20260818-213655,1787089101539,SELL,-0.0
20260818-213655,1787089101641,SELL,-0.0
20260818-213655,1787089101743,SELL,-0.0
20260818-213655,1787089101845,SELL,-0.0
20260818-213655,1787089101947,SELL,-0.0
20260818-213655,1787089102049,SELL,-0.0
20260818-213655,1787089102151,SELL,-0.0
20260818-213655,1787089102253,SELL,-0.0
20260818-213655,1787089102355,SELL,-0.0
20260818-213655,1787089102457,SELL,-0.0
20260818-213655,1787089102559,SELL,-0.0
20260818-213655,1787089102661,SELL,-0.0
20260818-213655,1787089102763,SELL,-0.0
20260818-213655,1787089102865,SELL,-0.0
20260818-213655,1787089102967,SELL,-0.0
20260818-213655,1787089102883,SELL,-0.0
20260818-213655,1787089103069,SELL,-0.0
20260818-213655,1787089103171,SELL,-0.0
20260818-213655,1787089103273,SELL,-0.0
20260818-213655,1787089103375,SELL,-0.0
20260818-213655,1787089103477,SELL,-0.0
20260818-213655,1787089103579,SELL,-0.0
20260818-213655,1787089103681,SELL,-0.0
20260818-213655,1787089103594,SELL,-0.0
20260818-213655,1787089103783,SELL,-0.0
20260818-213655,1787089103885,SELL,-0.0
20260818-213655,1787089103987,SELL,-0.0
20260818-213655,1787089104089,SELL,-0.0
20260818-213655,1787089104191,SELL,-0.0
20260818-213655,1787089104293,SELL,-0.0
20260818-213655,1787089104214,SELL,-0.0
20260818-213655,1787089104395,SELL,-0.0
20260818-213655,1787089104497,SELL,-0.0
20260818-213655,1787089104599,SELL,-0.0
20260818-213655,1787089104701,SELL,-0.0
20260818-213655,1787089104803,SELL,-0.0
20260818-213655,1787089104905,SELL,-0.0
20260818-213655,1787089105007,SELL,-0.0
20260818-213655,1787089105109,SELL,-0.0
20260818-213655,1787089105211,SELL,-0.0
20260818-213655,1787089105116,SELL,-0.0
20260818-213655,1787089105313,SELL,-0.0
20260818-213655,1787089105415,SELL,-0.0
20260818-213655,1787089105517,SELL,-0.0
20260818-213655,1787089105619,SELL,-0.0
20260818-213655,1787089105721,SELL,-0.0
20260818-213655,1787089105823,SELL,-0.0
20260818-213655,1787089105925,SELL,-0.0
20260818-213655,1787089106027,SELL,-0.0
20260818-213655,1787089105912,SELL,-0.0
20260818-213655,1787089106129,SELL,-0.0
20260818-213655,1787089106231,SELL,-0.0
20260818-213655,1787089106333,SELL,-0.0
20260818-213655,1787089106435,SELL,-0.0
20260818-213655,1787089106537,SELL,-0.0
20260818-213655,1787089106639,SELL,-0.0
20260818-213655,1787089106556,SELL,-0.0
20260818-213655,1787089106741,SELL,-0.0
20260818-213655,1787089106843,SELL,-0.0
20260818-213655,1787089106945,SELL,-0.0
20260818-213655,1787089107047,SELL,-0.0
20260818-213655,1787089107149,SELL,-0.0
20260818-213655,1787089107251,SELL,-0.0
20260818-213655,1787089107186,SELL,-0.0
20260818-213655,1787089107353,SELL,-0.0
20260818-213655,1787089107455,SELL,-0.0
20260818-213655,1787089107557,SELL,-0.0
20260818-213655,1787089107659,SELL,-0.0
20260818-213655,1787089107761,SELL,-0.0
20260818-213655,1787089107863,SELL,-0.0
20260818-213655,1787089107965,SELL,-0.0
20260818-213655,1787089108067,SELL,-0.0
20260818-213655,1787089108169,SELL,-0.0
20260818-213655,1787089108271,SELL,-0.0
20260818-213655,1787089108373,SELL,-0.0
20260818-213655,1787089108475,SELL,-0.0
20260818-213655,1787089108384,SELL,-0.0
20260818-213655,1787089108577,SELL,-0.0
20260818-213655,1787089108679,SELL,-0.0
20260818-213655,1787089108781,SELL,-0.0
20260818-213655,1787089108883,SELL,-0.0
20260818-213655,1787089108985,SELL,-0.0
20260818-213655,1787089109087,SELL,-0.0
20260818-213655,1787089109189,SELL,-0.0
20260818-213655,1787089109291,SELL,-0.0
20260818-213655,1787089109393,SELL,-0.0
20260818-213655,1787089109495,SELL,-0.0
20260818-213655,1787089109597,SELL,-0.0
20260818-213655,1787089109699,SELL,-0.0
20260818-213655,1787089109801,SELL,-0.0
20260818-213655,1787089109903,SELL,-0.0
20260818-213655,1787089110005,SELL,-0.0
20260818-213655,1787089110107,SELL,-0.0
20260818-213655,1787089110209,SELL,-0.0
20260818-213655,1787089110311,SELL,-0.0
20260818-213655,1787089110200,SELL,-0.0
20260818-213655,1787089110413,SELL,-0.0
20260818-213655,1787089110515,SELL,-0.0
20260818-213655,1787089110617,SELL,-0.0
20260818-213655,1787089110719,SELL,-0.0
20260818-213655,1787089110821,SELL,-0.0
20260818-213655,1787089110923,SELL,-0.0
20260818-213655,1787089111025,SELL,-0.0
20260818-213655,1787089111127,SELL,-0.0
20260818-213655,1787089111229,SELL,-0.0
20260818-213655,1787089111331,SELL,-0.0
20260818-213655,1787089111194,SELL,-0.0
20260818-213655,1787089111433,SELL,-0.0
20260818-213655,1787089111535,SELL,-0.0
20260818-213655,1787089111637,SELL,-0.0
20260818-213655,1787089111529,SELL,-0.0
20260818-213655,1787089111739,SELL,-0.0
20260818-213655,1787089111841,SELL,-0.0
20260818-213655,1787089111714,SELL,-0.0
20260818-213655,1787089111943,SELL,-0.0
20260818-213655,1787089112045,SELL,-0.0
20260818-213655,1787089112147,SELL,-0.0
20260818-213655,1787089112249,SELL,-0.0
20260818-213655,1787089112351,SELL,-0.0
20260818-213655,1787089112453,SELL,-0.0
20260818-213655,1787089112555,SELL,-0.0
20260818-213655,1787089112657,SELL,-0.0
20260818-213655,1787089112759,SELL,-0.0
20260818-213655,1787089112861,SELL,-0.0
20260818-213655,1787089112963,SELL,-0.0
20260818-213655,1787089113065,SELL,-0.0
20260818-213655,1787089113167,SELL,-0.0
20260818-213655,1787089113269,SELL,-0.0
20260818-213655,1787089113371,SELL,-0.0
20260818-213655,1787089113473,SELL,-0.0
20260818-213655,1787089113575,SELL,-0.0
20260818-213655,1787089113677,SELL,-0.0
20260818-213655,1787089113779,SELL,-0.0
20260818-213655,1787089113881,SELL,-0.0
20260818-213655,1787089113983,SELL,-0.0
20260818-213655,1787089114085,SELL,-0.0
20260818-213655,1787089114187,SELL,-0.0
20260818-213655,1787089114289,SELL,-0.0
20260818-213655,1787089114391,SELL,-0.0
20260818-213655,1787089114493,SELL,-0.0
20260818-213655,1787089114595,SELL,-0.0
20260818-213655,1787089114445,SELL,-0.0
20260818-213655,1787089114697,SELL,-0.0
20260818-213655,1787089114799,SELL,-0.0
20260818-213655,1787089114901,SELL,-0.0
20260818-213655,1787089115003,SELL,-0.0
20260818-213655,1787089115105,SELL,-0.0
20260818-213655,1787089115207,SELL,-0.0
20260818-213655,1787089115309,SELL,-0.0
20260818-213655,1787089115411,SELL,-0.0
20260818-213655,1787089115513,SELL,-0.0
20260818-213655,1787089115615,SELL,-0.0
20260818-213655,1787089115494,SELL,-0.0
20260818-213655,1787089115717,SELL,-0.0
20260818-213655,1787089115819,SELL,-0.0
20260818-213655,1787089115921,SELL,-0.0
20260818-213655,1787089115791,SELL,-0.0
20260818-213655,1787089116023,SELL,-0.0
20260818-213655,1787089116125,SELL,-0.0
20260818-213655,1787089116227,SELL,-0.0
20260818-213655,1787089116329,SELL,-0.0
20260818-213655,1787089116431,SELL,-0.0
20260818-213655,1787089116533,SELL,-0.0
20260818-213655,1787089116635,SELL,-0.0
20260818-213655,1787089116737,SELL,-0.0
20260818-213655,1787089116839,SELL,-0.0
20260818-213655,1787089116766,SELL,-0.0
20260818-213655,1787089116941,SELL,-0.0
20260818-213655,1787089117043,SELL,-0.0
20260818-213655,1787089117145,SELL,-0.0
20260818-213655,1787089117247,SELL,-0.0
20260818-213655,1787089117349,SELL,-0.0
20260818-213655,1787089117451,SELL,-0.0
20260818-213655,1787089117553,SELL,-0.0
20260818-213655,1787089117655,SELL,-0.0
20260818-213655,1787089117757,SELL,-0.0
20260818-213655,1787089117859,SELL,-0.0
20260818-213655,1787089117961,SELL,-0.0
20260818-213655,1787089118063,SELL,-0.0
20260818-213655,1787089118165,SELL,-0.0
20260818-213655,1787089118267,SELL,-0.0
20260818-213655,1787089118369,SELL,-0.0
20260818-213655,1787089118471,SELL,-0.0
20260818-213655,1787089118573,SELL,-0.0
20260818-213655,1787089118675,SELL,-0.0
20260818-213655,1787089118777,SELL,-0.0
20260818-213655,1787089118879,SELL,-0.0
20260818-213655,1787089118981,SELL,-0.0
20260818-213655,1787089119083,SELL,-0.0
20260818-213655,1787089119185,SELL,-0.0
20260818-213655,1787089119287,SELL,-0.0
20260818-213655,1787089119389,SELL,-0.0
20260818-213655,1787089119491,SELL,-0.0
20260818-213655,1787089119593,SELL,-0.0
20260818-213655,1787089119695,SELL,-0.0
20260818-213655,1787089119797,SELL,-0.0
20260818-213655,1787089119715,SELL,-0.0
20260818-213655,1787089119899,SELL,-0.0
20260818-213655,1787089120001,SELL,-0.0
20260818-213655,1787089120103,SELL,-0.0
20260818-213655,1787089120205,SELL,-0.0
20260818-213655,1787089120307,SELL,-0.0
20260818-213655,1787089120409,SELL,-0.0
20260818-213655,1787089120511,SELL,-0.0
20260818-213655,1787089120613,SELL,-0.0
20260818-213655,1787089120525,SELL,-0.0
20260818-213655,1787089120715,SELL,-0.0
20260818-213655,1787089120817,SELL,-0.0
20260818-213655,1787089120919,SELL,-0.0
20260818-213655,1787089121021,SELL,-0.0
20260818-213655,1787089121123,SELL,-0.0
20260818-213655,1787089121225,SELL,-0.0
20260818-213655,1787089121327,SELL,-0.0
20260818-213655,1787089121429,SELL,-0.0
20260818-213655,1787089121531,SELL,-0.0
20260818-213655,1787089121633,SELL,-0.0
20260818-213655,1787089121735,SELL,-0.0
20260818-213655,1787089121837,SELL,0.06195657309035996
20260818-213655,1787089121939,SELL,0.06195657309035996
20260818-213655,1787089122041,SELL,0.06195657309035996
20260818-213655,1787089122143,SELL,0.06195657309035996
20260818-213655,1787089122245,SELL,0.06195657309035996
20260818-213655,1787089122118,SELL,0.06195657309035996
20260818-213655,1787089122347,SELL,0.06195657309035996
20260818-213655,1787089122449,SELL,0.06195657309035996
20260818-213655,1787089122551,SELL,0.06195657309035996
20260818-213655,1787089122653,SELL,0.06195657309035996
20260818-213655,1787089122755,SELL,0.06195657309035996
20260818-213655,1787089122857,SELL,0.06195657309035996
20260818-213655,1787089122708,SELL,0.06195657309035996
20260818-213655,1787089122959,SELL,0.06195657309035996
20260818-213655,1787089123061,SELL,0.06195657309035996
20260818-213655,1787089123163,SELL,0.06195657309035996
20260818-213655,1787089123265,SELL,0.06195657309035996
20260818-213655,1787089123367,SELL,0.06195657309035996
20260818-213655,1787089123469,SELL,0.06195657309035996
20260818-213655,1787089123377,SELL,0.06195657309035996
20260818-213655,1787089123571,SELL,0.06195657309035996
20260818-213655,1787089123673,SELL,0.06195657309035996
20260818-213655,1787089123771,SELL,-0.0
20260818-213655,1787089123771,SELL,-0.0
20260818-213655,1787089123775,SELL,-0.0
20260818-213655,1787089123877,SELL,-0.0
20260818-213655,1787089123771,SELL,-0.0
20260818-213655,1787089123979,SELL,-0.0
20260818-213655,1787089124081,SELL,-0.0
20260818-213655,1787089124183,SELL,-0.0
20260818-213655,1787089124285,SELL,-0.0
20260818-213655,1787089124387,SELL,-0.0
20260818-213655,1787089124489,SELL,-0.0
20260818-213655,1787089124591,SELL,-0.0
20260818-213655,1787089124693,SELL,-0.0
20260818-213655,1787089124795,SELL,-0.0
20260818-213655,1787089124897,SELL,-0.0
20260818-213655,1787089124999,SELL,-0.0
20260818-213655,1787089125101,SELL,-0.0
20260818-213655,1787089125003,SELL,-0.0
20260818-213655,1787089125203,SELL,-0.0
20260818-213655,1787089125305,SELL,-0.0
20260818-213655,1787089125407,SELL,-0.0
20260818-213655,1787089125395,SELL,-0.0
20260818-213655,1787089125509,SELL,-0.0
20260818-213655,1787089125417,SELL,-0.0
20260818-213655,1787089125611,SELL,-0.0
20260818-213655,1787089125713,SELL,-0.0
20260818-213655,1787089125815,SELL,-0.0
20260818-213655,1787089125917,SELL,-0.0
20260818-213655,1787089126019,SELL,-0.0
20260818-213655,1787089126121,SELL,-0.0
20260818-213655,1787089126223,SELL,-0.0
20260818-213655,1787089126325,SELL,-0.0
20260818-213655,1787089126427,SELL,-0.0
20260818-213655,1787089126529,SELL,-0.0
20260818-213655,1787089126631,SELL,-0.0
20260818-213655,1787089126733,SELL,-0.0
20260818-213655,1787089126835,SELL,-0.0
20260818-213655,1787089126937,SELL,-0.0
20260818-213655,1787089127039,SELL,-0.0
20260818-213655,1787089127141,SELL,-0.0
20260818-213655,1787089127051,SELL,-0.0
20260818-213655,1787089127243,SELL,-0.0
20260818-213655,1787089127345,SELL,-0.0
20260818-213655,1787089127447,SELL,-0.0
20260818-213655,1787089127549,SELL,-0.0
20260818-213655,1787089127651,SELL,-0.0
20260818-213655,1787089127706,SELL,-0.0
20260818-213655,1787089127753,SELL,-0.0
20260818-213655,1787089127855,SELL,0.7589727226743379
20260818-213655,1787089127742,SELL,-0.0
20260818-213655,1787089127957,SELL,0.7589727226743379
20260818-213655,1787089128059,SELL,0.7589727226743379
20260818-213655,1787089128161,SELL,0.7589727226743379
20260818-213655,1787089128048,SELL,0.7589727226743379
20260818-213655,1787089128263,SELL,0.7589727226743379
20260818-213655,1787089128365,SELL,0.7589727226743379
20260818-213655,1787089128467,SELL,0.7589727226743379
20260818-213655,1787089128315,SELL,0.7589727226743379
20260818-213655,1787089128569,SELL,0.7589727226743379
20260818-213655,1787089128671,SELL,0.7589727226743379
20260818-213655,1787089128773,SELL,0.7589727226743379
20260818-213655,1787089128875,SELL,0.7589727226743379
20260818-213655,1787089128977,SELL,0.7589727226743379
20260818-213655,1787089129045,SELL,0.7589727226743379
20260818-213655,1787089129079,SELL,0.7589727226743379
20260818-213655,1787089129181,SELL,0.7589727226743379
20260818-213655,1787089129058,SELL,0.7589727226743379
20260818-213655,1787089129283,SELL,0.7589727226743379
20260818-213655,1787089129385,SELL,0.7589727226743379
20260818-213655,1787089129487,SELL,0.7589727226743379
20260818-213655,1787089129589,SELL,0.7589727226743379
20260818-213655,1787089129691,SELL,0.7589727226743379
20260818-213655,1787089129769,SELL,0.7589727226743379
20260818-213655,1787089129769,SELL,0.7589727226743379
20260818-213655,1787089129769,SELL,0.7589727226743379
20260818-213655,1787089129769,SELL,0.7589727226743379
20260818-213655,1787089129769,SELL,0.7589727226743379
20260818-213655,1787089129769,SELL,0.7589727226743379
20260818-213655,1787089129769,SELL,0.7589727226743379
20260818-213655,1787089129769,SELL,0.7589727226743379
20260818-213655,1787089129770,SELL,0.7589727226743379
20260818-213655,1787089129770,SELL,0.7589727226743379
20260818-213655,1787089129770,SELL,0.7589727226743379
20260818-213655,1787089129770,SELL,0.7589727226743379
20260818-213655,1787089129770,SELL,0.7589727226743379
20260818-213655,1787089129771,SELL,0.7589727226743379
20260818-213655,1787089129771,SELL,0.7589727226743379
20260818-213655,1787089129771,SELL,0.7589727226743379
20260818-213655,1787089129772,SELL,0.7589727226743379
20260818-213655,1787089129772,SELL,0.7589727226743379
20260818-213655,1787089129772,SELL,0.7589727226743379
20260818-213655,1787089129772,SELL,0.7589727226743379
20260818-213655,1787089129772,SELL,0.7589727226743379
20260818-213655,1787089129772,SELL,0.7589727226743379
20260818-213655,1787089129772,SELL,0.7589727226743379
20260818-213655,1787089129773,SELL,0.7589727226743379
20260818-213655,1787089129773,SELL,0.7589727226743379
20260818-213655,1787089129773,SELL,0.7589727226743379
20260818-213655,1787089129773,SELL,0.7589727226743379
20260818-213655,1787089129773,SELL,0.7589727226743379
20260818-213655,1787089129773,SELL,0.7589727226743379
20260818-213655,1787089129773,SELL,0.7589727226743379
20260818-213655,1787089129773,SELL,0.7589727226743379
20260818-213655,1787089129773,SELL,0.7589727226743379
20260818-213655,1787089129774,SELL,0.7589727226743379
20260818-213655,1787089129775,SELL,0.7589727226743379
20260818-213655,1787089129775,SELL,0.7589727226743379
20260818-213655,1787089129798,SELL,0.7589727226743379
20260818-213655,1787089129798,SELL,0.7589727226743379
20260818-213655,1787089129798,SELL,0.7589727226743379
20260818-213655,1787089129793,SELL,0.09294162568709326
20260818-213655,1787089129895,SELL,-0.0
20260818-213655,1787089129803,SELL,-0.0
20260818-213655,1787089129997,SELL,-0.0
20260818-213655,1787089130099,SELL,-0.0
20260818-213655,1787089130201,SELL,-0.0
20260818-213655,1787089130303,SELL,-0.0
20260818-213655,1787089130405,SELL,-0.0
20260818-213655,1787089130609,SELL,0.15490414918508796
20260818-213655,1787089130711,SELL,0.17039456410449846
20260818-213655,1787089130813,SELL,0.17039456410449846
20260818-213655,1787089130915,SELL,0.17039456410449846
20260818-213655,1787089131017,SELL,0.17039456410449846
20260818-213655,1787089131119,SELL,0.17039456410449846
20260818-213655,1787089131221,SELL,0.17039456410449846
20260818-213655,1787089131323,SELL,0.17039456410449846
20260818-213655,1787089131425,SELL,0.17039456410449846
20260818-213655,1787089131527,SELL,0.17039456410449846
20260818-213655,1787089131629,SELL,0.17039456410449846
20260818-213655,1787089131731,SELL,0.17039456410449846
20260818-213655,1787089131620,SELL,0.17039456410449846
20260818-213655,1787089131833,SELL,0.17039456410449846
20260818-213655,1787089131935,SELL,0.17039456410449846
20260818-213655,1787089132037,SELL,0.17039456410449846
20260818-213655,1787089132139,SELL,0.17039456410449846
20260818-213655,1787089132241,SELL,0.17039456410449846
20260818-213655,1787089132184,SELL,0.17039456410449846
20260818-213655,1787089132343,SELL,0.17039456410449846
20260818-213655,1787089132445,SELL,0.17039456410449846
20260818-213655,1787089132547,SELL,0.17039456410449846
20260818-213655,1787089132545,SELL,0.17039456410449846
20260818-213655,1787089132557,SELL,0.17039456410449846
20260818-213655,1787089132564,SELL,0.015490654876081849
20260818-213655,1787089132564,SELL,0.015490654876081849
20260818-213655,1787089132649,SELL,0.015490654876081849
20260818-213655,1787089132564,SELL,0.015490654876081849
20260818-213655,1787089132681,SELL,0.015490654876081849
20260818-213655,1787089132751,SELL,-0.0
20260818-213655,1787089132682,SELL,-0.0
20260818-213655,1787089132853,SELL,-0.0
20260818-213655,1787089132955,SELL,-0.0
20260818-213655,1787089132906,SELL,-0.0
20260818-213655,1787089133057,SELL,-0.0
20260818-213655,1787089133159,SELL,-0.0
20260818-213655,1787089133261,SELL,-0.0
20260818-213655,1787089133121,SELL,-0.0
20260818-213655,1787089133363,SELL,-0.0
20260818-213655,1787089133465,SELL,-0.0
20260818-213655,1787089133567,SELL,0.26334154081090444
20260818-213655,1787089133669,SELL,0.26334154081090444
20260818-213655,1787089133771,SELL,0.26334154081090444
20260818-213655,1787089133873,SELL,0.26334154081090444
20260818-213655,1787089133975,SELL,0.26334154081090444
20260818-213655,1787089134077,SELL,0.2788322196830623
20260818-213655,1787089134179,SELL,0.2788322196830623
20260818-213655,1787089134085,SELL,0.2788322196830623
20260818-213655,1787089134281,SELL,0.2788322196830623
20260818-213655,1787089134383,SELL,0.2788322196830623
20260818-213655,1787089134276,SELL,0.2788322196830623
20260818-213655,1787089134485,SELL,0.2788322196830623
20260818-213655,1787089134587,SELL,0.2788322196830623
20260818-213655,1787089134689,SELL,0.2788322196830623
20260818-213655,1787089134584,SELL,0.2788322196830623
20260818-213655,1787089134791,SELL,0.2788322196830623
20260818-213655,1787089134893,SELL,0.2788322196830623
20260818-213655,1787089134995,SELL,0.2788322196830623
20260818-213655,1787089135097,SELL,0.2788322196830623
20260818-213655,1787089135199,SELL,0.2788322196830623
20260818-213655,1787089135301,SELL,0.2788322196830623
20260818-213655,1787089135403,SELL,0.2788322196830623
20260818-213655,1787089135334,SELL,0.2788322196830623
20260818-213655,1787089135492,SELL,0.2788322196830623
20260818-213655,1787089135492,SELL,0.2788322196830623
20260818-213655,1787089135492,SELL,0.2788322196830623
20260818-213655,1787089135492,SELL,0.2788322196830623
20260818-213655,1787089135492,SELL,0.2788322196830623
20260818-213655,1787089135492,SELL,0.2788322196830623
20260818-213655,1787089135492,SELL,0.2788322196830623
20260818-213655,1787089135492,SELL,0.2788322196830623
20260818-213655,1787089135492,SELL,0.2788322196830623
20260818-213655,1787089135492,SELL,0.2788322196830623
20260818-213655,1787089135492,SELL,0.2788322196830623
20260818-213655,1787089135492,SELL,0.2788322196830623
20260818-213655,1787089135492,SELL,0.2788322196830623
20260818-213655,1787089135505,SELL,0.015491086816824989
20260818-213655,1787089135607,SELL,0.015491086816824989
20260818-213655,1787089135497,SELL,0.015491086816824989
20260818-213655,1787089135709,SELL,0.015491086816824989
20260818-213655,1787089135811,SELL,0.015491086816824989
20260818-213655,1787089135913,SELL,0.015491086816824989
20260818-213655,1787089136015,SELL,0.015491086816824989
20260818-213655,1787089136064,SELL,0.015491086816824989
20260818-213655,1787089136117,SELL,-0.0
20260818-213655,1787089136219,SELL,-0.0
20260818-213655,1787089136094,SELL,-0.0
20260818-213655,1787089136321,SELL,-0.0
20260818-213655,1787089136423,SELL,-0.0
20260818-213655,1787089136525,SELL,-0.0
20260818-213655,1787089136627,SELL,-0.0
20260818-213655,1787089136729,SELL,-0.0
20260818-213655,1787089136831,SELL,-0.0
20260818-213655,1787089136933,SELL,-0.0
20260818-213655,1787089137035,SELL,-0.0
20260818-213655,1787089137137,SELL,-0.0
20260818-213655,1787089137239,SELL,-0.0
20260818-213655,1787089137341,SELL,-0.0
20260818-213655,1787089137443,SELL,-0.0
20260818-213655,1787089137545,SELL,-0.0
20260818-213655,1787089137647,SELL,-0.0
20260818-213655,1787089137749,SELL,-0.0
20260818-213655,1787089137851,SELL,-0.0
20260818-213655,1787089137953,SELL,-0.0
20260818-213655,1787089138055,SELL,-0.0
20260818-213655,1787089138157,SELL,-0.0
20260818-213655,1787089139075,SELL,-0.0
20260818-213655,1787089139177,SELL,-0.0
20260818-213655,1787089139279,SELL,-0.0
20260818-213655,1787089139381,SELL,-0.0
20260818-213655,1787089139483,SELL,-0.0
20260818-213655,1787089139585,SELL,-0.0
20260818-213655,1787089139687,SELL,-0.0
20260818-213655,1787089139789,SELL,-0.0
20260818-213655,1787089139891,SELL,-0.0
20260818-213655,1787089139993,SELL,-0.0
20260818-213655,1787089139914,SELL,-0.0
20260818-213655,1787089140095,SELL,-0.0
20260818-213655,1787089140197,SELL,-0.0
20260818-213655,1787089140299,SELL,-0.0
20260818-213655,1787089140401,SELL,-0.0
20260818-213655,1787089140503,SELL,-0.0
20260818-213655,1787089140605,SELL,-0.0
20260818-213655,1787089140523,SELL,-0.0
20260818-213655,1787089140707,SELL,-0.0
20260818-213655,1787089140809,SELL,-0.0
20260818-213655,1787089140911,SELL,-0.0
20260818-213655,1787089141013,SELL,-0.0
20260818-213655,1787089141115,SELL,-0.0
20260818-213655,1787089141217,SELL,0.340804437892975
20260818-213655,1787089141319,SELL,0.340804437892975
20260818-213655,1787089141421,SELL,0.340804437892975
20260818-213655,1787089141523,SELL,0.4802244352121111
20260818-213655,1787089141625,SELL,0.4802244352121111
20260818-213655,1787089141727,SELL,0.4802244352121111
20260818-213655,1787089141829,SELL,0.4802244352121111
20260818-213655,1787089141931,SELL,0.4802244352121111
20260818-213655,1787089141844,SELL,0.4802244352121111
20260818-213655,1787089142033,SELL,0.4802244352121111
20260818-213655,1787089141968,SELL,0.4802244352121111
20260818-213655,1787089142135,SELL,0.4802244352121111
20260818-213655,1787089142237,SELL,0.4802244352121111
20260818-213655,1787089142339,SELL,0.4802244352121111
20260818-213655,1787089142441,SELL,0.4802244352121111
20260818-213655,1787089142543,SELL,0.4802244352121111
20260818-213655,1787089142645,SELL,0.4802244352121111
20260818-213655,1787089142747,SELL,0.4802244352121111
20260818-213655,1787089142688,SELL,0.4802244352121111
20260818-213655,1787089142849,SELL,0.4802244352121111
20260818-213655,1787089142951,SELL,0.4802244352121111
20260818-213655,1787089143053,SELL,0.4802244352121111
20260818-213655,1787089142967,SELL,0.4802244352121111
20260818-213655,1787089143155,SELL,0.4802244352121111
20260818-213655,1787089143176,SELL,0.4802244352121111
20260818-213655,1787089143176,SELL,0.4802244352121111
20260818-213655,1787089143196,SELL,0.4802244352121111
20260818-213655,1787089143197,SELL,0.4802244352121111
20260818-213655,1787089143197,SELL,0.4802244352121111
20260818-213655,1787089143197,SELL,0.4802244352121111
20260818-213655,1787089143197,SELL,0.4802244352121111
20260818-213655,1787089143197,SELL,0.4802244352121111
20260818-213655,1787089143197,SELL,0.4802244352121111
20260818-213655,1787089143207,SELL,0.4802244352121111
20260818-213655,1787089143208,SELL,0.4802244352121111
20260818-213655,1787089143208,SELL,0.4802244352121111
20260818-213655,1787089143209,SELL,0.4802244352121111
20260818-213655,1787089143210,SELL,0.4802244352121111
20260818-213655,1787089143257,SELL,0.1394247489764565
20260818-213655,1787089143359,SELL,0.1394247489764565
20260818-213655,1787089143211,SELL,0.1394247489764565
20260818-213655,1787089143461,SELL,0.1394247489764565
20260818-213655,1787089143505,SELL,-0.0
20260818-213655,1787089143505,SELL,-0.0
20260818-213655,1787089143563,SELL,-0.0
20260818-213655,1787089143665,SELL,-0.0
20260818-213655,1787089143505,SELL,-0.0
20260818-213655,1787089143767,SELL,-0.0
20260818-213655,1787089143855,SELL,-0.0
20260818-213655,1787089143869,SELL,-0.0
20260818-213655,1787089143859,SELL,-0.0
20260818-213655,1787089143971,SELL,-0.0
20260818-213655,1787089144073,SELL,-0.0
20260818-213655,1787089144175,SELL,-0.0
20260818-213655,1787089144036,SELL,-0.0
20260818-213655,1787089144277,SELL,-0.0
20260818-213655,1787089144379,SELL,-0.0
20260818-213655,1787089144312,SELL,-0.0
20260818-213655,1787089144481,SELL,0.2013941120112084
20260818-213655,1787089144583,SELL,0.27885338586149977
20260818-213655,1787089144685,SELL,0.27885338586149977
20260818-213655,1787089144599,SELL,0.27885338586149977
20260818-213655,1787089144787,SELL,0.9295112862034962
20260818-213655,1787089144889,SELL,0.9295112862034962
20260818-213655,1787089144991,SELL,0.960494995743162
20260818-213655,1787089145093,SELL,0.960494995743162
20260818-213655,1787089145195,SELL,0.960494995743162
20260818-213655,1787089145297,SELL,0.960494995743162
20260818-213655,1787089145399,SELL,0.960494995743162
20260818-213655,1787089145501,SELL,0.960494995743162
20260818-213655,1787089145603,SELL,0.960494995743162
20260818-213655,1787089145705,SELL,0.960494995743162
20260818-213655,1787089145601,SELL,0.960494995743162
20260818-213655,1787089145807,SELL,0.960494995743162
20260818-213655,1787089145909,SELL,0.960494995743162
20260818-213655,1787089145818,SELL,0.960494995743162
20260818-213655,1787089146011,SELL,0.960494995743162
20260818-213655,1787089146113,SELL,0.960494995743162
20260818-213655,1787089146215,SELL,0.960494995743162
20260818-213655,1787089146317,SELL,0.960494995743162
20260818-213655,1787089146419,SELL,0.960494995743162
20260818-213655,1787089146431,SELL,0.7591161718846886
20260818-213655,1787089146431,SELL,0.7591161718846886
20260818-213655,1787089146431,SELL,0.7591161718846886
20260818-213655,1787089146431,SELL,0.7591161718846886
20260818-213655,1787089146431,SELL,0.7591161718846886
20260818-213655,1787089146431,SELL,0.7591161718846886
20260818-213655,1787089146431,SELL,0.7591161718846886
20260818-213655,1787089146431,SELL,0.7591161718846886
20260818-213655,1787089146521,SELL,0.7591161718846886
20260818-213655,1787089146431,SELL,0.7591161718846886
20260818-213655,1787089146540,SELL,0.7591161718846886
20260818-213655,1787089146540,SELL,0.7591161718846886
20260818-213655,1787089146623,SELL,0.6816606182188021
20260818-213655,1787089146542,SELL,0.6816606182188021
20260818-213655,1787089146636,SELL,0.6816606182188021
20260818-213655,1787089146636,SELL,0.6816606182188021
20260818-213655,1787089146636,SELL,0.6816606182188021
20260818-213655,1787089146641,SELL,0.6816606182188021
20260818-213655,1787089146641,SELL,0.6816606182188021
20260818-213655,1787089146641,SELL,0.6816606182188021
20260818-213655,1787089146641,SELL,0.6816606182188021
20260818-213655,1787089146641,SELL,0.6816606182188021
20260818-213655,1787089146641,SELL,0.6816606182188021
20260818-213655,1787089146641,SELL,0.6816606182188021
20260818-213655,1787089146650,SELL,0.6816606182188021
20260818-213655,1787089146650,SELL,0.6816606182188021
20260818-213655,1787089146650,SELL,0.6816606182188021
20260818-213655,1787089146650,SELL,0.6816606182188021
20260818-213655,1787089146650,SELL,0.6816606182188021
20260818-213655,1787089146650,SELL,0.6816606182188021
20260818-213655,1787089146660,SELL,0.6816606182188021
20260818-213655,1787089146660,SELL,0.6816606182188021
20260818-213655,1787089146660,SELL,0.6816606182188021
20260818-213655,1787089146665,SELL,0.6816606182188021
20260818-213655,1787089146683,SELL,0.6816606182188021
20260818-213655,1787089146683,SELL,0.6816606182188021
20260818-213655,1787089146683,SELL,0.6816606182188021
20260818-213655,1787089146683,SELL,0.6816606182188021
20260818-213655,1787089146683,SELL,0.6816606182188021
20260818-213655,1787089146688,SELL,0.030986589778157644
20260818-213655,1787089146725,SELL,0.030986589778157644
20260818-213655,1787089146827,SELL,0.030986589778157644
20260818-213655,1787089146688,SELL,0.030986589778157644
20260818-213655,1787089146849,SELL,0.030986589778157644
20260818-213655,1787089146891,SELL,0.030986589778157644
20260818-213655,1787089146893,SELL,0.030986589778157644
20260818-213655,1787089146929,SELL,-0.0
20260818-213655,1787089147031,SELL,-0.0
20260818-213655,1787089146895,SELL,-0.0
20260818-213655,1787089147133,SELL,-0.17817344332483714
20260818-213655,1787089147235,SELL,-3.1761352940675214
20260818-213655,1787089147337,SELL,-3.1761352940675214
20260818-213655,1787089147439,SELL,-3.1761352940675214
20260818-213655,1787089147541,SELL,-3.1761352940675214
20260818-213655,1787089147472,SELL,-3.1761352940675214
20260818-213655,1787089147643,SELL,-3.1761352940675214
20260818-213655,1787089147745,SELL,-3.1761352940675214
20260818-213655,1787089147847,SELL,-3.1761352940675214
20260818-213655,1787089147949,SELL,-3.1761352940675214
20260818-213655,1787089147873,SELL,-3.1761352940675214
20260818-213655,1787089148051,SELL,-3.1761352940675214
20260818-213655,1787089148153,SELL,-3.1761352940675214
20260818-213655,1787089148255,SELL,-3.1761352940675214
20260818-213655,1787089148357,SELL,-3.1761352940675214
20260818-213655,1787089148232,SELL,-3.1761352940675214
20260818-213655,1787089148459,SELL,-3.1761352940675214
20260818-213655,1787089148561,SELL,-3.1761352940675214
20260818-213655,1787089148663,SELL,-3.1761352940675214
20260818-213655,1787089148765,SELL,-3.1761352940675214
20260818-213655,1787089148867,SELL,-3.1761352940675214
20260818-213655,1787089148969,SELL,-2.0606146054176127
20260818-213655,1787089149053,SELL,-2.0606146054176127
20260818-213655,1787089150907,SELL,-0.0
20260818-213655,1787089150892,SELL,-0.0
20260818-213655,1787089151009,SELL,-0.0
20260818-213956,1787089200078,SELL,-0.0
20260818-213956,1787089200275,SELL,-0.0
20260818-213956,1787089200377,SELL,-0.0
20260818-213956,1787089200479,SELL,-0.0
20260818-213956,1787089200432,SELL,-0.0
20260818-213956,1787089200581,SELL,-0.0
20260818-213956,1787089200683,SELL,-0.0
20260818-213956,1787089200550,SELL,-0.0
20260818-213956,1787089200785,SELL,-0.0
20260818-213956,1787089200887,SELL,-0.0
20260818-213956,1787089200989,SELL,-0.0
20260818-213956,1787089200929,SELL,-0.0
20260818-213956,1787089201091,SELL,-0.0
20260818-213956,1787089201193,SELL,-0.0
20260818-213956,1787089201295,SELL,-0.0
20260818-213956,1787089201213,SELL,-0.0
20260818-213956,1787089201397,SELL,-0.0
20260818-213956,1787089201499,SELL,-0.0
20260818-213956,1787089201601,SELL,-0.0
20260818-213956,1787089201703,SELL,-0.0
20260818-213956,1787089201805,SELL,-0.0
20260818-213956,1787089201907,SELL,-0.0
20260818-213956,1787089202009,SELL,-0.0
20260818-213956,1787089202111,SELL,-0.0
20260818-213956,1787089202213,SELL,-0.0
20260818-213956,1787089202315,SELL,-0.0
20260818-213956,1787089202417,SELL,-0.0
20260818-213956,1787089202519,SELL,-0.0
20260818-213956,1787089202621,SELL,-0.0
20260818-213956,1787089202723,SELL,-0.0
20260818-213956,1787089202825,SELL,-0.0
20260818-213956,1787089202927,SELL,-0.0
20260818-213956,1787089203029,SELL,-0.0
20260818-213956,1787089203131,SELL,-0.0
20260818-213956,1787089203233,SELL,-0.0
20260818-213956,1787089203335,SELL,-0.0
20260818-213956,1787089203437,SELL,-0.0
20260818-213956,1787089203539,SELL,-0.0
20260818-213956,1787089203641,SELL,-0.0
20260818-213956,1787089203743,SELL,-0.0
20260818-213956,1787089203845,SELL,-0.0
20260818-213956,1787089203947,SELL,-0.0
20260818-213956,1787089203836,SELL,-0.0
20260818-213956,1787089204049,SELL,-0.0
20260818-213956,1787089204151,SELL,-0.0
20260818-213956,1787089204253,SELL,-0.0
20260818-213956,1787089204355,SELL,-0.0
20260818-213956,1787089204457,SELL,-0.0
20260818-213956,1787089204559,SELL,-0.0
20260818-213956,1787089204661,SELL,-0.0
20260818-213956,1787089204763,SELL,-0.0
20260818-213956,1787089204865,SELL,-0.0
20260818-213956,1787089204967,SELL,-0.0
20260818-213956,1787089205069,SELL,-0.0
20260818-213956,1787089205002,SELL,-0.0
20260818-213956,1787089205171,SELL,-0.0
20260818-213956,1787089205273,SELL,-0.0
20260818-213956,1787089205375,SELL,-0.0
20260818-213956,1787089205477,SELL,-0.0
20260818-213956,1787089205579,SELL,-0.0
20260818-213956,1787089205681,SELL,-0.0
20260818-213956,1787089205783,SELL,-0.0
20260818-213956,1787089205885,SELL,-0.0
20260818-213956,1787089205987,SELL,0.01549015097340401
20260818-213956,1787089206089,SELL,0.01549015097340401
20260818-213956,1787089206191,SELL,0.01549015097340401
20260818-213956,1787089206293,SELL,0.01549015097340401
20260818-213956,1787089206395,SELL,0.01549015097340401
20260818-213956,1787089206497,SELL,0.01549015097340401
20260818-213956,1787089206599,SELL,0.01549015097340401
20260818-213956,1787089206701,SELL,0.01549015097340401
20260818-213956,1787089206803,SELL,0.01549015097340401
20260818-213956,1787089206905,SELL,0.01549015097340401
20260818-213956,1787089207007,SELL,0.01549015097340401
20260818-213956,1787089207109,SELL,0.01549015097340401
20260818-213956,1787089207211,SELL,0.01549015097340401
20260818-213956,1787089207313,SELL,0.01549015097340401
20260818-213956,1787089207415,SELL,0.01549015097340401
20260818-213956,1787089207517,SELL,0.01549015097340401
20260818-213956,1787089207619,SELL,0.01549015097340401
20260818-213956,1787089207721,SELL,0.01549015097340401
20260818-213956,1787089207823,SELL,0.01549015097340401
20260818-213956,1787089207752,SELL,0.01549015097340401
20260818-213956,1787089207925,SELL,0.01549015097340401
20260818-213956,1787089207971,SELL,0.01549015097340401
20260818-213956,1787089208027,SELL,-0.0
20260818-213956,1787089208129,SELL,-0.0
20260818-213956,1787089208007,SELL,-0.0
20260818-213956,1787089208231,SELL,-0.0
20260818-213956,1787089208333,SELL,-0.0
20260818-213956,1787089208435,SELL,-0.0
20260818-213956,1787089208537,SELL,-0.0
20260818-213956,1787089208639,SELL,-0.0
20260818-213956,1787089208741,SELL,-0.0
20260818-213956,1787089208843,SELL,-0.0
20260818-213956,1787089208945,SELL,0.030980349938091904
20260818-213956,1787089209047,SELL,0.030980349938091904
20260818-213956,1787089209149,SELL,0.030980349938091904
20260818-213956,1787089209251,SELL,0.030980349938091904
20260818-213956,1787089209353,SELL,0.030980349938091904
20260818-213956,1787089209230,SELL,0.030980349938091904
20260818-213956,1787089209455,SELL,0.030980349938091904
20260818-213956,1787089209557,SELL,0.030980349938091904
20260818-213956,1787089209659,SELL,0.030980349938091904
20260818-213956,1787089209761,SELL,0.030980349938091904
20260818-213956,1787089209863,SELL,0.030980349938091904
20260818-213956,1787089209965,SELL,0.030980349938091904
20260818-213956,1787089210067,SELL,0.030980349938091904
20260818-213956,1787089210169,SELL,0.030980349938091904
20260818-213956,1787089210271,SELL,0.030980349938091904
20260818-213956,1787089210373,SELL,0.030980349938091904
20260818-213956,1787089210475,SELL,0.030980349938091904
20260818-213956,1787089210577,SELL,0.030980349938091904
20260818-213956,1787089210679,SELL,0.030980349938091904
20260818-213956,1787089210781,SELL,0.030980349938091904
20260818-213956,1787089210843,SELL,0.030980349938091904
20260818-213956,1787089210883,SELL,-0.0
20260818-213956,1787089210845,SELL,-0.0
20260818-213956,1787089210985,SELL,-0.0
20260818-213956,1787089211087,SELL,-0.0
20260818-213956,1787089210977,SELL,-0.0
20260818-213956,1787089211189,SELL,-0.0
20260818-213956,1787089211291,SELL,-0.0
20260818-213956,1787089211393,SELL,-0.0
20260818-213956,1787089211495,SELL,-0.0
20260818-213956,1787089211597,SELL,-0.0
20260818-213956,1787089211699,SELL,-0.0
20260818-213956,1787089211801,SELL,-0.0
20260818-213956,1787089211903,SELL,-0.0
20260818-213956,1787089212005,SELL,-0.0
20260818-213956,1787089212107,SELL,-0.0
20260818-213956,1787089212209,SELL,-0.0
20260818-213956,1787089212311,SELL,-0.0
20260818-213956,1787089212413,SELL,-0.0
20260818-213956,1787089212515,SELL,-0.0
20260818-213956,1787089212617,SELL,-0.0
20260818-213956,1787089212719,SELL,-0.0
20260818-213956,1787089212821,SELL,-0.0
20260818-213956,1787089212694,SELL,-0.0
20260818-213956,1787089212923,SELL,-0.0
20260818-213956,1787089213025,SELL,-0.0
20260818-213956,1787089213127,SELL,-0.0
20260818-213956,1787089213229,SELL,-0.0
20260818-213956,1787089213331,SELL,-0.0
20260818-213956,1787089213199,SELL,-0.0
20260818-213956,1787089213433,SELL,-0.0
20260818-213956,1787089213535,SELL,-0.0
20260818-213956,1787089213637,SELL,-0.0
20260818-213956,1787089213739,SELL,-0.0
20260818-213956,1787089213841,SELL,-0.0
20260818-213956,1787089213720,SELL,-0.0
20260818-213956,1787089213943,SELL,-0.0
20260818-213956,1787089214045,SELL,-0.0
20260818-213956,1787089213912,SELL,-0.0
20260818-213956,1787089214147,SELL,-0.0
20260818-213956,1787089214249,SELL,-0.0
20260818-213956,1787089214351,SELL,-0.0
20260818-213956,1787089214453,SELL,-0.0
20260818-213956,1787089214555,SELL,-0.0
20260818-213956,1787089214657,SELL,-0.0
20260818-213956,1787089214759,SELL,-0.0
20260818-213956,1787089214861,SELL,-0.0
20260818-213956,1787089224250,SELL,0.6505893642598177
20260818-213956,1787089224252,SELL,0.6505893642598177
20260818-213956,1787089224252,SELL,0.6505893642598177
20260818-213956,1787089224252,SELL,0.6505893642598177
20260818-213956,1787089224252,SELL,0.6505893642598177
20260818-213956,1787089224252,SELL,0.6505893642598177
20260818-213956,1787089224252,SELL,0.6505893642598177
20260818-213956,1787089224252,SELL,0.6505893642598177
20260818-213956,1787089224252,SELL,0.6505893642598177
20260818-213956,1787089224254,SELL,0.6505893642598177
20260818-213956,1787089224254,SELL,0.6505893642598177
20260818-213956,1787089224254,SELL,0.6505893642598177
20260818-213956,1787089224254,SELL,0.6505893642598177
20260818-213956,1787089224254,SELL,0.6505893642598177
20260818-213956,1787089224256,SELL,0.6505893642598177
20260818-213956,1787089224256,SELL,0.6505893642598177
20260818-213956,1787089224263,SELL,0.6505893642598177
20260818-213956,1787089224274,SELL,0.6505893642598177
20260818-213956,1787089224274,SELL,0.6505893642598177
20260818-213956,1787089224274,SELL,0.6505893642598177
20260818-213956,1787089224274,SELL,0.6505893642598177
20260818-213956,1787089224347,SELL,-0.0
20260818-213956,1787089224288,SELL,-0.0
20260818-213956,1787089224449,SELL,-0.0
20260818-213956,1787089224551,SELL,-0.0
20260818-213956,1787089224653,SELL,-0.0
20260818-213956,1787089224755,SELL,-0.0
20260818-213956,1787089224644,SELL,-0.0
20260818-213956,1787089224857,SELL,-0.0
20260818-213956,1787089224959,SELL,-0.0
20260818-213956,1787089225061,SELL,-0.0
20260818-213956,1787089225163,SELL,-0.0
20260818-213956,1787089225265,SELL,-0.0
20260818-213956,1787089225367,SELL,-0.0
20260818-213956,1787089225469,SELL,-0.0
20260818-213956,1787089225571,SELL,-0.0
20260818-213956,1787089225673,SELL,-0.0
20260818-213956,1787089225775,SELL,-0.0
20260818-213956,1787089225625,SELL,-0.0
20260818-213956,1787089225877,SELL,-0.0
20260818-213956,1787089225979,SELL,-0.0
20260818-213956,1787089225899,SELL,-0.0
20260818-213956,1787089226081,SELL,-0.0
20260818-213956,1787089226183,SELL,-0.0
20260818-213956,1787089226285,SELL,-0.0
20260818-213956,1787089226387,SELL,-0.0
20260818-213956,1787089226489,SELL,-0.0
20260818-213956,1787089226591,SELL,-0.0
20260818-213956,1787089226693,SELL,-0.0
20260818-213956,1787089226795,SELL,-0.0
20260818-213956,1787089226897,SELL,-0.0
20260818-213956,1787089226999,SELL,-0.0
20260818-213956,1787089227101,SELL,-0.0
20260818-213956,1787089227203,SELL,-0.0
20260818-213956,1787089227305,SELL,-0.0
20260818-213956,1787089227407,SELL,-0.0
20260818-213956,1787089227509,SELL,-0.0
20260818-213956,1787089227611,SELL,-0.0
20260818-213956,1787089227650,SELL,-0.0
20260818-213956,1787089227713,SELL,-0.0
20260818-213956,1787089227657,SELL,-0.0
20260818-213956,1787089227815,SELL,-0.0
20260818-213956,1787089227917,SELL,-0.0
20260818-213956,1787089228019,SELL,-0.0
20260818-213956,1787089228121,SELL,-0.0
20260818-213956,1787089274939,SELL,-0.0
20260818-213956,1787089274840,SELL,-0.0
20260818-213956,1787089275041,SELL,-0.0
20260818-213956,1787089275143,SELL,-0.0
20260818-213956,1787089275245,SELL,-0.0
20260818-213956,1787089275347,SELL,-0.0
20260818-213956,1787089275449,SELL,-0.0
20260818-213956,1787089275551,SELL,-0.0
20260818-213956,1787089275653,SELL,-0.0
20260818-213956,1787089275755,SELL,-0.0
20260818-213956,1787089275857,SELL,-0.0
20260818-213956,1787089275782,SELL,-0.0
20260818-213956,1787089275959,SELL,-0.0
20260818-213956,1787089276061,SELL,-0.0
20260818-213956,1787089276163,SELL,-0.0
20260818-213956,1787089276265,SELL,-0.0
20260818-213956,1787089276367,SELL,-0.0
20260818-213956,1787089276469,SELL,-0.0
20260818-213956,1787089276571,SELL,-0.0
20260818-213956,1787089276673,SELL,-0.0
20260818-213956,1787089276775,SELL,-0.0
20260818-213956,1787089276634,SELL,-0.0
20260818-213956,1787089276877,SELL,-0.0
20260818-213956,1787089276979,SELL,-0.0
20260818-213956,1787089277081,SELL,-0.0
20260818-213956,1787089277183,SELL,-0.0
20260818-213956,1787089277285,SELL,-0.0
20260818-213956,1787089277387,SELL,-0.0
20260818-213956,1787089277489,SELL,-0.0
20260818-213956,1787089277591,SELL,-0.0
20260818-213956,1787089277693,SELL,-0.0
20260818-213956,1787089277795,SELL,-0.0
20260818-213956,1787089277897,SELL,-0.0
20260818-213956,1787089277999,SELL,-0.0
20260818-213956,1787089278101,SELL,-0.0
20260818-213956,1787089278203,SELL,-0.0
20260818-213956,1787089278305,SELL,-0.0
20260818-213956,1787089278407,SELL,-0.0
20260818-213956,1787089278509,SELL,-0.0
20260818-213956,1787089278611,SELL,-0.0
20260818-213956,1787089278713,SELL,-0.0
20260818-213956,1787089278815,SELL,-0.0
20260818-213956,1787089278917,SELL,-0.0
20260818-213956,1787089279019,SELL,-0.0
20260818-213956,1787089279121,SELL,-0.0
20260818-213956,1787089279223,SELL,-0.0
20260818-213956,1787089279325,SELL,-0.0
20260818-213956,1787089279427,SELL,-0.0
20260818-213956,1787089279529,SELL,-0.0
20260818-213956,1787089279631,SELL,-0.0
20260818-213956,1787089279733,SELL,-0.0
20260818-213956,1787089279835,SELL,-0.0
20260818-213956,1787089279937,SELL,-0.0
20260818-213956,1787089280039,SELL,-0.0
20260818-213956,1787089280141,SELL,-0.0
20260818-213956,1787089280243,SELL,-0.0
20260818-213956,1787089280091,SELL,-0.0
20260818-213956,1787089280345,SELL,-0.0
20260818-213956,1787089280447,SELL,-0.0
20260818-213956,1787089280549,SELL,-0.0
20260818-213956,1787089280651,SELL,-0.0
20260818-213956,1787089280517,SELL,-0.0
20260818-213956,1787089280753,SELL,-0.0
20260818-213956,1787089280855,SELL,-0.0
20260818-213956,1787089280957,SELL,-0.0
20260818-213956,1787089281059,SELL,-0.0
20260818-213956,1787089281161,SELL,-0.0
20260818-213956,1787089281263,SELL,-0.0
20260818-213956,1787089281365,SELL,-0.0
20260818-213956,1787089281467,SELL,-0.0
20260818-213956,1787089281569,SELL,-0.0
20260818-213956,1787089281671,SELL,-0.0
20260818-213956,1787089281591,SELL,-0.0
20260818-213956,1787089281773,SELL,-0.0
20260818-213956,1787089281875,SELL,-0.0
20260818-213956,1787089281977,SELL,-0.0
20260818-213956,1787089282079,SELL,-0.0
20260818-213956,1787089282181,SELL,-0.0
20260818-213956,1787089282283,SELL,-0.0
20260818-213956,1787089282385,SELL,-0.0
20260818-213956,1787089282487,SELL,-0.0
20260818-213956,1787089282589,SELL,-0.0
20260818-213956,1787089282453,SELL,-0.0
20260818-213956,1787089282691,SELL,-0.0
20260818-213956,1787089282793,SELL,-0.0
20260818-213956,1787089282895,SELL,-0.0
20260818-213956,1787089282997,SELL,-0.0
20260818-213956,1787089283099,SELL,-0.0
20260818-213956,1787089282982,SELL,-0.0
20260818-213956,1787089283201,SELL,-0.0
20260818-213956,1787089283303,SELL,-0.0
20260818-213956,1787089283405,SELL,-0.0
20260818-213956,1787089283507,SELL,-0.0
20260818-213956,1787089283609,SELL,-0.0
20260818-213956,1787089283711,SELL,-0.0
20260818-213956,1787089283813,SELL,-0.0
20260818-213956,1787089283915,SELL,-0.0
20260818-213956,1787089284017,SELL,-0.0
20260818-213956,1787089284119,SELL,-0.0
20260818-213956,1787089284020,SELL,-0.0
20260818-213956,1787089284221,SELL,-0.0
20260818-213956,1787089284323,SELL,-0.0
20260818-213956,1787089284425,SELL,-0.0
20260818-213956,1787089284527,SELL,-0.0
20260818-213956,1787089284629,SELL,-0.0
20260818-213956,1787089284731,SELL,-0.0
20260818-213956,1787089284833,SELL,-0.0
20260818-213956,1787089284736,SELL,-0.0
20260818-213956,1787089284935,SELL,-0.0
20260818-213956,1787089285037,SELL,-0.0
20260818-213956,1787089285139,SELL,-0.0
20260818-213956,1787089285241,SELL,-0.0
20260818-213956,1787089285343,SELL,-0.0
20260818-213956,1787089285445,SELL,-0.0
20260818-213956,1787089285547,SELL,-0.0
20260818-213956,1787089285649,SELL,-0.0
20260818-213956,1787089285751,SELL,-0.0
20260818-213956,1787089285687,SELL,-0.0
20260818-213956,1787089285853,SELL,-0.0
20260818-213956,1787089285955,SELL,-0.0
20260818-213956,1787089286057,SELL,-0.0
20260818-213956,1787089285942,SELL,-0.0
20260818-213956,1787089286159,SELL,-0.0
20260818-213956,1787089286261,SELL,-0.0
20260818-213956,1787089286363,SELL,-0.0
20260818-213956,1787089286465,SELL,-0.0
20260818-213956,1787089286567,SELL,-0.0
20260818-213956,1787089286669,SELL,-0.0
20260818-213956,1787089286771,SELL,-0.0
20260818-213956,1787089286873,SELL,-0.0
20260818-213956,1787089286975,SELL,-0.0
20260818-213956,1787089287077,SELL,-0.0
20260818-213956,1787089287179,SELL,-0.0
20260818-213956,1787089287102,SELL,-0.0
20260818-213956,1787089287281,SELL,-0.0
20260818-213956,1787089287383,SELL,-0.0
20260818-213956,1787089287485,SELL,-0.0
20260818-213956,1787089287587,SELL,-0.0
20260818-213956,1787089287487,SELL,-0.0
20260818-213956,1787089287689,SELL,-0.0
20260818-213956,1787089287791,SELL,-0.0
20260818-213956,1787089287893,SELL,-0.0
20260818-213956,1787089287995,SELL,-0.0
20260818-213956,1787089288097,SELL,-0.0
20260818-213956,1787089287966,SELL,-0.0
20260818-213956,1787089288199,SELL,-0.0
20260818-213956,1787089288301,SELL,-0.0
20260818-213956,1787089288403,SELL,-0.0
20260818-213956,1787089288505,SELL,-0.0
20260818-213956,1787089288607,SELL,-0.0
20260818-213956,1787089303499,BUY,0.0
20260818-213956,1787089303601,BUY,0.0
20260818-213956,1787089303531,BUY,0.0
20260818-213956,1787089304315,BUY,0.0
20260818-213956,1787089311965,BUY,0.0
20260818-213956,1787089312067,BUY,0.0
20260818-213956,1787089311954,BUY,0.0
20260818-213956,1787089312169,BUY,0.0
20260818-213956,1787089312271,BUY,0.0
20260818-213956,1787089312156,BUY,0.0
20260818-213956,1787089312373,BUY,0.0
20260818-213956,1787089312475,BUY,0.0
20260818-213956,1787089312577,BUY,0.0
20260818-213956,1787089312679,BUY,0.0
20260818-213956,1787089312781,BUY,0.0
20260818-213956,1787089312713,BUY,0.0
20260818-213956,1787089312883,BUY,0.0
20260818-213956,1787089312985,BUY,0.0
20260818-213956,1787089313087,BUY,0.0
20260818-213956,1787089313189,BUY,0.0
20260818-213956,1787089313050,BUY,0.0
20260818-213956,1787089313801,BUY,0.0
20260818-213956,1787089313903,BUY,0.0
20260818-213956,1787089314005,BUY,0.0
20260818-213956,1787089314107,BUY,0.0
20260818-213956,1787089314209,BUY,0.0
20260818-213956,1787089314104,BUY,0.0
20260818-213956,1787089314311,BUY,0.0
20260818-213956,1787089314413,BUY,0.0
20260818-213956,1787089314313,BUY,0.0
20260818-213956,1787089314515,BUY,0.0
20260818-213956,1787089314617,BUY,0.0
20260818-213956,1787089314719,BUY,0.0
20260818-213956,1787089314821,BUY,0.0
20260818-213956,1787089314676,BUY,0.0
20260818-213956,1787089314923,BUY,0.0
20260818-213956,1787089315025,BUY,0.0
20260818-213956,1787089315127,BUY,0.0
20260818-213956,1787089315229,BUY,0.0
20260818-213956,1787089315331,BUY,0.0
20260818-213956,1787089315433,BUY,0.0
20260818-213956,1787089315535,BUY,0.0
20260818-213956,1787089315404,BUY,0.0
20260818-213956,1787089315637,BUY,0.0
20260818-213956,1787089315739,BUY,0.0
20260818-213956,1787089315841,BUY,0.0
20260818-213956,1787089315943,BUY,0.0
20260818-213956,1787089333589,SELL,0.5731000764387081
20260818-213956,1787089333621,SELL,0.5731000764387081
20260818-213956,1787089333621,SELL,0.5731000764387081
20260818-213956,1787089333621,SELL,0.5731000764387081
20260818-213956,1787089333621,SELL,0.5731000764387081
20260818-213956,1787089333627,SELL,0.5731000764387081
20260818-213956,1787089333627,SELL,0.5731000764387081
20260818-213956,1787089333627,SELL,0.5731000764387081
20260818-213956,1787089333627,SELL,0.5731000764387081
20260818-213956,1787089333627,SELL,0.5731000764387081
20260818-213956,1787089333627,SELL,0.5731000764387081
20260818-213956,1787089333627,SELL,0.5731000764387081
20260818-213956,1787089333627,SELL,0.5731000764387081
20260818-213956,1787089333631,SELL,0.5731000764387081
20260818-213956,1787089333650,SELL,-0.0
20260818-213956,1787089333650,SELL,-0.0
20260818-213956,1787089333650,SELL,-0.0
20260818-213956,1787089333650,SELL,-0.0
20260818-213956,1787089333650,SELL,-0.0
20260818-213956,1787089333650,SELL,-0.0
20260818-213956,1787089333691,SELL,0.7125436336149072
20260818-213956,1787089333793,SELL,0.7125436336149072
20260818-213956,1787089333650,SELL,-0.0
20260818-213956,1787089333895,SELL,0.7125436336149072
20260818-213956,1787089333997,SELL,0.7125436336149072
20260818-213956,1787089333869,SELL,0.7125436336149072
20260818-213956,1787089334099,SELL,0.7435237916000261
20260818-213956,1787089334201,SELL,0.7435237916000261
20260818-213956,1787089334303,SELL,0.7435237916000261
20260818-213956,1787089334229,SELL,0.7435237916000261
20260818-213956,1787089334405,SELL,0.7435237916000261
20260818-213956,1787089334507,SELL,0.7435237916000261
20260818-213956,1787089334609,SELL,0.7435237916000261
20260818-213956,1787089334678,SELL,0.7435237916000261
20260818-213956,1787089334711,SELL,0.7435237916000261
20260818-213956,1787089334693,SELL,0.7435237916000261
20260818-213956,1787089334739,SELL,0.7435237916000261
20260818-213956,1787089334813,SELL,0.7435237916000261
20260818-213956,1787089334760,SELL,0.7435237916000261
20260818-213956,1787089334915,SELL,0.7435237916000261
20260818-213956,1787089335017,SELL,0.7435237916000261
20260818-213956,1787089335119,SELL,0.7435237916000261
20260818-213956,1787089335221,SELL,0.7435237916000261
20260818-213956,1787089335323,SELL,0.7435237916000261
20260818-213956,1787089335425,SELL,0.7435237916000261
20260818-213956,1787089335527,SELL,0.7435237916000261
20260818-213956,1787089335629,SELL,0.7435237916000261
20260818-213956,1787089335654,SELL,0.7435237916000261
20260818-213956,1787089335654,SELL,0.7435237916000261
20260818-213956,1787089335654,SELL,0.7435237916000261
20260818-213956,1787089335654,SELL,0.7435237916000261
20260818-213956,1787089335654,SELL,0.7435237916000261
20260818-213956,1787089335656,SELL,0.7435237916000261
20260818-213956,1787089335656,SELL,0.7435237916000261
20260818-213956,1787089335656,SELL,0.7435237916000261
20260818-213956,1787089335656,SELL,0.7435237916000261
20260818-213956,1787089335656,SELL,0.7435237916000261
20260818-213956,1787089335656,SELL,0.7435237916000261
20260818-213956,1787089335656,SELL,0.7435237916000261
20260818-213956,1787089335656,SELL,0.7435237916000261
20260818-213956,1787089335662,SELL,0.7435237916000261
20260818-213956,1787089335665,SELL,0.7435237916000261
20260818-213956,1787089335670,SELL,0.030982365613856165
20260818-213956,1787089335670,SELL,0.030982365613856165
20260818-213956,1787089335670,SELL,0.030982365613856165
20260818-213956,1787089335670,SELL,0.030982365613856165
20260818-213956,1787089335731,SELL,0.030982365613856165
20260818-213956,1787089335670,SELL,0.030982365613856165
20260818-213956,1787089335833,SELL,0.030982365613856165
20260818-213956,1787089335935,SELL,0.030982365613856165
20260818-213956,1787089335946,SELL,0.030982365613856165
20260818-213956,1787089336008,SELL,0.030982365613856165
20260818-213956,1787089336037,SELL,-0.0
20260818-213956,1787089336139,SELL,-0.0
20260818-213956,1787089336009,SELL,-0.0
20260818-213956,1787089336241,SELL,-0.0
20260818-213956,1787089336343,SELL,-0.0
20260818-213956,1787089336445,SELL,-0.0
20260818-213956,1787089336547,SELL,-0.0
20260818-213956,1787089336649,SELL,-0.0
20260818-213956,1787089336751,SELL,-0.0
20260818-213956,1787089336853,SELL,-0.0
20260818-213956,1787089336955,SELL,-0.0
20260818-213956,1787089337057,SELL,-0.0
20260818-213956,1787089337159,SELL,-0.0
20260818-213956,1787089337261,SELL,-0.0
20260818-213956,1787089337145,SELL,-0.0
20260818-213956,1787089337363,SELL,-0.0
20260818-213956,1787089337465,SELL,-0.0
20260818-213956,1787089337567,SELL,-0.0
20260818-213956,1787089337669,SELL,-0.0
20260818-213956,1787089337771,SELL,-0.0
20260818-213956,1787089337873,SELL,-0.0
20260818-213956,1787089337975,SELL,-0.0
20260818-213956,1787089337869,SELL,-0.0
20260818-213956,1787089338077,SELL,-0.0
20260818-213956,1787089338179,SELL,-0.0
20260818-213956,1787089338281,SELL,-0.0
20260818-213956,1787089338383,SELL,-0.0
20260818-213956,1787089338485,SELL,-0.0
20260818-213956,1787089338587,SELL,-0.0
20260818-213956,1787089338500,SELL,-0.0
20260818-213956,1787089338689,SELL,-0.0
20260818-213956,1787089338791,SELL,-0.0
20260818-213956,1787089338893,SELL,-0.0
20260818-213956,1787089338995,SELL,-0.0
20260818-213956,1787089339097,SELL,-0.0
20260818-213956,1787089339199,SELL,-0.0
20260818-213956,1787089339301,SELL,-0.0
20260818-213956,1787089339207,SELL,-0.0
20260818-213956,1787089339403,SELL,-0.0
20260818-213956,1787089339505,SELL,-0.0
20260818-213956,1787089339607,SELL,-0.0
20260818-213956,1787089339709,SELL,-0.0
20260818-213956,1787089339811,SELL,-0.0
20260818-213956,1787089339913,SELL,-0.0
20260818-213956,1787089340015,SELL,-0.0
20260818-213956,1787089340117,SELL,-0.0
20260818-213956,1787089340219,SELL,-0.0
20260818-213956,1787089340321,SELL,-0.0
20260818-213956,1787089340423,SELL,-0.0
20260818-213956,1787089340525,SELL,-0.0
20260818-213956,1787089340400,SELL,-0.0
20260818-213956,1787089340627,SELL,-0.0
20260818-213956,1787089340729,SELL,-0.0
20260818-213956,1787089340831,SELL,-0.0
20260818-213956,1787089340933,SELL,-0.0
20260818-213956,1787089340793,SELL,-0.0
20260818-213956,1787089341035,SELL,-0.0
20260818-213956,1787089341137,SELL,-0.0
20260818-213956,1787089341239,SELL,-0.0
20260818-213956,1787089341341,SELL,0.4027720008382722
20260818-213956,1787089341443,SELL,0.4027720008382722
20260818-213956,1787089341545,SELL,0.4027720008382722
20260818-213956,1787089341647,SELL,0.4027720008382722
20260818-213956,1787089341749,SELL,0.4027720008382722
20260818-213956,1787089341851,SELL,0.4027720008382722
20260818-213956,1787089341953,SELL,0.4027720008382722
20260818-213956,1787089342055,SELL,0.4027720008382722
20260818-213956,1787089342157,SELL,0.4027720008382722
20260818-213956,1787089342259,SELL,0.4027720008382722
20260818-213956,1787089342361,SELL,0.4027720008382722
20260818-213956,1787089342463,SELL,0.4027720008382722
20260818-213956,1787089342565,SELL,0.4027720008382722
20260818-213956,1787089342667,SELL,0.4027720008382722
20260818-213956,1787089342769,SELL,0.4027720008382722
20260818-213956,1787089342871,SELL,0.4027720008382722
20260818-213956,1787089342973,SELL,0.4027720008382722
20260818-213956,1787089343075,SELL,0.4027720008382722
20260818-213956,1787089343177,SELL,0.4027720008382722
20260818-213956,1787089343279,SELL,0.4027720008382722
20260818-213956,1787089343288,SELL,0.4027720008382722
20260818-213956,1787089343288,SELL,0.4027720008382722
20260818-213956,1787089343288,SELL,0.4027720008382722
20260818-213956,1787089343288,SELL,0.4027720008382722
20260818-213956,1787089343288,SELL,0.4027720008382722
20260818-213956,1787089343288,SELL,0.4027720008382722
20260818-213956,1787089343288,SELL,0.4027720008382722
20260818-213956,1787089343288,SELL,0.4027720008382722
20260818-213956,1787089343288,SELL,0.4027720008382722
20260818-213956,1787089343288,SELL,0.4027720008382722
20260818-213956,1787089343288,SELL,0.4027720008382722
20260818-213956,1787089343288,SELL,0.4027720008382722
20260818-213956,1787089343288,SELL,0.4027720008382722
20260818-213956,1787089343288,SELL,0.4027720008382722
20260818-213956,1787089343288,SELL,0.4027720008382722
20260818-213956,1787089343288,SELL,0.4027720008382722
20260818-213956,1787089343288,SELL,0.4027720008382722
20260818-213956,1787089343295,SELL,0.4027720008382722
20260818-213956,1787089343296,SELL,-0.0
20260818-213956,1787089343381,SELL,-0.0
20260818-213956,1787089343296,SELL,-0.0
20260818-213956,1787089343483,SELL,-0.0
20260818-213956,1787089343585,SELL,-0.0
20260818-213956,1787089343687,SELL,-0.0
20260818-213956,1787089343789,SELL,-0.0
20260818-213956,1787089343891,SELL,-0.0
20260818-213956,1787089343993,SELL,-0.0
20260818-213956,1787089343914,SELL,-0.0
20260818-213956,1787089344095,SELL,-0.0
20260818-213956,1787089344197,SELL,-0.0
20260818-213956,1787089344299,SELL,-0.0
20260818-213956,1787089344401,SELL,-0.0
20260818-213956,1787089344503,SELL,-0.0
20260818-213956,1787089344605,SELL,-0.0
20260818-213956,1787089344707,SELL,-0.0
20260818-213956,1787089344809,SELL,-0.0
20260818-213956,1787089344911,SELL,-0.0
20260818-213956,1787089345013,SELL,-0.0
20260818-213956,1787089345115,SELL,-0.0
20260818-213956,1787089345217,SELL,-0.0
20260818-213956,1787089345319,SELL,-0.0
20260818-213956,1787089345421,SELL,-0.0
20260818-213956,1787089345523,SELL,-0.0
20260818-213956,1787089345625,SELL,-0.0
20260818-213956,1787089345727,SELL,-0.0
20260818-213956,1787089345829,SELL,-0.0
20260818-213956,1787089345931,SELL,-0.0
20260818-213956,1787089346033,SELL,-0.0
20260818-213956,1787089346135,SELL,-0.0
20260818-213956,1787089345995,SELL,-0.0
20260818-213956,1787089346237,SELL,-0.0
20260818-213956,1787089346339,SELL,-0.0
20260818-213956,1787089346441,SELL,-0.0
20260818-213956,1787089346543,SELL,-0.0
20260818-213956,1787089346645,SELL,-0.0
20260818-213956,1787089346747,SELL,-0.0
20260818-213956,1787089346849,SELL,-0.0
20260818-213956,1787089346951,SELL,-0.0
20260818-213956,1787089347053,SELL,-0.0
20260818-213956,1787089347155,SELL,-0.0
20260818-213956,1787089347257,SELL,-0.0
20260818-213956,1787089347131,SELL,-0.0
20260818-213956,1787089347359,SELL,-0.0
20260818-213956,1787089347461,SELL,-0.0
20260818-213956,1787089347563,SELL,-0.0
20260818-213956,1787089347665,SELL,-0.0
20260818-213956,1787089347767,SELL,-0.0
20260818-213956,1787089347869,SELL,-0.0
20260818-213956,1787089347971,SELL,-0.0
20260818-213956,1787089348073,SELL,-0.0
20260818-213956,1787089348175,SELL,-0.0
20260818-213956,1787089348277,SELL,-0.0
20260818-213956,1787089348379,SELL,-0.0
20260818-213956,1787089348481,SELL,-0.0
20260818-213956,1787089348583,SELL,0.030983709539665675
20260818-213956,1787089348685,SELL,0.030983709539665675
20260818-213956,1787089348787,SELL,0.030983709539665675
20260818-213956,1787089348889,SELL,0.030983709539665675
20260818-213956,1787089348991,SELL,0.030983709539665675
20260818-213956,1787089349093,SELL,0.030983709539665675
20260818-213956,1787089349195,SELL,0.030983709539665675
20260818-213956,1787089349297,SELL,0.030983709539665675
20260818-213956,1787089349399,SELL,0.030983709539665675
20260818-213956,1787089349501,SELL,0.030983709539665675
20260818-213956,1787089349603,SELL,0.030983709539665675
20260818-213956,1787089349705,SELL,0.030983709539665675
20260818-213956,1787089349807,SELL,0.030983709539665675
20260818-213956,1787089349704,SELL,0.030983709539665675
20260818-213956,1787089349909,SELL,0.030983709539665675
20260818-213956,1787089350011,SELL,0.030983709539665675
20260818-213956,1787089350113,SELL,0.030983709539665675
20260818-213956,1787089350215,SELL,0.030983709539665675
20260818-213956,1787089350137,SELL,0.030983709539665675
20260818-213956,1787089350317,SELL,0.030983709539665675
20260818-213956,1787089350419,SELL,0.030983709539665675
20260818-213956,1787089350521,SELL,0.030983709539665675
20260818-213956,1787089350430,SELL,0.030983709539665675
20260818-213956,1787089350552,SELL,0.030983709539665675
20260818-213956,1787089350623,SELL,-0.0
20260818-213956,1787089350556,SELL,-0.0
20260818-213956,1787089350725,SELL,-0.0
20260818-213956,1787089350827,SELL,-0.0
20260818-213956,1787089350678,SELL,-0.0
20260818-213956,1787089350929,SELL,-0.0
20260818-213956,1787089351031,SELL,-0.0
20260818-213956,1787089351133,SELL,-0.0
20260818-213956,1787089351235,SELL,-0.0
20260818-213956,1787089351337,SELL,-0.0
20260818-213956,1787089351439,SELL,-0.0
20260818-213956,1787089351541,SELL,-0.0
20260818-213956,1787089351643,SELL,-0.0
20260818-213956,1787089351745,SELL,-0.0
20260818-213956,1787089351847,SELL,-0.0
20260818-213956,1787089351949,SELL,-0.0
20260818-213956,1787089352051,SELL,-0.0
20260818-213956,1787089352153,SELL,-0.0
20260818-213956,1787089352255,SELL,-0.0
20260818-213956,1787089352357,SELL,-0.0
20260818-213956,1787089352459,SELL,-0.0
20260818-213956,1787089352561,SELL,-0.0
20260818-213956,1787089352663,SELL,-0.0
20260818-213956,1787089352765,SELL,-0.0
20260818-213956,1787089352867,SELL,-0.0
20260818-213956,1787089352969,SELL,-0.0
20260818-213956,1787089353071,SELL,-0.0
20260818-213956,1787089353173,SELL,-0.0
20260818-213956,1787089353275,SELL,-0.0
20260818-213956,1787089353377,SELL,-0.0
20260818-213956,1787089353479,SELL,-0.0
20260818-213956,1787089353581,SELL,-0.0
20260818-213956,1787089353683,SELL,-0.0
20260818-213956,1787089353785,SELL,-0.0
20260818-213956,1787089353887,SELL,-0.0
20260818-213956,1787089353989,SELL,-0.0
20260818-213956,1787089354091,SELL,-0.0
20260818-213956,1787089354193,SELL,-0.0
20260818-213956,1787089354295,SELL,-0.0
20260818-213956,1787089354181,SELL,-0.0
20260818-213956,1787089354397,SELL,-0.0
20260818-213956,1787089354333,SELL,-0.0
20260818-213956,1787089354499,SELL,-0.0
20260818-213956,1787089354601,SELL,-0.0
20260818-213956,1787089354703,SELL,-0.0
20260818-213956,1787089354805,SELL,-0.0
20260818-213956,1787089354907,SELL,-0.0
20260818-213956,1787089355009,SELL,-0.0
20260818-213956,1787089355111,SELL,-0.0
20260818-213956,1787089355213,SELL,-0.0
20260818-213956,1787089355315,SELL,-0.0
20260818-213956,1787089355417,SELL,-0.0
20260818-213956,1787089355300,SELL,-0.0
20260818-213956,1787089355519,SELL,-0.0
20260818-213956,1787089355621,SELL,-0.0
20260818-213956,1787089355723,SELL,-0.0
20260818-213956,1787089355825,SELL,-0.0
20260818-213956,1787089355927,SELL,-0.0
20260818-213956,1787089356029,SELL,-0.0
20260818-213956,1787089356131,SELL,-0.0
20260818-213956,1787089356233,SELL,-0.0
20260818-213956,1787089356335,SELL,-0.0
20260818-213956,1787089356437,SELL,-0.0
20260818-213956,1787089356539,SELL,-0.0
20260818-213956,1787089356641,SELL,-0.0
20260818-213956,1787089356743,SELL,-0.0
20260818-213956,1787089356845,SELL,-0.0
20260818-213956,1787089356947,SELL,-0.0
20260818-213956,1787089357049,SELL,-0.0
20260818-213956,1787089357151,SELL,-0.0
20260818-213956,1787089357253,SELL,-0.0
20260818-213956,1787089357355,SELL,-0.0
20260818-213956,1787089357457,SELL,-0.0
20260818-213956,1787089357355,SELL,-0.0
20260818-213956,1787089357559,SELL,-0.0
20260818-213956,1787089357661,SELL,-0.0
20260818-213956,1787089357763,SELL,-0.0
20260818-213956,1787089357865,SELL,-0.0
20260818-213956,1787089357967,SELL,-0.0
20260818-213956,1787089358069,SELL,-0.0
20260818-213956,1787089358171,SELL,-0.0
20260818-213956,1787089358273,SELL,-0.0
20260818-213956,1787089358375,SELL,-0.0
20260818-213956,1787089358477,SELL,-0.0
20260818-213956,1787089358579,SELL,-0.0
20260818-213956,1787089358681,SELL,-0.0
20260818-213956,1787089358608,SELL,-0.0
20260818-213956,1787089358783,SELL,-0.0
20260818-213956,1787089358885,SELL,-0.0
20260818-213956,1787089358987,SELL,-0.0
20260818-213956,1787089359089,SELL,-0.0
20260818-213956,1787089359191,SELL,-0.0
20260818-213956,1787089359293,SELL,-0.0
20260818-213956,1787089359154,SELL,-0.0
20260818-213956,1787089359395,SELL,-0.0
20260818-213956,1787089359497,SELL,-0.0
20260818-213956,1787089359599,SELL,-0.0
20260818-213956,1787089359701,SELL,-0.0
20260818-213956,1787089359803,SELL,-0.0
20260818-213956,1787089359905,SELL,-0.0
20260818-213956,1787089360007,SELL,-0.0
20260818-213956,1787089360109,SELL,-0.0
20260818-213956,1787089360211,SELL,-0.0
20260818-213956,1787089360313,SELL,-0.0
20260818-213956,1787089360415,SELL,-0.0
20260818-213956,1787089360517,SELL,-0.0
20260818-213956,1787089360424,SELL,-0.0
20260818-213956,1787089360619,SELL,-0.0
20260818-213956,1787089360721,SELL,-0.0
20260818-213956,1787089360823,SELL,-0.0
20260818-213956,1787089360925,SELL,-0.0
20260818-213956,1787089361027,SELL,-0.0
20260818-213956,1787089361129,SELL,-0.0
20260818-213956,1787089361231,SELL,-0.0
20260818-213956,1787089361333,SELL,-0.0
20260818-213956,1787089361196,SELL,-0.0
20260818-213956,1787089361435,SELL,-0.0
20260818-213956,1787089361537,SELL,-0.0
20260818-213956,1787089361639,SELL,-0.0
20260818-213956,1787089361741,SELL,-0.0
20260818-213956,1787089361843,SELL,-0.0
20260818-213956,1787089361945,SELL,-0.0
20260818-213956,1787089362047,SELL,-0.0
20260818-213956,1787089361942,SELL,-0.0
20260818-213956,1787089362149,SELL,-0.0
20260818-213956,1787089362251,SELL,-0.0
20260818-213956,1787089362353,SELL,-0.0
20260818-213956,1787089362455,SELL,-0.0
20260818-213956,1787089362557,SELL,-0.0
20260818-213956,1787089362659,SELL,-0.0
20260818-213956,1787089362761,SELL,-0.0
20260818-213956,1787089362863,SELL,-0.0
20260818-213956,1787089362965,SELL,-0.0
20260818-213956,1787089363067,SELL,-0.0
20260818-213956,1787089363169,SELL,-0.0
20260818-213956,1787089363271,SELL,-0.0
20260818-213956,1787089363373,SELL,-0.0
20260818-213956,1787089363475,SELL,-0.0
20260818-213956,1787089363577,SELL,-0.0
20260818-213956,1787089363679,SELL,-0.0
20260818-213956,1787089363781,SELL,-0.0
20260818-213956,1787089363883,SELL,-0.0
20260818-213956,1787089363985,SELL,-0.0
20260818-213956,1787089364087,SELL,-0.0
20260818-213956,1787089364189,SELL,-0.0
20260818-213956,1787089364291,SELL,-0.0
20260818-213956,1787089364393,SELL,-0.0
20260818-213956,1787089364495,SELL,-0.0
20260818-213956,1787089364348,SELL,-0.0
20260818-213956,1787089364597,SELL,-0.0
20260818-213956,1787089364699,SELL,-0.0
20260818-213956,1787089364801,SELL,-0.0
20260818-213956,1787089364903,SELL,-0.0
20260818-213956,1787089365005,SELL,-0.0
20260818-213956,1787089365107,SELL,-0.0
20260818-213956,1787089365209,SELL,-0.0
20260818-213956,1787089365311,SELL,-0.0
20260818-213956,1787089365413,SELL,-0.0
20260818-213956,1787089365515,SELL,-0.0
20260818-213956,1787089365617,SELL,-0.0
20260818-213956,1787089365719,SELL,-0.0
20260818-213956,1787089365821,SELL,-0.0
20260818-213956,1787089365726,SELL,-0.0
20260818-213956,1787089365923,SELL,-0.0
20260818-213956,1787089366025,SELL,-0.0
20260818-213956,1787089366127,SELL,-0.0
20260818-213956,1787089366229,SELL,-0.0
20260818-213956,1787089366331,SELL,-0.0
20260818-213956,1787089366433,SELL,-0.0
20260818-213956,1787089366341,SELL,-0.0
20260818-213956,1787089366535,SELL,-0.0
20260818-213956,1787089366637,SELL,-0.0
20260818-213956,1787089366739,SELL,-0.0
20260818-213956,1787089366841,SELL,-0.0
20260818-213956,1787089366943,SELL,-0.0
20260818-213956,1787089367045,SELL,-0.0
20260818-213956,1787089367147,SELL,-0.0
20260818-213956,1787089367249,SELL,-0.0
20260818-213956,1787089367351,SELL,-0.0
20260818-213956,1787089367259,SELL,-0.0
20260818-213956,1787089367453,SELL,-0.0
20260818-213956,1787089367555,SELL,-0.0
20260818-213956,1787089367657,SELL,-0.0
20260818-213956,1787089367552,SELL,-0.0
20260818-213956,1787089367759,SELL,-0.0
20260818-213956,1787089367861,SELL,-0.0
20260818-213956,1787089367963,SELL,-0.0
20260818-213956,1787089368065,SELL,-0.0
20260818-213956,1787089368167,SELL,-0.0
20260818-213956,1787089368269,SELL,-0.0
20260818-213956,1787089368215,SELL,-0.0
20260818-213956,1787089368371,SELL,-0.0
20260818-213956,1787089368473,SELL,-0.0
20260818-213956,1787089368422,SELL,-0.0
20260818-213956,1787089368575,SELL,-0.0
20260818-213956,1787089368677,SELL,-0.0
20260818-213956,1787089368583,SELL,-0.0
20260818-213956,1787089368779,SELL,-0.0
20260818-213956,1787089368881,SELL,-0.0
20260818-213956,1787089368983,SELL,-0.0
20260818-213956,1787089369085,SELL,-0.0
20260818-213956,1787089369187,SELL,-0.0
20260818-213956,1787089369046,SELL,-0.0
20260818-213956,1787089369289,SELL,-0.0
20260818-213956,1787089369391,SELL,-0.0
20260818-213956,1787089369493,SELL,-0.0
20260818-213956,1787089369595,SELL,-0.0
20260818-213956,1787089369473,SELL,-0.0
20260818-213956,1787089369697,SELL,-0.0
20260818-213956,1787089369799,SELL,-0.0
20260818-213956,1787089369901,SELL,-0.0
20260818-213956,1787089370003,SELL,-0.0
20260818-213956,1787089370105,SELL,-0.0
20260818-213956,1787089370207,SELL,-0.0
20260818-213956,1787089370169,SELL,-0.0
20260818-213956,1787089370309,SELL,-0.0
20260818-213956,1787089370411,SELL,-0.0
20260818-213956,1787089370267,SELL,-0.0
20260818-213956,1787089370513,SELL,-0.0
20260818-213956,1787089370615,SELL,-0.0
20260818-213956,1787089370717,SELL,-0.0
20260818-213956,1787089370819,SELL,-0.0
20260818-213956,1787089370921,SELL,-0.0
20260818-213956,1787089371023,SELL,-0.0
20260818-213956,1787089371125,SELL,-0.0
20260818-213956,1787089371227,SELL,-0.0
20260818-213956,1787089371329,SELL,-0.0
20260818-213956,1787089371431,SELL,-0.0
20260818-213956,1787089371533,SELL,-0.0
20260818-213956,1787089371635,SELL,-0.0
20260818-213956,1787089371737,SELL,-0.0
20260818-213956,1787089371839,SELL,-0.0
20260818-213956,1787089371941,SELL,-0.0
20260818-213956,1787089372043,SELL,-0.0
20260818-213956,1787089372145,SELL,-0.0
20260818-213956,1787089372247,SELL,-0.0
20260818-213956,1787089372133,SELL,-0.0
20260818-213956,1787089372349,SELL,-0.0
20260818-213956,1787089372451,SELL,-0.0
20260818-213956,1787089372343,SELL,-0.0
20260818-213956,1787089372553,SELL,-0.0
20260818-213956,1787089372655,SELL,-0.0
20260818-213956,1787089372757,SELL,-0.0
20260818-213956,1787089372859,SELL,-0.0
20260818-213956,1787089372961,SELL,-0.0
20260818-213956,1787089373063,SELL,-0.0
20260818-213956,1787089373165,SELL,-0.0
20260818-213956,1787089373267,SELL,-0.0
20260818-213956,1787089373369,SELL,-0.0
20260818-213956,1787089373471,SELL,-0.0
20260818-213956,1787089373573,SELL,-0.0
20260818-213956,1787089373675,SELL,-0.0
20260818-213956,1787089373777,SELL,-0.0
20260818-213956,1787089373879,SELL,-0.0
20260818-213956,1787089373981,SELL,-0.0
20260818-213956,1787089373843,SELL,-0.0
20260818-213956,1787089374083,SELL,-0.0
20260818-213956,1787089374185,SELL,-0.0
20260818-213956,1787089374287,SELL,-0.0
20260818-213956,1787089374389,SELL,-0.0
20260818-213956,1787089374491,SELL,-0.0
20260818-213956,1787089374438,SELL,-0.0
20260818-213956,1787089374593,SELL,-0.0
20260818-214257,1787089378400,SELL,0.07745951384859917
20260818-214257,1787089378571,SELL,0.07745951384859917
20260818-214257,1787089378673,SELL,0.07745951384859917
20260818-214257,1787089378775,SELL,0.07745951384859917
20260818-214257,1787089378877,SELL,0.07745951384859917
20260818-214257,1787089378979,SELL,0.07745951384859917
20260818-214257,1787089379081,SELL,0.07745951384859917
20260818-214257,1787089379183,SELL,0.07745951384859917
20260818-214257,1787089379192,SELL,0.07745951384859917
20260818-214257,1787089379192,SELL,0.07745951384859917
20260818-214257,1787089379193,SELL,0.07745951384859917
20260818-214257,1787089379193,SELL,0.07745951384859917
20260818-214257,1787089379193,SELL,0.07745951384859917
20260818-214257,1787089379285,SELL,-0.0
20260818-214257,1787089379387,SELL,-0.0
20260818-214257,1787089379489,SELL,-0.0
20260818-214257,1787089379591,SELL,-0.0
20260818-214257,1787089379693,SELL,-0.0
20260818-214257,1787089379795,SELL,-0.0
20260818-214257,1787089379897,SELL,-0.0
20260818-214257,1787089379999,SELL,-0.0
20260818-214257,1787089380101,SELL,-0.0
20260818-214257,1787089380203,SELL,-0.0
20260818-214257,1787089380305,SELL,-0.0
20260818-214257,1787089380214,SELL,-0.0
20260818-214257,1787089380407,SELL,-0.0
20260818-214257,1787089380509,SELL,-0.0
20260818-214257,1787089380611,SELL,-0.0
20260818-214257,1787089380536,SELL,-0.0
20260818-214257,1787089380713,SELL,-0.0
20260818-214257,1787089380815,SELL,-0.0
20260818-214257,1787089380917,SELL,-0.0
20260818-214257,1787089381019,SELL,-0.0
20260818-214257,1787089381121,SELL,-0.0
20260818-214257,1787089381223,SELL,-0.0
20260818-214257,1787089381325,SELL,-0.0
20260818-214257,1787089381427,SELL,-0.0
20260818-214257,1787089381529,SELL,-0.0
20260818-214257,1787089381631,SELL,-0.0
20260818-214257,1787089381733,SELL,-0.0
20260818-214257,1787089381835,SELL,-0.0
20260818-214257,1787089381937,SELL,-0.0
20260818-214257,1787089381856,SELL,-0.0
20260818-214257,1787089382039,SELL,-0.0
20260818-214257,1787089382141,SELL,-0.0
20260818-214257,1787089382243,SELL,-0.0
20260818-214257,1787089382345,SELL,-0.0
20260818-214257,1787089382447,SELL,-0.0
20260818-214257,1787089382549,SELL,-0.0
20260818-214257,1787089382651,SELL,-0.0
20260818-214257,1787089382753,SELL,-0.0
20260818-214257,1787089382855,SELL,-0.0
20260818-214257,1787089382957,SELL,-0.0
20260818-214257,1787089383059,SELL,-0.0
20260818-214257,1787089383161,SELL,-0.0
20260818-214257,1787089383263,SELL,-0.0
20260818-214257,1787089383365,SELL,0.04647606831097608
20260818-214257,1787089383467,SELL,0.04647606831097608
20260818-214257,1787089383569,SELL,0.04647606831097608
20260818-214257,1787089383671,SELL,0.04647606831097608
20260818-214257,1787089383596,SELL,0.04647606831097608
20260818-214257,1787089383773,SELL,0.04647606831097608
20260818-214257,1787089383875,SELL,0.04647606831097608
20260818-214257,1787089383977,SELL,0.04647606831097608
20260818-214257,1787089383861,SELL,0.04647606831097608
20260818-214257,1787089384079,SELL,0.04647606831097608
20260818-214257,1787089384181,SELL,0.04647606831097608
20260818-214257,1787089384283,SELL,0.04647606831097608
20260818-214257,1787089384385,SELL,0.04647606831097608
20260818-214257,1787089384487,SELL,0.04647606831097608
20260818-214257,1787089384589,SELL,0.04647606831097608
20260818-214257,1787089384691,SELL,0.04647606831097608
20260818-214257,1787089384793,SELL,0.04647606831097608
20260818-214257,1787089384895,SELL,0.04647606831097608
20260818-214257,1787089384997,SELL,0.04647606831097608
20260818-214257,1787089385099,SELL,0.04647606831097608
20260818-214257,1787089384965,SELL,0.04647606831097608
20260818-214257,1787089385201,SELL,0.04647606831097608
20260818-214257,1787089385282,SELL,0.04647606831097608
20260818-214257,1787089385303,SELL,0.04647606831097608
20260818-214257,1787089385295,SELL,0.04647606831097608
20260818-214257,1787089385405,SELL,-0.0
20260818-214257,1787089385343,SELL,-0.0
20260818-214257,1787089385507,SELL,-0.0
20260818-214257,1787089385609,SELL,-0.0
20260818-214257,1787089385711,SELL,-0.0
20260818-214257,1787089385813,SELL,-0.0
20260818-214257,1787089385915,SELL,-0.0
20260818-214257,1787089386017,SELL,-0.0
20260818-214257,1787089386119,SELL,-0.0
20260818-214257,1787089386221,SELL,-0.0
20260818-214257,1787089386323,SELL,-0.0
20260818-214257,1787089386425,SELL,-0.0
20260818-214257,1787089386527,SELL,-0.0
20260818-214257,1787089386629,SELL,-0.0
20260818-214257,1787089386731,SELL,-0.0
20260818-214257,1787089386833,SELL,-0.0
20260818-214257,1787089386935,SELL,-0.0
20260818-214257,1787089386790,SELL,-0.0
20260818-214257,1787089387037,SELL,-0.0
20260818-214257,1787089387139,SELL,-0.0
20260818-214257,1787089387241,SELL,-0.0
20260818-214257,1787089387096,SELL,-0.0
20260818-214257,1787089387343,SELL,-0.0
20260818-214257,1787089387445,SELL,-0.0
20260818-214257,1787089387547,SELL,-0.0
20260818-214257,1787089387649,SELL,-0.0
20260818-214257,1787089387751,SELL,-0.0
20260818-214257,1787089387853,SELL,-0.0
20260818-214257,1787089387955,SELL,-0.0
20260818-214257,1787089388057,SELL,-0.0
20260818-214257,1787089388159,SELL,-0.0
20260818-214257,1787089388261,SELL,-0.0
20260818-214257,1787089388363,SELL,-0.0
20260818-214257,1787089388465,SELL,-0.0
20260818-214257,1787089388567,SELL,-0.0
20260818-214257,1787089388669,SELL,-0.0
20260818-214257,1787089388771,SELL,-0.0
20260818-214257,1787089388873,SELL,-0.0
20260818-214257,1787089388975,SELL,-0.0
20260818-214257,1787089389077,SELL,-0.0
20260818-214257,1787089389179,SELL,-0.0
20260818-214257,1787089389281,SELL,-0.0
20260818-214257,1787089389383,SELL,-0.0
20260818-214257,1787089389485,SELL,-0.0
20260818-214257,1787089389587,SELL,-0.0
20260818-214257,1787089389689,SELL,-0.0
20260818-214257,1787089389598,SELL,-0.0
20260818-214257,1787089389791,SELL,-0.0
20260818-214257,1787089389893,SELL,-0.0
20260818-214257,1787089389995,SELL,-0.0
20260818-214257,1787089390097,SELL,-0.0
20260818-214257,1787089390199,SELL,-0.0
20260818-214257,1787089390301,SELL,-0.0
20260818-214257,1787089390403,SELL,-0.0
20260818-214257,1787089390505,SELL,-0.0
20260818-214257,1787089390607,SELL,-0.0
20260818-214257,1787089390709,SELL,-0.0
20260818-214257,1787089390811,SELL,-0.0
20260818-214257,1787089390913,SELL,-0.0
20260818-214257,1787089391015,SELL,-0.0
20260818-214257,1787089391117,SELL,-0.0
20260818-214257,1787089391219,SELL,-0.0
20260818-214257,1787089391321,SELL,-0.0
20260818-214257,1787089391251,SELL,-0.0
20260818-214257,1787089391423,SELL,-0.0
20260818-214257,1787089391525,SELL,-0.0
20260818-214257,1787089391627,SELL,-0.0
20260818-214257,1787089391729,SELL,-0.0
20260818-214257,1787089391831,SELL,-0.0
20260818-214257,1787089391933,SELL,-0.0
20260818-214257,1787089392035,SELL,-0.0
20260818-214257,1787089392137,SELL,-0.0
20260818-214257,1787089392239,SELL,-0.0
20260818-214257,1787089392341,SELL,-0.0
20260818-214257,1787089392443,SELL,-0.0
20260818-214257,1787089392545,SELL,-0.0
20260818-214257,1787089392647,SELL,-0.0
20260818-214257,1787089392545,SELL,-0.0
20260818-214257,1787089392749,SELL,-0.0
20260818-214257,1787089392851,SELL,-0.0
20260818-214257,1787089392953,SELL,-0.0
20260818-214257,1787089393055,SELL,-0.0
20260818-214257,1787089393157,SELL,-0.0
20260818-214257,1787089393259,SELL,-0.0
20260818-214257,1787089393361,SELL,-0.0
20260818-214257,1787089393287,SELL,-0.0
20260818-214257,1787089393463,SELL,-0.0
20260818-214257,1787089393565,SELL,-0.0
20260818-214257,1787089393667,SELL,-0.0
20260818-214257,1787089393589,SELL,-0.0
20260818-214257,1787089393769,SELL,-0.0
20260818-214257,1787089393871,SELL,-0.0
20260818-214257,1787089393767,SELL,-0.0
20260818-214257,1787089393973,SELL,-0.0
20260818-214257,1787089394075,SELL,-0.0
20260818-214257,1787089394177,SELL,-0.0
20260818-214257,1787089394279,SELL,-0.0
20260818-214257,1787089394381,SELL,-0.0
20260818-214257,1787089394483,SELL,-0.0
20260818-214257,1787089394585,SELL,-0.0
20260818-214257,1787089394687,SELL,-0.0
20260818-214257,1787089394789,SELL,-0.0
20260818-214257,1787089394891,SELL,-0.0
20260818-214257,1787089394993,SELL,-0.0
20260818-214257,1787089395095,SELL,-0.0
20260818-214257,1787089395197,SELL,-0.0
20260818-214257,1787089395299,SELL,-0.0
20260818-214257,1787089395401,SELL,-0.0
20260818-214257,1787089395503,SELL,-0.0
20260818-214257,1787089395605,SELL,-0.0
20260818-214257,1787089395707,SELL,-0.0
20260818-214257,1787089395809,SELL,-0.0
20260818-214257,1787089395911,SELL,-0.0
20260818-214257,1787089396013,SELL,-0.0
20260818-214257,1787089396115,SELL,-0.0
20260818-214257,1787089396217,SELL,-0.0
20260818-214257,1787089396135,SELL,-0.0
20260818-214257,1787089396319,SELL,-0.0
20260818-214257,1787089396421,SELL,-0.0
20260818-214257,1787089396523,SELL,-0.0
20260818-214257,1787089396625,SELL,-0.0
20260818-214257,1787089396727,SELL,-0.0
20260818-214257,1787089396829,SELL,-0.0
20260818-214257,1787089396931,SELL,-0.0
20260818-214257,1787089397033,SELL,-0.0
20260818-214257,1787089397135,SELL,-0.0
20260818-214257,1787089397022,SELL,-0.0
20260818-214257,1787089397237,SELL,-0.0
20260818-214257,1787089397339,SELL,-0.0
20260818-214257,1787089397441,SELL,-0.0
20260818-214257,1787089397543,SELL,-0.0
20260818-214257,1787089397503,SELL,-0.0
20260818-214257,1787089397645,SELL,-0.0
20260818-214257,1787089397747,SELL,-0.0
20260818-214257,1787089397616,SELL,-0.0
20260818-214257,1787089397849,SELL,-0.0
20260818-214257,1787089397951,SELL,-0.0
20260818-214257,1787089397812,SELL,-0.0
20260818-214257,1787089398053,SELL,-0.0
20260818-214257,1787089398155,SELL,-0.0
20260818-214257,1787089398257,SELL,-0.0
20260818-214257,1787089398359,SELL,-0.0
20260818-214257,1787089398461,SELL,-0.0
20260818-214257,1787089398563,SELL,-0.0
20260818-214257,1787089398665,SELL,-0.0
20260818-214257,1787089398767,SELL,-0.0
20260818-214257,1787089398869,SELL,-0.0
20260818-214257,1787089398971,SELL,-0.0
20260818-214257,1787089399073,SELL,-0.0
20260818-214257,1787089399175,SELL,-0.0
20260818-214257,1787089399277,SELL,-0.0
20260818-214257,1787089399379,SELL,-0.0
20260818-214257,1787089399481,SELL,-0.0
20260818-214257,1787089399583,SELL,-0.0
20260818-214257,1787089399685,SELL,-0.0
20260818-214257,1787089399625,SELL,-0.0
20260818-214257,1787089399787,SELL,-0.0
20260818-214257,1787089399889,SELL,-0.0
20260818-214257,1787089399991,SELL,-0.0
20260818-214257,1787089400093,SELL,-0.0
20260818-214257,1787089400006,SELL,-0.0
20260818-214257,1787089400195,SELL,-0.0
20260818-214257,1787089400297,SELL,-0.0
20260818-214257,1787089400399,SELL,-0.0
20260818-214257,1787089400501,SELL,-0.0
20260818-214257,1787089400513,SELL,0.09295256862894509
20260818-214257,1787089400603,SELL,0.09295256862894509
20260818-214257,1787089400523,SELL,0.09295256862894509
20260818-214257,1787089400705,SELL,0.09295256862894509
20260818-214257,1787089400807,SELL,0.09295256862894509
20260818-214257,1787089402508,SELL,-0.0
20260818-214257,1787089402508,SELL,-0.0
20260818-214257,1787089402508,SELL,-0.0
20260818-214257,1787089402508,SELL,-0.0
20260818-214257,1787089402541,SELL,-0.0
20260818-214257,1787089402508,SELL,-0.0
20260818-214257,1787089402643,SELL,0.43378268571947276
20260818-214257,1787089402522,SELL,-0.0
20260818-214257,1787089402745,SELL,0.43378268571947276
20260818-214257,1787089402847,SELL,0.43378268571947276
20260818-214257,1787089402949,SELL,0.43378268571947276
20260818-214257,1787089403051,SELL,0.43378268571947276
20260818-214257,1787089402953,SELL,0.43378268571947276
20260818-214257,1787089403153,SELL,0.43378268571947276
20260818-214257,1787089403255,SELL,0.43378268571947276
20260818-214257,1787089403357,SELL,0.43378268571947276
20260818-214257,1787089403459,SELL,0.43378268571947276
20260818-214257,1787089403561,SELL,0.43378268571947276
20260818-214257,1787089403663,SELL,0.43378268571947276
20260818-214257,1787089403522,SELL,0.43378268571947276
20260818-214257,1787089403765,SELL,0.43378268571947276
20260818-214257,1787089403867,SELL,0.43378268571947276
20260818-214257,1787089403969,SELL,0.43378268571947276
20260818-214257,1787089404071,SELL,0.43378268571947276
20260818-214257,1787089404173,SELL,0.43378268571947276
20260818-214257,1787089404275,SELL,0.43378268571947276
20260818-214257,1787089404377,SELL,0.43378268571947276
20260818-214257,1787089404230,SELL,0.43378268571947276
20260818-214257,1787089404479,SELL,0.43378268571947276
20260818-214257,1787089404581,SELL,0.43378268571947276
20260818-214257,1787089404603,SELL,0.43378268571947276
20260818-214257,1787089404603,SELL,0.43378268571947276
20260818-214257,1787089404603,SELL,0.43378268571947276
20260818-214257,1787089404604,SELL,0.43378268571947276
20260818-214257,1787089404605,SELL,0.43378268571947276
20260818-214257,1787089404605,SELL,0.43378268571947276
20260818-214257,1787089404609,SELL,0.43378268571947276
20260818-214257,1787089404611,SELL,-0.0
20260818-214257,1787089404611,SELL,-0.0
20260818-214257,1787089404611,SELL,-0.0
20260818-214257,1787089404611,SELL,-0.0
20260818-214257,1787089404611,SELL,-0.0
20260818-214257,1787089404611,SELL,-0.0
20260818-214257,1787089404611,SELL,-0.0
20260818-214257,1787089404683,SELL,-0.0
20260818-214257,1787089404611,SELL,-0.0
20260818-214257,1787089404785,SELL,-0.0
20260818-214257,1787089404887,SELL,-0.0
20260818-214257,1787089404989,SELL,-0.0
20260818-214257,1787089405091,SELL,-0.0
20260818-214257,1787089405193,SELL,-0.0
20260818-214257,1787089405295,SELL,-0.0
20260818-214257,1787089405397,SELL,-0.0
20260818-214257,1787089405499,SELL,-0.0
20260818-214257,1787089405601,SELL,-0.0
20260818-214257,1787089405703,SELL,-0.0
20260818-214257,1787089405805,SELL,-0.0
20260818-214257,1787089405720,SELL,-0.0
20260818-214257,1787089405907,SELL,-0.0
20260818-214257,1787089406009,SELL,-0.0
20260818-214257,1787089405936,SELL,-0.0
20260818-214257,1787089406111,SELL,-0.0
20260818-214257,1787089406213,SELL,-0.0
20260818-214257,1787089406315,SELL,-0.0
20260818-214257,1787089406417,SELL,-0.0
20260818-214257,1787089406519,SELL,-0.0
20260818-214257,1787089406426,SELL,-0.0
20260818-214257,1787089406621,SELL,-0.0
20260818-214257,1787089406723,SELL,-0.0
20260818-214257,1787089406825,SELL,-0.0
20260818-214257,1787089406927,SELL,-0.0
20260818-214257,1787089407029,SELL,-0.0
20260818-214257,1787089406962,SELL,-0.0
20260818-214257,1787089407131,SELL,-0.0
20260818-214257,1787089407233,SELL,-0.0
20260818-214257,1787089407335,SELL,-0.0
20260818-214257,1787089407437,SELL,-0.0
20260818-214257,1787089407539,SELL,-0.0
20260818-214257,1787089407580,SELL,-0.0
20260818-214257,1787089407641,SELL,-0.0
20260818-214257,1787089407743,SELL,-0.0
20260818-214257,1787089407630,SELL,-0.0
20260818-214257,1787089407845,SELL,-0.0
20260818-214257,1787089407947,SELL,-0.0
20260818-214257,1787089408049,SELL,-0.0
20260818-214257,1787089408151,SELL,-0.0
20260818-214257,1787089408253,SELL,-0.0
20260818-214257,1787089408355,SELL,-0.0
20260818-214257,1787089408457,SELL,-0.0
20260818-214257,1787089408559,SELL,-0.0
20260818-214257,1787089408661,SELL,-0.0
20260818-214257,1787089408763,SELL,-0.0
20260818-214257,1787089408865,SELL,-0.0
20260818-214257,1787089408967,SELL,-0.0
20260818-214257,1787089409069,SELL,-0.0
20260818-214257,1787089408926,SELL,-0.0
20260818-214257,1787089409171,SELL,-0.0
20260818-214257,1787089409273,SELL,-0.0
20260818-214257,1787089409375,SELL,-0.0
20260818-214257,1787089409477,SELL,-0.0
20260818-214257,1787089409407,SELL,-0.0
20260818-214257,1787089409579,SELL,-0.0
20260818-214257,1787089409681,SELL,-0.0
20260818-214257,1787089409783,SELL,-0.0
20260818-214257,1787089409885,SELL,-0.0
20260818-214257,1787089409987,SELL,-0.0
20260818-214257,1787089410089,SELL,-0.0
20260818-214257,1787089410191,SELL,-0.0
20260818-214257,1787089410293,SELL,-0.0
20260818-214257,1787089410198,SELL,-0.0
20260818-214257,1787089410395,SELL,-0.0
20260818-214257,1787089410497,SELL,-0.0
20260818-214257,1787089410599,SELL,-0.0
20260818-214257,1787089410701,SELL,-0.0
20260818-214257,1787089410803,SELL,-0.0
20260818-214257,1787089410905,SELL,-0.0
20260818-214257,1787089411007,SELL,-0.0
20260818-214257,1787089411109,SELL,-0.0
20260818-214257,1787089411211,SELL,-0.0
20260818-214257,1787089411313,SELL,-0.0
20260818-214257,1787089411415,SELL,-0.0
20260818-214257,1787089411517,SELL,-0.0
20260818-214257,1787089411619,SELL,-0.0
20260818-214257,1787089411721,SELL,-0.0
20260818-214257,1787089411823,SELL,-0.0
20260818-214257,1787089411925,SELL,-0.0
20260818-214257,1787089412027,SELL,-0.0
20260818-214257,1787089412129,SELL,-0.0
20260818-214257,1787089412231,SELL,-0.0
20260818-214257,1787089412333,SELL,-0.0
20260818-214257,1787089412435,SELL,-0.0
20260818-214257,1787089412537,SELL,-0.0
20260818-214257,1787089412639,SELL,-0.0
20260818-214257,1787089412741,SELL,-0.0
20260818-214257,1787089412843,SELL,-0.0
20260818-214257,1787089412837,SELL,-0.0
20260818-214257,1787089412945,SELL,-0.0
20260818-214257,1787089413047,SELL,-0.0
20260818-214257,1787089412925,SELL,-0.0
20260818-214257,1787089413149,SELL,-0.0
20260818-214257,1787089413251,SELL,-0.0
20260818-214257,1787089413353,SELL,-0.0
20260818-214257,1787089413455,SELL,-0.0
20260818-214257,1787089413557,SELL,-0.0
20260818-214257,1787089413659,SELL,-0.0
20260818-214257,1787089413571,SELL,-0.0
20260818-214257,1787089413761,SELL,0.015492910829973647
20260818-214257,1787089413863,SELL,0.015492910829973647
20260818-214257,1787089413730,SELL,0.015492910829973647
20260818-214257,1787089413965,SELL,0.015492910829973647
20260818-214257,1787089414067,SELL,0.015492910829973647
20260818-214257,1787089414169,SELL,0.015492910829973647
20260818-214257,1787089414093,SELL,0.015492910829973647
20260818-214257,1787089414271,SELL,0.015492910829973647
20260818-214257,1787089414373,SELL,0.015492910829973647
20260818-214257,1787089414475,SELL,0.015492910829973647
20260818-214257,1787089414577,SELL,0.015492910829973647
20260818-214257,1787089414679,SELL,0.015492910829973647
20260818-214257,1787089414542,SELL,0.015492910829973647
20260818-214257,1787089414781,SELL,0.015492910829973647
20260818-214257,1787089414883,SELL,0.015492910829973647
20260818-214257,1787089414985,SELL,0.015492910829973647
20260818-214257,1787089415087,SELL,0.015492910829973647
20260818-214257,1787089415189,SELL,0.015492910829973647
20260818-214257,1787089415291,SELL,0.015492910829973647
20260818-214257,1787089415393,SELL,0.015492910829973647
20260818-214257,1787089415495,SELL,0.015492910829973647
20260818-214257,1787089415597,SELL,0.015492910829973647
20260818-214257,1787089415469,SELL,0.015492910829973647
20260818-214257,1787089415699,SELL,0.015492910829973647
20260818-214257,1787089415801,SELL,-0.0
20260818-214257,1787089415903,SELL,-0.0
20260818-214257,1787089415775,SELL,-0.0
20260818-214257,1787089416005,SELL,-0.0
20260818-214257,1787089416107,SELL,-0.0
20260818-214257,1787089416209,SELL,-0.0
20260818-214257,1787089416311,SELL,-0.0
20260818-214257,1787089416413,SELL,-0.0
20260818-214257,1787089416515,SELL,-0.0
20260818-214257,1787089416617,SELL,-0.0
20260818-214257,1787089416719,SELL,-0.0
20260818-214257,1787089416821,SELL,-0.0
20260818-214257,1787089416923,SELL,-0.0
20260818-214257,1787089417025,SELL,-0.0
20260818-214257,1787089417127,SELL,-0.0
20260818-214257,1787089417229,SELL,-0.0
20260818-214257,1787089417121,SELL,-0.0
20260818-214257,1787089417331,SELL,-0.0
20260818-214257,1787089417433,SELL,-0.0
20260818-214257,1787089417535,SELL,-0.0
20260818-214257,1787089417637,SELL,-0.0
20260818-214257,1787089417739,SELL,-0.0
20260818-214257,1787089417841,SELL,-0.0
20260818-214257,1787089417943,SELL,-0.0
20260818-214257,1787089417859,SELL,-0.0
20260818-214257,1787089418045,SELL,-0.0
20260818-214257,1787089418147,SELL,-0.0
20260818-214257,1787089418003,SELL,-0.0
20260818-214257,1787089418249,SELL,-0.0
20260818-214257,1787089418307,SELL,-0.0
20260818-214257,1787089418351,SELL,-0.0
20260818-214257,1787089418453,SELL,-0.0
20260818-214257,1787089418318,SELL,-0.0
20260818-214257,1787089418555,SELL,-0.0
20260818-214257,1787089418657,SELL,-0.0
20260818-214257,1787089418759,SELL,-0.0
20260818-214257,1787089418635,SELL,-0.0
20260818-214257,1787089418861,SELL,-0.0
20260818-214257,1787089418963,SELL,-0.0
20260818-214257,1787089419065,SELL,-0.0
20260818-214257,1787089419167,SELL,-0.0
20260818-214257,1787089419269,SELL,-0.0
20260818-214257,1787089419371,SELL,-0.0
20260818-214257,1787089419473,SELL,-0.0
20260818-214257,1787089419575,SELL,-0.0
20260818-214257,1787089419677,SELL,-0.0
20260818-214257,1787089419779,SELL,-0.0
20260818-214257,1787089419881,SELL,-0.0
20260818-214257,1787089419983,SELL,-0.0
20260818-214257,1787089420085,SELL,-0.0
20260818-214257,1787089420187,SELL,-0.0
20260818-214257,1787089420042,SELL,-0.0
20260818-214257,1787089420289,SELL,-0.0
20260818-214257,1787089420391,SELL,-0.0
20260818-214257,1787089420493,SELL,-0.0
20260818-214257,1787089420595,SELL,-0.0
20260818-214257,1787089420697,SELL,-0.0
20260818-214257,1787089420799,SELL,-0.0
20260818-214257,1787089420901,SELL,-0.0
20260818-214257,1787089421003,SELL,-0.0
20260818-214257,1787089420855,SELL,-0.0
20260818-214257,1787089421105,SELL,-0.0
20260818-214257,1787089421207,SELL,-0.0
20260818-214257,1787089421309,SELL,-0.0
20260818-214257,1787089421411,SELL,-0.0
20260818-214257,1787089421513,SELL,-0.0
20260818-214257,1787089421464,SELL,-0.0
20260818-214257,1787089421615,SELL,-0.0
20260818-214257,1787089421717,SELL,-0.0
20260818-214257,1787089421654,SELL,-0.0
20260818-214257,1787089421819,SELL,-0.0
20260818-214257,1787089421921,SELL,-0.0
20260818-214257,1787089421795,SELL,-0.0
20260818-214257,1787089422023,SELL,-0.0
20260818-214257,1787089422125,SELL,-0.0
20260818-214257,1787089422227,SELL,-0.0
20260818-214257,1787089422329,SELL,-0.0
20260818-214257,1787089422431,SELL,-0.0
20260818-214257,1787089422533,SELL,-0.0
20260818-214257,1787089422635,SELL,-0.0
20260818-214257,1787089422737,SELL,-0.0
20260818-214257,1787089422839,SELL,-0.0
20260818-214257,1787089422941,SELL,-0.0
20260818-214257,1787089423043,SELL,-0.0
20260818-214257,1787089423145,SELL,-0.0
20260818-214257,1787089423247,SELL,-0.0
20260818-214257,1787089423349,SELL,-0.0
20260818-214257,1787089423451,SELL,-0.0
20260818-214257,1787089423553,SELL,-0.0
20260818-214257,1787089423655,SELL,-0.0
20260818-214257,1787089423757,SELL,-0.0
20260818-214257,1787089423859,SELL,-0.0
20260818-214257,1787089423961,SELL,-0.0
20260818-214257,1787089424063,SELL,-0.0
20260818-214257,1787089424165,SELL,-0.0
20260818-214257,1787089424267,SELL,-0.0
20260818-214257,1787089424369,SELL,-0.0
20260818-214257,1787089424471,SELL,-0.0
20260818-214257,1787089424378,SELL,-0.0
20260818-214257,1787089424573,SELL,-0.0
20260818-214257,1787089424675,SELL,-0.0
20260818-214257,1787089424528,SELL,-0.0
20260818-214257,1787089424777,SELL,-0.0
20260818-214257,1787089424689,SELL,-0.0
20260818-214257,1787089424879,SELL,-0.0
20260818-214257,1787089424981,SELL,-0.0
20260818-214257,1787089425083,SELL,-0.0
20260818-214257,1787089425185,SELL,-0.0
20260818-214257,1787089425287,SELL,-0.0
20260818-214257,1787089425389,SELL,-0.0
20260818-214257,1787089425491,SELL,-0.0
20260818-214257,1787089425593,SELL,-0.0
20260818-214257,1787089425695,SELL,-0.0
20260818-214257,1787089425797,SELL,-0.0
20260818-214257,1787089425899,SELL,-0.0
20260818-214257,1787089426001,SELL,-0.0
20260818-214257,1787089426103,SELL,-0.0
20260818-214257,1787089426205,SELL,-0.0
20260818-214257,1787089426307,SELL,-0.0
20260818-214257,1787089426409,SELL,-0.0
20260818-214257,1787089426511,SELL,-0.0
20260818-214257,1787089426613,SELL,-0.0
20260818-214257,1787089426715,SELL,-0.0
20260818-214257,1787089426639,SELL,-0.0
20260818-214257,1787089426817,SELL,-0.0
20260818-214257,1787089426919,SELL,-0.0
20260818-214257,1787089427021,SELL,-0.0
20260818-214257,1787089427123,SELL,-0.0
20260818-214257,1787089427225,SELL,-0.0
20260818-214257,1787089427327,SELL,-0.0
20260818-214257,1787089427429,SELL,-0.0
20260818-214257,1787089427531,SELL,-0.0
20260818-214257,1787089427633,SELL,-0.0
20260818-214257,1787089427735,SELL,-0.0
20260818-214257,1787089427837,SELL,-0.0
20260818-214257,1787089427939,SELL,-0.0
20260818-214257,1787089428041,SELL,-0.0
20260818-214257,1787089427951,SELL,-0.0
20260818-214257,1787089428143,SELL,-0.0
20260818-214257,1787089428093,SELL,-0.0
20260818-214257,1787089428245,SELL,-0.0
20260818-214257,1787089428347,SELL,-0.0
20260818-214257,1787089428449,SELL,-0.0
20260818-214257,1787089428551,SELL,-0.0
20260818-214257,1787089428653,SELL,-0.0
20260818-214257,1787089428514,SELL,-0.0
20260818-214257,1787089428755,SELL,-0.0
20260818-214257,1787089428857,SELL,-0.0
20260818-214257,1787089428731,SELL,-0.0
20260818-214257,1787089428959,SELL,-0.0
20260818-214257,1787089429061,SELL,-0.0
20260818-214257,1787089429163,SELL,-0.0
20260818-214257,1787089429065,SELL,-0.0
20260818-214257,1787089429265,SELL,-0.0
20260818-214257,1787089429367,SELL,-0.0
20260818-214257,1787089429469,SELL,-0.0
20260818-214257,1787089429571,SELL,-0.0
20260818-214257,1787089429673,SELL,-0.0
20260818-214257,1787089429775,SELL,-0.0
20260818-214257,1787089429877,SELL,-0.0
20260818-214257,1787089429979,SELL,-0.0
20260818-214257,1787089430081,SELL,-0.0
20260818-214257,1787089430183,SELL,-0.0
20260818-214257,1787089430285,SELL,-0.0
20260818-214257,1787089430387,SELL,-0.0
20260818-214257,1787089430249,SELL,-0.0
20260818-214257,1787089430489,SELL,-0.0
20260818-214257,1787089430591,SELL,-0.0
20260818-214257,1787089430693,SELL,-0.0
20260818-214257,1787089430795,SELL,-0.0
20260818-214257,1787089430897,SELL,-0.0
20260818-214257,1787089430999,SELL,-0.0
20260818-214257,1787089431101,SELL,-0.0
20260818-214257,1787089431203,SELL,0.418309240528137
20260818-214257,1787089431305,SELL,0.7281679372159799
20260818-214257,1787089431407,SELL,0.7281679372159799
20260818-214257,1787089431509,SELL,0.7281679372159799
20260818-214257,1787089431611,SELL,1.0225336990707834
20260818-214257,1787089431713,SELL,1.301406526090293
20260818-214257,1787089431815,SELL,1.301406526090293
20260818-214257,1787089431712,SELL,1.301406526090293
20260818-214257,1787089431917,SELL,1.8901380497953908
20260818-214257,1787089432019,SELL,1.8901380497953908
20260818-214257,1787089432121,SELL,1.8901380497953908
20260818-214257,1787089432223,SELL,1.8901380497953908
20260818-214257,1787089432325,SELL,1.8901380497953908
20260818-214257,1787089432427,SELL,1.8901380497953908
20260818-214257,1787089432529,SELL,1.8901380497953908
20260818-214257,1787089432631,SELL,0.04647880450362734
20260818-214257,1787089432733,SELL,-0.015492934833039434
20260818-214257,1787089432835,SELL,-0.015492934833039434
20260818-214257,1787089432937,SELL,-0.015492934833039434
20260818-214257,1787089433039,SELL,-0.015492934833039434
20260818-214257,1787089432998,SELL,-0.015492934833039434
20260818-214257,1787089433133,SELL,-0.9606021426071345
20260818-214257,1787089433133,SELL,-0.9606021426071345
20260818-214257,1787089433133,SELL,-0.9606021426071345
20260818-214257,1787089433133,SELL,-0.9606021426071345
20260818-214257,1787089433133,SELL,-0.9606021426071345
20260818-214257,1787089433133,SELL,-0.9606021426071345
20260818-214257,1787089433133,SELL,-0.9606021426071345
20260818-214257,1787089433133,SELL,-0.9606021426071345
20260818-214257,1787089433133,SELL,-0.9606021426071345
20260818-214257,1787089433133,SELL,-0.9606021426071345
20260818-214257,1787089433133,SELL,-0.9606021426071345
20260818-214257,1787089433133,SELL,-0.9606021426071345
20260818-214257,1787089433133,SELL,-0.9606021426071345
20260818-214257,1787089433133,SELL,-0.9606021426071345
20260818-214257,1787089433141,SELL,-0.9606021426071345
20260818-214257,1787089433133,SELL,-0.9606021426071345
20260818-214257,1787089433208,SELL,-0.9606021426071345
20260818-214257,1787089433208,SELL,-0.9606021426071345
20260818-214257,1787089433208,SELL,-0.9606021426071345
20260818-214257,1787089433208,SELL,-0.9606021426071345
20260818-214257,1787089433208,SELL,-0.9606021426071345
20260818-214257,1787089433208,SELL,-0.9606021426071345
20260818-214257,1787089433208,SELL,-0.9606021426071345
20260818-214257,1787089433208,SELL,-0.9606021426071345
20260818-214257,1787089433208,SELL,-0.9606021426071345
20260818-214257,1787089433208,SELL,-0.9606021426071345
20260818-214257,1787089433208,SELL,-0.9606021426071345
20260818-214257,1787089433208,SELL,-0.9606021426071345
20260818-214257,1787089433221,SELL,-1.2705131711152067
20260818-214257,1787089433221,SELL,-1.2705131711152067
20260818-214257,1787089433221,SELL,-1.2705131711152067
20260818-214257,1787089433243,SELL,-1.3634775494881703
20260818-214257,1787089433345,SELL,-1.3634775494881703
20260818-214257,1787089433221,SELL,-1.2705131711152067
20260818-214257,1787089433447,SELL,-1.3634775494881703
20260818-214257,1787089433549,SELL,-1.3634775494881703
20260818-214257,1787089433651,SELL,-1.657913554527474
20260818-214257,1787089433626,SELL,-1.657913554527474
20260818-214257,1787089433626,SELL,-1.657913554527474
20260818-214257,1787089433626,SELL,-1.657913554527474
20260818-214257,1787089433626,SELL,-1.657913554527474
20260818-214257,1787089433626,SELL,-1.657913554527474
20260818-214257,1787089433626,SELL,-1.657913554527474
20260818-214257,1787089433626,SELL,-1.657913554527474
20260818-214257,1787089433627,SELL,-1.657913554527474
20260818-214257,1787089433627,SELL,-1.657913554527474
20260818-214257,1787089433627,SELL,-1.657913554527474
20260818-214257,1787089433627,SELL,-1.657913554527474
20260818-214257,1787089433627,SELL,-1.657913554527474
20260818-214257,1787089433627,SELL,-1.657913554527474
20260818-214257,1787089433627,SELL,-1.657913554527474
20260818-214257,1787089433753,SELL,-1.9368689196842441
20260818-214257,1787089433701,SELL,-1.9368689196842441
20260818-214257,1787089433746,SELL,-1.9368689196842441
20260818-214257,1787089433746,SELL,-1.9368689196842441
20260818-214257,1787089433746,SELL,-1.9368689196842441
20260818-214257,1787089433746,SELL,-1.9368689196842441
20260818-214257,1787089433746,SELL,-1.9368689196842441
20260818-214257,1787089433746,SELL,-1.9368689196842441
20260818-214257,1787089433746,SELL,-1.9368689196842441
20260818-214257,1787089433746,SELL,-1.9368689196842441
20260818-214257,1787089433746,SELL,-1.9368689196842441
20260818-214257,1787089433746,SELL,-1.9368689196842441
20260818-214257,1787089433855,SELL,-1.9368689196842441
20260818-214257,1787089433746,SELL,-1.9368689196842441
20260818-214257,1787089433957,SELL,-2.5258257939481457
20260818-214257,1787089433785,SELL,-2.5258257939481457
20260818-214257,1787089433946,SELL,-2.5258257939481457
20260818-214257,1787089433946,SELL,-2.5258257939481457
20260818-214257,1787089433946,SELL,-2.5258257939481457
20260818-214257,1787089433946,SELL,-2.5258257939481457
20260818-214257,1787089433946,SELL,-2.5258257939481457
20260818-214257,1787089433946,SELL,-2.5258257939481457
20260818-214257,1787089433946,SELL,-2.5258257939481457
20260818-214257,1787089433946,SELL,-2.5258257939481457
20260818-214257,1787089433946,SELL,-2.5258257939481457
20260818-214257,1787089433946,SELL,-2.5258257939481457
20260818-214257,1787089433946,SELL,-2.5258257939481457
20260818-214257,1787089433946,SELL,-2.5258257939481457
20260818-214257,1787089433946,SELL,-2.5258257939481457
20260818-214257,1787089433946,SELL,-2.5258257939481457
20260818-214257,1787089433946,SELL,-2.5258257939481457
20260818-214257,1787089433946,SELL,-2.5258257939481457
20260818-214257,1787089433946,SELL,-2.5258257939481457
20260818-214257,1787089433946,SELL,-2.5258257939481457
20260818-214257,1787089433946,SELL,-2.5258257939481457
20260818-214257,1787089433946,SELL,-2.5258257939481457
20260818-214257,1787089433946,SELL,-2.5258257939481457
20260818-214257,1787089433946,SELL,-2.5258257939481457
20260818-214257,1787089433946,SELL,-2.5258257939481457
20260818-214257,1787089433946,SELL,-2.5258257939481457
20260818-214257,1787089433946,SELL,-2.5258257939481457
20260818-214257,1787089433946,SELL,-2.5258257939481457
20260818-214257,1787089433946,SELL,-2.5258257939481457
20260818-214257,1787089433946,SELL,-2.5258257939481457
20260818-214257,1787089433946,SELL,-2.5258257939481457
20260818-214257,1787089433946,SELL,-2.5258257939481457
20260818-214257,1787089433946,SELL,-2.5258257939481457
20260818-214257,1787089433946,SELL,-2.5258257939481457
20260818-214257,1787089433946,SELL,-2.5258257939481457
20260818-214257,1787089433946,SELL,-2.5258257939481457
20260818-214257,1787089433946,SELL,-2.5258257939481457
20260818-214257,1787089433946,SELL,-2.5258257939481457
20260818-214257,1787089433946,SELL,-2.5258257939481457
20260818-214257,1787089433946,SELL,-2.5258257939481457
20260818-214257,1787089433946,SELL,-2.5258257939481457
20260818-214257,1787089433956,SELL,-2.5258257939481457
20260818-214257,1787089437731,SELL,0.852004495485538
20260818-214257,1787089437688,SELL,0.852004495485538
20260818-214257,1787089437833,SELL,0.8365148005041908
20260818-214257,1787089437739,SELL,0.8365148005041908
20260818-214257,1787089437935,SELL,0.8365148005041908
20260818-214257,1787089437900,SELL,0.8365148005041908
20260818-214257,1787089437965,SELL,0.8365148005041908
20260818-214257,1787089437967,SELL,0.8365148005041908
20260818-214257,1787089437967,SELL,0.8365148005041908
20260818-214257,1787089437967,SELL,0.8365148005041908
20260818-214257,1787089437969,SELL,0.402783856114115
20260818-214257,1787089437969,SELL,0.402783856114115
20260818-214257,1787089437969,SELL,0.402783856114115
20260818-214257,1787089437969,SELL,0.402783856114115
20260818-214257,1787089437969,SELL,0.402783856114115
20260818-214257,1787089437969,SELL,0.402783856114115
20260818-214257,1787089437969,SELL,0.402783856114115
20260818-214257,1787089437969,SELL,0.402783856114115
20260818-214257,1787089438037,SELL,0.402783856114115
20260818-214257,1787089437969,SELL,0.402783856114115
20260818-214257,1787089438139,SELL,0.402783856114115
20260818-214257,1787089438241,SELL,0.402783856114115
20260818-214257,1787089438234,SELL,0.402783856114115
20260818-214257,1787089438303,SELL,0.402783856114115
20260818-214257,1787089438303,SELL,0.402783856114115
20260818-214257,1787089438303,SELL,0.402783856114115
20260818-214257,1787089438303,SELL,0.402783856114115
20260818-214257,1787089438303,SELL,0.402783856114115
20260818-214257,1787089438303,SELL,0.402783856114115
20260818-214257,1787089438303,SELL,0.402783856114115
20260818-214257,1787089438308,SELL,0.030984525555129063
20260818-214257,1787089438308,SELL,0.030984525555129063
20260818-214257,1787089438308,SELL,0.030984525555129063
20260818-214257,1787089438308,SELL,0.030984525555129063
20260818-214257,1787089438343,SELL,0.030984525555129063
20260818-214257,1787089438445,SELL,0.030984525555129063
20260818-214257,1787089438308,SELL,0.030984525555129063
20260818-214257,1787089438547,SELL,0.030984525555129063
20260818-214257,1787089438550,SELL,0.030984525555129063
20260818-214257,1787089438649,SELL,0.015492286778622312
20260818-214257,1787089438558,SELL,0.015492286778622312
20260818-214257,1787089438751,SELL,0.015492286778622312
20260818-214257,1787089438853,SELL,0.015492286778622312
20260818-214257,1787089438955,SELL,0.015492286778622312
20260818-214257,1787089439057,SELL,0.015492286778622312
20260818-214257,1787089439159,SELL,0.015492286778622312
20260818-214257,1787089439261,SELL,0.015492286778622312
20260818-214257,1787089439363,SELL,0.015492286778622312
20260818-214257,1787089439465,SELL,-0.0
20260818-214257,1787089439446,SELL,-0.0
20260818-214257,1787089439567,SELL,-0.0
20260818-214257,1787089439669,SELL,-0.0
20260818-214257,1787089439527,SELL,-0.0
20260818-214257,1787089439771,SELL,-0.0
20260818-214257,1787089439873,SELL,-0.0
20260818-214257,1787089439975,SELL,-0.0
20260818-214257,1787089440077,SELL,-0.0
20260818-214257,1787089440179,SELL,-0.0
20260818-214257,1787089440091,SELL,-0.0
20260818-214257,1787089440281,SELL,-0.0
20260818-214257,1787089440383,SELL,-0.0
20260818-214257,1787089440231,SELL,-0.0
20260818-214257,1787089440485,SELL,-0.0
20260818-214257,1787089440587,SELL,-0.0
20260818-214257,1787089440689,SELL,-0.0
20260818-214257,1787089440791,SELL,-0.0
20260818-214257,1787089440893,SELL,-0.0
20260818-214257,1787089440835,SELL,-0.0
20260818-214257,1787089440995,SELL,-0.0
20260818-214257,1787089441097,SELL,-0.0
20260818-214257,1787089441199,SELL,-0.0
20260818-214257,1787089441301,SELL,-0.0
20260818-214257,1787089441403,SELL,-0.0
20260818-214257,1787089441505,SELL,-0.0
20260818-214257,1787089441398,SELL,-0.0
20260818-214257,1787089441607,SELL,-0.0
20260818-214257,1787089441709,SELL,-0.0
20260818-214257,1787089441811,SELL,-0.0
20260818-214257,1787089441698,SELL,-0.0
20260818-214257,1787089441913,SELL,-0.0
20260818-214257,1787089442015,SELL,-0.0
20260818-214257,1787089442117,SELL,-0.0
20260818-214257,1787089442049,SELL,-0.0
20260818-214257,1787089442219,SELL,-0.0
20260818-214257,1787089442123,SELL,-0.0
20260818-214257,1787089442321,SELL,-0.0
20260818-214257,1787089442423,SELL,-0.0
20260818-214257,1787089442330,SELL,-0.0
20260818-214257,1787089442525,SELL,-0.0
20260818-214257,1787089442627,SELL,-0.0
20260818-214257,1787089442729,SELL,-0.0
20260818-214257,1787089442831,SELL,-0.0
20260818-214257,1787089442933,SELL,-0.0
20260818-214257,1787089442790,SELL,-0.0
20260818-214257,1787089443035,SELL,-0.0
20260818-214257,1787089443137,SELL,-0.0
20260818-214257,1787089443018,SELL,-0.0
20260818-214257,1787089443239,SELL,-0.0
20260818-214257,1787089443341,SELL,-0.0
20260818-214257,1787089443443,SELL,-0.0
20260818-214257,1787089443545,SELL,-0.0
20260818-214257,1787089443647,SELL,-0.0
20260818-214257,1787089443749,SELL,-0.0
20260818-214257,1787089443851,SELL,-0.0
20260818-214257,1787089443953,SELL,-0.0
20260818-214257,1787089444055,SELL,-0.0
20260818-214257,1787089444157,SELL,-0.0
20260818-214257,1787089444259,SELL,-0.0
20260818-214257,1787089444361,SELL,-0.0
20260818-214257,1787089444463,SELL,-0.0
20260818-214257,1787089444565,SELL,-0.0
20260818-214257,1787089444667,SELL,-0.0
20260818-214257,1787089444769,SELL,-0.0
20260818-214257,1787089444871,SELL,-0.0
20260818-214257,1787089444973,SELL,-0.0
20260818-214257,1787089445075,SELL,-0.0
20260818-214257,1787089445177,SELL,-0.0
20260818-214257,1787089445279,SELL,-0.0
20260818-214257,1787089445381,SELL,-0.0
20260818-214257,1787089445483,SELL,-0.0
20260818-214257,1787089445585,SELL,-0.0
20260818-214257,1787089445687,SELL,-0.0
20260818-214257,1787089445789,SELL,-0.0
20260818-214257,1787089445653,SELL,-0.0
20260818-214257,1787089445891,SELL,-0.0
20260818-214257,1787089445830,SELL,-0.0
20260818-214257,1787089445993,SELL,-0.0
20260818-214257,1787089446095,SELL,-0.0
20260818-214257,1787089446197,SELL,-0.0
20260818-214257,1787089446299,SELL,-0.0
20260818-214257,1787089446401,SELL,-0.0
20260818-214257,1787089446503,SELL,-0.0
20260818-214257,1787089446605,SELL,-0.0
20260818-214257,1787089446707,SELL,-0.0
20260818-214257,1787089446809,SELL,-0.0
20260818-214257,1787089446911,SELL,-0.0
20260818-214257,1787089447013,SELL,-0.0
20260818-214257,1787089447115,SELL,-0.0
20260818-214257,1787089447217,SELL,-0.0
20260818-214257,1787089447319,SELL,-0.0
20260818-214257,1787089447421,SELL,-0.0
20260818-214257,1787089447523,SELL,-0.0
20260818-214257,1787089447625,SELL,-0.0
20260818-214257,1787089447727,SELL,-0.0
20260818-214257,1787089447629,SELL,-0.0
20260818-214257,1787089447829,SELL,-0.0
20260818-214257,1787089447771,SELL,-0.0
20260818-214257,1787089447931,SELL,-0.0
20260818-214257,1787089448033,SELL,-0.0
20260818-214257,1787089448135,SELL,-0.0
20260818-214257,1787089448237,SELL,-0.0
20260818-214257,1787089448339,SELL,-0.0
20260818-214257,1787089448441,SELL,-0.0
20260818-214257,1787089448543,SELL,-0.0
20260818-214257,1787089448645,SELL,-0.0
20260818-214257,1787089448747,SELL,-0.0
20260818-214257,1787089448849,SELL,-0.0
20260818-214257,1787089448951,SELL,-0.0
20260818-214257,1787089449053,SELL,-0.0
20260818-214257,1787089449155,SELL,-0.0
20260818-214257,1787089449100,SELL,-0.0
20260818-214257,1787089449257,SELL,-0.0
20260818-214257,1787089449359,SELL,-0.0
20260818-214257,1787089449461,SELL,-0.0
20260818-214257,1787089449563,SELL,-0.0
20260818-214257,1787089449461,SELL,-0.0
20260818-214257,1787089449665,SELL,-0.0
20260818-214257,1787089449767,SELL,-0.0
20260818-214257,1787089449869,SELL,-0.0
20260818-214257,1787089449971,SELL,-0.0
20260818-214257,1787089450073,SELL,-0.0
20260818-214257,1787089449994,SELL,-0.0
20260818-214257,1787089450175,SELL,-0.0
20260818-214257,1787089450277,SELL,-0.0
20260818-214257,1787089450379,SELL,-0.0
20260818-214257,1787089450481,SELL,-0.0
20260818-214257,1787089450583,SELL,-0.0
20260818-214257,1787089450685,SELL,-0.0
20260818-214257,1787089450631,SELL,-0.0
20260818-214257,1787089450787,SELL,-0.0
20260818-214257,1787089450889,SELL,-0.0
20260818-214257,1787089450991,SELL,-0.0
20260818-214257,1787089450872,SELL,-0.0
20260818-214257,1787089451093,SELL,-0.0
20260818-214257,1787089451195,SELL,-0.0
20260818-214257,1787089451297,SELL,-0.0
20260818-214257,1787089451399,SELL,-0.0
20260818-214257,1787089451501,SELL,-0.0
20260818-214257,1787089451603,SELL,-0.0
20260818-214257,1787089451705,SELL,-0.0
20260818-214257,1787089451807,SELL,-0.0
20260818-214257,1787089451909,SELL,-0.0
20260818-214257,1787089452011,SELL,-0.0
20260818-214257,1787089452113,SELL,-0.0
20260818-214257,1787089452215,SELL,-0.0
20260818-214257,1787089452317,SELL,-0.0
20260818-214257,1787089452419,SELL,-0.0
20260818-214257,1787089452521,SELL,-0.0
20260818-214257,1787089452623,SELL,-0.0
20260818-214257,1787089452725,SELL,-0.0
20260818-214257,1787089452827,SELL,-0.0
20260818-214257,1787089452929,SELL,-0.0
20260818-214257,1787089453031,SELL,-0.0
20260818-214257,1787089453133,SELL,-0.0
20260818-214257,1787089453235,SELL,-0.0
20260818-214257,1787089453337,SELL,-0.0
20260818-214257,1787089453439,SELL,-0.0
20260818-214257,1787089453541,SELL,-0.0
20260818-214257,1787089453643,SELL,-0.0
20260818-214257,1787089453745,SELL,-0.0
20260818-214257,1787089453605,SELL,-0.0
20260818-214257,1787089453847,SELL,-0.0
20260818-214257,1787089453949,SELL,-0.0
20260818-214257,1787089454051,SELL,-0.0
20260818-214257,1787089454153,SELL,-0.0
20260818-214257,1787089454255,SELL,-0.0
20260818-214257,1787089454145,SELL,-0.0
20260818-214257,1787089454357,SELL,-0.0
20260818-214257,1787089454459,SELL,-0.0
20260818-214257,1787089454561,SELL,-0.0
20260818-214257,1787089454503,SELL,-0.0
20260818-214257,1787089454663,SELL,-0.0
20260818-214257,1787089454765,SELL,-0.0
20260818-214257,1787089454668,SELL,-0.0
20260818-214257,1787089454867,SELL,-0.0
20260818-214257,1787089454969,SELL,-0.0
20260818-214257,1787089455071,SELL,-0.0
20260818-214257,1787089455173,SELL,-0.0
20260818-214257,1787089455080,SELL,-0.0
20260818-214257,1787089455275,SELL,-0.0
20260818-214257,1787089455377,SELL,-0.0
20260818-214257,1787089455479,SELL,-0.0
20260818-214257,1787089455581,SELL,-0.0
20260818-214257,1787089455530,SELL,-0.0
20260818-214257,1787089455683,SELL,-0.0
20260818-214257,1787089455785,SELL,-0.0
20260818-214257,1787089455887,SELL,-0.0
20260818-214257,1787089455989,SELL,-0.0
20260818-214257,1787089456091,SELL,-0.0
20260818-214257,1787089456193,SELL,-0.0
20260818-214257,1787089456295,SELL,-0.0
20260818-214257,1787089456397,SELL,-0.0
20260818-214257,1787089456499,SELL,-0.0
20260818-214257,1787089456601,SELL,-0.0
20260818-214257,1787089456703,SELL,-0.0
20260818-214257,1787089456805,SELL,-0.0
20260818-214257,1787089456907,SELL,-0.0
20260818-214257,1787089456779,SELL,-0.0
20260818-214257,1787089457009,SELL,-0.0
20260818-214257,1787089457111,SELL,-0.0
20260818-214257,1787089457213,SELL,-0.0
20260818-214257,1787089457315,SELL,-0.0
20260818-214257,1787089457417,SELL,-0.0
20260818-214257,1787089457519,SELL,-0.0
20260818-214257,1787089457621,SELL,-0.0
20260818-214257,1787089457723,SELL,-0.0
20260818-214257,1787089457622,SELL,-0.0
20260818-214257,1787089457825,SELL,-0.0
20260818-214257,1787089457927,SELL,-0.0
20260818-214257,1787089458029,SELL,-0.0
20260818-214257,1787089458131,SELL,-0.0
20260818-214257,1787089458233,SELL,-0.0
20260818-214257,1787089458335,SELL,-0.0
20260818-214257,1787089458437,SELL,-0.0
20260818-214257,1787089458539,SELL,-0.0
20260818-214257,1787089458641,SELL,-0.0
20260818-214257,1787089458743,SELL,-0.0
20260818-214257,1787089458845,SELL,-0.0
20260818-214257,1787089458947,SELL,-0.6196924311541075
20260818-214257,1787089459049,SELL,-0.6196924311541075
20260818-214257,1787089459151,SELL,-1.3633233485394873
20260818-214257,1787089459253,SELL,-1.8745696042420767
20260818-214257,1787089459355,SELL,-1.8745696042420767
20260818-214257,1787089459457,SELL,-2.308354306050403
20260818-214257,1787089459559,SELL,-2.308354306050403
20260818-214257,1787089459661,SELL,-2.308354306050403
20260818-214257,1787089459763,SELL,-2.308354306050403
20260818-214257,1787089459865,SELL,-2.308354306050403
20260818-214257,1787089459967,SELL,-2.308354306050403
20260818-214257,1787089460069,SELL,-2.308354306050403
20260818-214257,1787089460171,SELL,-2.308354306050403
20260818-214257,1787089460273,SELL,-2.308354306050403
20260818-214257,1787089460375,SELL,-2.308354306050403
20260818-214257,1787089460477,SELL,-2.308354306050403
20260818-214257,1787089460579,SELL,-2.308354306050403
20260818-214257,1787089460512,SELL,-2.308354306050403
20260818-214257,1787089460681,SELL,-2.308354306050403
20260818-214257,1787089460783,SELL,-2.308354306050403
20260818-214257,1787089460885,SELL,-2.308354306050403
20260818-214257,1787089460891,SELL,-2.308354306050403
20260818-214257,1787089460899,SELL,-2.308354306050403
20260818-214257,1787089460902,SELL,-2.308354306050403
20260818-214257,1787089460902,SELL,-2.308354306050403
20260818-214257,1787089460902,SELL,-2.308354306050403
20260818-214257,1787089460911,SELL,-2.308354306050403
20260818-214257,1787089460911,SELL,-2.308354306050403
20260818-214257,1787089460911,SELL,-2.308354306050403
20260818-214257,1787089460911,SELL,-2.308354306050403
20260818-214257,1787089460911,SELL,-2.308354306050403
20260818-214257,1787089460911,SELL,-2.308354306050403
20260818-214257,1787089460911,SELL,-2.308354306050403
20260818-214257,1787089460911,SELL,-2.308354306050403
20260818-214257,1787089460911,SELL,-2.308354306050403
20260818-214257,1787089460920,SELL,-2.308354306050403
20260818-214257,1787089460920,SELL,-2.308354306050403
20260818-214257,1787089460924,SELL,-2.308354306050403
20260818-214257,1787089490057,SELL,1.7190153294362511
20260818-214257,1787089490059,SELL,1.7190153294362511
20260818-214257,1787089490088,SELL,1.7190153294362511
20260818-214257,1787089490094,SELL,1.7190153294362511
20260818-214257,1787089490094,SELL,1.7190153294362511
20260818-214257,1787089490094,SELL,1.7190153294362511
20260818-214257,1787089490094,SELL,1.7190153294362511
20260818-214257,1787089490094,SELL,1.7190153294362511
20260818-214257,1787089490094,SELL,1.7190153294362511
20260818-214257,1787089490103,SELL,1.7190153294362511
20260818-214257,1787089490113,SELL,1.7190153294362511
20260818-214257,1787089490113,SELL,1.7190153294362511
20260818-214257,1787089490113,SELL,1.7190153294362511
20260818-214257,1787089490135,SELL,1.7190153294362511
20260818-214257,1787089490138,SELL,1.7190153294362511
20260818-214257,1787089490142,SELL,1.7190153294362511
20260818-214257,1787089490142,SELL,1.7190153294362511
20260818-214257,1787089490142,SELL,1.7190153294362511
20260818-214257,1787089490142,SELL,1.7190153294362511
20260818-214257,1787089490142,SELL,1.7190153294362511
20260818-214257,1787089490142,SELL,1.7190153294362511
20260818-214257,1787089490142,SELL,1.7190153294362511
20260818-214257,1787089490142,SELL,1.7190153294362511
20260818-214257,1787089490147,SELL,1.7190153294362511
20260818-214257,1787089490149,SELL,1.7190153294362511
20260818-214257,1787089490151,SELL,1.7190153294362511
20260818-214257,1787089490151,SELL,1.7190153294362511
20260818-214257,1787089490154,SELL,1.7190153294362511
20260818-214257,1787089490155,SELL,1.7190153294362511
20260818-214257,1787089490159,SELL,0.8518382281764855
20260818-214257,1787089490159,SELL,0.8518382281764855
20260818-214257,1787089490193,SELL,0.8518382281764855
20260818-214257,1787089490200,SELL,0.8518382281764855
20260818-214257,1787089490202,SELL,0.8518382281764855
20260818-214257,1787089490205,SELL,0.8518382281764855
20260818-214257,1787089490206,SELL,0.8518382281764855
20260818-214257,1787089490209,SELL,0.8518382281764855
20260818-214257,1787089490209,SELL,0.8518382281764855
20260818-214257,1787089490213,SELL,0.8518382281764855
20260818-214257,1787089490213,SELL,0.8518382281764855
20260818-214257,1787089490218,SELL,0.8518382281764855
20260818-214257,1787089490218,SELL,0.8518382281764855
20260818-214257,1787089490218,SELL,0.8518382281764855
20260818-214257,1787089490219,SELL,0.8518382281764855
20260818-214257,1787089490219,SELL,0.8518382281764855
20260818-214257,1787089490261,SELL,0.49563262470730024
20260818-214257,1787089490222,SELL,0.49563262470730024
20260818-214257,1787089490319,SELL,0.49563262470730024
20260818-214257,1787089490319,SELL,0.49563262470730024
20260818-214257,1787089490328,SELL,0.49563262470730024
20260818-214257,1787089490328,SELL,0.49563262470730024
20260818-214257,1787089490328,SELL,0.49563262470730024
20260818-214257,1787089490328,SELL,0.49563262470730024
20260818-214257,1787089490328,SELL,0.49563262470730024
20260818-214257,1787089490328,SELL,0.49563262470730024
20260818-214257,1787089490331,SELL,0.49563262470730024
20260818-214257,1787089490337,SELL,0.49563262470730024
20260818-214257,1787089490337,SELL,0.49563262470730024
20260818-214257,1787089490337,SELL,0.49563262470730024
20260818-214257,1787089490337,SELL,0.49563262470730024
20260818-214257,1787089490337,SELL,0.49563262470730024
20260818-214257,1787089490337,SELL,0.49563262470730024
20260818-214257,1787089490337,SELL,0.49563262470730024
20260818-214257,1787089490337,SELL,0.49563262470730024
20260818-214257,1787089490337,SELL,0.49563262470730024
20260818-214257,1787089490337,SELL,0.49563262470730024
20260818-214257,1787089490337,SELL,0.49563262470730024
20260818-214257,1787089490340,SELL,0.49563262470730024
20260818-214257,1787089490340,SELL,0.49563262470730024
20260818-214257,1787089490342,SELL,0.49563262470730024
20260818-214257,1787089490363,SELL,-0.0
20260818-214257,1787089490465,SELL,-0.0
20260818-214257,1787089490344,SELL,-0.0
20260818-214257,1787089493117,SELL,0.6195887634479805
20260818-214257,1787089493135,SELL,0.6195887634479805
20260818-214257,1787089493145,SELL,0.6195887634479805
20260818-214257,1787089493146,SELL,0.6195887634479805
20260818-214257,1787089493148,SELL,0.6195887634479805
20260818-214257,1787089493148,SELL,0.6195887634479805
20260818-214257,1787089493150,SELL,0.6195887634479805
20260818-214257,1787089493150,SELL,0.6195887634479805
20260818-214257,1787089493150,SELL,0.6195887634479805
20260818-214257,1787089493150,SELL,0.6195887634479805
20260818-214257,1787089493155,SELL,0.6195887634479805
20260818-214257,1787089493157,SELL,0.6195887634479805
20260818-214257,1787089493159,SELL,-0.0
20260818-214257,1787089493219,SELL,-0.0
20260818-214257,1787089493159,SELL,-0.0
20260818-214257,1787089493321,SELL,-0.0
20260818-214257,1787089493423,SELL,-0.0
20260818-214257,1787089493525,SELL,-0.0
20260818-214257,1787089493627,SELL,-0.0
20260818-214257,1787089493729,SELL,-0.0
20260818-214257,1787089493831,SELL,-0.0
20260818-214257,1787089493933,SELL,-0.0
20260818-214257,1787089494035,SELL,-0.0
20260818-214257,1787089494137,SELL,-0.0
20260818-214257,1787089494011,SELL,-0.0
20260818-214257,1787089494239,SELL,-0.0
20260818-214257,1787089494171,SELL,-0.0
20260818-214257,1787089494341,SELL,-0.0
20260818-214257,1787089494443,SELL,-0.0
20260818-214257,1787089494376,SELL,-0.0
20260818-214257,1787089494545,SELL,-0.0
20260818-214257,1787089494480,SELL,-0.0
20260818-214257,1787089494647,SELL,-0.0
20260818-214257,1787089494749,SELL,-0.0
20260818-214257,1787089494608,SELL,-0.0
20260818-214257,1787089494851,SELL,-0.0
20260818-214257,1787089494953,SELL,-0.0
20260818-214257,1787089494899,SELL,-0.0
20260818-214257,1787089495055,SELL,-0.0
20260818-214257,1787089495157,SELL,-0.0
20260818-214257,1787089495259,SELL,-0.0
20260818-214257,1787089495361,SELL,-0.0
20260818-214257,1787089495463,SELL,-0.0
20260818-214257,1787089495565,SELL,-0.0
20260818-214257,1787089495667,SELL,-0.0
20260818-214257,1787089495769,SELL,-0.0
20260818-214257,1787089495871,SELL,-0.0
20260818-214257,1787089495743,SELL,-0.0
20260818-214257,1787089495973,SELL,-0.0
20260818-214257,1787089496075,SELL,-0.0
20260818-214257,1787089496177,SELL,-0.0
20260818-214257,1787089496041,SELL,-0.0
20260818-214257,1787089496279,SELL,-0.0
20260818-214257,1787089496381,SELL,-0.0
20260818-214257,1787089496483,SELL,-0.0
20260818-214257,1787089496585,SELL,-0.0
20260818-214257,1787089496687,SELL,-0.0
20260818-214257,1787089496789,SELL,-0.0
20260818-214257,1787089496891,SELL,-0.0
20260818-214257,1787089496993,SELL,-0.0
20260818-214257,1787089496882,SELL,-0.0
20260818-214257,1787089497095,SELL,-0.0
20260818-214257,1787089497197,SELL,-0.0
20260818-214257,1787089497299,SELL,-0.0
20260818-214257,1787089497401,SELL,-0.0
20260818-214257,1787089497302,SELL,-0.0
20260818-214257,1787089497503,SELL,-0.0
20260818-214257,1787089497403,SELL,-0.0
20260818-214257,1787089497605,SELL,-0.0
20260818-214257,1787089497560,SELL,-0.0
20260818-214257,1787089497707,SELL,-0.0
20260818-214257,1787089497631,SELL,-0.0
20260818-214257,1787089497809,SELL,-0.0
20260818-214257,1787089497911,SELL,-0.0
20260818-214257,1787089497827,SELL,-0.0
20260818-214257,1787089498013,SELL,-0.0
20260818-214257,1787089498115,SELL,-0.0
20260818-214257,1787089498217,SELL,-0.0
20260818-214257,1787089498128,SELL,-0.0
20260818-214257,1787089498319,SELL,-0.0
20260818-214257,1787089498421,SELL,-0.0
20260818-214257,1787089498523,SELL,-0.0
20260818-214257,1787089498625,SELL,-0.0
20260818-214257,1787089498727,SELL,-0.0
20260818-214257,1787089498829,SELL,-0.0
20260818-214257,1787089498931,SELL,-0.0
20260818-214257,1787089499033,SELL,-0.0
20260818-214257,1787089499135,SELL,-0.0
20260818-214257,1787089499237,SELL,-0.0
20260818-214257,1787089499339,SELL,-0.0
20260818-214257,1787089499441,SELL,-0.0
20260818-214257,1787089499543,SELL,0.89845937453331
20260818-214257,1787089499645,SELL,0.89845937453331
20260818-214257,1787089499747,SELL,0.89845937453331
20260818-214257,1787089499849,SELL,0.89845937453331
20260818-214257,1787089499951,SELL,0.89845937453331
20260818-214257,1787089500053,SELL,0.89845937453331
20260818-214257,1787089500155,SELL,0.89845937453331
20260818-214257,1787089500257,SELL,0.89845937453331
20260818-214257,1787089500112,SELL,0.89845937453331
20260818-214257,1787089500359,SELL,0.89845937453331
20260818-214257,1787089500461,SELL,0.89845937453331
20260818-214257,1787089500563,SELL,0.89845937453331
20260818-214257,1787089500665,SELL,0.89845937453331
20260818-214257,1787089500522,SELL,0.89845937453331
20260818-214257,1787089500767,SELL,0.89845937453331
20260818-214257,1787089500869,SELL,0.89845937453331
20260818-214257,1787089500971,SELL,0.89845937453331
20260818-214257,1787089501073,SELL,0.89845937453331
20260818-214257,1787089501175,SELL,0.89845937453331
20260818-214257,1787089501053,SELL,0.89845937453331
20260818-214257,1787089501277,SELL,0.89845937453331
20260818-214257,1787089501379,SELL,1.053366163245872
20260818-214257,1787089501340,SELL,1.053366163245872
20260818-214257,1787089501443,SELL,1.053366163245872
20260818-214257,1787089501453,SELL,1.053366163245872
20260818-214257,1787089501453,SELL,1.053366163245872
20260818-214257,1787089501453,SELL,1.053366163245872
20260818-214257,1787089501453,SELL,1.053366163245872
20260818-214257,1787089501453,SELL,1.053366163245872
20260818-214257,1787089501453,SELL,1.053366163245872
20260818-214257,1787089501457,SELL,1.053366163245872
20260818-214257,1787089501457,SELL,1.053366163245872
20260818-214257,1787089501457,SELL,1.053366163245872
20260818-214257,1787089501457,SELL,1.053366163245872
20260818-214257,1787089501457,SELL,1.053366163245872
20260818-214257,1787089501457,SELL,1.053366163245872
20260818-214257,1787089501457,SELL,1.053366163245872
20260818-214257,1787089501457,SELL,1.053366163245872
20260818-214257,1787089501457,SELL,1.053366163245872
20260818-214257,1787089501465,SELL,1.347689061798838
20260818-214257,1787089501467,SELL,1.347689061798838
20260818-214257,1787089501467,SELL,1.347689061798838
20260818-214257,1787089501467,SELL,1.347689061798838
20260818-214257,1787089501472,SELL,1.347689061798838
20260818-214257,1787089501472,SELL,1.347689061798838
20260818-214257,1787089501475,SELL,1.347689061798838
20260818-214257,1787089501475,SELL,1.347689061798838
20260818-214257,1787089501479,SELL,1.347689061798838
20260818-214257,1787089501479,SELL,1.347689061798838
20260818-214257,1787089501480,SELL,1.347689061798838
20260818-214257,1787089501484,SELL,1.347689061798838
20260818-214257,1787089501484,SELL,1.347689061798838
20260818-214257,1787089501481,SELL,0.5886904812626652
20260818-214257,1787089501583,SELL,0.4492700523545515
20260818-214257,1787089501525,SELL,0.4492700523545515
20260818-214257,1787089501685,SELL,0.4492700523545515
20260818-214257,1787089501787,SELL,0.4492700523545515
20260818-214257,1787089501889,SELL,0.4492700523545515
20260818-214257,1787089501900,SELL,0.4492700523545515
20260818-214257,1787089501991,SELL,0.4492700523545515
20260818-214257,1787089502093,SELL,0.4492700523545515
20260818-214257,1787089501962,SELL,0.4492700523545515
20260818-214257,1787089502195,SELL,0.4492700523545515
20260818-214257,1787089502297,SELL,0.4492700523545515
20260818-214257,1787089502399,SELL,0.4492700523545515
20260818-214257,1787089502501,SELL,0.4492700523545515
20260818-214257,1787089502409,SELL,0.4492700523545515
20260818-214257,1787089502603,SELL,0.4492700523545515
20260818-214257,1787089502705,SELL,0.4492700523545515
20260818-214257,1787089502807,SELL,0.4492700523545515
20260818-214257,1787089502909,SELL,0.4492700523545515
20260818-214257,1787089503011,SELL,0.4492700523545515
20260818-214257,1787089502900,SELL,0.4492700523545515
20260818-214257,1787089503113,SELL,0.4492700523545515
20260818-214257,1787089503215,SELL,0.4492700523545515
20260818-214257,1787089503317,SELL,0.4492700523545515
20260818-214257,1787089503333,SELL,0.4492700523545515
20260818-214257,1787089503333,SELL,0.4492700523545515
20260818-214257,1787089503333,SELL,0.4492700523545515
20260818-214257,1787089503333,SELL,0.4492700523545515
20260818-214257,1787089503419,SELL,0.2943539047972993
20260818-214257,1787089503399,SELL,0.2943539047972993
20260818-214257,1787089503438,SELL,0.2943539047972993
20260818-214257,1787089503438,SELL,0.2943539047972993
20260818-214257,1787089503438,SELL,0.2943539047972993
20260818-214257,1787089503438,SELL,0.2943539047972993
20260818-214257,1787089503452,SELL,0.2943539047972993
20260818-214257,1787089503452,SELL,0.2943539047972993
20260818-214257,1787089503452,SELL,0.2943539047972993
20260818-214257,1787089503452,SELL,0.2943539047972993
20260818-214257,1787089503452,SELL,0.2943539047972993
20260818-214257,1787089503460,SELL,0.2943539047972993
20260818-214257,1787089503460,SELL,0.2943539047972993
20260818-214257,1787089503521,SELL,-0.0
20260818-214257,1787089503507,SELL,-0.0
20260818-214257,1787089503623,SELL,-0.0
20260818-214257,1787089503569,SELL,-0.0
20260818-214257,1787089503725,SELL,-0.0
20260818-214257,1787089503827,SELL,-0.0
20260818-214257,1787089503694,SELL,-0.0
20260818-214257,1787089503929,SELL,-0.0
20260818-214257,1787089504031,SELL,-0.0
20260818-214257,1787089503939,SELL,-0.0
20260818-214257,1787089504133,SELL,-0.0
20260818-214257,1787089504068,SELL,-0.0
20260818-214257,1787089504235,SELL,-0.0
20260818-214257,1787089504337,SELL,-0.0
20260818-214257,1787089504439,SELL,-0.0
20260818-214257,1787089504388,SELL,-0.0
20260818-214257,1787089504541,SELL,-0.0
20260818-214257,1787089504643,SELL,-0.6197106725797393
20260818-214257,1787089504745,SELL,-0.6197106725797393
20260818-214257,1787089504847,SELL,-0.8675949416125369
20260818-214257,1787089504949,SELL,-0.8675949416125369
20260818-214257,1787089505051,SELL,-3.82671340317944
20260818-214257,1787089505153,SELL,-4.291496407614244
20260818-214257,1787089505255,SELL,-4.337974708058176
20260818-214257,1787089505156,SELL,-4.291496407614244
20260818-214257,1787089505357,SELL,-2.8041907934242225
20260818-214257,1787089505281,SELL,-2.8041907934242225
20260818-214257,1787089505459,SELL,-2.8041907934242225
20260818-214257,1787089505410,SELL,-2.8041907934242225
20260818-214257,1787089505561,SELL,-2.8041907934242225
20260818-214257,1787089505663,SELL,-2.8041907934242225
20260818-214257,1787089505765,SELL,-2.8041907934242225
20260818-214257,1787089505867,SELL,-2.8041907934242225
20260818-214257,1787089505969,SELL,-2.8041907934242225
20260818-214257,1787089506071,SELL,-2.8041907934242225
20260818-214257,1787089506173,SELL,-2.8041907934242225
20260818-214257,1787089506275,SELL,-2.8041907934242225
20260818-214257,1787089506127,SELL,-2.8041907934242225
20260818-214257,1787089506377,SELL,-2.8041907934242225
20260818-214257,1787089506299,SELL,-2.8041907934242225
20260818-214257,1787089506418,SELL,-2.8041907934242225
20260818-214257,1787089506479,SELL,-2.8041907934242225
20260818-214257,1787089506473,SELL,-2.8041907934242225
20260818-214257,1787089506517,SELL,-2.8041907934242225
20260818-214257,1787089506517,SELL,-2.8041907934242225
20260818-214257,1787089506517,SELL,-2.8041907934242225
20260818-214257,1787089506517,SELL,-2.8041907934242225
20260818-214257,1787089506517,SELL,-2.8041907934242225
20260818-214257,1787089506519,SELL,-2.8041907934242225
20260818-214257,1787089506525,SELL,-2.8041907934242225
20260818-214257,1787089506525,SELL,-2.8041907934242225
20260818-214257,1787089506525,SELL,-2.8041907934242225
20260818-214257,1787089506525,SELL,-2.8041907934242225
20260818-214257,1787089506525,SELL,-2.8041907934242225
20260818-214257,1787089506526,SELL,-2.8041907934242225
20260818-214257,1787089506528,SELL,-2.8041907934242225
20260818-214257,1787089506528,SELL,-2.8041907934242225
20260818-214257,1787089506528,SELL,-2.8041907934242225
20260818-214257,1787089506528,SELL,-2.8041907934242225
20260818-214257,1787089506528,SELL,-2.8041907934242225
20260818-214257,1787089506528,SELL,-2.8041907934242225
20260818-214257,1787089506529,SELL,-2.8041907934242225
20260818-214257,1787089506535,SELL,-2.8041907934242225
20260818-214257,1787089506535,SELL,-2.8041907934242225
20260818-214257,1787089506535,SELL,-2.8041907934242225
20260818-214257,1787089506535,SELL,-2.8041907934242225
20260818-214257,1787089506535,SELL,-2.8041907934242225
20260818-214257,1787089506535,SELL,-2.8041907934242225
20260818-214257,1787089506535,SELL,-2.8041907934242225
20260818-214257,1787089506557,SELL,-2.8041907934242225
20260818-214257,1787089507295,SELL,-0.0
20260818-214257,1787089507397,SELL,-0.0
20260818-214257,1787089507276,SELL,-0.0
20260818-214257,1787089507499,SELL,-0.0
20260818-214257,1787089507426,SELL,-0.0
20260818-214257,1787089507601,SELL,-0.0
20260818-214257,1787089507703,SELL,-0.0
20260818-214257,1787089507805,SELL,-0.0
20260818-214257,1787089507907,SELL,-0.0
20260818-214257,1787089508009,SELL,-0.0
20260818-214257,1787089508111,SELL,-0.0
20260818-214257,1787089508213,SELL,-0.0
20260818-214257,1787089508315,SELL,-0.0
20260818-214257,1787089508417,SELL,-0.0
20260818-214257,1787089508519,SELL,-0.0
20260818-214257,1787089508621,SELL,-0.0
20260818-214257,1787089508723,SELL,-0.0
20260818-214257,1787089508825,SELL,-0.0
20260818-214257,1787089508927,SELL,-0.0
20260818-214257,1787089509029,SELL,-0.0
20260818-214257,1787089509131,SELL,-0.0
20260818-214257,1787089509233,SELL,-0.0
20260818-214257,1787089509335,SELL,-0.0
20260818-214257,1787089509437,SELL,-0.0
20260818-214257,1787089509539,SELL,-0.0
20260818-214257,1787089509641,SELL,-0.0
20260818-214257,1787089509743,SELL,-0.0
20260818-214257,1787089509845,SELL,-0.0
20260818-214257,1787089509730,SELL,-0.0
20260818-214257,1787089509947,SELL,-0.0
20260818-214257,1787089510049,SELL,-0.0
20260818-214257,1787089510151,SELL,-0.0
20260818-214257,1787089510253,SELL,-0.0
20260818-214257,1787089510355,SELL,-0.0
20260818-214257,1787089510457,SELL,-0.0
20260818-214257,1787089510559,SELL,-0.0
20260818-214257,1787089510661,SELL,-0.0
20260818-214257,1787089510763,SELL,-0.0
20260818-214257,1787089510642,SELL,-0.0
20260818-214257,1787089510865,SELL,-0.0
20260818-214257,1787089510967,SELL,-0.0
20260818-214257,1787089511069,SELL,-0.0
20260818-214257,1787089510930,SELL,-0.0
20260818-214257,1787089511171,SELL,-0.0
20260818-214257,1787089511273,SELL,1.2235854616376887
20260818-214257,1787089511375,SELL,1.2390738852013534
20260818-214257,1787089511326,SELL,1.2390738852013534
20260818-214257,1787089511477,SELL,1.2390738852013534
20260818-214257,1787089511579,SELL,2.1374024519727852
20260818-214257,1787089511436,SELL,1.2390738852013534
20260818-214257,1787089511681,SELL,2.1374024519727852
20260818-214257,1787089511651,SELL,2.1374024519727852
20260818-214257,1787089511783,SELL,2.1374024519727852
20260818-214257,1787089511728,SELL,2.1374024519727852
20260818-214257,1787089511885,SELL,2.1374024519727852
20260818-214257,1787089511987,SELL,2.1374024519727852
20260818-214257,1787089511895,SELL,2.1374024519727852
20260818-214257,1787089512089,SELL,2.1374024519727852
20260818-214257,1787089512191,SELL,2.1374024519727852
20260818-214257,1787089512293,SELL,2.1374024519727852
20260818-214257,1787089512181,SELL,2.1374024519727852
20260818-214257,1787089512311,SELL,2.1374024519727852
20260818-214257,1787089512395,SELL,2.1374024519727852
20260818-214257,1787089512497,SELL,2.1374024519727852
20260818-214257,1787089512599,SELL,2.1374024519727852
20260818-214257,1787089512526,SELL,2.1374024519727852
20260818-214257,1787089512701,SELL,2.1374024519727852
20260818-214257,1787089512652,SELL,2.1374024519727852
20260818-214257,1787089512803,SELL,2.1374024519727852
20260818-214257,1787089512905,SELL,2.1374024519727852
20260818-214257,1787089513007,SELL,2.1374024519727852
20260818-214257,1787089513109,SELL,2.1374024519727852
20260818-214257,1787089513122,SELL,2.1374024519727852
20260818-214257,1787089513124,SELL,2.1374024519727852
20260818-214257,1787089513127,SELL,2.1374024519727852
20260818-214257,1787089513127,SELL,2.1374024519727852
20260818-214257,1787089513131,SELL,2.1374024519727852
20260818-214257,1787089513132,SELL,2.1374024519727852
20260818-214257,1787089513134,SELL,2.1374024519727852
20260818-214257,1787089513135,SELL,2.1374024519727852
20260818-214257,1787089513135,SELL,2.1374024519727852
20260818-214257,1787089513142,SELL,2.1374024519727852
20260818-214257,1787089513150,SELL,2.1374024519727852
20260818-214257,1787089513150,SELL,2.1374024519727852
20260818-214257,1787089513153,SELL,2.1374024519727852
20260818-214257,1787089513153,SELL,2.1374024519727852
20260818-214257,1787089513154,SELL,2.1374024519727852
20260818-214257,1787089513154,SELL,2.1374024519727852
20260818-214257,1787089513168,SELL,2.1374024519727852
20260818-214257,1787089513170,SELL,2.1374024519727852
20260818-214257,1787089513174,SELL,2.1374024519727852
20260818-214257,1787089513176,SELL,2.1374024519727852
20260818-214257,1787089513176,SELL,2.1374024519727852
20260818-214257,1787089513176,SELL,2.1374024519727852
20260818-214257,1787089513199,SELL,2.1374024519727852
20260818-214257,1787089513202,SELL,2.1374024519727852
20260818-214257,1787089513202,SELL,2.1374024519727852
20260818-214257,1787089513209,SELL,2.1374024519727852
20260818-214257,1787089513212,SELL,2.1374024519727852
20260818-214257,1787089513212,SELL,2.1374024519727852
20260818-214257,1787089513212,SELL,2.1374024519727852
20260818-214257,1787089513212,SELL,2.1374024519727852
20260818-214257,1787089513212,SELL,2.1374024519727852
20260818-214257,1787089513212,SELL,2.1374024519727852
20260818-214257,1787089513219,SELL,1.4714982407851294
20260818-214257,1787089513219,SELL,1.4714982407851294
20260818-214257,1787089513219,SELL,1.4714982407851294
20260818-214257,1787089513211,SELL,1.4714982407851294
20260818-214257,1787089513219,SELL,1.4714982407851294
20260818-214257,1787089513227,SELL,1.4714982407851294
20260818-214257,1787089513229,SELL,1.4714982407851294
20260818-214257,1787089513229,SELL,1.4714982407851294
20260818-214257,1787089513229,SELL,1.4714982407851294
20260818-214257,1787089513234,SELL,1.4714982407851294
20260818-214257,1787089513235,SELL,1.4714982407851294
20260818-214257,1787089513235,SELL,1.4714982407851294
20260818-214257,1787089513252,SELL,1.4714982407851294
20260818-214257,1787089513254,SELL,1.4714982407851294
20260818-214257,1787089513254,SELL,1.4714982407851294
20260818-214257,1787089513254,SELL,1.4714982407851294
20260818-214257,1787089513260,SELL,1.4714982407851294
20260818-214257,1787089513260,SELL,1.4714982407851294
20260818-214257,1787089513260,SELL,1.4714982407851294
20260818-214257,1787089513313,SELL,0.9139288173364829
20260818-214257,1787089513415,SELL,0.898439890111958
20260818-214257,1787089513385,SELL,0.898439890111958
20260818-214257,1787089513515,SELL,0.7590373856884554
20260818-214257,1787089513515,SELL,0.7590373856884554
20260818-214257,1787089513517,SELL,0.7590373856884554
20260818-214257,1787089513515,SELL,0.7590373856884554
20260818-214257,1787089513515,SELL,0.7590373856884554
20260818-214257,1787089513515,SELL,0.7590373856884554
20260818-214257,1787089513515,SELL,0.7590373856884554
20260818-214257,1787089513515,SELL,0.7590373856884554
20260818-214257,1787089513515,SELL,0.7590373856884554
20260818-214257,1787089513515,SELL,0.7590373856884554
20260818-214257,1787089513517,SELL,0.7590373856884554
20260818-214257,1787089513517,SELL,0.7590373856884554
20260818-214257,1787089513523,SELL,0.7590373856884554
20260818-214257,1787089513524,SELL,0.7590373856884554
20260818-214257,1787089513532,SELL,0.7590373856884554
20260818-214257,1787089513532,SELL,0.7590373856884554
20260818-214257,1787089513532,SELL,0.7590373856884554
20260818-214257,1787089513532,SELL,0.7590373856884554
20260818-214257,1787089513532,SELL,0.7590373856884554
20260818-214257,1787089513532,SELL,0.7590373856884554
20260818-214257,1787089513532,SELL,0.7590373856884554
20260818-214257,1787089513535,SELL,0.7590373856884554
20260818-214257,1787089513538,SELL,0.7590373856884554
20260818-214257,1787089513538,SELL,0.7590373856884554
20260818-214257,1787089513538,SELL,0.7590373856884554
20260818-214257,1787089513542,SELL,0.7590373856884554
20260818-214257,1787089513546,SELL,0.7590373856884554
20260818-214257,1787089513546,SELL,0.7590373856884554
20260818-214257,1787089513546,SELL,0.7590373856884554
20260818-214257,1787089513546,SELL,0.7590373856884554
20260818-214257,1787089513548,SELL,0.7590373856884554
20260818-214257,1787089513550,SELL,-0.0
20260818-214257,1787089513550,SELL,-0.0
20260818-214257,1787089513550,SELL,-0.0
20260818-214257,1787089513619,SELL,-0.0
20260818-214257,1787089513550,SELL,-0.0
20260818-214257,1787089513721,SELL,-0.0
20260818-214257,1787089513823,SELL,-0.0
20260818-214257,1787089513752,SELL,-0.0
20260818-214257,1787089513925,SELL,-0.0
20260818-214257,1787089513832,SELL,-0.0
20260818-214257,1787089514027,SELL,-0.0
20260818-214257,1787089513963,SELL,-0.0
20260818-214257,1787089514129,SELL,-0.0
20260818-214257,1787089514231,SELL,-0.0
20260818-214257,1787089514163,SELL,-0.0
20260818-214257,1787089514333,SELL,-0.0
20260818-214257,1787089514337,SELL,-0.0
20260818-214257,1787089514435,SELL,-0.0
20260818-214257,1787089514537,SELL,-0.0
20260818-214257,1787089514414,SELL,-0.0
20260818-214257,1787089514639,SELL,-0.0
20260818-214257,1787089514541,SELL,-0.0
20260818-214257,1787089514741,SELL,-0.0
20260818-214257,1787089514843,SELL,-0.0
20260818-214257,1787089514945,SELL,-0.0
20260818-214257,1787089514831,SELL,-0.0
20260818-214257,1787089515047,SELL,-0.0
20260818-214257,1787089515149,SELL,-0.0
20260818-214257,1787089515251,SELL,-0.0
20260818-214257,1787089515353,SELL,-0.0
20260818-214257,1787089515455,SELL,-0.0
20260818-214257,1787089515557,SELL,-0.0
20260818-214257,1787089515446,SELL,-0.0
20260818-214257,1787089515659,SELL,-0.0
20260818-214257,1787089515558,SELL,-0.0
20260818-214257,1787089515761,SELL,-0.0
20260818-214257,1787089515863,SELL,-0.0
20260818-214257,1787089515965,SELL,-0.0
20260818-214257,1787089515831,SELL,-0.0
20260818-214257,1787089516067,SELL,-0.0
20260818-214257,1787089516169,SELL,-0.0
20260818-214257,1787089516271,SELL,-0.0
20260818-214257,1787089516373,SELL,-0.0
20260818-214257,1787089516475,SELL,-0.0
20260818-214257,1787089516577,SELL,-0.0
20260818-214257,1787089516679,SELL,-0.0
20260818-214257,1787089516781,SELL,-0.0
20260818-214257,1787089516883,SELL,-0.0
20260818-214257,1787089516985,SELL,-0.0
20260818-214257,1787089516845,SELL,-0.0
20260818-214257,1787089517087,SELL,-0.0
20260818-214257,1787089517189,SELL,-0.0
20260818-214257,1787089517291,SELL,-0.0
20260818-214257,1787089517393,SELL,-0.0
20260818-214257,1787089517495,SELL,-0.0
20260818-214257,1787089517597,SELL,-0.0
20260818-214257,1787089517699,SELL,-0.0
20260818-214257,1787089517801,SELL,-0.0
20260818-214257,1787089517903,SELL,-0.0
20260818-214257,1787089518005,SELL,-0.0
20260818-214257,1787089518107,SELL,-0.0
20260818-214257,1787089518209,SELL,-0.0
20260818-214257,1787089518311,SELL,-0.0
20260818-214257,1787089518413,SELL,-0.0
20260818-214257,1787089518515,SELL,-0.0
20260818-214257,1787089518617,SELL,-0.0
20260818-214257,1787089518719,SELL,-0.0
20260818-214257,1787089518821,SELL,-0.0
20260818-214257,1787089518690,SELL,-0.0
20260818-214257,1787089518923,SELL,-0.0
20260818-214257,1787089519025,SELL,-0.0
20260818-214257,1787089519127,SELL,-0.0
20260818-214257,1787089519229,SELL,-0.0
20260818-214257,1787089519331,SELL,-0.0
20260818-214257,1787089519433,SELL,-0.0
20260818-214257,1787089519535,SELL,-0.0
20260818-214257,1787089519637,SELL,-0.0
20260818-214257,1787089519739,SELL,-0.0
20260818-214257,1787089519841,SELL,-0.0
20260818-214257,1787089519943,SELL,-0.0
20260818-214257,1787089520045,SELL,-0.0
20260818-214257,1787089520147,SELL,-0.0
20260818-214257,1787089520249,SELL,-0.0
20260818-214257,1787089520351,SELL,-0.0
20260818-214257,1787089520453,SELL,-0.0
20260818-214257,1787089520320,SELL,-0.0
20260818-214257,1787089520555,SELL,-0.0
20260818-214257,1787089520657,SELL,-0.0
20260818-214257,1787089520759,SELL,-0.0
20260818-214257,1787089520861,SELL,-0.0
20260818-214257,1787089520963,SELL,-0.0
20260818-214257,1787089521065,SELL,-0.0
20260818-214257,1787089520996,SELL,-0.0
20260818-214257,1787089521167,SELL,-0.0
20260818-214257,1787089521269,SELL,-0.0
20260818-214257,1787089521164,SELL,-0.0
20260818-214257,1787089521304,SELL,-0.0
20260818-214257,1787089521371,SELL,-0.0
20260818-214257,1787089521369,SELL,-0.0
20260818-214257,1787089521473,SELL,-0.0
20260818-214257,1787089521575,SELL,-0.0
20260818-214257,1787089521442,SELL,-0.0
20260818-214257,1787089521677,SELL,-0.0
20260818-214257,1787089521621,SELL,-0.0
20260818-214257,1787089521779,SELL,-0.0
20260818-214257,1787089521881,SELL,-0.0
20260818-214257,1787089521983,SELL,-0.0
20260818-214257,1787089522085,SELL,-0.0
20260818-214257,1787089522187,SELL,-0.0
20260818-214257,1787089522289,SELL,-0.0
20260818-214257,1787089522391,SELL,-0.0
20260818-214257,1787089522493,SELL,-0.0
20260818-214257,1787089522595,SELL,-0.0
20260818-214257,1787089522697,SELL,-0.0
20260818-214257,1787089522799,SELL,-0.0
20260818-214257,1787089522648,SELL,-0.0
20260818-214257,1787089522901,SELL,-0.0
20260818-214257,1787089523003,SELL,-0.0
20260818-214257,1787089523105,SELL,-0.0
20260818-214257,1787089523207,SELL,-0.0
20260818-214257,1787089523309,SELL,-0.0
20260818-214257,1787089523411,SELL,-0.0
20260818-214257,1787089523513,SELL,-0.0
20260818-214257,1787089523615,SELL,-0.0
20260818-214257,1787089523717,SELL,-0.0
20260818-214257,1787089523658,SELL,-0.0
20260818-214257,1787089523819,SELL,-0.0
20260818-214257,1787089523921,SELL,-0.0
20260818-214257,1787089524023,SELL,-0.0
20260818-214257,1787089524125,SELL,-0.0
20260818-214257,1787089524227,SELL,-0.0
20260818-214257,1787089524329,SELL,-0.0
20260818-214257,1787089524276,SELL,-0.0
20260818-214257,1787089524431,SELL,-0.0
20260818-214257,1787089524533,SELL,-0.0
20260818-214257,1787089524635,SELL,-0.0
20260818-214257,1787089524737,SELL,-0.0
20260818-214257,1787089524839,SELL,-0.0
20260818-214257,1787089524941,SELL,-0.0
20260818-214257,1787089525043,SELL,-0.0
20260818-214257,1787089524901,SELL,-0.0
20260818-214257,1787089525145,SELL,-0.0
20260818-214257,1787089525247,SELL,-0.0
20260818-214257,1787089525349,SELL,-0.0
20260818-214257,1787089525451,SELL,-0.0
20260818-214257,1787089525553,SELL,-0.0
20260818-214257,1787089525655,SELL,-0.0
20260818-214257,1787089525757,SELL,-0.0
20260818-214257,1787089525859,SELL,-0.0
20260818-214257,1787089525961,SELL,-0.0
20260818-214257,1787089526063,SELL,-0.0
20260818-214257,1787089525917,SELL,-0.0
20260818-214257,1787089526165,SELL,-0.0
20260818-214257,1787089526267,SELL,-0.0
20260818-214257,1787089526369,SELL,-0.0
20260818-214257,1787089526471,SELL,-0.0
20260818-214257,1787089526573,SELL,-0.0
20260818-214257,1787089526675,SELL,-0.0
20260818-214257,1787089526777,SELL,-0.0
20260818-214257,1787089526879,SELL,-0.0
20260818-214257,1787089526981,SELL,-0.0
20260818-214257,1787089527083,SELL,-0.0
20260818-214257,1787089527185,SELL,-0.0
20260818-214257,1787089527287,SELL,-0.0
20260818-214257,1787089527223,SELL,-0.0
20260818-214257,1787089527389,SELL,-0.0
20260818-214257,1787089527315,SELL,-0.0
20260818-214257,1787089527491,SELL,-0.0
20260818-214257,1787089527593,SELL,-0.0
20260818-214257,1787089527695,SELL,-0.0
20260818-214257,1787089527797,SELL,-0.0
20260818-214257,1787089527705,SELL,-0.0
20260818-214257,1787089527899,SELL,-0.0
20260818-214257,1787089528001,SELL,-0.0
20260818-214257,1787089528103,SELL,-0.0
20260818-214257,1787089528205,SELL,-0.0
20260818-214257,1787089528307,SELL,-0.0
20260818-214257,1787089528409,SELL,-0.0
20260818-214257,1787089528511,SELL,-0.0
20260818-214257,1787089528613,SELL,-0.0
20260818-214257,1787089528715,SELL,-0.0
20260818-214257,1787089528817,SELL,-0.0
20260818-214257,1787089528919,SELL,-0.0
20260818-214257,1787089529021,SELL,-0.0
20260818-214257,1787089529123,SELL,-0.0
20260818-214257,1787089529225,SELL,-0.0
20260818-214257,1787089529327,SELL,-0.0
20260818-214257,1787089529429,SELL,-0.0
20260818-214257,1787089529531,SELL,-0.0
20260818-214257,1787089529633,SELL,-0.0
20260818-214257,1787089529735,SELL,-0.0
20260818-214257,1787089529837,SELL,-0.0
20260818-214257,1787089529939,SELL,-0.0
20260818-214257,1787089530041,SELL,-0.0
20260818-214257,1787089530143,SELL,-0.0
20260818-214257,1787089530245,SELL,-0.0
20260818-214257,1787089530179,SELL,-0.0
20260818-214257,1787089530347,SELL,-0.0
20260818-214257,1787089530449,SELL,-0.0
20260818-214257,1787089530381,SELL,-0.0
20260818-214257,1787089530551,SELL,-0.0
20260818-214257,1787089530653,SELL,-0.0
20260818-214257,1787089530755,SELL,-0.0
20260818-214257,1787089530857,SELL,-1.5646652119914188
20260818-214257,1787089530959,SELL,-1.5646652119914188
20260818-214257,1787089531061,SELL,-1.5646652119914188
20260818-214257,1787089531163,SELL,-2.1223676637917244
20260818-214257,1787089531265,SELL,-2.1223676637917244
20260818-214257,1787089531367,SELL,-2.1223676637917244
20260818-214257,1787089531469,SELL,-2.1223676637917244
20260818-214257,1787089531376,SELL,-2.1223676637917244
20260818-214257,1787089531571,SELL,-2.1223676637917244
20260818-214257,1787089531673,SELL,-2.1223676637917244
20260818-214257,1787089531775,SELL,-2.1223676637917244
20260818-214257,1787089531877,SELL,-2.1223676637917244
20260818-214257,1787089531979,SELL,-2.1223676637917244
20260818-214257,1787089532081,SELL,-2.1223676637917244
20260818-214257,1787089532183,SELL,-2.1223676637917244
20260818-214257,1787089532285,SELL,-2.1223676637917244
20260818-214257,1787089532387,SELL,-2.1223676637917244
20260818-214257,1787089532489,SELL,-2.1223676637917244
20260818-214257,1787089532591,SELL,-2.1223676637917244
20260818-214257,1787089548605,SELL,1.7654396602913411
20260818-214257,1787089548603,SELL,1.7654396602913411
20260818-214257,1787089548613,SELL,1.7654396602913411
20260818-214257,1787089548613,SELL,1.7654396602913411
20260818-214257,1787089548613,SELL,1.7654396602913411
20260818-214257,1787089548613,SELL,1.7654396602913411
20260818-214257,1787089548613,SELL,1.7654396602913411
20260818-214257,1787089548613,SELL,1.7654396602913411
20260818-214257,1787089548613,SELL,1.7654396602913411
20260818-214257,1787089548613,SELL,1.7654396602913411
20260818-214257,1787089548613,SELL,1.7654396602913411
20260818-214257,1787089548613,SELL,1.7654396602913411
20260818-214257,1787089548613,SELL,1.7654396602913411
20260818-214257,1787089548615,SELL,1.7654396602913411
20260818-214257,1787089548619,SELL,1.7654396602913411
20260818-214257,1787089548620,SELL,1.7654396602913411
20260818-214257,1787089548620,SELL,1.7654396602913411
20260818-214257,1787089548620,SELL,1.7654396602913411
20260818-214257,1787089548620,SELL,1.7654396602913411
20260818-214257,1787089548621,SELL,1.7654396602913411
20260818-214257,1787089548627,SELL,1.7654396602913411
20260818-214257,1787089548627,SELL,1.7654396602913411
20260818-214257,1787089548628,SELL,1.7654396602913411
20260818-214257,1787089548633,SELL,1.7654396602913411
20260818-214257,1787089548633,SELL,1.7654396602913411
20260818-214257,1787089548633,SELL,1.7654396602913411
20260818-214257,1787089548633,SELL,1.7654396602913411
20260818-214257,1787089548633,SELL,1.7654396602913411
20260818-214257,1787089548636,SELL,1.7654396602913411
20260818-214257,1787089548640,SELL,1.7654396602913411
20260818-214257,1787089548642,SELL,1.7654396602913411
20260818-214257,1787089548642,SELL,1.7654396602913411
20260818-214257,1787089548644,SELL,1.7654396602913411
20260818-214257,1787089548644,SELL,1.7654396602913411
20260818-214257,1787089548644,SELL,1.7654396602913411
20260818-214257,1787089548644,SELL,1.7654396602913411
20260818-214257,1787089548644,SELL,1.7654396602913411
20260818-214257,1787089548644,SELL,1.7654396602913411
20260818-214257,1787089548647,SELL,1.7654396602913411
20260818-214257,1787089548650,SELL,1.7654396602913411
20260818-214257,1787089548653,SELL,1.7654396602913411
20260818-214257,1787089548653,SELL,1.7654396602913411
20260818-214257,1787089548653,SELL,1.7654396602913411
20260818-214257,1787089548654,SELL,1.7654396602913411
20260818-214257,1787089548654,SELL,1.7654396602913411
20260818-214257,1787089548654,SELL,1.7654396602913411
20260818-214257,1787089548654,SELL,1.7654396602913411
20260818-214257,1787089548659,SELL,1.7654396602913411
20260818-214257,1787089548706,SELL,1.7654396602913411
20260818-214257,1787089548707,SELL,0.5420872683060934
20260818-214257,1787089548707,SELL,0.5420872683060934
20260818-214257,1787089548810,SELL,0.5420872683060934
20260818-214257,1787089548813,SELL,0.5420872683060934
20260818-214257,1787089548813,SELL,0.5420872683060934
20260818-214257,1787089548815,SELL,0.5420872683060934
20260818-214257,1787089548815,SELL,0.5420872683060934
20260818-214257,1787089548817,SELL,0.5420872683060934
20260818-214257,1787089548809,SELL,0.5420872683060934
20260818-214257,1787089548818,SELL,0.5420872683060934
20260818-214257,1787089548822,SELL,0.5420872683060934
20260818-214257,1787089548822,SELL,0.5420872683060934
20260818-214257,1787089548826,SELL,0.5420872683060934
20260818-214257,1787089548828,SELL,0.5420872683060934
20260818-214257,1787089548828,SELL,0.5420872683060934
20260818-214257,1787089548828,SELL,0.5420872683060934
20260818-214257,1787089548828,SELL,0.5420872683060934
20260818-214257,1787089548828,SELL,0.5420872683060934
20260818-214257,1787089548828,SELL,0.5420872683060934
20260818-214257,1787089548828,SELL,0.5420872683060934
20260818-214257,1787089548829,SELL,-0.0
20260818-214257,1787089548829,SELL,-0.0
20260818-214257,1787089548829,SELL,-0.0
20260818-214257,1787089548829,SELL,-0.0
20260818-214257,1787089548829,SELL,-0.0
20260818-214257,1787089548829,SELL,-0.0
20260818-214257,1787089548829,SELL,-0.0
20260818-214257,1787089548911,SELL,-0.0
20260818-214257,1787089548829,SELL,-0.0
20260818-214257,1787089549013,SELL,-0.0
20260818-214257,1787089549115,SELL,-0.0
20260818-214257,1787089549062,SELL,-0.0
20260818-214257,1787089549217,SELL,-0.0
20260818-214257,1787089549234,SELL,-0.0
20260818-214257,1787089549319,SELL,-0.0
20260818-214257,1787089549268,SELL,-0.0
20260818-214257,1787089549421,SELL,-1.0687442642112674
20260818-214257,1787089549523,SELL,-1.3940142576680463
20260818-214257,1787089549625,SELL,-1.3940142576680463
20260818-214257,1787089549727,SELL,-1.3940142576680463
20260818-214257,1787089549829,SELL,-1.3940142576680463
20260818-214257,1787089549931,SELL,-1.3940142576680463
20260818-214257,1787089550033,SELL,-1.3940142576680463
20260818-214257,1787089550135,SELL,-1.3940142576680463
20260818-214257,1787089550237,SELL,-1.610860919971063
20260818-214257,1787089550339,SELL,-1.610860919971063
20260818-214257,1787089550441,SELL,-1.610860919971063
20260818-214257,1787089550365,SELL,-1.610860919971063
20260818-214257,1787089550543,SELL,-1.610860919971063
20260818-214257,1787089550645,SELL,-1.610860919971063
20260818-214257,1787089550747,SELL,-1.610860919971063
20260818-214257,1787089550849,SELL,-1.610860919971063
20260818-214257,1787089550704,SELL,-1.610860919971063
20260818-214257,1787089550951,SELL,-1.610860919971063
20260818-214257,1787089550860,SELL,-1.610860919971063
20260818-214257,1787089551053,SELL,-1.610860919971063
20260818-214257,1787089551155,SELL,-1.610860919971063
20260818-214257,1787089551092,SELL,-1.610860919971063
20260818-214257,1787089551257,SELL,-1.610860919971063
20260818-214257,1787089551298,SELL,-1.610860919971063
20260818-214257,1787089551300,SELL,-1.610860919971063
20260818-214257,1787089551305,SELL,-1.610860919971063
20260818-214257,1787089551309,SELL,-1.610860919971063
20260818-214257,1787089551309,SELL,-1.610860919971063
20260818-214257,1787089551309,SELL,-1.610860919971063
20260818-214257,1787089551309,SELL,-1.610860919971063
20260818-214257,1787089551309,SELL,-1.610860919971063
20260818-214257,1787089551309,SELL,-1.610860919971063
20260818-214257,1787089551309,SELL,-1.610860919971063
20260818-214257,1787089551316,SELL,-1.610860919971063
20260818-214257,1787089551319,SELL,-0.8363437837577669
20260818-214257,1787089551319,SELL,-0.8363437837577669
20260818-214257,1787089551319,SELL,-0.8363437837577669
20260818-214257,1787089551319,SELL,-0.8363437837577669
20260818-214257,1787089551319,SELL,-0.8363437837577669
20260818-214257,1787089551319,SELL,-0.8363437837577669
20260818-214257,1787089551319,SELL,-0.8363437837577669
20260818-214257,1787089551319,SELL,-0.8363437837577669
20260818-214257,1787089551319,SELL,-0.8363437837577669
20260818-214257,1787089551319,SELL,-0.8363437837577669
20260818-214257,1787089551319,SELL,-0.8363437837577669
20260818-214558,1787089560540,BUY,0.0
20260818-214558,1787089560743,BUY,0.0
20260818-214558,1787089560845,BUY,0.0
20260818-214558,1787089560947,BUY,0.0
20260818-214558,1787089561049,BUY,0.0
20260818-214558,1787089561151,BUY,0.0
20260818-214558,1787089561253,BUY,0.0
20260818-214558,1787089561355,BUY,0.0
20260818-214558,1787089561457,BUY,0.0
20260818-214558,1787089561559,BUY,0.0
20260818-214558,1787089561661,BUY,0.0
20260818-214558,1787089561763,BUY,0.0
20260818-214558,1787089561865,BUY,0.0
20260818-214558,1787089561802,BUY,0.0
20260818-214558,1787089561967,BUY,0.0
20260818-214558,1787089562069,BUY,0.0
20260818-214558,1787089562171,BUY,0.0
20260818-214558,1787089562036,BUY,0.0
20260818-214558,1787089562273,BUY,0.0
20260818-214558,1787089562375,BUY,0.0
20260818-214558,1787089562235,BUY,0.0
20260818-214558,1787089562477,BUY,0.0
20260818-214558,1787089562579,BUY,0.0
20260818-214558,1787089562681,BUY,0.0
20260818-214558,1787089562783,BUY,0.0
20260818-214558,1787089562885,BUY,0.0
20260818-214558,1787089562987,BUY,0.0
20260818-214558,1787089562863,BUY,0.0
20260818-214558,1787089563089,BUY,0.0
20260818-214558,1787089563191,BUY,0.0
20260818-214558,1787089563293,BUY,0.0
20260818-214558,1787089563229,BUY,0.0
20260818-214558,1787089563395,BUY,0.0
20260818-214558,1787089563497,BUY,0.0
20260818-214558,1787089563599,BUY,0.0
20260818-214558,1787089563701,BUY,0.0
20260818-214558,1787089563803,BUY,0.0
20260818-214558,1787089563905,BUY,0.0
20260818-214558,1787089564007,BUY,0.0
20260818-214558,1787089564109,BUY,0.0
20260818-214558,1787089564211,BUY,0.0
20260818-214558,1787089564313,BUY,0.0
20260818-214558,1787089564197,BUY,0.0
20260818-214558,1787089564415,BUY,0.0
20260818-214558,1787089564517,BUY,0.0
20260818-214558,1787089564619,BUY,0.0
20260818-214558,1787089564721,BUY,0.0
20260818-214558,1787089564823,BUY,0.0
20260818-214558,1787089564925,BUY,0.0
20260818-214558,1787089565027,BUY,0.0
20260818-214558,1787089565129,BUY,0.0
20260818-214558,1787089565231,BUY,0.0
20260818-214558,1787089565127,BUY,0.0
20260818-214558,1787089565333,BUY,0.0
20260818-214558,1787089565435,BUY,0.0
20260818-214558,1787089565537,BUY,0.0
20260818-214558,1787089565639,BUY,0.0
20260818-214558,1787089565741,BUY,0.0
20260818-214558,1787089565843,BUY,0.0
20260818-214558,1787089565945,BUY,0.0
20260818-214558,1787089566047,BUY,0.0
20260818-214558,1787089566149,BUY,0.0
20260818-214558,1787089566251,BUY,0.0
20260818-214558,1787089566353,BUY,0.0
20260818-214558,1787089566279,BUY,0.0
20260818-214558,1787089566455,BUY,0.0
20260818-214558,1787089566557,BUY,0.0
20260818-214558,1787089566659,BUY,0.0
20260818-214558,1787089566761,BUY,0.0
20260818-214558,1787089566863,BUY,0.0
20260818-214558,1787089566965,BUY,0.0
20260818-214558,1787089567067,BUY,0.0
20260818-214558,1787089567169,BUY,0.0
20260818-214558,1787089567271,BUY,0.0
20260818-214558,1787089567373,BUY,0.0
20260818-214558,1787089567277,BUY,0.0
20260818-214558,1787089567475,BUY,0.0
20260818-214558,1787089567577,BUY,0.0
20260818-214558,1787089567499,BUY,0.0
20260818-214558,1787089567679,BUY,0.0
20260818-214558,1787089567781,BUY,0.0
20260818-214558,1787089567883,BUY,0.0
20260818-214558,1787089567985,BUY,0.0
20260818-214558,1787089568087,BUY,0.0
20260818-214558,1787089568189,BUY,0.0
20260818-214558,1787089568291,BUY,0.0
20260818-214558,1787089568393,BUY,0.0
20260818-214558,1787089568495,BUY,0.0
20260818-214558,1787089568597,BUY,0.0
20260818-214558,1787089568699,BUY,0.0
20260818-214558,1787089568801,BUY,0.0
20260818-214558,1787089568903,BUY,0.0
20260818-214558,1787089569005,BUY,0.0
20260818-214558,1787089569107,BUY,0.0
20260818-214558,1787089569209,BUY,0.0
20260818-214558,1787089569311,BUY,0.0
20260818-214558,1787089569413,BUY,0.0
20260818-214558,1787089569515,BUY,0.0
20260818-214558,1787089569617,BUY,0.0
20260818-214558,1787089569719,BUY,0.0
20260818-214558,1787089569605,BUY,0.0
20260818-214558,1787089569821,BUY,0.0
20260818-214558,1787089569923,BUY,0.0
20260818-214558,1787089570025,BUY,0.0
20260818-214558,1787089569958,BUY,0.0
20260818-214558,1787089570127,BUY,0.0
20260818-214558,1787089570229,BUY,0.0
20260818-214558,1787089570331,BUY,0.0
20260818-214558,1787089570433,BUY,0.0
20260818-214558,1787089570535,BUY,0.0
20260818-214558,1787089570637,BUY,0.0
20260818-214558,1787089570739,BUY,0.0
20260818-214558,1787089570841,BUY,0.0
20260818-214558,1787089570943,BUY,0.0
20260818-214558,1787089571045,BUY,0.0
20260818-214558,1787089571147,BUY,0.0
20260818-214558,1787089571249,BUY,0.0
20260818-214558,1787089571351,BUY,0.0
20260818-214558,1787089571453,BUY,0.0
20260818-214558,1787089571555,BUY,0.0
20260818-214558,1787089571657,BUY,0.0
20260818-214558,1787089571506,BUY,0.0
20260818-214558,1787089571759,BUY,0.0
20260818-214558,1787089571861,BUY,0.0
20260818-214558,1787089571963,BUY,0.0
20260818-214558,1787089572065,BUY,0.0
20260818-214558,1787089571972,BUY,0.0
20260818-214558,1787089572167,BUY,0.0
20260818-214558,1787089572269,BUY,0.0
20260818-214558,1787089572371,BUY,0.0
20260818-214558,1787089572473,BUY,0.0
20260818-214558,1787089572575,BUY,0.0
20260818-214558,1787089572677,BUY,0.0
20260818-214558,1787089572779,BUY,0.0
20260818-214558,1787089572881,BUY,0.0
20260818-214558,1787089572983,BUY,0.0
20260818-214558,1787089573085,BUY,0.0
20260818-214558,1787089573187,BUY,0.0
20260818-214558,1787089573289,BUY,0.0
20260818-214558,1787089573391,BUY,0.0
20260818-214558,1787089573493,BUY,0.0
20260818-214558,1787089573595,BUY,0.0
20260818-214558,1787089573697,BUY,0.0
20260818-214558,1787089573799,BUY,0.0
20260818-214558,1787089573901,BUY,0.0
20260818-214558,1787089574003,BUY,0.0
20260818-214558,1787089574105,BUY,0.0
20260818-214558,1787089574207,BUY,0.0
20260818-214558,1787089574309,BUY,0.0
20260818-214558,1787089574411,BUY,0.0
20260818-214558,1787089574513,BUY,0.0
20260818-214558,1787089574375,BUY,0.0
20260818-214558,1787089574615,BUY,0.0
20260818-214558,1787089574518,BUY,0.0
20260818-214558,1787089574717,BUY,0.0
20260818-214558,1787089574819,BUY,0.0
20260818-214558,1787089574921,BUY,0.0
20260818-214558,1787089575023,BUY,0.0
20260818-214558,1787089575125,BUY,0.0
20260818-214558,1787089575227,BUY,0.0
20260818-214558,1787089575329,BUY,0.0
20260818-214558,1787089575431,BUY,0.0
20260818-214558,1787089575533,BUY,0.0
20260818-214558,1787089575635,BUY,0.0
20260818-214558,1787089575635,BUY,0.0
20260818-214558,1787089575737,BUY,0.0
20260818-214558,1787089575839,BUY,0.0
20260818-214558,1787089575684,BUY,0.0
20260818-214558,1787089575941,BUY,0.0
20260818-214558,1787089576043,BUY,0.0
20260818-214558,1787089576145,BUY,0.0
20260818-214558,1787089576247,BUY,0.0
20260818-214558,1787089576349,BUY,0.0
20260818-214558,1787089576451,BUY,0.0
20260818-214558,1787089576553,BUY,0.0
20260818-214558,1787089576655,BUY,0.0
20260818-214558,1787089576757,BUY,0.0
20260818-214558,1787089576655,BUY,0.0
20260818-214558,1787089576859,BUY,0.0
20260818-214558,1787089576961,BUY,0.0
20260818-214558,1787089577063,BUY,0.0
20260818-214558,1787089577165,BUY,0.0
20260818-214558,1787089577267,BUY,0.0
20260818-214558,1787089577169,BUY,0.0
20260818-214558,1787089577369,BUY,0.0
20260818-214558,1787089577471,BUY,0.0
20260818-214558,1787089577573,BUY,0.0
20260818-214558,1787089577675,BUY,0.0
20260818-214558,1787089577777,BUY,0.0
20260818-214558,1787089577879,BUY,0.0
20260818-214558,1787089577981,BUY,0.0
20260818-214558,1787089578083,BUY,0.0
20260818-214558,1787089577940,BUY,0.0
20260818-214558,1787089578185,BUY,0.0
20260818-214558,1787089578287,BUY,0.0
20260818-214558,1787089578389,BUY,0.0
20260818-214558,1787089578491,BUY,0.0
20260818-214558,1787089578593,BUY,0.0
20260818-214558,1787089578695,BUY,0.0
20260818-214558,1787089578797,BUY,0.0
20260818-214558,1787089578899,BUY,0.0
20260818-214558,1787089579001,BUY,0.0
20260818-214558,1787089579103,BUY,0.0
20260818-214558,1787089579205,BUY,0.0
20260818-214558,1787089579307,BUY,0.0
20260818-214558,1787089579409,BUY,0.0
20260818-214558,1787089579511,BUY,0.0
20260818-214558,1787089579613,BUY,0.0
20260818-214558,1787089579715,BUY,0.0
20260818-214558,1787089579594,BUY,0.0
20260818-214558,1787089579817,BUY,0.0
20260818-214558,1787089579919,BUY,0.0
20260818-214558,1787089580021,BUY,0.0
20260818-214558,1787089580123,BUY,0.0
20260818-214558,1787089580225,BUY,0.0
20260818-214558,1787089580327,BUY,0.0
20260818-214558,1787089580235,BUY,0.0
20260818-214558,1787089580429,BUY,0.0
20260818-214558,1787089580531,BUY,0.0
20260818-214558,1787089580384,BUY,0.0
20260818-214558,1787089580633,BUY,0.0
20260818-214558,1787089580531,BUY,0.0
20260818-214558,1787089580735,BUY,0.0
20260818-214558,1787089580837,BUY,0.0
20260818-214558,1787089580939,BUY,0.0
20260818-214558,1787089581041,BUY,0.0
20260818-214558,1787089581143,BUY,0.0
20260818-214558,1787089581245,BUY,0.0
20260818-214558,1787089581347,BUY,0.0
20260818-214558,1787089581449,BUY,0.0
20260818-214558,1787089581551,BUY,0.0
20260818-214558,1787089581653,BUY,0.0
20260818-214558,1787089581755,BUY,0.0
20260818-214558,1787089581857,BUY,0.0
20260818-214558,1787089581959,BUY,0.0
20260818-214558,1787089582061,BUY,0.0
20260818-214558,1787089582163,BUY,0.0
20260818-214558,1787089582265,BUY,0.0
20260818-214558,1787089582367,BUY,0.0
20260818-214558,1787089582469,BUY,0.0
20260818-214558,1787089582393,BUY,0.0
20260818-214558,1787089582571,BUY,0.0
20260818-214558,1787089582673,BUY,0.0
20260818-214558,1787089582775,BUY,0.0
20260818-214558,1787089582877,BUY,0.0
20260818-214558,1787089582979,BUY,0.0
20260818-214558,1787089583081,BUY,0.0
20260818-214558,1787089583016,BUY,0.0
20260818-214558,1787089583183,BUY,0.0
20260818-214558,1787089583285,BUY,0.0
20260818-214558,1787089583227,BUY,0.0
20260818-214558,1787089583387,BUY,0.0
20260818-214558,1787089583489,BUY,0.0
20260818-214558,1787089583591,BUY,0.0
20260818-214558,1787089583693,BUY,0.0
20260818-214558,1787089583795,BUY,0.0
20260818-214558,1787089583897,BUY,0.0
20260818-214558,1787089583999,BUY,0.0
20260818-214558,1787089584101,BUY,0.0
20260818-214558,1787089584203,BUY,0.0
20260818-214558,1787089584305,BUY,0.0
20260818-214558,1787089584407,BUY,0.0
20260818-214558,1787089584509,BUY,0.0
20260818-214558,1787089584394,BUY,0.0
20260818-214558,1787089584611,BUY,0.0
20260818-214558,1787089584713,BUY,0.0
20260818-214558,1787089584815,BUY,0.0
20260818-214558,1787089584917,BUY,0.0
20260818-214558,1787089585019,BUY,0.0
20260818-214558,1787089585121,BUY,0.0
20260818-214558,1787089585223,BUY,0.0
20260818-214558,1787089585325,BUY,0.0
20260818-214558,1787089585427,BUY,0.0
20260818-214558,1787089585529,BUY,0.0
20260818-214558,1787089585631,BUY,0.0
20260818-214558,1787089585733,BUY,0.0
20260818-214558,1787089585835,BUY,0.0
20260818-214558,1787089585937,BUY,0.0
20260818-214558,1787089586039,BUY,0.0
20260818-214558,1787089585975,BUY,0.0
20260818-214558,1787089586141,BUY,0.0
20260818-214558,1787089586243,BUY,0.0
20260818-214558,1787089586345,BUY,0.0
20260818-214558,1787089586447,BUY,0.0
20260818-214558,1787089586549,BUY,0.0
20260818-214558,1787089586651,BUY,0.0
20260818-214558,1787089586753,BUY,0.0
20260818-214558,1787089586855,BUY,0.0
20260818-214558,1787089586957,BUY,0.0
20260818-214558,1787089587059,BUY,0.0
20260818-214558,1787089587004,BUY,0.0
20260818-214558,1787089587161,BUY,0.0
20260818-214558,1787089587263,BUY,0.0
20260818-214558,1787089587365,BUY,0.0
20260818-214558,1787089587283,BUY,0.0
20260818-214558,1787089587467,BUY,0.0
20260818-214558,1787089587569,BUY,0.0
20260818-214558,1787089587671,BUY,0.0
20260818-214558,1787089587773,BUY,0.0
20260818-214558,1787089587678,BUY,0.0
20260818-214558,1787089587875,BUY,0.0
20260818-214558,1787089587977,BUY,0.0
20260818-214558,1787089588079,BUY,0.0
20260818-214558,1787089588181,BUY,0.0
20260818-214558,1787089588283,BUY,0.0
20260818-214558,1787089588385,BUY,0.0
20260818-214558,1787089588487,BUY,0.0
20260818-214558,1787089588589,BUY,0.0
20260818-214558,1787089588691,BUY,0.0
20260818-214558,1787089588793,BUY,0.0
20260818-214558,1787089588895,BUY,0.0
20260818-214558,1787089588997,BUY,0.0
20260818-214558,1787089588877,BUY,0.0
20260818-214558,1787089589099,BUY,0.0
20260818-214558,1787089589201,BUY,0.0
20260818-214558,1787089589303,BUY,0.0
20260818-214558,1787089589178,BUY,0.0
20260818-214558,1787089589405,BUY,0.0
20260818-214558,1787089589507,BUY,0.0
20260818-214558,1787089589609,BUY,0.0
20260818-214558,1787089589711,BUY,0.0
20260818-214558,1787089589588,BUY,0.0
20260818-214558,1787089589813,BUY,0.0
20260818-214558,1787089589915,BUY,0.0
20260818-214558,1787089589953,BUY,0.0
20260818-214558,1787089590017,BUY,0.0
20260818-214558,1787089590119,BUY,0.0
20260818-214558,1787089589974,BUY,0.0
20260818-214558,1787089590221,BUY,0.0
20260818-214558,1787089590323,BUY,0.0
20260818-214558,1787089590425,BUY,0.0
20260818-214558,1787089590527,BUY,0.0
20260818-214558,1787089590629,BUY,0.0
20260818-214558,1787089590731,BUY,0.0
20260818-214558,1787089590668,BUY,0.0
20260818-214558,1787089590833,BUY,0.0
20260818-214558,1787089590935,BUY,0.0
20260818-214558,1787089590878,BUY,0.0
20260818-214558,1787089591037,BUY,0.0
20260818-214558,1787089591139,BUY,0.0
20260818-214558,1787089591000,BUY,0.0
20260818-214558,1787089591241,BUY,0.0
20260818-214558,1787089591343,BUY,0.0
20260818-214558,1787089591445,BUY,0.0
20260818-214558,1787089591350,BUY,0.0
20260818-214558,1787089591547,BUY,0.0
20260818-214558,1787089591649,BUY,0.0
20260818-214558,1787089591751,BUY,0.0
20260818-214558,1787089591853,BUY,0.0
20260818-214558,1787089591955,BUY,0.0
20260818-214558,1787089592057,BUY,0.1238924211138874
20260818-214558,1787089592159,BUY,0.1238924211138874
20260818-214558,1787089592261,BUY,0.1238924211138874
20260818-214558,1787089592363,BUY,0.1238924211138874
20260818-214558,1787089592465,BUY,0.1238924211138874
20260818-214558,1787089592343,BUY,0.1238924211138874
20260818-214558,1787089592567,BUY,0.1238924211138874
20260818-214558,1787089592669,BUY,0.1238924211138874
20260818-214558,1787089592574,BUY,0.1238924211138874
20260818-214558,1787089592771,BUY,0.1238924211138874
20260818-214558,1787089592873,BUY,0.1238924211138874
20260818-214558,1787089592975,BUY,0.1238924211138874
20260818-214558,1787089593077,BUY,0.1238924211138874
20260818-214558,1787089593179,BUY,0.1238924211138874
20260818-214558,1787089593072,BUY,0.1238924211138874
20260818-214558,1787089593281,BUY,0.1238924211138874
20260818-214558,1787089593383,BUY,0.1238924211138874
20260818-214558,1787089593485,BUY,0.1238924211138874
20260818-214558,1787089593359,BUY,0.1238924211138874
20260818-214558,1787089593587,BUY,0.1238924211138874
20260818-214558,1787089593689,BUY,0.1238924211138874
20260818-214558,1787089593791,BUY,0.1238924211138874
20260818-214558,1787089593893,BUY,0.1238924211138874
20260818-214558,1787089593995,BUY,0.1238924211138874
20260818-214558,1787089594011,BUY,0.1238924211138874
20260818-214558,1787089594036,BUY,0.1238924211138874
20260818-214558,1787089594036,BUY,0.1238924211138874
20260818-214558,1787089594036,BUY,0.1238924211138874
20260818-214558,1787089594036,BUY,0.1238924211138874
20260818-214558,1787089594036,BUY,0.1238924211138874
20260818-214558,1787089594036,BUY,0.1238924211138874
20260818-214558,1787089594036,BUY,0.1238924211138874
20260818-214558,1787089594097,BUY,0.0
20260818-214558,1787089594199,BUY,0.0
20260818-214558,1787089594092,BUY,0.0
20260818-214558,1787089594301,BUY,0.0
20260818-214558,1787089594403,BUY,0.0
20260818-214558,1787089594505,BUY,0.0
20260818-214558,1787089594607,BUY,0.0
20260818-214558,1787089594709,BUY,0.0
20260818-214558,1787089594811,BUY,0.0
20260818-214558,1787089594913,BUY,0.0
20260818-214558,1787089595015,BUY,0.0
20260818-214558,1787089595117,BUY,0.0
20260818-214558,1787089595219,BUY,0.0
20260818-214558,1787089595321,BUY,0.0
20260818-214558,1787089595423,BUY,0.0
20260818-214558,1787089595326,BUY,0.0
20260818-214558,1787089595525,BUY,0.0
20260818-214558,1787089595627,BUY,0.0
20260818-214558,1787089595483,BUY,0.0
20260818-214558,1787089595729,BUY,0.0
20260818-214558,1787089595831,BUY,0.0
20260818-214558,1787089595933,BUY,0.0
20260818-214558,1787089596035,BUY,0.0
20260818-214558,1787089596137,BUY,0.0
20260818-214558,1787089596239,BUY,0.0
20260818-214558,1787089596341,BUY,0.0
20260818-214558,1787089596443,BUY,0.0
20260818-214558,1787089596545,BUY,0.0
20260818-214558,1787089596647,BUY,0.0
20260818-214558,1787089596749,BUY,0.0
20260818-214558,1787089596851,BUY,0.0
20260818-214558,1787089596953,BUY,0.0
20260818-214558,1787089597055,BUY,0.0
20260818-214558,1787089597157,BUY,0.0
20260818-214558,1787089597259,BUY,0.0
20260818-214558,1787089597361,BUY,0.0
20260818-214558,1787089597463,BUY,0.0
20260818-214558,1787089597565,BUY,0.0
20260818-214558,1787089597667,BUY,0.0
20260818-214558,1787089597769,BUY,0.0
20260818-214558,1787089597871,BUY,0.0
20260818-214558,1787089597973,BUY,0.0
20260818-214558,1787089598075,BUY,0.0
20260818-214558,1787089598177,BUY,0.0
20260818-214558,1787089598279,BUY,0.0
20260818-214558,1787089598381,BUY,0.0
20260818-214558,1787089598483,BUY,0.0
20260818-214558,1787089598332,BUY,0.0
20260818-214558,1787089598585,BUY,0.0
20260818-214558,1787089598687,BUY,0.0
20260818-214558,1787089598789,BUY,0.0
20260818-214558,1787089598891,BUY,0.0
20260818-214558,1787089598993,BUY,0.0
20260818-214558,1787089599095,BUY,0.0
20260818-214558,1787089599197,BUY,0.0
20260818-214558,1787089599299,BUY,0.0
20260818-214558,1787089599401,BUY,0.0
20260818-214558,1787089599503,BUY,0.0
20260818-214558,1787089599605,BUY,0.0
20260818-214558,1787089599707,BUY,0.0
20260818-214558,1787089599809,BUY,0.0
20260818-214558,1787089599911,BUY,0.0
20260818-214558,1787089600013,BUY,0.0
20260818-214558,1787089600115,BUY,0.0
20260818-214558,1787089600217,BUY,0.0
20260818-214558,1787089600319,BUY,0.0
20260818-214558,1787089600421,BUY,0.0
20260818-214558,1787089600523,BUY,0.0
20260818-214558,1787089600625,BUY,0.0
20260818-214558,1787089600727,BUY,0.0
20260818-214558,1787089600651,BUY,0.0
20260818-214558,1787089600829,BUY,0.0
20260818-214558,1787089600931,BUY,0.0
20260818-214558,1787089601033,BUY,0.0
20260818-214558,1787089601135,BUY,0.0
20260818-214558,1787089601237,BUY,0.0
20260818-214558,1787089601339,BUY,0.0
20260818-214558,1787089601441,BUY,0.0
20260818-214558,1787089601364,BUY,0.0
20260818-214558,1787089601543,BUY,0.0
20260818-214558,1787089601645,BUY,0.0
20260818-214558,1787089601747,BUY,0.0
20260818-214558,1787089601849,BUY,0.0
20260818-214558,1787089601951,BUY,0.0
20260818-214558,1787089602053,BUY,0.0
20260818-214558,1787089602155,BUY,0.0
20260818-214558,1787089602257,BUY,0.0
20260818-214558,1787089602359,BUY,0.0
20260818-214558,1787089602224,BUY,0.0
20260818-214558,1787089602461,BUY,0.0
20260818-214558,1787089602404,BUY,0.0
20260818-214558,1787089602563,BUY,0.0
20260818-214558,1787089602665,BUY,0.0
20260818-214558,1787089602767,BUY,0.0
20260818-214558,1787089602869,BUY,0.0
20260818-214558,1787089602971,BUY,0.0
20260818-214558,1787089602846,BUY,0.0
20260818-214558,1787089603073,BUY,0.0
20260818-214558,1787089603175,BUY,0.0
20260818-214558,1787089603277,BUY,0.0
20260818-214558,1787089603379,BUY,0.0
20260818-214558,1787089603481,BUY,0.0
20260818-214558,1787089603583,BUY,0.0
20260818-214558,1787089603685,BUY,0.0
20260818-214558,1787089603787,BUY,0.0
20260818-214558,1787089603889,BUY,0.0
20260818-214558,1787089603991,BUY,0.0
20260818-214558,1787089603923,BUY,0.0
20260818-214558,1787089604093,BUY,0.0
20260818-214558,1787089604195,BUY,0.0
20260818-214558,1787089604297,BUY,0.0
20260818-214558,1787089604399,BUY,0.0
20260818-214558,1787089604501,BUY,0.0
20260818-214558,1787089604603,BUY,0.0
20260818-214558,1787089604705,BUY,0.0
20260818-214558,1787089604807,BUY,0.0
20260818-214558,1787089604909,BUY,0.0
20260818-214558,1787089605011,BUY,0.0
20260818-214558,1787089605113,BUY,0.0
20260818-214558,1787089604985,BUY,0.0
20260818-214558,1787089605215,BUY,0.0
20260818-214558,1787089605317,BUY,0.0
20260818-214558,1787089605419,BUY,0.0
20260818-214558,1787089605521,BUY,0.0
20260818-214558,1787089605429,BUY,0.0
20260818-214558,1787089605623,BUY,0.0
20260818-214558,1787089605725,BUY,0.0
20260818-214558,1787089605827,BUY,0.0
20260818-214558,1787089605690,BUY,0.0
20260818-214558,1787089605929,BUY,0.0
20260818-214558,1787089606031,BUY,0.0
20260818-214558,1787089606133,BUY,0.0
20260818-214558,1787089606235,BUY,0.0
20260818-214558,1787089606337,BUY,0.0
20260818-214558,1787089606439,BUY,0.0
20260818-214558,1787089606541,BUY,0.0
20260818-214558,1787089606643,BUY,0.0
20260818-214558,1787089606745,BUY,0.0
20260818-214558,1787089606847,BUY,0.0
20260818-214558,1787089606697,BUY,0.0
20260818-214558,1787089606949,BUY,0.0
20260818-214558,1787089607051,BUY,0.0
20260818-214558,1787089607153,BUY,0.0
20260818-214558,1787089607042,BUY,0.0
20260818-214558,1787089607255,BUY,0.0
20260818-214558,1787089607357,BUY,0.0
20260818-214558,1787089607459,BUY,0.0
20260818-214558,1787089607366,BUY,0.0
20260818-214558,1787089607561,BUY,0.0
20260818-214558,1787089607663,BUY,0.0
20260818-214558,1787089607600,BUY,0.0
20260818-214558,1787089607765,BUY,0.0
20260818-214558,1787089607867,BUY,0.0
20260818-214558,1787089607969,BUY,0.0
20260818-214558,1787089608071,BUY,0.0
20260818-214558,1787089608173,BUY,0.0
20260818-214558,1787089608275,BUY,0.0
20260818-214558,1787089608377,BUY,0.0
20260818-214558,1787089608479,BUY,0.0
20260818-214558,1787089608380,BUY,0.0
20260818-214558,1787089608581,BUY,0.0
20260818-214558,1787089608627,BUY,0.0
20260818-214558,1787089608683,BUY,0.0
20260818-214558,1787089608785,BUY,0.0
20260818-214558,1787089608645,BUY,0.0
20260818-214558,1787089608887,BUY,0.0
20260818-214558,1787089608989,BUY,0.0
20260818-214558,1787089609091,BUY,0.0
20260818-214558,1787089609074,BUY,0.0
20260818-214558,1787089609193,BUY,0.0
20260818-214558,1787089609101,BUY,0.0
20260818-214558,1787089609295,BUY,0.0
20260818-214558,1787089609397,BUY,0.0
20260818-214558,1787089609499,BUY,0.0
20260818-214558,1787089609601,BUY,0.0
20260818-214558,1787089609539,BUY,0.0
20260818-214558,1787089609703,BUY,0.0
20260818-214558,1787089609805,BUY,0.0
20260818-214558,1787089609907,BUY,0.0
20260818-214558,1787089610009,BUY,0.13937724697551082
20260818-214558,1787089610111,BUY,0.13937724697551082
20260818-214558,1787089610213,BUY,1.1614770581179892
20260818-214558,1787089610315,BUY,1.1614770581179892
20260818-214558,1787089610215,BUY,1.1614770581179892
20260818-214558,1787089610417,BUY,1.1614770581179892
20260818-214558,1787089610519,BUY,1.1614770581179892
20260818-214558,1787089610386,BUY,1.1614770581179892
20260818-214558,1787089610621,BUY,1.1614770581179892
20260818-214558,1787089610723,BUY,1.1614770581179892
20260818-214558,1787089610825,BUY,1.1614770581179892
20260818-214558,1787089610927,BUY,1.1614770581179892
20260818-214558,1787089611029,BUY,1.1614770581179892
20260818-214558,1787089611131,BUY,1.1614770581179892
20260818-214558,1787089611063,BUY,1.1614770581179892
20260818-214558,1787089611233,BUY,1.1614770581179892
20260818-214558,1787089611335,BUY,1.1614770581179892
20260818-214558,1787089611186,BUY,1.1614770581179892
20260818-214558,1787089611437,BUY,1.1614770581179892
20260818-214558,1787089611539,BUY,1.1614770581179892
20260818-214558,1787089611414,BUY,1.1614770581179892
20260818-214558,1787089611641,BUY,1.1614770581179892
20260818-214558,1787089611743,BUY,1.1614770581179892
20260818-214558,1787089611845,BUY,1.1614770581179892
20260818-214558,1787089611764,BUY,1.1614770581179892
20260818-214558,1787089611947,BUY,1.1614770581179892
20260818-214558,1787089612049,BUY,1.0220855655952477
20260818-214558,1787089612048,BUY,1.0220855655952477
20260818-214558,1787089612048,BUY,1.0220855655952477
20260818-214558,1787089612048,BUY,1.0220855655952477
20260818-214558,1787089612048,BUY,1.0220855655952477
20260818-214558,1787089612050,BUY,1.0220855655952477
20260818-214558,1787089612052,BUY,1.0220855655952477
20260818-214558,1787089612052,BUY,1.0220855655952477
20260818-214558,1787089612052,BUY,1.0220855655952477
20260818-214558,1787089612056,BUY,1.0220855655952477
20260818-214558,1787089612155,BUY,1.0220855655952477
20260818-214558,1787089612155,BUY,1.0220855655952477
20260818-214558,1787089612155,BUY,1.0220855655952477
20260818-214558,1787089612155,BUY,1.0220855655952477
20260818-214558,1787089612155,BUY,1.0220855655952477
20260818-214558,1787089612155,BUY,1.0220855655952477
20260818-214558,1787089612155,BUY,1.0220855655952477
20260818-214558,1787089612157,BUY,1.0220855655952477
20260818-214558,1787089612159,BUY,1.0220855655952477
20260818-214558,1787089612151,BUY,0.8981852785888751
20260818-214558,1787089612169,BUY,0.8981852785888751
20260818-214558,1787089612169,BUY,0.8981852785888751
20260818-214558,1787089612169,BUY,0.8981852785888751
20260818-214558,1787089612169,BUY,0.8981852785888751
20260818-214558,1787089612169,BUY,0.8981852785888751
20260818-214558,1787089612169,BUY,0.8981852785888751
20260818-214558,1787089612169,BUY,0.8981852785888751
20260818-214558,1787089612169,BUY,0.8981852785888751
20260818-214558,1787089612169,BUY,0.8981852785888751
20260818-214558,1787089612169,BUY,0.8981852785888751
20260818-214558,1787089612169,BUY,0.8981852785888751
20260818-214558,1787089612169,BUY,0.8981852785888751
20260818-214558,1787089612169,BUY,0.8981852785888751
20260818-214558,1787089612169,BUY,0.8981852785888751
20260818-214558,1787089612169,BUY,0.8981852785888751
20260818-214558,1787089612169,BUY,0.8981852785888751
20260818-214558,1787089612169,BUY,0.8981852785888751
20260818-214558,1787089612169,BUY,0.8981852785888751
20260818-214558,1787089612169,BUY,0.8981852785888751
20260818-214558,1787089612169,BUY,0.8981852785888751
20260818-214558,1787089612169,BUY,0.8981852785888751
20260818-214558,1787089612169,BUY,0.8981852785888751
20260818-214558,1787089612169,BUY,0.8981852785888751
20260818-214558,1787089612169,BUY,0.8981852785888751
20260818-214558,1787089612169,BUY,0.8981852785888751
20260818-214558,1787089612169,BUY,0.8981852785888751
20260818-214558,1787089612169,BUY,0.8981852785888751
20260818-214558,1787089612169,BUY,0.8981852785888751
20260818-214558,1787089612169,BUY,0.8981852785888751
20260818-214558,1787089612169,BUY,0.8981852785888751
20260818-214558,1787089612169,BUY,0.8981852785888751
20260818-214558,1787089632937,SELL,1.239002881456076
20260818-214558,1787089632937,SELL,1.239002881456076
20260818-214558,1787089632937,SELL,1.239002881456076
20260818-214558,1787089632937,SELL,1.239002881456076
20260818-214558,1787089632937,SELL,1.239002881456076
20260818-214558,1787089632937,SELL,1.239002881456076
20260818-214558,1787089632937,SELL,1.239002881456076
20260818-214558,1787089632937,SELL,1.239002881456076
20260818-214558,1787089632937,SELL,1.239002881456076
20260818-214558,1787089632937,SELL,1.239002881456076
20260818-214558,1787089632937,SELL,1.239002881456076
20260818-214558,1787089632937,SELL,1.239002881456076
20260818-214558,1787089632937,SELL,1.239002881456076
20260818-214558,1787089632937,SELL,1.239002881456076
20260818-214558,1787089632937,SELL,1.239002881456076
20260818-214558,1787089632952,SELL,1.239002881456076
20260818-214558,1787089632952,SELL,1.239002881456076
20260818-214558,1787089632956,SELL,1.239002881456076
20260818-214558,1787089632957,SELL,0.7434385737755
20260818-214558,1787089632959,SELL,0.7434385737755
20260818-214558,1787089632957,SELL,0.7434385737755
20260818-214558,1787089632967,SELL,0.7434385737755
20260818-214558,1787089632967,SELL,0.7434385737755
20260818-214558,1787089632967,SELL,0.7434385737755
20260818-214558,1787089632967,SELL,0.7434385737755
20260818-214558,1787089632967,SELL,0.7434385737755
20260818-214558,1787089632967,SELL,0.7434385737755
20260818-214558,1787089632967,SELL,0.7434385737755
20260818-214558,1787089632967,SELL,0.7434385737755
20260818-214558,1787089632967,SELL,0.7434385737755
20260818-214558,1787089632975,SELL,0.7434385737755
20260818-214558,1787089632975,SELL,0.7434385737755
20260818-214558,1787089632976,SELL,0.7434385737755
20260818-214558,1787089632978,SELL,0.7434385737755
20260818-214558,1787089632985,SELL,0.7434385737755
20260818-214558,1787089632985,SELL,0.7434385737755
20260818-214558,1787089632985,SELL,0.7434385737755
20260818-214558,1787089632985,SELL,0.7434385737755
20260818-214558,1787089632985,SELL,0.7434385737755
20260818-214558,1787089632985,SELL,0.7434385737755
20260818-214558,1787089632986,SELL,0.7434385737755
20260818-214558,1787089633026,SELL,0.7434385737755
20260818-214558,1787089633026,SELL,0.7434385737755
20260818-214558,1787089633026,SELL,0.7434385737755
20260818-214558,1787089633044,SELL,0.7434385737755
20260818-214558,1787089633044,SELL,0.7434385737755
20260818-214558,1787089633053,SELL,0.7434385737755
20260818-214558,1787089633061,SELL,-0.0
20260818-214558,1787089633163,SELL,-0.0
20260818-214558,1787089633054,SELL,-0.0
20260818-214558,1787089633265,SELL,-0.0
20260818-214558,1787089635815,BUY,-0.619539821309227
20260818-214558,1787089635774,BUY,-0.619539821309227
20260818-214558,1787089635864,BUY,-0.619539821309227
20260818-214558,1787089635865,BUY,-0.619539821309227
20260818-214558,1787089635865,BUY,-0.619539821309227
20260818-214558,1787089635865,BUY,-0.619539821309227
20260818-214558,1787089635865,BUY,-0.619539821309227
20260818-214558,1787089635865,BUY,-0.619539821309227
20260818-214558,1787089635865,BUY,-0.619539821309227
20260818-214558,1787089635872,BUY,-0.619539821309227
20260818-214558,1787089635872,BUY,-0.619539821309227
20260818-214558,1787089635872,BUY,-0.619539821309227
20260818-214558,1787089635872,BUY,-0.619539821309227
20260818-214558,1787089635872,BUY,-0.619539821309227
20260818-214558,1787089635872,BUY,-0.619539821309227
20260818-214558,1787089635872,BUY,-0.619539821309227
20260818-214558,1787089635872,BUY,-0.619539821309227
20260818-214558,1787089635872,BUY,-0.619539821309227
20260818-214558,1787089635872,BUY,-0.619539821309227
20260818-214558,1787089635872,BUY,-0.619539821309227
20260818-214558,1787089635872,BUY,-0.619539821309227
20260818-214558,1787089635884,BUY,-0.619539821309227
20260818-214558,1787089635884,BUY,-0.619539821309227
20260818-214558,1787089635884,BUY,-0.619539821309227
20260818-214558,1787089635886,BUY,-0.619539821309227
20260818-214558,1787089635886,BUY,-0.619539821309227
20260818-214558,1787089635886,BUY,-0.619539821309227
20260818-214558,1787089635889,BUY,-0.619539821309227
20260818-214558,1787089635917,BUY,-1.2235172403637067
20260818-214558,1787089635921,BUY,-1.2235172403637067
20260818-214558,1787089635930,BUY,-1.2235172403637067
20260818-214558,1787089635930,BUY,-1.2235172403637067
20260818-214558,1787089635956,BUY,-1.2235172403637067
20260818-214558,1787089635956,BUY,-1.2235172403637067
20260818-214558,1787089635956,BUY,-1.2235172403637067
20260818-214558,1787089635956,BUY,-1.2235172403637067
20260818-214558,1787089635956,BUY,-1.2235172403637067
20260818-214558,1787089635956,BUY,-1.2235172403637067
20260818-214558,1787089635956,BUY,-1.2235172403637067
20260818-214558,1787089635956,BUY,-1.2235172403637067
20260818-214558,1787089635958,BUY,-1.2235172403637067
20260818-214558,1787089635968,BUY,-1.2235172403637067
20260818-214558,1787089635971,BUY,-1.2235172403637067
20260818-214558,1787089635971,BUY,-1.2235172403637067
20260818-214558,1787089636026,BUY,-1.2235172403637067
20260818-214558,1787089636026,BUY,-1.2235172403637067
20260818-214558,1787089636026,BUY,-1.2235172403637067
20260818-214558,1787089636030,BUY,-1.2235172403637067
20260818-214558,1787089636036,BUY,-1.2235172403637067
20260818-214558,1787089636036,BUY,-1.2235172403637067
20260818-214558,1787089636036,BUY,-1.2235172403637067
20260818-214558,1787089636036,BUY,-1.2235172403637067
20260818-214558,1787089636036,BUY,-1.2235172403637067
20260818-214558,1787089636036,BUY,-1.2235172403637067
20260818-214558,1787089636036,BUY,-1.2235172403637067
20260818-214558,1787089636036,BUY,-1.2235172403637067
20260818-214558,1787089636045,BUY,-1.2235172403637067
20260818-214558,1787089636045,BUY,-1.2235172403637067
20260818-214558,1787089636045,BUY,-1.2235172403637067
20260818-214558,1787089636047,BUY,-1.5487056305516256
20260818-214558,1787089636047,BUY,-1.5487056305516256
20260818-214558,1787089636019,BUY,-1.5487056305516256
20260818-214558,1787089636047,BUY,-1.5487056305516256
20260818-214558,1787089636129,BUY,-1.5487056305516256
20260818-214558,1787089636130,BUY,-1.5487056305516256
20260818-214558,1787089636131,BUY,-1.5487056305516256
20260818-214558,1787089636134,BUY,-1.5487056305516256
20260818-214558,1787089636136,BUY,-1.5487056305516256
20260818-214558,1787089636136,BUY,-1.5487056305516256
20260818-214558,1787089636121,BUY,-2.090639278775907
20260818-214558,1787089636138,BUY,-2.3073962891174022
20260818-214558,1787089636138,BUY,-2.3073962891174022
20260818-214558,1787089636138,BUY,-2.3073962891174022
20260818-214558,1787089636223,BUY,-2.3073962891174022
20260818-214558,1787089636138,BUY,-2.3073962891174022
20260818-214558,1787089636226,BUY,-2.3073962891174022
20260818-214558,1787089636226,BUY,-2.3073962891174022
20260818-214558,1787089636226,BUY,-2.3073962891174022
20260818-214558,1787089636226,BUY,-2.3073962891174022
20260818-214558,1787089636226,BUY,-2.3073962891174022
20260818-214558,1787089636226,BUY,-2.3073962891174022
20260818-214558,1787089636226,BUY,-2.3073962891174022
20260818-214558,1787089636226,BUY,-2.3073962891174022
20260818-214558,1787089636235,BUY,-2.3073962891174022
20260818-214558,1787089636237,BUY,-2.3073962891174022
20260818-214558,1787089636325,BUY,-2.5705885951022966
20260818-214558,1787089636239,BUY,-2.5705885951022966
20260818-214558,1787089636346,BUY,-2.5705885951022966
20260818-214558,1787089636348,BUY,-2.5705885951022966
20260818-214558,1787089636348,BUY,-2.5705885951022966
20260818-214558,1787089636348,BUY,-2.5705885951022966
20260818-214558,1787089636349,BUY,-2.8028055929120406
20260818-214558,1787089636349,BUY,-2.8028055929120406
20260818-214558,1787089636349,BUY,-2.8028055929120406
20260818-214558,1787089636427,BUY,-2.8028055929120406
20260818-214558,1787089636349,BUY,-2.8028055929120406
20260818-214558,1787089636455,BUY,-2.8028055929120406
20260818-214558,1787089636459,BUY,-2.8028055929120406
20260818-214558,1787089636459,BUY,-2.8028055929120406
20260818-214558,1787089636459,BUY,-2.8028055929120406
20260818-214558,1787089636459,BUY,-2.8028055929120406
20260818-214558,1787089636459,BUY,-2.8028055929120406
20260818-214558,1787089636480,BUY,-2.8028055929120406
20260818-214558,1787089636480,BUY,-2.8028055929120406
20260818-214558,1787089636480,BUY,-2.8028055929120406
20260818-214558,1787089636480,BUY,-2.8028055929120406
20260818-214558,1787089636480,BUY,-2.8028055929120406
20260818-214558,1787089636480,BUY,-2.8028055929120406
20260818-214558,1787089636480,BUY,-2.8028055929120406
20260818-214558,1787089636480,BUY,-2.8028055929120406
20260818-214558,1787089636484,BUY,-2.8028055929120406
20260818-214558,1787089636641,SELL,3.1743303517854833
20260818-214558,1787089636644,SELL,3.1743303517854833
20260818-214558,1787089636644,SELL,3.1743303517854833
20260818-214558,1787089636644,SELL,3.1743303517854833
20260818-214558,1787089636644,SELL,3.1743303517854833
20260818-214558,1787089636644,SELL,3.1743303517854833
20260818-214558,1787089636644,SELL,3.1743303517854833
20260818-214558,1787089636644,SELL,3.1743303517854833
20260818-214558,1787089636644,SELL,3.1743303517854833
20260818-214558,1787089636644,SELL,3.1743303517854833
20260818-214558,1787089636651,SELL,3.1743303517854833
20260818-214558,1787089636651,SELL,3.1743303517854833
20260818-214558,1787089636651,SELL,3.1743303517854833
20260818-214558,1787089636651,SELL,3.1743303517854833
20260818-214558,1787089636651,SELL,3.1743303517854833
20260818-214558,1787089636651,SELL,3.1743303517854833
20260818-214558,1787089636651,SELL,3.1743303517854833
20260818-214558,1787089636651,SELL,3.1743303517854833
20260818-214558,1787089636653,SELL,3.1743303517854833
20260818-214558,1787089636653,SELL,3.1743303517854833
20260818-214558,1787089636661,SELL,3.1743303517854833
20260818-214558,1787089636663,SELL,3.1743303517854833
20260818-214558,1787089636670,SELL,3.1743303517854833
20260818-214558,1787089636670,SELL,3.1743303517854833
20260818-214558,1787089636670,SELL,3.1743303517854833
20260818-214558,1787089636670,SELL,3.1743303517854833
20260818-214558,1787089636670,SELL,3.1743303517854833
20260818-214558,1787089636670,SELL,3.1743303517854833
20260818-214558,1787089636670,SELL,3.1743303517854833
20260818-214558,1787089636670,SELL,3.1743303517854833
20260818-214558,1787089636670,SELL,3.1743303517854833
20260818-214558,1787089636670,SELL,3.1743303517854833
20260818-214558,1787089636670,SELL,3.1743303517854833
20260818-214558,1787089636670,SELL,3.1743303517854833
20260818-214558,1787089636670,SELL,3.1743303517854833
20260818-214558,1787089636670,SELL,3.1743303517854833
20260818-214558,1787089636673,SELL,3.1743303517854833
20260818-214558,1787089636675,SELL,3.1743303517854833
20260818-214558,1787089636675,SELL,3.1743303517854833
20260818-214558,1787089636675,SELL,3.1743303517854833
20260818-214558,1787089636675,SELL,3.1743303517854833
20260818-214558,1787089636678,SELL,3.1743303517854833
20260818-214558,1787089636678,SELL,3.1743303517854833
20260818-214558,1787089636678,SELL,3.1743303517854833
20260818-214558,1787089636679,SELL,3.1743303517854833
20260818-214558,1787089636679,SELL,3.1743303517854833
20260818-214558,1787089636681,SELL,3.1743303517854833
20260818-214558,1787089636717,SELL,3.1743303517854833
20260818-214558,1787089636718,SELL,3.1743303517854833
20260818-214558,1787089636718,SELL,3.1743303517854833
20260818-214558,1787089636718,SELL,3.1743303517854833
20260818-214558,1787089636718,SELL,3.1743303517854833
20260818-214558,1787089636718,SELL,3.1743303517854833
20260818-214558,1787089636718,SELL,3.1743303517854833
20260818-214558,1787089636718,SELL,3.1743303517854833
20260818-214558,1787089636718,SELL,3.1743303517854833
20260818-214558,1787089636733,SELL,1.6261283201087802
20260818-214558,1787089636722,SELL,1.6261283201087802
20260818-214558,1787089636826,SELL,1.6261283201087802
20260818-214558,1787089636826,SELL,1.6261283201087802
20260818-214558,1787089636826,SELL,1.6261283201087802
20260818-214558,1787089636826,SELL,1.6261283201087802
20260818-214558,1787089636826,SELL,1.6261283201087802
20260818-214558,1787089636826,SELL,1.6261283201087802
20260818-214558,1787089636826,SELL,1.6261283201087802
20260818-214558,1787089636826,SELL,1.6261283201087802
20260818-214558,1787089636826,SELL,1.6261283201087802
20260818-214558,1787089636828,SELL,1.239002881456076
20260818-214558,1787089636828,SELL,1.239002881456076
20260818-214558,1787089636828,SELL,1.239002881456076
20260818-214558,1787089636835,SELL,1.239002881456076
20260818-214558,1787089636828,SELL,1.239002881456076
20260818-214558,1787089636932,SELL,1.0221995410930054
20260818-214558,1787089636932,SELL,1.0221995410930054
20260818-214558,1787089636932,SELL,1.0221995410930054
20260818-214558,1787089636937,SELL,1.0221995410930054
20260818-214558,1787089636932,SELL,1.0221995410930054
20260818-214558,1787089636934,SELL,1.0221995410930054
20260818-214558,1787089636934,SELL,1.0221995410930054
20260818-214558,1787089636962,SELL,1.0221995410930054
20260818-214558,1787089636964,SELL,1.0221995410930054
20260818-214558,1787089636964,SELL,1.0221995410930054
20260818-214558,1787089636964,SELL,1.0221995410930054
20260818-214558,1787089637005,SELL,1.0221995410930054
20260818-214558,1787089637007,SELL,1.0221995410930054
20260818-214558,1787089637007,SELL,1.0221995410930054
20260818-214558,1787089637007,SELL,1.0221995410930054
20260818-214558,1787089637007,SELL,1.0221995410930054
20260818-214558,1787089637007,SELL,1.0221995410930054
20260818-214558,1787089637007,SELL,1.0221995410930054
20260818-214558,1787089637007,SELL,1.0221995410930054
20260818-214558,1787089637013,SELL,1.0221995410930054
20260818-214558,1787089637039,SELL,0.18587000716328905
20260818-214558,1787089637018,SELL,0.18587000716328905
20260818-214558,1787089637035,SELL,0.18587000716328905
20260818-214558,1787089637037,SELL,0.18587000716328905
20260818-214558,1787089637037,SELL,0.18587000716328905
20260818-214558,1787089637037,SELL,0.18587000716328905
20260818-214558,1787089637037,SELL,0.18587000716328905
20260818-214558,1787089637037,SELL,0.18587000716328905
20260818-214558,1787089637037,SELL,0.18587000716328905
20260818-214558,1787089637037,SELL,0.18587000716328905
20260818-214558,1787089637037,SELL,0.18587000716328905
20260818-214558,1787089637037,SELL,0.18587000716328905
20260818-214558,1787089637037,SELL,0.18587000716328905
20260818-214558,1787089637037,SELL,0.18587000716328905
20260818-214558,1787089637037,SELL,0.18587000716328905
20260818-214558,1787089637037,SELL,0.18587000716328905
20260818-214558,1787089637037,SELL,0.18587000716328905
20260818-214558,1787089637037,SELL,0.18587000716328905
20260818-214558,1787089637037,SELL,0.18587000716328905
20260818-214558,1787089637037,SELL,0.18587000716328905
20260818-214558,1787089637042,SELL,0.18587000716328905
20260818-214558,1787089637080,SELL,-0.0
20260818-214558,1787089637080,SELL,-0.0
20260818-214558,1787089637080,SELL,-0.0
20260818-214558,1787089637080,SELL,-0.0
20260818-214558,1787089637141,SELL,-0.0
20260818-214558,1787089637080,SELL,-0.0
20260818-214558,1787089637243,SELL,-0.0
20260818-214558,1787089637188,SELL,-0.0
20260818-214558,1787089637345,SELL,-0.0
20260818-214558,1787089637447,SELL,-0.0
20260818-214558,1787089637549,SELL,-0.0
20260818-214558,1787089637651,SELL,-0.0
20260818-214558,1787089637753,SELL,-0.0
20260818-214558,1787089637855,SELL,-0.0
20260818-214558,1787089637801,SELL,-0.0
20260818-214558,1787089637957,SELL,-0.0
20260818-214558,1787089638059,SELL,-0.0
20260818-214558,1787089638161,SELL,-0.0
20260818-214558,1787089638263,SELL,-0.0
20260818-214558,1787089638365,SELL,-0.0
20260818-214558,1787089638467,SELL,-0.0
20260818-214558,1787089638569,SELL,-0.0
20260818-214558,1787089638671,SELL,-1.2391564132927406
20260818-214558,1787089638773,SELL,-1.2391564132927406
20260818-214558,1787089638875,SELL,-1.2391564132927406
20260818-214558,1787089638977,SELL,-1.2391564132927406
20260818-214558,1787089638912,SELL,-1.2391564132927406
20260818-214558,1787089639079,SELL,-1.2391564132927406
20260818-214558,1787089639181,SELL,-1.2391564132927406
20260818-214558,1787089639283,SELL,-1.2391564132927406
20260818-214558,1787089639385,SELL,-1.2391564132927406
20260818-214558,1787089639487,SELL,-1.2391564132927406
20260818-214558,1787089639589,SELL,-1.2391564132927406
20260818-214558,1787089639448,SELL,-1.2391564132927406
20260818-214558,1787089639691,SELL,-1.2391564132927406
20260818-214558,1787089639793,SELL,-1.2391564132927406
20260818-214558,1787089639895,SELL,-1.2391564132927406
20260818-214558,1787089639997,SELL,-1.2391564132927406
20260818-214558,1787089640099,SELL,-1.2391564132927406
20260818-214558,1787089640201,SELL,-1.2391564132927406
20260818-214558,1787089640303,SELL,-1.2391564132927406
20260818-214558,1787089640405,SELL,-1.2391564132927406
20260818-214558,1787089640507,SELL,-1.2391564132927406
20260818-214558,1787089640578,SELL,-1.2391564132927406
20260818-214558,1787089640586,SELL,-1.2391564132927406
20260818-214558,1787089640594,SELL,-1.2391564132927406
20260818-214558,1787089640604,SELL,-1.2391564132927406
20260818-214558,1787089640604,SELL,-1.2391564132927406
20260818-214558,1787089640613,SELL,-1.2391564132927406
20260818-214558,1787089640613,SELL,-1.2391564132927406
20260818-214558,1787089640613,SELL,-1.2391564132927406
20260818-214558,1787089640614,SELL,-1.2391564132927406
20260818-214558,1787089640614,SELL,-1.2391564132927406
20260818-214558,1787089640614,SELL,-1.2391564132927406
20260818-214558,1787089640614,SELL,-1.2391564132927406
20260818-214558,1787089640614,SELL,-1.2391564132927406
20260818-214558,1787089640614,SELL,-1.2391564132927406
20260818-214558,1787089640614,SELL,-1.2391564132927406
20260818-214558,1787089640614,SELL,-1.2391564132927406
20260818-214558,1787089640614,SELL,-1.2391564132927406
20260818-214558,1787089640622,SELL,-1.2391564132927406
20260818-214558,1787089640622,SELL,-1.2391564132927406
20260818-214558,1787089653971,SELL,-0.0
20260818-214558,1787089653948,SELL,-0.0
20260818-214558,1787089654073,SELL,-0.0
20260818-214558,1787089654050,SELL,-0.0
20260818-214558,1787089654175,SELL,-0.0
20260818-214558,1787089654277,SELL,-0.0
20260818-214558,1787089654162,SELL,-0.0
20260818-214558,1787089654379,SELL,-0.0
20260818-214558,1787089654481,SELL,-0.0
20260818-214558,1787089654380,SELL,-0.0
20260818-214558,1787089654583,SELL,-0.0
20260818-214558,1787089654685,SELL,-0.0
20260818-214558,1787089654590,SELL,-0.0
20260818-214558,1787089654787,SELL,-0.0
20260818-214558,1787089654889,SELL,-0.0
20260818-214558,1787089654991,SELL,-0.0
20260818-214558,1787089655093,SELL,-0.0
20260818-214558,1787089655195,SELL,-0.0
20260818-214558,1787089655297,SELL,-0.0
20260818-214558,1787089655216,SELL,-0.0
20260818-214558,1787089655399,SELL,-0.0
20260818-214558,1787089655501,SELL,-0.0
20260818-214558,1787089655603,SELL,-0.0
20260818-214558,1787089655705,SELL,-0.0
20260818-214558,1787089655807,SELL,-0.0
20260818-214558,1787089655739,SELL,-0.0
20260818-214558,1787089655909,SELL,-0.0
20260818-214558,1787089656011,SELL,-0.0
20260818-214558,1787089656113,SELL,-0.0
20260818-214558,1787089656215,SELL,-0.0
20260818-214558,1787089656317,SELL,-0.0
20260818-214558,1787089656419,SELL,-0.0
20260818-214558,1787089656521,SELL,-0.0
20260818-214558,1787089656623,SELL,-0.0
20260818-214558,1787089656725,SELL,-0.0
20260818-214558,1787089656827,SELL,-0.0
20260818-214558,1787089656929,SELL,-0.0
20260818-214558,1787089657031,SELL,-0.0
20260818-214558,1787089657133,SELL,-0.0
20260818-214558,1787089657235,SELL,-0.0
20260818-214558,1787089657142,SELL,-0.0
20260818-214558,1787089657337,SELL,-0.0
20260818-214558,1787089657439,SELL,-0.0
20260818-214558,1787089657541,SELL,-0.0
20260818-214558,1787089657643,SELL,-0.0
20260818-214558,1787089657574,SELL,-0.0
20260818-214558,1787089657745,SELL,-0.0
20260818-214558,1787089657847,SELL,-0.0
20260818-214558,1787089657949,SELL,-0.0
20260818-214558,1787089658051,SELL,-0.0
20260818-214558,1787089658153,SELL,-0.0
20260818-214558,1787089658255,SELL,-0.0
20260818-214558,1787089658357,SELL,-0.0
20260818-214558,1787089658459,SELL,-0.0
20260818-214558,1787089658561,SELL,-0.0
20260818-214558,1787089658663,SELL,-0.0
20260818-214558,1787089658765,SELL,-0.0
20260818-214558,1787089658867,SELL,-0.0
20260818-214558,1787089658969,SELL,-0.0
20260818-214558,1787089659071,SELL,-0.0
20260818-214558,1787089659173,SELL,-0.0
20260818-214558,1787089659275,SELL,-0.0
20260818-214558,1787089659377,SELL,-0.0
20260818-214558,1787089659479,SELL,-0.0
20260818-214558,1787089659581,SELL,-0.0
20260818-214558,1787089659683,SELL,-0.0
20260818-214558,1787089659785,SELL,-0.0
20260818-214558,1787089659887,SELL,-0.0
20260818-214558,1787089659989,SELL,-0.0
20260818-214558,1787089660091,SELL,-0.0
20260818-214558,1787089660193,SELL,-0.0
20260818-214558,1787089660295,SELL,-0.0
20260818-214558,1787089660397,SELL,-0.0
20260818-214558,1787089660499,SELL,-0.0
20260818-214558,1787089660601,SELL,-0.0
20260818-214558,1787089660703,SELL,-0.0
20260818-214558,1787089660805,SELL,-0.0
20260818-214558,1787089660907,SELL,-0.0
20260818-214558,1787089660773,SELL,-0.0
20260818-214558,1787089661009,SELL,-0.0
20260818-214558,1787089660919,SELL,-0.0
20260818-214558,1787089661111,SELL,-0.0
20260818-214558,1787089661213,SELL,-0.0
20260818-214558,1787089661315,SELL,-0.0
20260818-214558,1787089661241,SELL,-0.0
20260818-214558,1787089661417,SELL,-0.0
20260818-214558,1787089661519,SELL,-0.0
20260818-214558,1787089661459,SELL,-0.0
20260818-214558,1787089661621,SELL,-0.0
20260818-214558,1787089661567,SELL,-0.0
20260818-214558,1787089661723,SELL,-0.0
20260818-214558,1787089661825,SELL,-0.0
20260818-214558,1787089661752,SELL,-0.0
20260818-214558,1787089661927,SELL,-0.0
20260818-214558,1787089662029,SELL,-0.0
20260818-214558,1787089661956,SELL,-0.0
20260818-214558,1787089662131,SELL,-0.0
20260818-214558,1787089662067,SELL,-0.0
20260818-214558,1787089662233,SELL,-0.0
20260818-214558,1787089662335,SELL,-0.0
20260818-214558,1787089662192,SELL,-0.0
20260818-214558,1787089662437,SELL,-0.0
20260818-214558,1787089662342,SELL,-0.0
20260818-214558,1787089662539,SELL,-0.0
20260818-214558,1787089662457,SELL,-0.0
20260818-214558,1787089662641,SELL,-0.0
20260818-214558,1787089662571,SELL,-0.0
20260818-214558,1787089662743,SELL,-0.0
20260818-214558,1787089662665,SELL,-0.0
20260818-214558,1787089662845,SELL,-0.0
20260818-214558,1787089662947,SELL,-0.0
20260818-214558,1787089662894,SELL,-0.0
20260818-214558,1787089663049,SELL,-0.0
20260818-214558,1787089663151,SELL,-0.0
20260818-214558,1787089663253,SELL,-0.0
20260818-214558,1787089663355,SELL,-0.0
20260818-214558,1787089663457,SELL,-0.0
20260818-214558,1787089663308,SELL,-0.0
20260818-214558,1787089663559,SELL,-0.0
20260818-214558,1787089663661,SELL,-0.0
20260818-214558,1787089663763,SELL,-0.0
20260818-214558,1787089663865,SELL,-0.0
20260818-214558,1787089663967,SELL,-0.0
20260818-214558,1787089664069,SELL,-0.0
20260818-214558,1787089664171,SELL,-0.0
20260818-214558,1787089664273,SELL,-0.0
20260818-214558,1787089664375,SELL,-0.0
20260818-214558,1787089664477,SELL,-0.0
20260818-214558,1787089664386,SELL,-0.0
20260818-214558,1787089664579,SELL,-0.0
20260818-214558,1787089664606,SELL,-0.0
20260818-214558,1787089664681,SELL,-0.0
20260818-214558,1787089664606,SELL,-0.0
20260818-214558,1787089664783,SELL,-0.0
20260818-214558,1787089664885,SELL,-0.0
20260818-214558,1787089664987,SELL,-0.0
20260818-214558,1787089665089,SELL,-0.0
20260818-214558,1787089665191,SELL,-0.0
20260818-214558,1787089665293,SELL,-0.0
20260818-214558,1787089665166,SELL,-0.0
20260818-214558,1787089665395,SELL,-0.0
20260818-214558,1787089665497,SELL,-0.0
20260818-214558,1787089665408,SELL,-0.0
20260818-214558,1787089665599,SELL,-0.0
20260818-214558,1787089665701,SELL,-0.0
20260818-214558,1787089665803,SELL,-0.0
20260818-214558,1787089665905,SELL,-0.0
20260818-214558,1787089666007,SELL,-0.0
20260818-214558,1787089666109,SELL,-0.0
20260818-214558,1787089666211,SELL,-0.0
20260818-214558,1787089666313,SELL,-0.0
20260818-214558,1787089666415,SELL,-0.0
20260818-214558,1787089666517,SELL,-0.0
20260818-214558,1787089666619,SELL,-0.0
20260818-214558,1787089666721,SELL,-0.0
20260818-214558,1787089666823,SELL,-0.0
20260818-214558,1787089666925,SELL,-0.0
20260818-214558,1787089667027,SELL,-0.0
20260818-214558,1787089667129,SELL,-0.0
20260818-214558,1787089667231,SELL,-0.0
20260818-214558,1787089667333,SELL,-0.0
20260818-214558,1787089667435,SELL,-0.0
20260818-214558,1787089667537,SELL,-0.0
20260818-214558,1787089667639,SELL,-0.0
20260818-214558,1787089667741,SELL,-0.0
20260818-214558,1787089667843,SELL,-0.0
20260818-214558,1787089667945,SELL,-0.0
20260818-214558,1787089668047,SELL,-0.0
20260818-214558,1787089668149,SELL,-0.0
20260818-214558,1787089668050,SELL,-0.0
20260818-214558,1787089668251,SELL,-0.0
20260818-214558,1787089668353,SELL,-0.0
20260818-214558,1787089668455,SELL,-0.0
20260818-214558,1787089668557,SELL,-0.0
20260818-214558,1787089668659,SELL,-0.0
20260818-214558,1787089668761,SELL,-0.0
20260818-214558,1787089668863,SELL,-0.0
20260818-214558,1787089668965,SELL,-0.0
20260818-214558,1787089669067,SELL,-0.0
20260818-214558,1787089669169,SELL,-0.0
20260818-214558,1787089669271,SELL,-0.0
20260818-214558,1787089669373,SELL,-0.0
20260818-214558,1787089669475,SELL,-0.0
20260818-214558,1787089669577,SELL,-0.0
20260818-214558,1787089669679,SELL,-0.0
20260818-214558,1787089669781,SELL,-0.0
20260818-214558,1787089669883,SELL,-0.0
20260818-214558,1787089669985,SELL,-0.0
20260818-214558,1787089670087,SELL,-0.0
20260818-214558,1787089670189,SELL,-0.0
20260818-214558,1787089670291,SELL,-0.0
20260818-214558,1787089670393,SELL,-0.0
20260818-214558,1787089670495,SELL,-0.0
20260818-214558,1787089670597,SELL,-0.0
20260818-214558,1787089670699,SELL,-0.0
20260818-214558,1787089670801,SELL,-0.0
20260818-214558,1787089670679,SELL,-0.0
20260818-214558,1787089670903,SELL,-0.0
20260818-214558,1787089671005,SELL,-0.0
20260818-214558,1787089670920,SELL,-0.0
20260818-214558,1787089671107,SELL,-0.0
20260818-214558,1787089671209,SELL,-0.0
20260818-214558,1787089671311,SELL,-0.0
20260818-214558,1787089671413,SELL,-0.0
20260818-214558,1787089671515,SELL,-0.0
20260818-214558,1787089671617,SELL,-0.0
20260818-214558,1787089671719,SELL,-0.0
20260818-214558,1787089671821,SELL,-0.0
20260818-214558,1787089671923,SELL,-0.0
20260818-214558,1787089671811,SELL,-0.0
20260818-214558,1787089672025,SELL,-0.0
20260818-214558,1787089672127,SELL,1.239002881456076
20260818-214558,1787089672229,SELL,1.239002881456076
20260818-214558,1787089672331,SELL,1.239002881456076
20260818-214558,1787089672433,SELL,1.239002881456076
20260818-214558,1787089672535,SELL,1.239002881456076
20260818-214558,1787089672637,SELL,1.239002881456076
20260818-214558,1787089672554,SELL,1.239002881456076
20260818-214558,1787089672739,SELL,1.239002881456076
20260818-214558,1787089672841,SELL,1.239002881456076
20260818-214558,1787089672943,SELL,1.239002881456076
20260818-214558,1787089673045,SELL,1.239002881456076
20260818-214558,1787089672969,SELL,1.239002881456076
20260818-214558,1787089673147,SELL,1.239002881456076
20260818-214558,1787089673249,SELL,-0.0
20260818-214558,1787089673351,SELL,-0.0
20260818-214558,1787089673453,SELL,-0.0
20260818-214558,1787089673555,SELL,-0.0
20260818-214558,1787089673657,SELL,-0.0
20260818-214558,1787089673507,SELL,-0.0
20260818-214558,1787089673759,SELL,-0.0
20260818-214558,1787089673861,SELL,-0.0
20260818-214558,1787089673963,SELL,-0.0
20260818-214558,1787089674065,SELL,-0.0
20260818-214558,1787089674069,SELL,-0.0
20260818-214558,1787089674069,SELL,-0.0
20260818-214558,1787089674069,SELL,-0.0
20260818-214558,1787089674069,SELL,-0.0
20260818-214558,1787089674069,SELL,-0.0
20260818-214558,1787089674069,SELL,-0.0
20260818-214558,1787089674069,SELL,-0.0
20260818-214558,1787089674069,SELL,-0.0
20260818-214558,1787089674072,SELL,-0.0
20260818-214558,1787089674073,SELL,-0.0
20260818-214558,1787089674073,SELL,-0.0
20260818-214558,1787089674073,SELL,-0.0
20260818-214558,1787089674073,SELL,-0.0
20260818-214558,1787089674073,SELL,-0.0
20260818-214558,1787089674073,SELL,-0.0
20260818-214558,1787089674073,SELL,-0.0
20260818-214558,1787089674073,SELL,-0.0
20260818-214558,1787089674073,SELL,-0.0
20260818-214558,1787089674073,SELL,-0.0
20260818-214558,1787089674073,SELL,-0.0
20260818-214558,1787089674073,SELL,-0.0
20260818-214558,1787089674088,SELL,-0.0
20260818-214558,1787089674088,SELL,-0.0
20260818-214558,1787089674093,SELL,-0.0
20260818-214558,1787089674094,SELL,-0.0
20260818-214558,1787089674094,SELL,-0.0
20260818-214558,1787089674094,SELL,-0.0
20260818-214558,1787089674094,SELL,-0.0
20260818-214558,1787089674094,SELL,-0.0
20260818-214558,1787089674094,SELL,-0.0
20260818-214558,1787089674094,SELL,-0.0
20260818-214558,1787089674094,SELL,-0.0
20260818-214558,1787089674094,SELL,-0.0
20260818-214558,1787089674094,SELL,-0.0
20260818-214558,1787089674094,SELL,-0.0
20260818-214558,1787089674094,SELL,-0.0
20260818-214558,1787089674094,SELL,-0.0
20260818-214558,1787089674099,SELL,-0.0
20260818-214558,1787089674111,SELL,-0.0
20260818-214558,1787089674111,SELL,-0.0
20260818-214558,1787089674111,SELL,-0.0
20260818-214558,1787089674111,SELL,-0.0
20260818-214558,1787089674111,SELL,-0.0
20260818-214558,1787089674111,SELL,-0.0
20260818-214558,1787089674167,SELL,-1.2391564132927406
20260818-214558,1787089674269,SELL,-1.2391564132927406
20260818-214558,1787089674155,SELL,-1.2391564132927406
20260818-214558,1787089674371,SELL,-1.2391564132927406
20260818-214558,1787089674473,SELL,-1.2391564132927406
20260818-214558,1787089674575,SELL,-1.2391564132927406
20260818-214558,1787089674677,SELL,-1.2391564132927406
20260818-214558,1787089674779,SELL,-1.2391564132927406
20260818-214558,1787089674881,SELL,-1.2391564132927406
20260818-214558,1787089674983,SELL,-1.2391564132927406
20260818-214558,1787089675085,SELL,-1.2391564132927406
20260818-214558,1787089675187,BUY,0.8131617587836959
20260818-214558,1787089675187,BUY,0.8131617587836959
20260818-214558,1787089675200,BUY,0.8131617587836959
20260818-214558,1787089675201,BUY,0.8131617587836959
20260818-214558,1787089675201,BUY,0.8131617587836959
20260818-214558,1787089675201,BUY,0.8131617587836959
20260818-214558,1787089675201,BUY,0.8131617587836959
20260818-214558,1787089675201,BUY,0.8131617587836959
20260818-214558,1787089675201,BUY,0.8131617587836959
20260818-214558,1787089675201,BUY,0.8131617587836959
20260818-214558,1787089675201,BUY,0.8131617587836959
20260818-214558,1787089675201,BUY,0.8131617587836959
20260818-214558,1787089675201,BUY,0.8131617587836959
20260818-214558,1787089675201,BUY,0.8131617587836959
20260818-214558,1787089675201,BUY,0.8131617587836959
20260818-214558,1787089675201,BUY,0.8131617587836959
20260818-214558,1787089675207,BUY,0.8131617587836959
20260818-214558,1787089675207,BUY,0.8131617587836959
20260818-214558,1787089675207,BUY,0.8131617587836959
20260818-214558,1787089675209,BUY,0.8131617587836959
20260818-214558,1787089675209,BUY,0.8131617587836959
20260818-214558,1787089675214,BUY,0.8131617587836959
20260818-214558,1787089675214,BUY,0.8131617587836959
20260818-214558,1787089675214,BUY,0.8131617587836959
20260818-214558,1787089675214,BUY,0.8131617587836959
20260818-214558,1787089675214,BUY,0.8131617587836959
20260818-214558,1787089675214,BUY,0.8131617587836959
20260818-214558,1787089675214,BUY,0.8131617587836959
20260818-214558,1787089675218,BUY,0.8131617587836959
20260818-214558,1787089675226,BUY,0.0
20260818-214558,1787089675289,BUY,0.0
20260818-214558,1787089675226,BUY,0.0
20260818-214558,1787089675391,BUY,0.0
20260818-214558,1787089675493,BUY,0.0
20260818-214558,1787089675595,BUY,0.0
20260818-214558,1787089675697,BUY,0.0
20260818-214558,1787089675799,BUY,0.0
20260818-214558,1787089675649,BUY,0.0
20260818-214558,1787089675901,BUY,0.0
20260818-214558,1787089676003,BUY,0.0
20260818-214558,1787089676105,BUY,0.0
20260818-214558,1787089676021,BUY,0.0
20260818-214558,1787089676207,BUY,0.0
20260818-214558,1787089676195,BUY,0.0
20260818-214558,1787089676309,BUY,0.0
20260818-214558,1787089676411,BUY,0.0
20260818-214558,1787089676306,BUY,0.0
20260818-214558,1787089676513,BUY,0.0
20260818-214558,1787089676409,BUY,0.0
20260818-214558,1787089676615,BUY,0.0
20260818-214558,1787089676717,BUY,0.0
20260818-214558,1787089676819,BUY,0.0
20260818-214558,1787089676921,BUY,0.0
20260818-214558,1787089677023,BUY,0.0
20260818-214558,1787089677127,BUY,0.0
20260818-214558,1787089677229,BUY,1.0686399852549642
20260818-214558,1787089677331,BUY,1.0686399852549642
20260818-214558,1787089677433,BUY,1.0686399852549642
20260818-214558,1787089677535,BUY,1.0841275212740666
20260818-214558,1787089677637,BUY,1.0841275212740666
20260818-214558,1787089677739,BUY,1.0841275212740666
20260818-214558,1787089677841,BUY,1.9204544662560166
20260818-214558,1787089677943,BUY,0.23231304027301428
20260818-214558,1787089678045,BUY,-0.37170086443817507
20260818-214558,1787089677973,BUY,0.23231304027301428
20260818-214558,1787089678147,BUY,-0.40267593647412625
20260818-214558,1787089678249,BUY,-0.40267593647412625
20260818-214558,1787089678351,BUY,-0.9137646250752084
20260818-214558,1787089678453,BUY,-0.9137646250752084
20260818-214558,1787089678379,BUY,-0.9137646250752084
20260818-214558,1787089678555,BUY,-1.239002881456076
20260818-214558,1787089678657,BUY,-1.239002881456076
20260818-214558,1787089678759,BUY,-1.239002881456076
20260818-214558,1787089678654,BUY,-1.239002881456076
20260818-214558,1787089678861,BUY,-1.239002881456076
20260818-214558,1787089678963,BUY,-1.239002881456076
20260818-214558,1787089678882,BUY,-1.239002881456076
20260818-214558,1787089679065,BUY,-1.239002881456076
20260818-214558,1787089679120,BUY,-1.239002881456076
20260818-214558,1787089679120,BUY,-1.239002881456076
20260818-214558,1787089679120,BUY,-1.239002881456076
20260818-214558,1787089679122,BUY,-1.239002881456076
20260818-214558,1787089679124,BUY,-1.239002881456076
20260818-214558,1787089679124,BUY,-1.239002881456076
20260818-214558,1787089679125,BUY,-1.239002881456076
20260818-214558,1787089679127,BUY,-1.239002881456076
20260818-214558,1787089679127,BUY,-1.239002881456076
20260818-214558,1787089679127,BUY,-1.239002881456076
20260818-214558,1787089679127,BUY,-1.239002881456076
20260818-214558,1787089679127,BUY,-1.239002881456076
20260818-214558,1787089679133,BUY,-1.239002881456076
20260818-214558,1787089679133,BUY,-1.239002881456076
20260818-214558,1787089679133,BUY,-1.239002881456076
20260818-214558,1787089679134,BUY,-1.239002881456076
20260818-214558,1787089679134,BUY,-1.239002881456076
20260818-214558,1787089679134,BUY,-1.239002881456076
20260818-214558,1787089679134,BUY,-1.239002881456076
20260818-214558,1787089679136,BUY,-1.239002881456076
20260818-214558,1787089679136,BUY,-1.239002881456076
20260818-214558,1787089679136,BUY,-1.239002881456076
20260818-214558,1787089679136,BUY,-1.239002881456076
20260818-214558,1787089679136,BUY,-1.239002881456076
20260818-214558,1787089679136,BUY,-1.239002881456076
20260818-214558,1787089679136,BUY,-1.239002881456076
20260818-214558,1787089679139,BUY,-1.239002881456076
20260818-214558,1787089679171,BUY,-1.239002881456076
20260818-214558,1787089679171,BUY,-1.239002881456076
20260818-214558,1787089679171,BUY,-1.239002881456076
20260818-214558,1787089679171,BUY,-1.239002881456076
20260818-214558,1787089679176,BUY,-1.239002881456076
20260818-214558,1787089679176,BUY,-1.239002881456076
20260818-214558,1787089679179,BUY,-1.239002881456076
20260818-214558,1787089679179,BUY,-1.239002881456076
20260818-214558,1787089679182,BUY,-1.239002881456076
20260818-214558,1787089679182,BUY,-1.239002881456076
20260818-214558,1787089679186,BUY,-1.239002881456076
20260818-214558,1787089679186,BUY,-1.239002881456076
20260818-214558,1787089679188,BUY,-2.3073962891174022
20260818-214558,1787089679188,BUY,-2.3073962891174022
20260818-214558,1787089679167,BUY,-1.9822572489835757
20260818-214558,1787089679269,BUY,-2.3073962891174022
20260818-214558,1787089679188,BUY,-2.3073962891174022
20260818-214558,1787089679371,BUY,-2.3073962891174022
20260818-214558,1787089679473,BUY,-2.3073962891174022
20260818-214558,1787089679340,BUY,-2.3073962891174022
20260818-214558,1787089679575,BUY,-2.3228785730711783
20260818-214558,1787089679677,BUY,-2.3228785730711783
20260818-214558,1787089679566,BUY,-2.3228785730711783
20260818-214558,1787089679724,BUY,-2.3228785730711783
20260818-214558,1787089679724,BUY,-2.3228785730711783
20260818-214558,1787089679724,BUY,-2.3228785730711783
20260818-214558,1787089679727,BUY,-2.3228785730711783
20260818-214558,1787089679732,BUY,-2.3228785730711783
20260818-214558,1787089679732,BUY,-2.3228785730711783
20260818-214558,1787089679732,BUY,-2.3228785730711783
20260818-214558,1787089679732,BUY,-2.3228785730711783
20260818-214558,1787089679732,BUY,-2.3228785730711783
20260818-214558,1787089679732,BUY,-2.3228785730711783
20260818-214558,1787089679732,BUY,-2.3228785730711783
20260818-214558,1787089679732,BUY,-2.3228785730711783
20260818-214558,1787089679732,BUY,-2.3228785730711783
20260818-214558,1787089679737,BUY,-1.053038286459385
20260818-214558,1787089679737,BUY,-1.053038286459385
20260818-214558,1787089679737,BUY,-1.053038286459385
20260818-214558,1787089679737,BUY,-1.053038286459385
20260818-214558,1787089679737,BUY,-1.053038286459385
20260818-214558,1787089679737,BUY,-1.053038286459385
20260818-214558,1787089679742,BUY,-1.053038286459385
20260818-214558,1787089679744,BUY,-1.053038286459385
20260818-214558,1787089679746,BUY,-1.053038286459385
20260818-214558,1787089679746,BUY,-1.053038286459385
20260818-214558,1787089679746,BUY,-1.053038286459385
20260818-214558,1787089679748,BUY,-1.053038286459385
20260818-214558,1787089679748,BUY,-1.053038286459385
20260818-214558,1787089679748,BUY,-1.053038286459385
20260818-214558,1787089679749,BUY,-1.053038286459385
20260818-214558,1787089679749,BUY,-1.053038286459385
20260818-214558,1787089679749,BUY,-1.053038286459385
20260818-214558,1787089679750,BUY,-1.053038286459385
20260818-214558,1787089679750,BUY,-1.053038286459385
20260818-214558,1787089679750,BUY,-1.053038286459385
20260818-214558,1787089679751,BUY,-1.053038286459385
20260818-214558,1787089679751,BUY,-1.053038286459385
20260818-214558,1787089679751,BUY,-1.053038286459385
20260818-214558,1787089679751,BUY,-1.053038286459385
20260818-214558,1787089679751,BUY,-1.053038286459385
20260818-214558,1787089679751,BUY,-1.053038286459385
20260818-214558,1787089679754,BUY,-1.053038286459385
20260818-214558,1787089679782,BUY,-1.053038286459385
20260818-214558,1787089679783,BUY,-1.053038286459385
20260818-214558,1787089679783,BUY,-1.053038286459385
20260818-214558,1787089679783,BUY,-1.053038286459385
20260818-214558,1787089679783,BUY,-1.053038286459385
20260818-214558,1787089679783,BUY,-1.053038286459385
20260818-214558,1787089679848,SELL,1.8736320356998548
20260818-214558,1787089679848,SELL,1.8736320356998548
20260818-214558,1787089679848,SELL,1.8736320356998548
20260818-214558,1787089679848,SELL,1.8736320356998548
20260818-214558,1787089679848,SELL,1.8736320356998548
20260818-214558,1787089679848,SELL,1.8736320356998548
20260818-214558,1787089679848,SELL,1.8736320356998548
20260818-214558,1787089679848,SELL,1.8736320356998548
20260818-214558,1787089679848,SELL,1.8736320356998548
20260818-214558,1787089679848,SELL,1.8736320356998548
20260818-214558,1787089679848,SELL,1.8736320356998548
20260818-214558,1787089679848,SELL,1.8736320356998548
20260818-214558,1787089679848,SELL,1.8736320356998548
20260818-214558,1787089679848,SELL,1.8736320356998548
20260818-214558,1787089679848,SELL,1.8736320356998548
20260818-214558,1787089679848,SELL,1.8736320356998548
20260818-214558,1787089679848,SELL,1.8736320356998548
20260818-214558,1787089679848,SELL,1.8736320356998548
20260818-214558,1787089679851,SELL,1.8736320356998548
20260818-214558,1787089679858,SELL,1.8736320356998548
20260818-214558,1787089679858,SELL,1.8736320356998548
20260818-214558,1787089679858,SELL,1.8736320356998548
20260818-214558,1787089679858,SELL,1.8736320356998548
20260818-214558,1787089679858,SELL,1.8736320356998548
20260818-214558,1787089679858,SELL,1.8736320356998548
20260818-214558,1787089679858,SELL,1.8736320356998548
20260818-214558,1787089679858,SELL,1.8736320356998548
20260818-214558,1787089679858,SELL,1.8736320356998548
20260818-214558,1787089679858,SELL,1.8736320356998548
20260818-214558,1787089679858,SELL,1.8736320356998548
20260818-214558,1787089679867,SELL,1.8736320356998548
20260818-214558,1787089679877,SELL,1.8736320356998548
20260818-214558,1787089679877,SELL,1.8736320356998548
20260818-214558,1787089679877,SELL,1.8736320356998548
20260818-214558,1787089679881,SELL,0.6194601869066249
20260818-214558,1787089679879,SELL,0.6194601869066249
20260818-214558,1787089679903,SELL,0.6194601869066249
20260818-214558,1787089679903,SELL,0.6194601869066249
20260818-214558,1787089679903,SELL,0.6194601869066249
20260818-214558,1787089679903,SELL,0.6194601869066249
20260818-214558,1787089679903,SELL,0.6194601869066249
20260818-214558,1787089679903,SELL,0.6194601869066249
20260818-214558,1787089679903,SELL,0.6194601869066249
20260818-214558,1787089679903,SELL,0.6194601869066249
20260818-214558,1787089679903,SELL,0.6194601869066249
20260818-214558,1787089679903,SELL,0.6194601869066249
20260818-214558,1787089679903,SELL,0.6194601869066249
20260818-214558,1787089679926,SELL,0.6194601869066249
20260818-214558,1787089679928,SELL,0.6194601869066249
20260818-214558,1787089679928,SELL,0.6194601869066249
20260818-214558,1787089679983,SELL,0.18584611477036614
20260818-214558,1787089679929,SELL,0.18584611477036614
20260818-214558,1787089680026,SELL,0.18584611477036614
20260818-214558,1787089680026,SELL,0.18584611477036614
20260818-214558,1787089680026,SELL,0.18584611477036614
20260818-214558,1787089680026,SELL,0.18584611477036614
20260818-214558,1787089680026,SELL,0.18584611477036614
20260818-214558,1787089680026,SELL,0.18584611477036614
20260818-214558,1787089680026,SELL,0.18584611477036614
20260818-214558,1787089680026,SELL,0.18584611477036614
20260818-214558,1787089680026,SELL,0.18584611477036614
20260818-214558,1787089680026,SELL,0.18584611477036614
20260818-214558,1787089680026,SELL,0.18584611477036614
20260818-214558,1787089680026,SELL,0.18584611477036614
20260818-214558,1787089680026,SELL,0.18584611477036614
20260818-214558,1787089680026,SELL,0.18584611477036614
20260818-214558,1787089680026,SELL,0.18584611477036614
20260818-214558,1787089680026,SELL,0.18584611477036614
20260818-214558,1787089680026,SELL,0.18584611477036614
20260818-214558,1787089680027,SELL,0.18584611477036614
20260818-214558,1787089680085,SELL,-0.573060133369933
20260818-214558,1787089680036,SELL,-0.4181790162434114
20260818-214558,1787089680096,SELL,-0.573060133369933
20260818-214558,1787089680096,SELL,-0.573060133369933
20260818-214558,1787089680187,SELL,-0.604038227877097
20260818-214558,1787089680115,SELL,-0.604038227877097
20260818-214558,1787089680227,SELL,-0.604038227877097
20260818-214558,1787089680227,SELL,-0.604038227877097
20260818-214558,1787089680227,SELL,-0.604038227877097
20260818-214558,1787089680227,SELL,-0.604038227877097
20260818-214558,1787089680236,SELL,-0.604038227877097
20260818-214558,1787089680236,SELL,-0.604038227877097
20260818-214558,1787089680236,SELL,-0.604038227877097
20260818-214558,1787089680236,SELL,-0.604038227877097
20260818-214558,1787089680236,SELL,-0.604038227877097
20260818-214558,1787089680236,SELL,-0.604038227877097
20260818-214558,1787089680280,SELL,-0.604038227877097
20260818-214558,1787089680282,SELL,-0.9912806028858241
20260818-214558,1787089680282,SELL,-0.9912806028858241
20260818-214558,1787089680282,SELL,-0.9912806028858241
20260818-214558,1787089680282,SELL,-0.9912806028858241
20260818-214558,1787089680282,SELL,-0.9912806028858241
20260818-214558,1787089680289,SELL,-0.9912806028858241
20260818-214558,1787089680282,SELL,-0.9912806028858241
20260818-214558,1787089680391,SELL,-1.1152044967541574
20260818-214558,1787089680290,SELL,-1.1152044967541574
20260818-214558,1787089680493,SELL,-1.1152044967541574
20260818-214558,1787089680508,SELL,-1.1152044967541574
20260818-214558,1787089680508,SELL,-1.1152044967541574
20260818-214558,1787089680508,SELL,-1.1152044967541574
20260818-214558,1787089680508,SELL,-1.1152044967541574
20260818-214558,1787089680508,SELL,-1.1152044967541574
20260818-214558,1787089680508,SELL,-1.1152044967541574
20260818-214558,1787089680508,SELL,-1.1152044967541574
20260818-214558,1787089680508,SELL,-1.1152044967541574
20260818-214558,1787089680508,SELL,-1.1152044967541574
20260818-214558,1787089680508,SELL,-1.1152044967541574
20260818-214558,1787089680508,SELL,-1.1152044967541574
20260818-214558,1787089680697,SELL,-1.4405193304532615
20260818-214558,1787089680561,SELL,-1.4405193304532615
20260818-214558,1787089680799,SELL,-1.4405193304532615
20260818-214558,1787089680901,SELL,-1.4405193304532615
20260818-214558,1787089680832,SELL,-1.4405193304532615
20260818-214558,1787089681003,SELL,-1.4405193304532615
20260818-214558,1787089681105,SELL,-1.4405193304532615
20260818-214558,1787089681010,SELL,-1.4405193304532615
20260818-214558,1787089681207,SELL,-1.4405193304532615
20260818-214558,1787089681309,SELL,-1.4405193304532615
20260818-214558,1787089681411,SELL,-1.4405193304532615
20260818-214558,1787089681513,SELL,-1.4405193304532615
20260818-214558,1787089681615,SELL,-1.4405193304532615
20260818-214558,1787089681717,BUY,0.8673060467502461
20260818-214558,1787089681819,BUY,0.789861890326255
20260818-214558,1787089681735,BUY,0.789861890326255
20260818-214558,1787089681836,BUY,0.789861890326255
20260818-214558,1787089681921,BUY,0.7743732029701857
20260818-214558,1787089682023,BUY,0.7743732029701857
20260818-214558,1787089681917,BUY,0.7743732029701857
20260818-214558,1787089682035,BUY,0.7743732029701857
20260818-214558,1787089682035,BUY,0.7743732029701857
20260818-214558,1787089682039,BUY,0.6194889680630206
20260818-214558,1787089682125,BUY,0.6194889680630206
20260818-214558,1787089682039,BUY,0.6194889680630206
20260818-214558,1787089682227,BUY,0.6194889680630206
20260818-214558,1787089682329,BUY,0.6194889680630206
20260818-214558,1787089682431,BUY,0.6194889680630206
20260818-214558,1787089682533,BUY,0.6194889680630206
20260818-214558,1787089682635,BUY,0.6194889680630206
20260818-214558,1787089682737,BUY,0.6194889680630206
20260818-214558,1787089682839,BUY,0.6194889680630206
20260818-214558,1787089682941,BUY,0.6194889680630206
20260818-214558,1787089683043,BUY,0.6194889680630206
20260818-214558,1787089683145,BUY,0.6194889680630206
20260818-214558,1787089683247,BUY,0.6194889680630206
20260818-214558,1787089683349,BUY,0.6194889680630206
20260818-214558,1787089683451,BUY,0.6194889680630206
20260818-214558,1787089683553,BUY,0.6194889680630206
20260818-214558,1787089683655,BUY,0.6194889680630206
20260818-214558,1787089683693,BUY,0.6194889680630206
20260818-214558,1787089683695,BUY,0.6194889680630206
20260818-214558,1787089683695,BUY,0.6194889680630206
20260818-214558,1787089683695,BUY,0.6194889680630206
20260818-214558,1787089683695,BUY,0.6194889680630206
20260818-214558,1787089683695,BUY,0.6194889680630206
20260818-214558,1787089683699,BUY,0.6194889680630206
20260818-214558,1787089683701,BUY,0.6194889680630206
20260818-214558,1787089683702,BUY,0.6194889680630206
20260818-214558,1787089683702,BUY,0.6194889680630206
20260818-214558,1787089683702,BUY,0.6194889680630206
20260818-214558,1787089683702,BUY,0.6194889680630206
20260818-214558,1787089683702,BUY,0.6194889680630206
20260818-214558,1787089683702,BUY,0.6194889680630206
20260818-214558,1787089683706,BUY,0.6194889680630206
20260818-214558,1787089683706,BUY,0.6194889680630206
20260818-214558,1787089683710,BUY,0.6194889680630206
20260818-214558,1787089683710,BUY,0.6194889680630206
20260818-214558,1787089683711,BUY,0.6194889680630206
20260818-214558,1787089683713,BUY,0.0
20260818-214558,1787089683713,BUY,0.0
20260818-214558,1787089683757,BUY,0.0
20260818-214558,1787089683859,BUY,0.0
20260818-214558,1787089683713,BUY,0.0
20260818-214558,1787089683961,BUY,0.0
20260818-214558,1787089684063,BUY,0.0
20260818-214558,1787089684165,BUY,0.0
20260818-214558,1787089684267,BUY,0.0
20260818-214558,1787089684369,BUY,0.0
20260818-214558,1787089684471,BUY,0.0
20260818-214558,1787089684573,BUY,0.0
20260818-214558,1787089684675,BUY,0.0
20260818-214558,1787089684777,BUY,0.0
20260818-214558,1787089684701,BUY,0.0
20260818-214558,1787089684879,BUY,0.0
20260818-214558,1787089684981,BUY,0.0
20260818-214558,1787089685083,BUY,0.0
20260818-214558,1787089685185,BUY,0.0
20260818-214558,1787089685287,BUY,0.0
20260818-214558,1787089685389,BUY,0.0
20260818-214558,1787089685491,BUY,0.0
20260818-214558,1787089685593,BUY,0.0
20260818-214558,1787089685695,BUY,0.0
20260818-214558,1787089685797,BUY,0.0
20260818-214558,1787089685899,BUY,0.0
20260818-214558,1787089686001,BUY,0.0
20260818-214558,1787089686103,BUY,0.0
20260818-214558,1787089686205,BUY,0.0
20260818-214558,1787089686307,BUY,0.0
20260818-214558,1787089686409,BUY,0.0
20260818-214558,1787089686511,BUY,0.0
20260818-214558,1787089686613,BUY,0.0
20260818-214558,1787089686715,BUY,0.0
20260818-214558,1787089686817,BUY,0.0
20260818-214558,1787089686919,BUY,0.0
20260818-214558,1787089686846,BUY,0.0
20260818-214558,1787089687021,BUY,0.0
20260818-214558,1787089687123,BUY,0.0
20260818-214558,1787089687225,BUY,0.0
20260818-214558,1787089687327,BUY,0.0
20260818-214558,1787089687429,BUY,0.0
20260818-214558,1787089687531,BUY,0.0
20260818-214558,1787089687633,BUY,0.0
20260818-214558,1787089687735,BUY,0.0
20260818-214558,1787089687837,BUY,0.0
20260818-214558,1787089687939,BUY,0.0
20260818-214558,1787089688041,BUY,0.0
20260818-214558,1787089688143,BUY,0.0
20260818-214558,1787089688008,BUY,0.0
20260818-214558,1787089688245,BUY,0.0
20260818-214558,1787089688347,BUY,0.0
20260818-214558,1787089688449,BUY,0.0
20260818-214558,1787089688551,BUY,0.0
20260818-214558,1787089688653,BUY,0.0
20260818-214558,1787089688755,BUY,0.0
20260818-214558,1787089688857,BUY,0.0
20260818-214558,1787089688959,BUY,0.0
20260818-214558,1787089689061,BUY,0.0
20260818-214558,1787089689163,BUY,0.0
20260818-214558,1787089689265,BUY,0.0
20260818-214558,1787089689367,BUY,0.0
20260818-214558,1787089689469,BUY,0.0
20260818-214558,1787089689571,BUY,0.0
20260818-214558,1787089689673,BUY,0.0
20260818-214558,1787089689775,BUY,0.0
20260818-214558,1787089689877,BUY,0.0
20260818-214558,1787089689979,BUY,0.0
20260818-214558,1787089690081,BUY,0.0
20260818-214558,1787089690183,BUY,0.0
20260818-214558,1787089690285,BUY,0.0
20260818-214558,1787089690387,BUY,0.0
20260818-214558,1787089690489,BUY,0.0
20260818-214558,1787089690591,BUY,0.0
20260818-214558,1787089690693,BUY,0.0
20260818-214558,1787089690795,BUY,0.0
20260818-214558,1787089690897,BUY,0.0
20260818-214558,1787089690999,BUY,0.0
20260818-214558,1787089691101,BUY,0.0
20260818-214558,1787089691203,BUY,0.0
20260818-214558,1787089691305,BUY,0.0
20260818-214558,1787089691407,BUY,0.0
20260818-214558,1787089691509,BUY,0.0
20260818-214558,1787089691611,BUY,0.0
20260818-214558,1787089691713,BUY,0.0
20260818-214558,1787089691815,BUY,0.0
20260818-214558,1787089691917,BUY,0.0
20260818-214558,1787089692019,BUY,0.0
20260818-214558,1787089692121,BUY,0.0
20260818-214558,1787089692223,BUY,0.0
20260818-214558,1787089692325,BUY,0.0
20260818-214558,1787089692232,BUY,0.0
20260818-214558,1787089692427,BUY,0.0
20260818-214558,1787089692337,BUY,0.0
20260818-214558,1787089692529,BUY,0.0
20260818-214558,1787089692631,BUY,0.0
20260818-214558,1787089692733,BUY,0.0
20260818-214558,1787089692835,BUY,0.0
20260818-214558,1787089692937,BUY,0.0
20260818-214558,1787089693039,BUY,0.0
20260818-214558,1787089693141,BUY,0.0
20260818-214558,1787089693243,BUY,0.0
20260818-214558,1787089693345,BUY,0.0
20260818-214558,1787089693289,BUY,0.0
20260818-214558,1787089693447,BUY,0.0
20260818-214558,1787089693549,BUY,0.0
20260818-214558,1787089693651,BUY,0.0
20260818-214558,1787089693753,BUY,0.0
20260818-214558,1787089693855,BUY,0.0
20260818-214558,1787089693957,BUY,0.0
20260818-214558,1787089694059,BUY,0.0
20260818-214558,1787089694161,BUY,0.0
20260818-214558,1787089694067,BUY,0.0
20260818-214558,1787089694263,BUY,0.0
20260818-214558,1787089694365,BUY,0.0
20260818-214558,1787089694467,BUY,0.0
20260818-214558,1787089694569,BUY,0.0
20260818-214558,1787089694671,BUY,0.0
20260818-214558,1787089694773,BUY,0.0
20260818-214558,1787089694875,BUY,0.0
20260818-214558,1787089694977,BUY,0.0
20260818-214558,1787089695079,BUY,0.0
20260818-214558,1787089695181,BUY,0.0
20260818-214558,1787089695283,BUY,0.0
20260818-214558,1787089695385,BUY,0.0
20260818-214558,1787089695487,BUY,0.0
20260818-214558,1787089695589,BUY,0.0
20260818-214558,1787089695691,BUY,0.0
20260818-214558,1787089695563,BUY,0.0
20260818-214558,1787089695793,BUY,0.0
20260818-214558,1787089695895,BUY,0.0
20260818-214558,1787089695997,BUY,0.0
20260818-214558,1787089695850,BUY,0.0
20260818-214558,1787089696099,BUY,0.0
20260818-214558,1787089696201,BUY,0.0
20260818-214558,1787089696303,BUY,0.0
20260818-214558,1787089696405,BUY,0.0
20260818-214558,1787089696507,BUY,0.0
20260818-214558,1787089696609,BUY,0.0
20260818-214558,1787089696711,BUY,0.0
20260818-214558,1787089696813,BUY,0.0
20260818-214558,1787089696915,BUY,0.0
20260818-214558,1787089697017,BUY,0.0
20260818-214558,1787089696904,BUY,0.0
20260818-214558,1787089697119,BUY,0.0
20260818-214558,1787089697221,BUY,0.0
20260818-214558,1787089697323,BUY,0.0
20260818-214558,1787089697194,BUY,0.0
20260818-214558,1787089697425,BUY,0.0
20260818-214558,1787089697527,BUY,0.0
20260818-214558,1787089697629,BUY,0.0
20260818-214558,1787089697731,BUY,0.0
20260818-214558,1787089697833,BUY,0.0
20260818-214558,1787089697935,BUY,0.0
20260818-214558,1787089698037,BUY,0.0
20260818-214558,1787089698098,BUY,0.0
20260818-214558,1787089698139,BUY,0.0
20260818-214558,1787089698241,BUY,0.0
20260818-214558,1787089698119,BUY,0.0
20260818-214558,1787089698343,BUY,0.0
20260818-214558,1787089698287,BUY,0.0
20260818-214558,1787089698445,BUY,0.0
20260818-214558,1787089698547,BUY,0.0
20260818-214558,1787089698649,BUY,0.0
20260818-214558,1787089698751,BUY,0.0
20260818-214558,1787089698853,BUY,0.0
20260818-214558,1787089698955,BUY,0.0
20260818-214558,1787089699057,BUY,0.0
20260818-214558,1787089699159,BUY,0.0
20260818-214558,1787089699261,BUY,0.0
20260818-214558,1787089699363,BUY,0.0
20260818-214558,1787089699465,BUY,0.0
20260818-214558,1787089699567,BUY,0.0
20260818-214558,1787089699669,BUY,0.0
20260818-214558,1787089699771,BUY,0.0
20260818-214558,1787089699873,BUY,0.0
20260818-214558,1787089699750,BUY,0.0
20260818-214558,1787089699975,BUY,0.0
20260818-214558,1787089700077,BUY,0.0
20260818-214558,1787089700179,BUY,0.0
20260818-214558,1787089700281,BUY,0.0
20260818-214558,1787089700383,BUY,0.0
20260818-214558,1787089700485,BUY,0.0
20260818-214558,1787089700587,BUY,0.0
20260818-214558,1787089700689,BUY,0.0
20260818-214558,1787089700791,BUY,0.0
20260818-214558,1787089700893,BUY,0.0
20260818-214558,1787089700760,BUY,0.0
20260818-214558,1787089700995,BUY,0.0
20260818-214558,1787089701097,BUY,0.0
20260818-214558,1787089701199,BUY,0.0
20260818-214558,1787089701301,BUY,1.1150110688073467
20260818-214558,1787089701403,BUY,1.1150110688073467
20260818-214558,1787089701505,BUY,1.1150110688073467
20260818-214558,1787089701607,BUY,1.1150110688073467
20260818-214558,1787089701507,BUY,1.1150110688073467
20260818-214558,1787089701709,BUY,1.1150110688073467
20260818-214558,1787089701811,BUY,1.1150110688073467
20260818-214558,1787089701913,BUY,1.1150110688073467
20260818-214558,1787089702015,BUY,1.1150110688073467
20260818-214558,1787089702117,BUY,1.1150110688073467
20260818-214558,1787089702219,BUY,1.1150110688073467
20260818-214558,1787089702321,BUY,1.1150110688073467
20260818-214558,1787089702423,BUY,1.1150110688073467
20260818-214558,1787089702525,BUY,1.1150110688073467
20260818-214558,1787089702627,BUY,1.1150110688073467
20260818-214558,1787089702729,BUY,1.1150110688073467
20260818-214558,1787089702657,BUY,1.1150110688073467
20260818-214558,1787089702831,BUY,1.1150110688073467
20260818-214558,1787089702933,BUY,1.1150110688073467
20260818-214558,1787089703035,BUY,1.1150110688073467
20260818-214558,1787089703137,BUY,1.1150110688073467
20260818-214558,1787089702993,BUY,1.1150110688073467
20260818-214558,1787089703239,BUY,1.1150110688073467
20260818-214558,1787089703243,BUY,1.1150110688073467
20260818-214558,1787089703243,BUY,1.1150110688073467
20260818-214558,1787089703243,BUY,1.1150110688073467
20260818-214558,1787089703243,BUY,1.1150110688073467
20260818-214558,1787089703243,BUY,1.1150110688073467
20260818-214558,1787089703243,BUY,1.1150110688073467
20260818-214558,1787089703243,BUY,1.1150110688073467
20260818-214558,1787089703243,BUY,1.1150110688073467
20260818-214558,1787089703243,BUY,1.1150110688073467
20260818-214558,1787089703243,BUY,1.1150110688073467
20260818-214558,1787089703243,BUY,1.1150110688073467
20260818-214558,1787089703243,BUY,1.1150110688073467
20260818-214558,1787089703243,BUY,1.1150110688073467
20260818-214558,1787089703243,BUY,1.1150110688073467
20260818-214558,1787089703243,BUY,1.1150110688073467
20260818-214558,1787089703249,BUY,1.1150110688073467
20260818-214558,1787089703249,BUY,1.1150110688073467
20260818-214558,1787089703249,BUY,1.1150110688073467
20260818-214558,1787089703249,BUY,1.1150110688073467
20260818-214558,1787089703249,BUY,1.1150110688073467
20260818-214558,1787089703249,BUY,1.1150110688073467
20260818-214558,1787089703249,BUY,1.1150110688073467
20260818-214558,1787089703249,BUY,1.1150110688073467
20260818-214558,1787089703249,BUY,1.1150110688073467
20260818-214558,1787089703256,BUY,1.1150110688073467
20260818-214558,1787089703258,BUY,1.1150110688073467
20260818-214558,1787089703258,BUY,1.1150110688073467
20260818-214558,1787089703258,BUY,1.1150110688073467
20260818-214558,1787089703262,BUY,1.1150110688073467
20260818-214558,1787089703270,BUY,1.1150110688073467
20260818-214558,1787089703270,BUY,1.1150110688073467
20260818-214558,1787089703270,BUY,1.1150110688073467
20260818-214558,1787089703270,BUY,1.1150110688073467
20260818-214558,1787089703270,BUY,1.1150110688073467
20260818-214558,1787089703270,BUY,1.1150110688073467
20260818-214558,1787089703278,BUY,1.1150110688073467
20260818-214558,1787089703278,BUY,1.1150110688073467
20260818-214558,1787089703279,BUY,1.1150110688073467
20260818-214558,1787089703279,BUY,1.1150110688073467
20260818-214558,1787089703279,BUY,1.1150110688073467
20260818-214558,1787089703282,BUY,1.1150110688073467
20260818-214558,1787089703284,BUY,1.1150110688073467
20260818-214558,1787089703288,BUY,1.1150110688073467
20260818-214558,1787089703288,BUY,1.1150110688073467
20260818-214558,1787089703291,BUY,1.1150110688073467
20260818-214558,1787089703294,BUY,0.0
20260818-214558,1787089703294,BUY,0.0
20260818-214558,1787089703294,BUY,0.0
20260818-214859,1787089742409,SELL,0.4181518154388838
20260818-214859,1787089742611,SELL,0.4181518154388838
20260818-214859,1787089742713,SELL,0.4181518154388838
20260818-214859,1787089742815,SELL,0.4181518154388838
20260818-214859,1787089742917,SELL,0.4181518154388838
20260818-214859,1787089743869,SELL,0.4181518154388838
20260818-214859,1787089743869,SELL,0.4181518154388838
20260818-214859,1787089743937,SELL,-0.0
20260818-214859,1787089743881,SELL,-0.0
20260818-214859,1787089744039,SELL,-0.0
20260818-214859,1787089744141,SELL,-0.0
20260818-214859,1787089744243,SELL,-0.0
20260818-214859,1787089744345,SELL,-0.0
20260818-214859,1787089744447,SELL,-0.0
20260818-214859,1787089744549,SELL,-0.0
20260818-214859,1787089744651,SELL,-0.0
20260818-214859,1787089744753,SELL,-0.0
20260818-214859,1787089744855,SELL,-0.0
20260818-214859,1787089744957,SELL,-0.0
20260818-214859,1787089745059,SELL,-0.0
20260818-214859,1787089745161,SELL,-0.0
20260818-214859,1787089745263,SELL,-0.0
20260818-214859,1787089745365,SELL,-0.0
20260818-214859,1787089745467,SELL,-0.0
20260818-214859,1787089745569,SELL,-0.0
20260818-214859,1787089745671,SELL,-0.0
20260818-214859,1787089745773,SELL,-0.0
20260818-214859,1787089745875,SELL,-0.0
20260818-214859,1787089745977,SELL,-0.0
20260818-214859,1787089746079,SELL,-0.0
20260818-214859,1787089746181,SELL,-0.0
20260818-214859,1787089746283,SELL,-0.0
20260818-214859,1787089746385,SELL,-0.0
20260818-214859,1787089746487,SELL,-0.0
20260818-214859,1787089746384,SELL,-0.0
20260818-214859,1787089746589,SELL,-0.0
20260818-214859,1787089746691,SELL,-0.0
20260818-214859,1787089746793,SELL,-0.0
20260818-214859,1787089746895,SELL,-0.0
20260818-214859,1787089746997,SELL,-0.0
20260818-214859,1787089747099,SELL,-0.0
20260818-214859,1787089747201,SELL,-0.0
20260818-214859,1787089747094,SELL,-0.0
20260818-214859,1787089747303,SELL,-0.0
20260818-214859,1787089747405,SELL,-0.0
20260818-214859,1787089747507,SELL,-0.0
20260818-214859,1787089747609,SELL,-0.0
20260818-214859,1787089747711,SELL,-0.0
20260818-214859,1787089747813,SELL,-0.0
20260818-214859,1787089747915,SELL,-0.0
20260818-214859,1787089748017,SELL,-0.0
20260818-214859,1787089748119,SELL,-0.0
20260818-214859,1787089748221,SELL,-0.0
20260818-214859,1787089748074,SELL,-0.0
20260818-214859,1787089748323,SELL,-0.0
20260818-214859,1787089748425,SELL,-0.0
20260818-214859,1787089748527,SELL,-0.0
20260818-214859,1787089748629,SELL,-0.0
20260818-214859,1787089748731,SELL,-0.0
20260818-214859,1787089748833,SELL,-0.0
20260818-214859,1787089748774,SELL,-0.0
20260818-214859,1787089748935,SELL,-0.0
20260818-214859,1787089749037,SELL,-0.0
20260818-214859,1787089749139,SELL,-0.0
20260818-214859,1787089749241,SELL,-0.0
20260818-214859,1787089749343,SELL,-0.0
20260818-214859,1787089749445,SELL,-0.0
20260818-214859,1787089749296,SELL,-0.0
20260818-214859,1787089749547,SELL,-0.0
20260818-214859,1787089749649,SELL,-0.0
20260818-214859,1787089749751,SELL,-0.0
20260818-214859,1787089749680,SELL,-0.0
20260818-214859,1787089749853,SELL,-0.0
20260818-214859,1787089749955,SELL,-0.0
20260818-214859,1787089750057,SELL,-0.0
20260818-214859,1787089750159,SELL,-0.0
20260818-214859,1787089750261,SELL,-0.0
20260818-214859,1787089750164,SELL,-0.0
20260818-214859,1787089750363,SELL,-0.0
20260818-214859,1787089750465,SELL,-0.0
20260818-214859,1787089750567,SELL,-0.0
20260818-214859,1787089750669,SELL,-0.0
20260818-214859,1787089750771,SELL,-0.0
20260818-214859,1787089750873,SELL,0.4026815493623722
20260818-214859,1787089750785,SELL,-0.0
20260818-214859,1787089750975,SELL,0.4026815493623722
20260818-214859,1787089751077,SELL,0.4026815493623722
20260818-214859,1787089751179,SELL,0.4026815493623722
20260818-214859,1787089751281,SELL,0.4026815493623722
20260818-214859,1787089751383,SELL,0.4026815493623722
20260818-214859,1787089751485,SELL,0.4026815493623722
20260818-214859,1787089751467,SELL,0.4026815493623722
20260818-214859,1787089751484,SELL,0.4026815493623722
20260818-214859,1787089751587,SELL,0.4026815493623722
20260818-214859,1787089751560,SELL,0.4026815493623722
20260818-214859,1787089751689,SELL,0.4026815493623722
20260818-214859,1787089751791,SELL,0.4026815493623722
20260818-214859,1787089751667,SELL,0.4026815493623722
20260818-214859,1787089751893,SELL,0.4026815493623722
20260818-214859,1787089751995,SELL,0.4026815493623722
20260818-214859,1787089752097,SELL,0.4026815493623722
20260818-214859,1787089752199,SELL,0.4026815493623722
20260818-214859,1787089752301,SELL,0.4026815493623722
20260818-214859,1787089752403,SELL,0.4026815493623722
20260818-214859,1787089752505,SELL,0.4026815493623722
20260818-214859,1787089752607,SELL,0.4026815493623722
20260818-214859,1787089752709,SELL,0.4026815493623722
20260818-214859,1787089752798,SELL,0.4026815493623722
20260818-214859,1787089752799,SELL,0.4026815493623722
20260818-214859,1787089752799,SELL,0.4026815493623722
20260818-214859,1787089752799,SELL,0.4026815493623722
20260818-214859,1787089752799,SELL,0.4026815493623722
20260818-214859,1787089752799,SELL,0.4026815493623722
20260818-214859,1787089752799,SELL,0.4026815493623722
20260818-214859,1787089752799,SELL,0.4026815493623722
20260818-214859,1787089752799,SELL,0.4026815493623722
20260818-214859,1787089752799,SELL,0.4026815493623722
20260818-214859,1787089752799,SELL,0.4026815493623722
20260818-214859,1787089752799,SELL,0.4026815493623722
20260818-214859,1787089752799,SELL,0.4026815493623722
20260818-214859,1787089752799,SELL,0.4026815493623722
20260818-214859,1787089752799,SELL,0.4026815493623722
20260818-214859,1787089752799,SELL,0.4026815493623722
20260818-214859,1787089752799,SELL,0.4026815493623722
20260818-214859,1787089752802,SELL,0.4026815493623722
20260818-214859,1787089752809,SELL,-0.0
20260818-214859,1787089752811,SELL,-0.0
20260818-214859,1787089752809,SELL,-0.0
20260818-214859,1787089752913,SELL,-0.0
20260818-214859,1787089752835,SELL,-0.0
20260818-214859,1787089753015,SELL,-0.0
20260818-214859,1787089753117,SELL,-0.0
20260818-214859,1787089753219,SELL,-0.0
20260818-214859,1787089753321,SELL,-0.0
20260818-214859,1787089753423,SELL,-0.0
20260818-214859,1787089754230,SELL,0.40269776526063
20260818-214859,1787089754443,SELL,0.40269776526063
20260818-214859,1787089754376,SELL,0.40269776526063
20260818-214859,1787089754545,SELL,0.40269776526063
20260818-214859,1787089754647,SELL,0.40269776526063
20260818-214859,1787089754749,SELL,0.40269776526063
20260818-214859,1787089754851,SELL,0.40269776526063
20260818-214859,1787089754758,SELL,0.40269776526063
20260818-214859,1787089754953,SELL,0.40269776526063
20260818-214859,1787089755055,SELL,0.40269776526063
20260818-214859,1787089755157,SELL,0.40269776526063
20260818-214859,1787089755259,SELL,0.40269776526063
20260818-214859,1787089755361,SELL,0.40269776526063
20260818-214859,1787089755463,SELL,0.40269776526063
20260818-214859,1787089755565,SELL,0.40269776526063
20260818-214859,1787089755667,SELL,0.40269776526063
20260818-214859,1787089755769,SELL,0.40269776526063
20260818-214859,1787089755871,SELL,0.40269776526063
20260818-214859,1787089755915,SELL,0.40269776526063
20260818-214859,1787089755918,SELL,0.40269776526063
20260818-214859,1787089755918,SELL,0.40269776526063
20260818-214859,1787089755918,SELL,0.40269776526063
20260818-214859,1787089755918,SELL,0.40269776526063
20260818-214859,1787089755918,SELL,0.40269776526063
20260818-214859,1787089755918,SELL,0.40269776526063
20260818-214859,1787089755918,SELL,0.40269776526063
20260818-214859,1787089755918,SELL,0.40269776526063
20260818-214859,1787089755918,SELL,0.40269776526063
20260818-214859,1787089755921,SELL,0.40269776526063
20260818-214859,1787089755921,SELL,0.40269776526063
20260818-214859,1787089755921,SELL,0.40269776526063
20260818-214859,1787089755924,SELL,-0.0
20260818-214859,1787089755924,SELL,-0.0
20260818-214859,1787089755973,SELL,-0.0
20260818-214859,1787089756075,SELL,-0.0
20260818-214859,1787089755924,SELL,-0.0
20260818-214859,1787089756177,SELL,-0.0
20260818-214859,1787089756279,SELL,-0.0
20260818-214859,1787089756381,SELL,-0.0
20260818-214859,1787089756483,SELL,-0.0
20260818-214859,1787089756585,SELL,-0.0
20260818-214859,1787089756687,SELL,-0.0
20260818-214859,1787089756789,SELL,-0.0
20260818-214859,1787089756891,SELL,-0.0
20260818-214859,1787089756993,SELL,-0.0
20260818-214859,1787089757095,SELL,-0.0
20260818-214859,1787089757197,SELL,-0.0
20260818-214859,1787089757299,SELL,-0.17037899258089648
20260818-214859,1787089757401,SELL,-0.387224983136352
20260818-214859,1787089757503,SELL,-0.387224983136352
20260818-214859,1787089757605,SELL,-0.387224983136352
20260818-214859,1787089757707,SELL,-0.387224983136352
20260818-214859,1787089757809,SELL,-0.387224983136352
20260818-214859,1787089757911,SELL,-0.387224983136352
20260818-214859,1787089758013,SELL,-0.387224983136352
20260818-214859,1787089758115,SELL,-0.387224983136352
20260818-214859,1787089758217,SELL,-0.387224983136352
20260818-214859,1787089758319,SELL,-0.387224983136352
20260818-214859,1787089758421,SELL,-0.387224983136352
20260818-214859,1787089758523,SELL,-0.387224983136352
20260818-214859,1787089758625,SELL,-0.387224983136352
20260818-214859,1787089758727,SELL,-0.387224983136352
20260818-214859,1787089758829,SELL,-0.387224983136352
20260818-214859,1787089758931,SELL,-0.387224983136352
20260818-214859,1787089759033,SELL,-0.387224983136352
20260818-214859,1787089759135,SELL,-0.387224983136352
20260818-214859,1787089759237,BUY,0.21684229601826108
20260818-214859,1787089759239,BUY,0.21684229601826108
20260818-214859,1787089759329,BUY,0.21684229601826108
20260818-214859,1787089759330,BUY,0.21684229601826108
20260818-214859,1787089759330,BUY,0.21684229601826108
20260818-214859,1787089759330,BUY,0.21684229601826108
20260818-214859,1787089759335,BUY,0.0
20260818-214859,1787089759335,BUY,0.0
20260818-214859,1787089759339,BUY,0.0
20260818-214859,1787089759441,BUY,0.0
20260818-214859,1787089759335,BUY,0.0
20260818-214859,1787089759543,BUY,0.0
20260818-214859,1787089759645,BUY,0.0
20260818-214859,1787089759747,BUY,0.0
20260818-214859,1787089759849,BUY,0.0
20260818-214859,1787089759951,BUY,0.0
20260818-214859,1787089760053,BUY,0.0
20260818-214859,1787089760155,BUY,0.23232599363891432
20260818-214859,1787089760257,BUY,0.41818678854959496
20260818-214859,1787089760359,BUY,0.41818678854959496
20260818-214859,1787089760461,BUY,0.8518619766760192
20260818-214859,1787089760345,BUY,0.41818678854959496
20260818-214859,1787089760563,BUY,1.115164769466338
20260818-214859,1787089760665,BUY,1.7347007525034426
20260818-214859,1787089760767,BUY,1.7347007525034426
20260818-214859,1787089760869,BUY,2.0909339427502287
20260818-214859,1787089760971,BUY,2.0909339427502287
20260818-214859,1787089761073,BUY,2.0909339427502287
20260818-214859,1787089761175,BUY,2.0909339427502287
20260818-214859,1787089761277,BUY,2.0909339427502287
20260818-214859,1787089761220,BUY,2.0909339427502287
20260818-214859,1787089761379,BUY,2.0909339427502287
20260818-214859,1787089761481,BUY,2.0909339427502287
20260818-214859,1787089761583,BUY,2.0909339427502287
20260818-214859,1787089761466,BUY,2.0909339427502287
20260818-214859,1787089761685,BUY,2.4936323317252485
20260818-214859,1787089761787,BUY,2.4936323317252485
20260818-214859,1787089761889,BUY,2.4936323317252485
20260818-214859,1787089761991,BUY,2.4936323317252485
20260818-214859,1787089762093,BUY,2.4936323317252485
20260818-214859,1787089762120,BUY,2.4936323317252485
20260818-214859,1787089762122,BUY,2.261253803282662
20260818-214859,1787089762122,BUY,2.261253803282662
20260818-214859,1787089762122,BUY,2.261253803282662
20260818-214859,1787089762122,BUY,2.261253803282662
20260818-214859,1787089762122,BUY,2.261253803282662
20260818-214859,1787089762122,BUY,2.261253803282662
20260818-214859,1787089762122,BUY,2.261253803282662
20260818-214859,1787089762195,BUY,2.261253803282662
20260818-214859,1787089762122,BUY,2.261253803282662
20260818-214859,1787089762244,BUY,2.261253803282662
20260818-214859,1787089762246,BUY,2.261253803282662
20260818-214859,1787089762246,BUY,2.261253803282662
20260818-214859,1787089762246,BUY,2.261253803282662
20260818-214859,1787089762247,BUY,2.0753587544143937
20260818-214859,1787089762297,BUY,2.0753587544143937
20260818-214859,1787089762247,BUY,2.0753587544143937
20260818-214859,1787089762366,BUY,2.0753587544143937
20260818-214859,1787089762367,BUY,2.0753587544143937
20260818-214859,1787089762373,BUY,2.0753587544143937
20260818-214859,1787089762373,BUY,2.0753587544143937
20260818-214859,1787089762373,BUY,2.0753587544143937
20260818-214859,1787089762373,BUY,2.0753587544143937
20260818-214859,1787089762373,BUY,2.0753587544143937
20260818-214859,1787089762373,BUY,2.0753587544143937
20260818-214859,1787089762373,BUY,2.0753587544143937
20260818-214859,1787089762373,BUY,2.0753587544143937
20260818-214859,1787089762373,BUY,2.0753587544143937
20260818-214859,1787089762373,BUY,2.0753587544143937
20260818-214859,1787089762373,BUY,2.0753587544143937
20260818-214859,1787089762373,BUY,2.0753587544143937
20260818-214859,1787089762373,BUY,2.0753587544143937
20260818-214859,1787089762373,BUY,2.0753587544143937
20260818-214859,1787089762380,BUY,2.0753587544143937
20260818-214859,1787089762396,BUY,1.6416305107880402
20260818-214859,1787089762396,BUY,1.6416305107880402
20260818-214859,1787089762399,BUY,1.6416305107880402
20260818-214859,1787089762396,BUY,1.6416305107880402
20260818-214859,1787089762478,BUY,1.6416305107880402
20260818-214859,1787089762479,BUY,1.6416305107880402
20260818-214859,1787089762480,BUY,1.6416305107880402
20260818-214859,1787089762480,BUY,1.6416305107880402
20260818-214859,1787089762480,BUY,1.6416305107880402
20260818-214859,1787089762480,BUY,1.6416305107880402
20260818-214859,1787089762480,BUY,1.6416305107880402
20260818-214859,1787089762501,BUY,1.3783138575533895
20260818-214859,1787089762485,BUY,1.3783138575533895
20260818-214859,1787089762574,BUY,1.3783138575533895
20260818-214859,1787089762574,BUY,1.3783138575533895
20260818-214859,1787089762574,BUY,1.3783138575533895
20260818-214859,1787089762574,BUY,1.3783138575533895
20260818-214859,1787089762574,BUY,1.3783138575533895
20260818-214859,1787089762574,BUY,1.3783138575533895
20260818-214859,1787089762574,BUY,1.3783138575533895
20260818-214859,1787089762580,BUY,1.3783138575533895
20260818-214859,1787089762581,BUY,1.3783138575533895
20260818-214859,1787089762581,BUY,1.3783138575533895
20260818-214859,1787089762584,BUY,1.3783138575533895
20260818-214859,1787089762584,BUY,1.3783138575533895
20260818-214859,1787089762584,BUY,1.3783138575533895
20260818-214859,1787089762584,BUY,1.3783138575533895
20260818-214859,1787089762584,BUY,1.3783138575533895
20260818-214859,1787089762584,BUY,1.3783138575533895
20260818-214859,1787089762584,BUY,1.3783138575533895
20260818-214859,1787089762584,BUY,1.3783138575533895
20260818-214859,1787089762587,BUY,1.3783138575533895
20260818-214859,1787089762587,BUY,1.3783138575533895
20260818-214859,1787089762591,BUY,1.3783138575533895
20260818-214859,1787089762603,BUY,0.7587999501373555
20260818-214859,1787089762705,BUY,0.7587999501373555
20260818-214859,1787089762600,BUY,0.7587999501373555
20260818-214859,1787089762807,BUY,0.7587999501373555
20260818-214859,1787089762849,BUY,0.7587999501373555
20260818-214859,1787089762849,BUY,0.7587999501373555
20260818-214859,1787089762849,BUY,0.7587999501373555
20260818-214859,1787089762851,BUY,0.7587999501373555
20260818-214859,1787089762851,BUY,0.7587999501373555
20260818-214859,1787089762851,BUY,0.7587999501373555
20260818-214859,1787089762851,BUY,0.7587999501373555
20260818-214859,1787089762851,BUY,0.7587999501373555
20260818-214859,1787089762851,BUY,0.7587999501373555
20260818-214859,1787089762856,BUY,0.7587999501373555
20260818-214859,1787089762860,BUY,0.7587999501373555
20260818-214859,1787089762860,BUY,0.7587999501373555
20260818-214859,1787089762860,BUY,0.7587999501373555
20260818-214859,1787089762860,BUY,0.7587999501373555
20260818-214859,1787089762909,BUY,0.402614205004312
20260818-214859,1787089763011,BUY,0.402614205004312
20260818-214859,1787089762868,BUY,0.402614205004312
20260818-214859,1787089763113,BUY,0.402614205004312
20260818-214859,1787089763215,BUY,0.402614205004312
20260818-214859,1787089763317,BUY,0.402614205004312
20260818-214859,1787089763419,BUY,0.402614205004312
20260818-214859,1787089763521,BUY,0.402614205004312
20260818-214859,1787089763611,BUY,0.402614205004312
20260818-214859,1787089763611,BUY,0.402614205004312
20260818-214859,1787089763613,BUY,0.402614205004312
20260818-214859,1787089763614,BUY,0.402614205004312
20260818-214859,1787089763614,BUY,0.402614205004312
20260818-214859,1787089763614,BUY,0.402614205004312
20260818-214859,1787089763614,BUY,0.402614205004312
20260818-214859,1787089763616,BUY,0.402614205004312
20260818-214859,1787089763616,BUY,0.402614205004312
20260818-214859,1787089763616,BUY,0.402614205004312
20260818-214859,1787089763617,BUY,0.402614205004312
20260818-214859,1787089763617,BUY,0.402614205004312
20260818-214859,1787089763618,BUY,0.402614205004312
20260818-214859,1787089763618,BUY,0.402614205004312
20260818-214859,1787089780045,BUY,0.0
20260818-214859,1787089779984,BUY,0.0
20260818-214859,1787089780147,BUY,0.0
20260818-214859,1787089780249,BUY,0.0
20260818-214859,1787089780351,BUY,0.944729455039136
20260818-214859,1787089780453,BUY,0.944729455039136
20260818-214859,1787089780555,BUY,0.944729455039136
20260818-214859,1787089780657,BUY,0.944729455039136
20260818-214859,1787089780759,BUY,1.2854515535770648
20260818-214859,1787089780861,BUY,1.2854515535770648
20260818-214859,1787089780963,BUY,1.8275094376153962
20260818-214859,1787089781065,BUY,1.8275094376153962
20260818-214859,1787089781167,BUY,1.8275094376153962
20260818-214859,1787089781269,BUY,1.8275094376153962
20260818-214859,1787089781371,BUY,1.8275094376153962
20260818-214859,1787089781473,BUY,1.8275094376153962
20260818-214859,1787089781575,BUY,1.8275094376153962
20260818-214859,1787089781677,BUY,1.8275094376153962
20260818-214859,1787089781779,BUY,1.8275094376153962
20260818-214859,1787089781881,BUY,1.8275094376153962
20260818-214859,1787089781983,BUY,1.8275094376153962
20260818-214859,1787089782085,BUY,1.8275094376153962
20260818-214859,1787089782187,BUY,1.8275094376153962
20260818-214859,1787089782282,BUY,1.8275094376153962
20260818-214859,1787089782283,BUY,1.8275094376153962
20260818-214859,1787089782283,BUY,1.8275094376153962
20260818-214859,1787089782287,BUY,1.8275094376153962
20260818-214859,1787089782291,BUY,1.8275094376153962
20260818-214859,1787089782292,BUY,1.8275094376153962
20260818-214859,1787089782289,BUY,1.7035893853991548
20260818-214859,1787089782296,BUY,1.7035893853991548
20260818-214859,1787089782298,BUY,1.7035893853991548
20260818-214859,1787089782302,BUY,1.7035893853991548
20260818-214859,1787089782303,BUY,1.7035893853991548
20260818-214859,1787089782305,BUY,1.7035893853991548
20260818-214859,1787089782305,BUY,1.7035893853991548
20260818-214859,1787089782305,BUY,1.7035893853991548
20260818-214859,1787089782305,BUY,1.7035893853991548
20260818-214859,1787089782305,BUY,1.7035893853991548
20260818-214859,1787089782308,BUY,1.7035893853991548
20260818-214859,1787089782308,BUY,1.7035893853991548
20260818-214859,1787089782314,BUY,1.7035893853991548
20260818-214859,1787089782316,BUY,1.7035893853991548
20260818-214859,1787089782316,BUY,1.7035893853991548
20260818-214859,1787089782316,BUY,1.7035893853991548
20260818-214859,1787089782316,BUY,1.7035893853991548
20260818-214859,1787089782320,BUY,1.7035893853991548
20260818-214859,1787089782320,BUY,1.7035893853991548
20260818-214859,1787089782328,BUY,0.8826965916292626
20260818-214859,1787089782328,BUY,0.8826965916292626
20260818-214859,1787089782328,BUY,0.8826965916292626
20260818-214859,1787089782328,BUY,0.8826965916292626
20260818-214859,1787089782391,BUY,0.8826965916292626
20260818-214859,1787089782328,BUY,0.8826965916292626
20260818-214859,1787089782493,BUY,0.8826965916292626
20260818-214859,1787089782595,BUY,0.8826965916292626
20260818-214859,1787089782658,BUY,0.8826965916292626
20260818-214859,1787089782659,BUY,0.8826965916292626
20260818-214859,1787089782659,BUY,0.8826965916292626
20260818-214859,1787089782663,BUY,0.8826965916292626
20260818-214859,1787089782663,BUY,0.8826965916292626
20260818-214859,1787089782663,BUY,0.8826965916292626
20260818-214859,1787089782663,BUY,0.8826965916292626
20260818-214859,1787089782663,BUY,0.8826965916292626
20260818-214859,1787089782663,BUY,0.8826965916292626
20260818-214859,1787089782663,BUY,0.8826965916292626
20260818-214859,1787089782697,BUY,0.5419882140791504
20260818-214859,1787089782799,BUY,0.5419882140791504
20260818-214859,1787089782669,BUY,0.5419882140791504
20260818-214859,1787089782901,BUY,0.5419882140791504
20260818-214859,1787089782943,BUY,0.5419882140791504
20260818-214859,1787089782944,BUY,0.5419882140791504
20260818-214859,1787089782944,BUY,0.5419882140791504
20260818-214859,1787089782944,BUY,0.5419882140791504
20260818-214859,1787089782944,BUY,0.5419882140791504
20260818-214859,1787089782954,BUY,0.0
20260818-214859,1787089782954,BUY,0.0
20260818-214859,1787089782954,BUY,0.0
20260818-214859,1787089782954,BUY,0.0
20260818-214859,1787089782954,BUY,0.0
20260818-214859,1787089782954,BUY,0.0
20260818-214859,1787089782954,BUY,0.0
20260818-214859,1787089782954,BUY,0.0
20260818-214859,1787089782954,BUY,0.0
20260818-214859,1787089782954,BUY,0.0
20260818-214859,1787089782954,BUY,0.0
20260818-214859,1787089782954,BUY,0.0
20260818-214859,1787089782954,BUY,0.0
20260818-214859,1787089782954,BUY,0.0
20260818-214859,1787089782954,BUY,0.0
20260818-214859,1787089782954,BUY,0.0
20260818-214859,1787089782954,BUY,0.0
20260818-214859,1787089782954,BUY,0.0
20260818-214859,1787089803199,BUY,1.6726098521370936
20260818-214859,1787089803301,BUY,1.6726098521370936
20260818-214859,1787089803303,BUY,1.6726098521370936
20260818-214859,1787089803305,BUY,1.6726098521370936
20260818-214859,1787089803305,BUY,1.6726098521370936
20260818-214859,1787089803305,BUY,1.6726098521370936
20260818-214859,1787089803311,BUY,1.6726098521370936
20260818-214859,1787089803311,BUY,1.6726098521370936
20260818-214859,1787089803311,BUY,1.6726098521370936
20260818-214859,1787089803311,BUY,1.6726098521370936
20260818-214859,1787089803311,BUY,1.6726098521370936
20260818-214859,1787089803311,BUY,1.6726098521370936
20260818-214859,1787089803311,BUY,1.6726098521370936
20260818-214859,1787089803311,BUY,1.6726098521370936
20260818-214859,1787089803311,BUY,1.6726098521370936
20260818-214859,1787089803311,BUY,1.6726098521370936
20260818-214859,1787089803311,BUY,1.6726098521370936
20260818-214859,1787089803311,BUY,1.6726098521370936
20260818-214859,1787089803311,BUY,1.6726098521370936
20260818-214859,1787089803314,BUY,1.6726098521370936
20260818-214859,1787089803319,BUY,1.6726098521370936
20260818-214859,1787089803320,BUY,1.6726098521370936
20260818-214859,1787089803320,BUY,1.6726098521370936
20260818-214859,1787089803320,BUY,1.6726098521370936
20260818-214859,1787089803320,BUY,1.6726098521370936
20260818-214859,1787089803320,BUY,1.6726098521370936
20260818-214859,1787089803320,BUY,1.6726098521370936
20260818-214859,1787089803320,BUY,1.6726098521370936
20260818-214859,1787089803322,BUY,1.6726098521370936
20260818-214859,1787089803325,BUY,0.712339501007081
20260818-214859,1787089803325,BUY,0.712339501007081
20260818-214859,1787089803325,BUY,0.712339501007081
20260818-214859,1787089803325,BUY,0.712339501007081
20260818-214859,1787089803325,BUY,0.712339501007081
20260818-214859,1787089803325,BUY,0.712339501007081
20260818-214859,1787089803403,BUY,0.712339501007081
20260818-214859,1787089803325,BUY,0.712339501007081
20260818-214859,1787089803438,BUY,0.712339501007081
20260818-214859,1787089803447,BUY,0.712339501007081
20260818-214859,1787089803448,BUY,0.712339501007081
20260818-214859,1787089803448,BUY,0.712339501007081
20260818-214859,1787089803448,BUY,0.712339501007081
20260818-214859,1787089803448,BUY,0.712339501007081
20260818-214859,1787089803453,BUY,0.712339501007081
20260818-214859,1787089803454,BUY,0.712339501007081
20260818-214859,1787089803455,BUY,0.712339501007081
20260818-214859,1787089803461,BUY,0.712339501007081
20260818-214859,1787089803461,BUY,0.712339501007081
20260818-214859,1787089803461,BUY,0.712339501007081
20260818-214859,1787089803461,BUY,0.712339501007081
20260818-214859,1787089803461,BUY,0.712339501007081
20260818-214859,1787089803462,BUY,0.712339501007081
20260818-214859,1787089803462,BUY,0.712339501007081
20260818-214859,1787089803468,BUY,0.712339501007081
20260818-214859,1787089803469,BUY,0.712339501007081
20260818-214859,1787089803469,BUY,0.712339501007081
20260818-214859,1787089803469,BUY,0.712339501007081
20260818-214859,1787089803469,BUY,0.712339501007081
20260818-214859,1787089885105,BUY,0.0
20260818-214859,1787089885207,BUY,0.0
20260818-214859,1787089885309,BUY,0.0
20260818-214859,1787089885411,BUY,0.0
20260818-214859,1787089885513,BUY,0.0
20260818-214859,1787089885615,BUY,0.0
20260818-214859,1787089885717,BUY,0.0
20260818-214859,1787089885819,BUY,0.0
20260818-214859,1787089885921,BUY,0.0
20260818-214859,1787089886023,BUY,0.0
20260818-214859,1787089886125,BUY,0.0
20260818-214859,1787089885994,BUY,0.0
20260818-214859,1787089886227,BUY,0.0
20260818-214859,1787089886150,BUY,0.0
20260818-214859,1787089886329,BUY,0.0
20260818-214859,1787089886431,BUY,0.0
20260818-214859,1787089886533,BUY,0.0
20260818-214859,1787089886635,BUY,0.0
20260818-214859,1787089886737,BUY,0.0
20260818-214859,1787089886839,BUY,0.0
20260818-214859,1787089886941,BUY,0.0
20260818-214859,1787089887043,BUY,0.0
20260818-214859,1787089887145,BUY,0.0
20260818-214859,1787089887247,BUY,0.0
20260818-214859,1787089887349,BUY,0.0
20260818-214859,1787089887451,BUY,0.0
20260818-214859,1787089887553,BUY,0.0
20260818-214859,1787089887655,BUY,0.0
20260818-214859,1787089887757,BUY,0.0
20260818-214859,1787089887859,BUY,0.0
20260818-214859,1787089887961,BUY,0.0
20260818-214859,1787089888063,BUY,0.0
20260818-214859,1787089888165,BUY,0.0
20260818-214859,1787089888267,BUY,0.0
20260818-214859,1787089888369,BUY,0.0
20260818-214859,1787089888471,BUY,0.0
20260818-214859,1787089888573,BUY,0.0
20260818-214859,1787089888675,BUY,0.0
20260818-214859,1787089888777,BUY,0.0
20260818-214859,1787089888879,BUY,0.0
20260818-214859,1787089888981,BUY,0.0
20260818-214859,1787089888880,BUY,0.0
20260818-214859,1787089889083,BUY,0.0
20260818-214859,1787089889185,BUY,0.0
20260818-214859,1787089889287,BUY,0.0
20260818-214859,1787089889230,BUY,0.0
20260818-214859,1787089889389,BUY,0.0
20260818-214859,1787089889491,BUY,0.0
20260818-214859,1787089889356,BUY,0.0
20260818-214859,1787089889593,BUY,0.0
20260818-214859,1787089889695,BUY,0.0
20260818-214859,1787089889797,BUY,0.0
20260818-214859,1787089889899,BUY,0.0
20260818-214859,1787089890001,BUY,0.0
20260818-214859,1787089890103,BUY,0.0
20260818-214859,1787089890205,BUY,0.0
20260818-214859,1787089890307,BUY,0.07742341082642523
20260818-214859,1787089890409,BUY,0.07742341082642523
20260818-214859,1787089890511,BUY,0.07742341082642523
20260818-214859,1787089890613,BUY,0.07742341082642523
20260818-214859,1787089890715,BUY,0.07742341082642523
20260818-214859,1787089890817,BUY,0.07742341082642523
20260818-214859,1787089890919,BUY,0.07742341082642523
20260818-214859,1787089891021,BUY,0.07742341082642523
20260818-214859,1787089891123,BUY,0.07742341082642523
20260818-214859,1787089891225,BUY,0.07742341082642523
20260818-214859,1787089891327,BUY,0.07742341082642523
20260818-214859,1787089891429,BUY,0.07742341082642523
20260818-214859,1787089891531,BUY,0.07742341082642523
20260818-214859,1787089891633,BUY,0.07742341082642523
20260818-214859,1787089891735,BUY,0.07742341082642523
20260818-214859,1787089891837,BUY,0.07742341082642523
20260818-214859,1787089891939,BUY,0.07742341082642523
20260818-214859,1787089892041,BUY,0.07742341082642523
20260818-214859,1787089891962,BUY,0.07742341082642523
20260818-214859,1787089892143,BUY,0.07742341082642523
20260818-214859,1787089892200,BUY,0.07742341082642523
20260818-214859,1787089892243,BUY,0.0
20260818-214859,1787089892243,BUY,0.0
20260818-215200,1787089923106,SELL,-0.0
20260818-215200,1787089923357,SELL,-0.0
20260818-215200,1787089923459,SELL,-0.0
20260818-215200,1787089923561,SELL,-0.0
20260818-215200,1787089923663,SELL,-0.0
20260818-215200,1787089923765,SELL,-0.0
20260818-215200,1787089923867,SELL,-0.0
20260818-215200,1787089923969,SELL,-0.0
20260818-215200,1787089924071,SELL,-0.0
20260818-215200,1787089924173,SELL,-0.0
20260818-215200,1787089924275,SELL,-0.0
20260818-215200,1787089924377,SELL,-0.0
20260818-215200,1787089924244,SELL,-0.0
20260818-215200,1787089924479,SELL,-0.0
20260818-215200,1787089924581,SELL,-0.0
20260818-215200,1787089924683,SELL,-0.0
20260818-215200,1787089924785,SELL,-0.0
20260818-215200,1787089924887,SELL,-0.0
20260818-215200,1787089924989,SELL,-0.0
20260818-215200,1787089925091,SELL,-0.0
20260818-215200,1787089925193,SELL,-0.0
20260818-215200,1787089925295,SELL,-0.0
20260818-215200,1787089925397,SELL,-0.0
20260818-215200,1787089925499,SELL,-0.0
20260818-215200,1787089925601,SELL,-0.0
20260818-215200,1787089925703,SELL,-0.0
20260818-215200,1787089925805,SELL,-0.0
20260818-215200,1787089925907,SELL,-0.0
20260818-215200,1787089926009,SELL,-0.0
20260818-215200,1787089925945,SELL,-0.0
20260818-215200,1787089926111,SELL,-0.0
20260818-215200,1787089926213,SELL,-0.0
20260818-215200,1787089926315,SELL,-0.0
20260818-215200,1787089926282,SELL,-0.0
20260818-215200,1787089926417,SELL,-0.0
20260818-215200,1787089926519,SELL,-0.0
20260818-215200,1787089926400,SELL,-0.0
20260818-215200,1787089926621,SELL,-0.0
20260818-215200,1787089926723,SELL,-0.0
20260818-215200,1787089926825,SELL,-0.0
20260818-215200,1787089926927,SELL,-0.0
20260818-215200,1787089927029,SELL,-0.0
20260818-215200,1787089927131,SELL,-0.0
20260818-215200,1787089927022,SELL,-0.0
20260818-215200,1787089927233,SELL,-0.0
20260818-215200,1787089927335,SELL,-0.0
20260818-215200,1787089927437,SELL,-0.0
20260818-215200,1787089927539,SELL,-0.0
20260818-215200,1787089927641,SELL,-0.0
20260818-215200,1787089927743,SELL,-0.0
20260818-215200,1787089927845,SELL,-0.0
20260818-215200,1787089927811,SELL,-0.0
20260818-215200,1787089927947,SELL,-0.0
20260818-215200,1787089928049,SELL,-0.0
20260818-215200,1787089927910,SELL,-0.0
20260818-215200,1787089928151,SELL,-0.0
20260818-215200,1787089931474,SELL,-0.0
20260818-215200,1787089931517,SELL,-0.0
20260818-215200,1787089931619,SELL,-0.0
20260818-215200,1787089931492,SELL,-0.0
20260818-215200,1787089931721,SELL,-0.0
20260818-215200,1787089931823,SELL,-0.0
20260818-215200,1787089931699,SELL,-0.0
20260818-215200,1787089931925,SELL,-0.0
20260818-215200,1787089932027,SELL,-0.0
20260818-215200,1787089931958,SELL,-0.0
20260818-215200,1787089932129,SELL,-0.0
20260818-215200,1787089932231,SELL,-0.0
20260818-215200,1787089932333,SELL,-0.0
20260818-215200,1787089932435,SELL,-0.0
20260818-215200,1787089932537,SELL,-0.0
20260818-215200,1787089932639,SELL,-0.0
20260818-215200,1787089932530,SELL,-0.0
20260818-215200,1787089932741,SELL,-0.0
20260818-215200,1787089932843,SELL,-0.0
20260818-215200,1787089932945,SELL,-0.0
20260818-215200,1787089932860,SELL,-0.0
20260818-215200,1787089933047,SELL,-0.0
20260818-215200,1787089933149,SELL,-0.0
20260818-215200,1787089933008,SELL,-0.0
20260818-215200,1787089933251,SELL,-0.0
20260818-215200,1787089933353,SELL,-0.0
20260818-215200,1787089933455,SELL,-0.0
20260818-215200,1787089933348,SELL,-0.0
20260818-215200,1787089933557,SELL,-0.0
20260818-215200,1787089933659,SELL,-0.0
20260818-215200,1787089933761,SELL,-0.0
20260818-215200,1787089933863,SELL,-0.0
20260818-215200,1787089933723,SELL,-0.0
20260818-215200,1787089933965,SELL,-0.0
20260818-215200,1787089934067,SELL,-0.0
20260818-215200,1787089934169,SELL,-0.0
20260818-215200,1787089934271,SELL,-0.0
20260818-215200,1787089934373,SELL,-0.0
20260818-215200,1787089934475,SELL,-0.0
20260818-215200,1787089934577,SELL,-0.0
20260818-215200,1787089934459,SELL,-0.0
20260818-215200,1787089934679,SELL,-0.0
20260818-215200,1787089934781,SELL,-0.0
20260818-215200,1787089934883,SELL,-0.0
20260818-215200,1787089934800,SELL,-0.0
20260818-215200,1787089934985,SELL,-0.0
20260818-215200,1787089935087,SELL,-0.0
20260818-215200,1787089935189,SELL,-0.0
20260818-215200,1787089935291,SELL,-0.0
20260818-215200,1787089935393,SELL,-0.0
20260818-215200,1787089935495,SELL,-0.0
20260818-215200,1787089935597,SELL,-0.0
20260818-215200,1787089935699,SELL,-0.0
20260818-215200,1787089935801,SELL,-0.0
20260818-215200,1787089935657,SELL,-0.0
20260818-215200,1787089935903,SELL,-0.0
20260818-215200,1787089936005,SELL,-0.0
20260818-215200,1787089936107,SELL,-0.0
20260818-215200,1787089936000,SELL,-0.0
20260818-215200,1787089936209,SELL,-0.0
20260818-215200,1787089936311,SELL,-0.0
20260818-215200,1787089936413,SELL,-0.0
20260818-215200,1787089936515,SELL,-0.0
20260818-215200,1787089936617,SELL,-0.0
20260818-215200,1787089936719,SELL,-0.0
20260818-215200,1787089936821,SELL,-0.0
20260818-215200,1787089936923,SELL,-0.0
20260818-215200,1787089937025,SELL,-0.0
20260818-215200,1787089937127,SELL,-0.0
20260818-215200,1787089937229,SELL,-0.0
20260818-215200,1787089937331,SELL,-0.0
20260818-215200,1787089937200,SELL,-0.0
20260818-215200,1787089937433,SELL,-0.0
20260818-215200,1787089937535,SELL,-0.0
20260818-215200,1787089937637,SELL,-0.0
20260818-215200,1787089937739,SELL,-0.0
20260818-215200,1787089937841,SELL,-0.0
20260818-215200,1787089937943,SELL,-0.0
20260818-215200,1787089938045,SELL,-0.0
20260818-215200,1787089938147,SELL,-0.0
20260818-215200,1787089938249,SELL,-0.0
20260818-215200,1787089938351,SELL,-0.0
20260818-215200,1787089938200,SELL,-0.0
20260818-215200,1787089938453,SELL,-0.0
20260818-215200,1787089938555,SELL,-0.0
20260818-215200,1787089938657,SELL,-0.0
20260818-215200,1787089938532,SELL,-0.0
20260818-215200,1787089938759,SELL,-0.0
20260818-215200,1787089938861,SELL,-0.0
20260818-215200,1787089938963,SELL,-0.0
20260818-215200,1787089939065,SELL,-0.0
20260818-215200,1787089939008,SELL,-0.0
20260818-215200,1787089939167,SELL,-0.0
20260818-215200,1787089939269,SELL,-0.0
20260818-215200,1787089939200,SELL,-0.0
20260818-215200,1787089939371,SELL,-0.0
20260818-215200,1787089939473,SELL,-0.0
20260818-215200,1787089939367,SELL,-0.0
20260818-215200,1787089939575,SELL,-0.0
20260818-215200,1787089939677,SELL,-0.0
20260818-215200,1787089939779,SELL,-0.0
20260818-215200,1787089939881,SELL,-0.0
20260818-215200,1787089939983,SELL,-0.0
20260818-215200,1787089940085,SELL,-0.0
20260818-215200,1787089940187,SELL,-0.0
20260818-215200,1787089940289,SELL,-0.0
20260818-215200,1787089940391,SELL,-0.0
20260818-215200,1787089940493,SELL,-0.0
20260818-215200,1787089940400,SELL,-0.0
20260818-215200,1787089940595,SELL,-0.0
20260818-215200,1787089940697,SELL,-0.0
20260818-215200,1787089940799,SELL,-0.0
20260818-215200,1787089940800,SELL,-0.0
20260818-215200,1787089940901,SELL,-0.0
20260818-215200,1787089941003,SELL,-0.0
20260818-215200,1787089941105,SELL,-0.0
20260818-215200,1787089941207,SELL,-0.0
20260818-215200,1787089941309,SELL,-0.0
20260818-215200,1787089941411,SELL,-0.0
20260818-215200,1787089941513,SELL,-0.0
20260818-215200,1787089941615,SELL,-0.0
20260818-215200,1787089941717,SELL,-0.0
20260818-215200,1787089941633,SELL,-0.0
20260818-215200,1787089941819,SELL,-0.0
20260818-215200,1787089941722,SELL,-0.0
20260818-215200,1787089941921,SELL,-0.0
20260818-215200,1787089942023,SELL,-0.0
20260818-215200,1787089942125,SELL,-0.0
20260818-215200,1787089942000,SELL,-0.0
20260818-215200,1787089942227,SELL,-0.0
20260818-215200,1787089942329,SELL,-0.0
20260818-215200,1787089942431,SELL,-0.0
20260818-215200,1787089942533,SELL,-0.0
20260818-215200,1787089942635,SELL,-0.0
20260818-215200,1787089942737,SELL,-0.0
20260818-215200,1787089942600,SELL,-0.0
20260818-215200,1787089942839,SELL,-0.0
20260818-215200,1787089942941,SELL,-0.0
20260818-215200,1787089943043,SELL,-0.0
20260818-215200,1787089943145,SELL,-0.0
20260818-215200,1787089943247,SELL,-0.0
20260818-215200,1787089943349,SELL,-0.0
20260818-215200,1787089943451,SELL,-0.0
20260818-215200,1787089943553,SELL,-0.0
20260818-215200,1787089943655,SELL,-0.0
20260818-215200,1787089943757,SELL,-0.0
20260818-215200,1787089943859,SELL,-0.0
20260818-215200,1787089943961,SELL,-0.0
20260818-215200,1787089944063,SELL,-0.0
20260818-215200,1787089944165,SELL,-0.0
20260818-215200,1787089944267,SELL,-0.0
20260818-215200,1787089944369,SELL,-0.0
20260818-215200,1787089944471,SELL,-0.0
20260818-215200,1787089944573,SELL,-0.0
20260818-215200,1787089944675,SELL,-0.0
20260818-215200,1787089944777,SELL,-0.0
20260818-215200,1787089944879,SELL,-0.0
20260818-215200,1787089944981,SELL,-0.0
20260818-215200,1787089944874,SELL,-0.0
20260818-215200,1787089945083,SELL,-0.0
20260818-215200,1787089945185,SELL,-0.0
20260818-215200,1787089945287,SELL,-0.0
20260818-215200,1787089945389,SELL,-0.0
20260818-215200,1787089945491,SELL,-0.0
20260818-215200,1787089945399,SELL,-0.0
20260818-215200,1787089945593,SELL,-0.0
20260818-215200,1787089945695,SELL,-0.0
20260818-215200,1787089945797,SELL,-0.0
20260818-215200,1787089945668,SELL,-0.0
20260818-215200,1787089945899,SELL,-0.0
20260818-215200,1787089946001,SELL,-0.0
20260818-215200,1787089946103,SELL,-0.0
20260818-215200,1787089946205,SELL,-0.0
20260818-215200,1787089946307,SELL,-0.0
20260818-215200,1787089946409,SELL,-0.0
20260818-215200,1787089946511,SELL,-0.0
20260818-215200,1787089946613,SELL,-0.0
20260818-215200,1787089946715,SELL,-0.0
20260818-215200,1787089946817,SELL,-0.0
20260818-215200,1787089946919,SELL,-0.0
20260818-215200,1787089947021,SELL,-0.0
20260818-215200,1787089947123,SELL,-0.0
20260818-215200,1787089947225,SELL,-0.0
20260818-215200,1787089947098,SELL,-0.0
20260818-215200,1787089947327,SELL,-0.0
20260818-215200,1787089947429,SELL,-0.0
20260818-215200,1787089947531,SELL,-0.0
20260818-215200,1787089947633,SELL,-0.0
20260818-215200,1787089947735,SELL,-0.0
20260818-215200,1787089947837,SELL,-0.0
20260818-215200,1787089947939,SELL,-0.0
20260818-215200,1787089948041,SELL,-0.0
20260818-215200,1787089948143,SELL,-0.0
20260818-215200,1787089948245,SELL,-0.0
20260818-215200,1787089948347,SELL,-0.0
20260818-215200,1787089948449,SELL,-0.0
20260818-215200,1787089948551,SELL,-0.0
20260818-215200,1787089948653,SELL,-0.0
20260818-215200,1787089948755,SELL,-0.0
20260818-215200,1787089948857,SELL,-0.0
20260818-215200,1787089948758,SELL,-0.0
20260818-215200,1787089948959,SELL,-0.0
20260818-215200,1787089949061,SELL,-0.0
20260818-215200,1787089949163,SELL,-0.0
20260818-215200,1787089949265,SELL,-0.0
20260818-215200,1787089949367,SELL,-0.0
20260818-215200,1787089949469,SELL,-0.0
20260818-215200,1787089949571,SELL,-0.0
20260818-215200,1787089949673,SELL,-0.0
20260818-215200,1787089949775,SELL,-0.0
20260818-215200,1787089949877,SELL,-0.0
20260818-215200,1787089949979,SELL,-0.0
20260818-215200,1787089950081,SELL,-0.0
20260818-215200,1787089949957,SELL,-0.0
20260818-215200,1787089950183,SELL,-0.0
20260818-215200,1787089950285,SELL,-0.0
20260818-215200,1787089950387,SELL,-0.0
20260818-215200,1787089950489,SELL,-0.0
20260818-215200,1787089950591,SELL,-0.0
20260818-215200,1787089950693,SELL,-0.0
20260818-215200,1787089950795,SELL,-0.0
20260818-215200,1787089950897,SELL,-0.0
20260818-215200,1787089950999,SELL,-0.0
20260818-215200,1787089951101,SELL,-0.0
20260818-215200,1787089951203,SELL,-0.0
20260818-215200,1787089951305,SELL,-0.0
20260818-215200,1787089951407,SELL,-0.0
20260818-215200,1787089951509,SELL,-0.0
20260818-215200,1787089951611,SELL,-0.0
20260818-215200,1787089951713,SELL,-0.0
20260818-215200,1787089951591,SELL,-0.0
20260818-215200,1787089951815,SELL,-0.0
20260818-215200,1787089951917,SELL,-0.0
20260818-215200,1787089952019,SELL,-0.0
20260818-215200,1787089952121,SELL,-0.0
20260818-215200,1787089952051,SELL,-0.0
20260818-215200,1787089952223,SELL,-0.0
20260818-215200,1787089952325,SELL,-0.0
20260818-215200,1787089952427,SELL,-0.0
20260818-215200,1787089952529,SELL,-0.0
20260818-215200,1787089952631,SELL,-0.0
20260818-215200,1787089952733,SELL,-0.0
20260818-215200,1787089952835,SELL,-0.0
20260818-215200,1787089952937,SELL,-0.0
20260818-215200,1787089953039,SELL,-0.0
20260818-215200,1787089953141,SELL,-0.0
20260818-215200,1787089953243,SELL,-0.0
20260818-215200,1787089953345,SELL,-0.0
20260818-215200,1787089953447,SELL,-0.0
20260818-215200,1787089953549,SELL,-0.0
20260818-215200,1787089953651,SELL,-0.0
20260818-215200,1787089953753,SELL,-0.0
20260818-215200,1787089953855,SELL,-0.0
20260818-215200,1787089953957,SELL,-0.0
20260818-215200,1787089954059,SELL,-0.0
20260818-215200,1787089954161,SELL,-0.0
20260818-215200,1787089954263,SELL,-0.0
20260818-215200,1787089954365,SELL,-0.0
20260818-215200,1787089954467,SELL,-0.0
20260818-215200,1787089954569,SELL,-0.0
20260818-215200,1787089954600,SELL,-0.0
20260818-215200,1787089954671,SELL,-0.0
20260818-215200,1787089954773,SELL,-0.0
20260818-215200,1787089954662,SELL,-0.0
20260818-215200,1787089954875,SELL,-0.0
20260818-215200,1787089954977,SELL,-0.0
20260818-215200,1787089955079,SELL,-0.0
20260818-215200,1787089955181,SELL,-0.0
20260818-215200,1787089955283,SELL,-0.0
20260818-215200,1787089955145,SELL,-0.0
20260818-215200,1787089955385,SELL,-0.0
20260818-215200,1787089955487,SELL,-0.0
20260818-215200,1787089955589,SELL,-0.0
20260818-215200,1787089955691,SELL,-0.0
20260818-215200,1787089955793,SELL,-0.0
20260818-215200,1787089955895,SELL,-0.0
20260818-215200,1787089955997,SELL,-0.0
20260818-215200,1787089956099,SELL,-0.0
20260818-215200,1787089956201,SELL,-0.0
20260818-215200,1787089956303,SELL,-0.0
20260818-215200,1787089956238,SELL,-0.0
20260818-215200,1787089956405,SELL,-0.0
20260818-215200,1787089956507,SELL,-0.0
20260818-215200,1787089956609,SELL,-0.0
20260818-215200,1787089956711,SELL,-0.0
20260818-215200,1787089956613,SELL,-0.0
20260818-215200,1787089956813,SELL,-0.0
20260818-215200,1787089956915,SELL,-0.0
20260818-215200,1787089956800,SELL,-0.0
20260818-215200,1787089957017,SELL,-0.0
20260818-215200,1787089957119,SELL,-0.0
20260818-215200,1787089957221,SELL,-0.0
20260818-215200,1787089957323,SELL,-0.0
20260818-215200,1787089957425,SELL,-0.0
20260818-215200,1787089957527,SELL,-0.0
20260818-215200,1787089957629,SELL,-0.0
20260818-215200,1787089957731,SELL,-0.0
20260818-215200,1787089957833,SELL,-0.0
20260818-215200,1787089957935,SELL,-0.0
20260818-215200,1787089958037,SELL,-0.0
20260818-215200,1787089958139,SELL,-0.0
20260818-215200,1787089958241,SELL,-0.0
20260818-215200,1787089958343,SELL,-0.0
20260818-215200,1787089958246,SELL,-0.0
20260818-215200,1787089958445,SELL,-0.0
20260818-215200,1787089958547,SELL,-0.0
20260818-215200,1787089958649,SELL,-0.0
20260818-215200,1787089958751,SELL,-0.0
20260818-215200,1787089958853,SELL,-0.0
20260818-215200,1787089958955,SELL,-0.0
20260818-215200,1787089959057,SELL,-0.0
20260818-215200,1787089959000,SELL,-0.0
20260818-215200,1787089959159,SELL,-0.0
20260818-215200,1787089959261,SELL,-0.0
20260818-215200,1787089959363,SELL,-0.0
20260818-215200,1787089959230,SELL,-0.0
20260818-215200,1787089959465,SELL,-0.0
20260818-215200,1787089959567,SELL,-0.0
20260818-215200,1787089959669,SELL,-0.0
20260818-215200,1787089959599,SELL,-0.0
20260818-215200,1787089959771,SELL,-0.0
20260818-215200,1787089959873,SELL,-0.0
20260818-215200,1787089959975,SELL,-0.0
20260818-215200,1787089960077,SELL,-0.0
20260818-215200,1787089960000,SELL,-0.0
20260818-215200,1787089960179,SELL,-0.0
20260818-215200,1787089960281,SELL,-0.0
20260818-215200,1787089960383,SELL,-0.0
20260818-215200,1787089960485,SELL,-0.0
20260818-215200,1787089960587,SELL,-0.0
20260818-215200,1787089960689,SELL,-0.0
20260818-215200,1787089960791,SELL,-0.0
20260818-215200,1787089960893,SELL,-0.0
20260818-215200,1787089960800,SELL,-0.0
20260818-215200,1787089960995,SELL,-0.0
20260818-215200,1787089961097,SELL,-0.0
20260818-215200,1787089961199,SELL,-0.0
20260818-215200,1787089961301,SELL,-0.0
20260818-215200,1787089961403,SELL,-0.0
20260818-215200,1787089961505,SELL,-0.0
20260818-215200,1787089961467,SELL,-0.0
20260818-215200,1787089961607,SELL,-0.0
20260818-215200,1787089961709,SELL,-0.0
20260818-215200,1787089961600,SELL,-0.0
20260818-215200,1787089961811,SELL,-0.0
20260818-215200,1787089961913,SELL,-0.0
20260818-215200,1787089962015,SELL,-0.0
20260818-215200,1787089962117,SELL,-0.0
20260818-215200,1787089961995,SELL,-0.0
20260818-215200,1787089962219,SELL,-0.0
20260818-215200,1787089962321,SELL,-0.0
20260818-215200,1787089962200,SELL,-0.0
20260818-215200,1787089962423,SELL,-0.0
20260818-215200,1787089962525,SELL,-0.0
20260818-215200,1787089962412,SELL,-0.0
20260818-215200,1787089962627,SELL,-0.0
20260818-215200,1787089962557,SELL,-0.0
20260818-215200,1787089962729,SELL,-0.0
20260818-215200,1787089962831,SELL,-0.0
20260818-215200,1787089962933,SELL,-0.0
20260818-215200,1787089963035,SELL,-0.0
20260818-215200,1787089963137,SELL,-0.0
20260818-215200,1787089963017,SELL,-0.0
20260818-215200,1787089963239,SELL,-0.0
20260818-215200,1787089963341,SELL,-0.0
20260818-215200,1787089963443,SELL,-0.0
20260818-215200,1787089963400,SELL,-0.0
20260818-215200,1787089963545,SELL,-0.0
20260818-215200,1787089963499,SELL,-0.0
20260818-215200,1787089963647,SELL,-0.0
20260818-215200,1787089963600,SELL,-0.0
20260818-215200,1787089963749,SELL,-0.0
20260818-215200,1787089963851,SELL,-0.0
20260818-215200,1787089963743,SELL,-0.0
20260818-215200,1787089963953,SELL,-0.0
20260818-215200,1787089964055,SELL,-0.0
20260818-215200,1787089963957,SELL,-0.0
20260818-215200,1787089964157,SELL,-0.0
20260818-215200,1787089964259,SELL,-0.0
20260818-215200,1787089964361,SELL,-0.0
20260818-215200,1787089964463,SELL,-0.0
20260818-215200,1787089964372,SELL,-0.0
20260818-215200,1787089964565,SELL,-0.0
20260818-215200,1787089964667,SELL,-0.0
20260818-215200,1787089964769,SELL,-0.0
20260818-215200,1787089964871,SELL,-0.0
20260818-215200,1787089964973,SELL,-0.0
20260818-215200,1787089965075,SELL,-0.0
20260818-215200,1787089965177,SELL,-0.0
20260818-215200,1787089965279,SELL,-0.0
20260818-215200,1787089965200,SELL,-0.0
20260818-215200,1787089965381,SELL,-0.0
20260818-215200,1787089965483,SELL,-0.0
20260818-215200,1787089965585,SELL,-0.0
20260818-215200,1787089965687,SELL,-0.0
20260818-215200,1787089965789,SELL,-0.0
20260818-215200,1787089965891,SELL,-0.0
20260818-215200,1787089965993,SELL,-0.0
20260818-215200,1787089966095,SELL,-0.0
20260818-215200,1787089966197,SELL,-0.0
20260818-215200,1787089966299,SELL,-0.0
20260818-215200,1787089966401,SELL,-0.0
20260818-215200,1787089966503,SELL,-0.0
20260818-215200,1787089966605,SELL,-0.0
20260818-215200,1787089966538,SELL,-0.0
20260818-215200,1787089966707,SELL,-0.0
20260818-215200,1787089966809,SELL,-0.0
20260818-215200,1787089966911,SELL,-0.0
20260818-215200,1787089967013,SELL,-0.0
20260818-215200,1787089967115,SELL,-0.0
20260818-215200,1787089967217,SELL,-0.0
20260818-215200,1787089967319,SELL,-0.0
20260818-215200,1787089967421,SELL,-0.0
20260818-215200,1787089967523,SELL,-0.0
20260818-215200,1787089967625,SELL,-0.0
20260818-215200,1787089967727,SELL,-0.0
20260818-215200,1787089967829,SELL,-0.0
20260818-215200,1787089967931,SELL,-0.0
20260818-215200,1787089967800,SELL,-0.0
20260818-215200,1787089968033,SELL,-0.0
20260818-215200,1787089968135,SELL,-0.0
20260818-215200,1787089968237,SELL,-0.0
20260818-215200,1787089968339,SELL,-0.0
20260818-215200,1787089968200,SELL,-0.0
20260818-215200,1787089968441,SELL,-0.0
20260818-215200,1787089968543,SELL,-0.0
20260818-215200,1787089968645,SELL,-0.0
20260818-215200,1787089968747,SELL,-0.0
20260818-215200,1787089968849,SELL,-0.0
20260818-215200,1787089968951,SELL,-0.0
20260818-215200,1787089969053,SELL,-0.0
20260818-215200,1787089969036,SELL,-0.0
20260818-215200,1787089969155,SELL,-0.0
20260818-215200,1787089969083,SELL,-0.0
20260818-215200,1787089969257,SELL,-0.0
20260818-215200,1787089969200,SELL,-0.0
20260818-215200,1787089969359,SELL,-0.0
20260818-215200,1787089969304,SELL,-0.0
20260818-215200,1787089969461,SELL,-0.0
20260818-215200,1787089969563,SELL,-0.0
20260818-215200,1787089969665,SELL,-0.0
20260818-215200,1787089969574,SELL,-0.0
20260818-215200,1787089969767,SELL,-0.0
20260818-215200,1787089969869,SELL,-0.0
20260818-215200,1787089969800,SELL,-0.0
20260818-215200,1787089969971,SELL,-0.0
20260818-215200,1787089970073,SELL,-0.0
20260818-215200,1787089970175,SELL,-0.0
20260818-215200,1787089970098,SELL,-0.0
20260818-215200,1787089970277,SELL,-0.0
20260818-215200,1787089970379,SELL,-0.0
20260818-215200,1787089970481,SELL,-0.0
20260818-215200,1787089970583,SELL,-0.0
20260818-215200,1787089970685,SELL,-0.0
20260818-215200,1787089970787,SELL,-0.0
20260818-215200,1787089970889,SELL,-0.0
20260818-215200,1787089970991,SELL,-0.0
20260818-215200,1787089970848,SELL,-0.0
20260818-215200,1787089971093,SELL,-0.0
20260818-215200,1787089971195,SELL,-0.0
20260818-215200,1787089971297,SELL,-0.0
20260818-215200,1787089971399,SELL,2.616886972935575
20260818-215200,1787089971501,SELL,2.616886972935575
20260818-215200,1787089971603,SELL,2.616886972935575
20260818-215200,1787089971705,SELL,3.1743303517854833
20260818-215200,1787089971807,SELL,1.176824910906739
20260818-215200,1787089971909,SELL,1.176824910906739
20260818-215200,1787089972011,SELL,1.176824910906739
20260818-215200,1787089972113,SELL,1.176824910906739
20260818-215200,1787089972215,SELL,1.176824910906739
20260818-215200,1787089972317,SELL,1.176824910906739
20260818-215200,1787089972419,SELL,1.176824910906739
20260818-215200,1787089972521,SELL,1.176824910906739
20260818-215200,1787089972623,SELL,1.176824910906739
20260818-215200,1787089972725,SELL,1.176824910906739
20260818-215200,1787089972827,SELL,1.176824910906739
20260818-215200,1787089972929,SELL,1.176824910906739
20260818-215200,1787089973031,SELL,1.176824910906739
20260818-215200,1787089972886,SELL,1.176824910906739
20260818-215200,1787089973133,SELL,1.176824910906739
20260818-215200,1787089973235,SELL,1.176824910906739
20260818-215200,1787089973268,SELL,1.176824910906739
20260818-215200,1787089973269,SELL,1.176824910906739
20260818-215200,1787089973270,SELL,1.176824910906739
20260818-215200,1787089973271,SELL,1.176824910906739
20260818-215200,1787089973271,SELL,1.176824910906739
20260818-215200,1787089973271,SELL,1.176824910906739
20260818-215200,1787089973271,SELL,1.176824910906739
20260818-215200,1787089973272,SELL,1.176824910906739
20260818-215200,1787089973272,SELL,1.176824910906739
20260818-215200,1787089973272,SELL,1.176824910906739
20260818-215200,1787089973275,SELL,1.176824910906739
20260818-215200,1787089973275,SELL,1.176824910906739
20260818-215200,1787089973275,SELL,1.176824910906739
20260818-215200,1787089973275,SELL,1.176824910906739
20260818-215200,1787089973275,SELL,1.176824910906739
20260818-215200,1787089973275,SELL,1.176824910906739
20260818-215200,1787089973275,SELL,1.176824910906739
20260818-215200,1787089973275,SELL,1.176824910906739
20260818-215200,1787089973275,SELL,1.176824910906739
20260818-215200,1787089973275,SELL,1.176824910906739
20260818-215200,1787089973276,SELL,1.176824910906739
20260818-215200,1787089973276,SELL,1.176824910906739
20260818-215200,1787089973276,SELL,1.176824910906739
20260818-215200,1787089973276,SELL,1.176824910906739
20260818-215200,1787089973276,SELL,1.176824910906739
20260818-215200,1787089973276,SELL,1.176824910906739
20260818-215200,1787089973276,SELL,1.176824910906739
20260818-215200,1787089973276,SELL,1.176824910906739
20260818-215200,1787089973276,SELL,1.176824910906739
20260818-215200,1787089973276,SELL,1.176824910906739
20260818-215200,1787089973276,SELL,1.176824910906739
20260818-215200,1787089973276,SELL,1.176824910906739
20260818-215200,1787089973276,SELL,1.176824910906739
20260818-215200,1787089973276,SELL,1.176824910906739
20260818-215200,1787089973276,SELL,1.176824910906739
20260818-215200,1787089973277,SELL,1.176824910906739
20260818-215200,1787089973277,SELL,1.176824910906739
20260818-215200,1787089973277,SELL,1.176824910906739
20260818-215200,1787089973277,SELL,1.176824910906739
20260818-215200,1787089973277,SELL,1.176824910906739
20260818-215200,1787089973277,SELL,1.176824910906739
20260818-215200,1787089973278,SELL,1.176824910906739
20260818-215200,1787089973278,SELL,1.176824910906739
20260818-215200,1787089973278,SELL,1.176824910906739
20260818-215200,1787089973284,SELL,1.176824910906739
20260818-215200,1787089973284,SELL,1.176824910906739
20260818-215200,1787089973286,SELL,1.176824910906739
20260818-215200,1787089973286,SELL,1.176824910906739
20260818-215200,1787089973286,SELL,1.176824910906739
20260818-215200,1787089973290,SELL,1.176824910906739
20260818-215200,1787089973290,SELL,1.176824910906739
20260818-215200,1787089973290,SELL,1.176824910906739
20260818-215200,1787089973294,SELL,1.176824910906739
20260818-215200,1787089973294,SELL,1.176824910906739
20260818-215200,1787089973294,SELL,1.176824910906739
20260818-215200,1787089973299,SELL,1.176824910906739
20260818-215200,1787089973299,SELL,1.176824910906739
20260818-215200,1787089973299,SELL,1.176824910906739
20260818-215200,1787089973299,SELL,1.176824910906739
20260818-215200,1787089973304,SELL,1.176824910906739
20260818-215200,1787089973305,SELL,1.176824910906739
20260818-215200,1787089973305,SELL,1.176824910906739
20260818-215200,1787089973305,SELL,1.176824910906739
20260818-215200,1787089973305,SELL,1.176824910906739
20260818-215200,1787089973305,SELL,1.176824910906739
20260818-215200,1787089973307,SELL,1.176824910906739
20260818-215200,1787089973307,SELL,1.176824910906739
20260818-215200,1787089973307,SELL,1.176824910906739
20260818-215200,1787089973307,SELL,1.176824910906739
20260818-215200,1787089973307,SELL,1.176824910906739
20260818-215200,1787089973307,SELL,1.176824910906739
20260818-215200,1787089973307,SELL,1.176824910906739
20260818-215200,1787089973307,SELL,1.176824910906739
20260818-215200,1787089973307,SELL,1.176824910906739
20260818-215200,1787089973307,SELL,1.176824910906739
20260818-215200,1787089973307,SELL,1.176824910906739
20260818-215200,1787089973307,SELL,1.176824910906739
20260818-215200,1787089973307,SELL,1.176824910906739
20260818-215200,1787089973307,SELL,1.176824910906739
20260818-215200,1787089973307,SELL,1.176824910906739
20260818-215200,1787089973307,SELL,1.176824910906739
20260818-215200,1787089973307,SELL,1.176824910906739
20260818-215200,1787089973307,SELL,1.176824910906739
20260818-215200,1787089973307,SELL,1.176824910906739
20260818-215200,1787089973307,SELL,1.176824910906739
20260818-215200,1787089973307,SELL,1.176824910906739
20260818-215200,1787089973307,SELL,1.176824910906739
20260818-215200,1787089973307,SELL,1.176824910906739
20260818-215200,1787089973307,SELL,1.176824910906739
20260818-215200,1787089973308,SELL,1.176824910906739
20260818-215200,1787089973308,SELL,1.176824910906739
20260818-215200,1787089973308,SELL,1.176824910906739
20260818-215200,1787089973308,SELL,1.176824910906739
20260818-215200,1787089973309,SELL,1.176824910906739
20260818-215200,1787089973309,SELL,1.176824910906739
20260818-215200,1787089973309,SELL,1.176824910906739
20260818-215200,1787089973309,SELL,1.176824910906739
20260818-215200,1787089973313,SELL,1.176824910906739
20260818-215200,1787089973313,SELL,1.176824910906739
20260818-215200,1787089973313,SELL,1.176824910906739
20260818-215200,1787089973313,SELL,1.176824910906739
20260818-215200,1787089973313,SELL,1.176824910906739
20260818-215200,1787089973313,SELL,1.176824910906739
20260818-215200,1787089973313,SELL,1.176824910906739
20260818-215200,1787089973313,SELL,1.176824910906739
20260818-215200,1787089973313,SELL,1.176824910906739
20260818-215200,1787089973319,SELL,1.176824910906739
20260818-215200,1787089973324,SELL,1.176824910906739
20260818-215200,1787089973334,SELL,1.176824910906739
20260818-215200,1787089973334,SELL,1.176824910906739
20260818-215200,1787089973334,SELL,1.176824910906739
20260818-215200,1787089973334,SELL,1.176824910906739
20260818-215200,1787089973334,SELL,1.176824910906739
20260818-215200,1787089973334,SELL,1.176824910906739
20260818-215200,1787089973334,SELL,1.176824910906739
20260818-215200,1787089973334,SELL,1.176824910906739
20260818-215200,1787089973334,SELL,1.176824910906739
20260818-215200,1787089973334,SELL,1.176824910906739
20260818-215200,1787089973334,SELL,1.176824910906739
20260818-215200,1787089973334,SELL,1.176824910906739
20260818-215200,1787089973334,SELL,1.176824910906739
20260818-215200,1787089973334,SELL,1.176824910906739
20260818-215200,1787089973334,SELL,1.176824910906739
20260818-215200,1787089973334,SELL,1.176824910906739
20260818-215200,1787089973334,SELL,1.176824910906739
20260818-215200,1787089973334,SELL,1.176824910906739
20260818-215200,1787089973334,SELL,1.176824910906739
20260818-215200,1787089973334,SELL,1.176824910906739
20260818-215200,1787089973334,SELL,1.176824910906739
20260818-215200,1787089973334,SELL,1.176824910906739
20260818-215200,1787089973334,SELL,1.176824910906739
20260818-215200,1787089973334,SELL,1.176824910906739
20260818-215200,1787089973334,SELL,1.176824910906739
20260818-215200,1787089973334,SELL,1.176824910906739
20260818-215200,1787089973334,SELL,1.176824910906739
20260818-215200,1787089973334,SELL,1.176824910906739
20260818-215200,1787089973334,SELL,1.176824910906739
20260818-215200,1787089973334,SELL,1.176824910906739
20260818-215200,1787089973334,SELL,1.176824910906739
20260818-215200,1787089973334,SELL,1.176824910906739
20260818-215200,1787089973334,SELL,1.176824910906739
20260818-215200,1787089973334,SELL,1.176824910906739
20260818-215200,1787089973339,SELL,1.176824910906739
20260818-215200,1787089973340,SELL,1.176824910906739
20260818-215200,1787089973341,SELL,1.176824910906739
20260818-215200,1787089973346,SELL,1.176824910906739
20260818-215200,1787089973346,SELL,1.176824910906739
20260818-215200,1787089973346,SELL,1.176824910906739
20260818-215200,1787089973358,SELL,1.176824910906739
20260818-215200,1787089973358,SELL,1.176824910906739
20260818-215200,1787089973358,SELL,1.176824910906739
20260818-215200,1787089973358,SELL,1.176824910906739
20260818-215200,1787089973358,SELL,1.176824910906739
20260818-215200,1787089973358,SELL,1.176824910906739
20260818-215200,1787089973358,SELL,1.176824910906739
20260818-215200,1787089973358,SELL,1.176824910906739
20260818-215200,1787089973337,SELL,-1.440439008636537
20260818-215200,1787089973366,SELL,-1.440439008636537
20260818-215200,1787089973366,SELL,-1.440439008636537
20260818-215200,1787089973366,SELL,-1.440439008636537
20260818-215200,1787089973366,SELL,-1.440439008636537
20260818-215200,1787089973366,SELL,-1.440439008636537
20260818-215200,1787089973366,SELL,-1.440439008636537
20260818-215200,1787089973366,SELL,-1.440439008636537
20260818-215200,1787089973366,SELL,-1.440439008636537
20260818-215200,1787089973372,SELL,-1.440439008636537
20260818-215200,1787089973387,SELL,-1.440439008636537
20260818-215200,1787089973390,SELL,-1.440439008636537
20260818-215200,1787089973400,SELL,-1.440439008636537
20260818-215200,1787089973401,SELL,-1.440439008636537
20260818-215200,1787089973418,SELL,-1.440439008636537
20260818-215200,1787089973419,SELL,-1.440439008636537
20260818-215200,1787089973421,SELL,-1.440439008636537
20260818-215200,1787089973422,SELL,-1.440439008636537
20260818-215200,1787089973426,SELL,-1.440439008636537
20260818-215200,1787089973431,SELL,-1.440439008636537
20260818-215200,1787089973491,SELL,-1.440439008636537
20260818-215200,1787089973492,SELL,-1.440439008636537
20260818-215200,1787089973514,SELL,-1.440439008636537
20260818-215200,1787089973600,SELL,-1.440439008636537
20260818-215200,1787089973608,SELL,-1.440439008636537
20260818-215200,1787089973609,SELL,-1.440439008636537
20260818-215200,1787089973439,SELL,-1.9981397164336425
20260818-215200,1787089973614,SELL,-1.9981397164336425
20260818-215200,1787089973619,SELL,-1.9981397164336425
20260818-215200,1787089973624,SELL,-1.9981397164336425
20260818-215200,1787089973624,SELL,-1.9981397164336425
20260818-215200,1787089973624,SELL,-1.9981397164336425
20260818-215200,1787089973624,SELL,-1.9981397164336425
20260818-215200,1787089973624,SELL,-1.9981397164336425
20260818-215200,1787089973627,SELL,-1.9981397164336425
20260818-215200,1787089973627,SELL,-1.9981397164336425
20260818-215200,1787089973627,SELL,-1.9981397164336425
20260818-215200,1787089973627,SELL,-1.9981397164336425
20260818-215200,1787089973631,SELL,-1.9981397164336425
20260818-215200,1787089973642,SELL,-1.9981397164336425
20260818-215200,1787089973642,SELL,-1.9981397164336425
20260818-215200,1787089973642,SELL,-1.9981397164336425
20260818-215200,1787089973642,SELL,-1.9981397164336425
20260818-215200,1787089973642,SELL,-1.9981397164336425
20260818-215200,1787089973642,SELL,-1.9981397164336425
20260818-215200,1787089973642,SELL,-1.9981397164336425
20260818-215200,1787089973643,SELL,-1.4249482101019675
20260818-215200,1787089973643,SELL,-1.4249482101019675
20260818-215200,1787089973643,SELL,-1.4249482101019675
20260818-215200,1787089973643,SELL,-1.4249482101019675
20260818-215200,1787089973643,SELL,-1.4249482101019675
20260818-215200,1787089973643,SELL,-1.4249482101019675
20260818-215200,1787089973643,SELL,-1.4249482101019675
20260818-215200,1787089973643,SELL,-1.4249482101019675
20260818-215200,1787089973643,SELL,-1.4249482101019675
20260818-215200,1787089973643,SELL,-1.4249482101019675
20260818-215200,1787089973643,SELL,-1.4249482101019675
20260818-215200,1787089973643,SELL,-1.4249482101019675
20260818-215200,1787089973643,SELL,-1.4249482101019675
20260818-215200,1787089973643,SELL,-1.4249482101019675
20260818-215200,1787089973643,SELL,-1.4249482101019675
20260818-215200,1787089973643,SELL,-1.4249482101019675
20260818-215200,1787089973643,SELL,-1.4249482101019675
20260818-215200,1787089973643,SELL,-1.4249482101019675
20260818-215200,1787089973646,SELL,-1.9981397164336425
20260818-215200,1787089973646,SELL,-1.9981397164336425
20260818-215200,1787089973646,SELL,-1.9981397164336425
20260818-215200,1787089973646,SELL,-1.9981397164336425
20260818-215200,1787089973653,SELL,-1.9981397164336425
20260818-215200,1787089973655,SELL,-1.9981397164336425
20260818-215200,1787089973655,SELL,-1.9981397164336425
20260818-215200,1787089973655,SELL,-1.9981397164336425
20260818-215200,1787089973655,SELL,-1.9981397164336425
20260818-215200,1787089973655,SELL,-1.9981397164336425
20260818-215200,1787089973655,SELL,-1.9981397164336425
20260818-215200,1787089973655,SELL,-1.9981397164336425
20260818-215200,1787089973655,SELL,-1.9981397164336425
20260818-215200,1787089973655,SELL,-1.9981397164336425
20260818-215200,1787089973655,SELL,-1.9981397164336425
20260818-215200,1787089973655,SELL,-1.9981397164336425
20260818-215200,1787089973655,SELL,-1.9981397164336425
20260818-215200,1787089973655,SELL,-1.9981397164336425
20260818-215200,1787089973655,SELL,-1.9981397164336425
20260818-215200,1787089973655,SELL,-1.9981397164336425
20260818-215200,1787089973655,SELL,-1.9981397164336425
20260818-215200,1787089973659,SELL,-1.9981397164336425
20260818-215200,1787089973661,SELL,-1.9981397164336425
20260818-215200,1787089973674,SELL,-1.9981397164336425
20260818-215200,1787089973674,SELL,-1.9981397164336425
20260818-215200,1787089973680,SELL,-1.9981397164336425
20260818-215200,1787089973680,SELL,-1.9981397164336425
20260818-215200,1787089973700,SELL,-1.9981397164336425
20260818-215200,1787089973701,SELL,-1.9981397164336425
20260818-215200,1787089973705,SELL,-1.9981397164336425
20260818-215200,1787089973705,SELL,-1.9981397164336425
20260818-215200,1787089973705,SELL,-1.9981397164336425
20260818-215200,1787089973705,SELL,-1.9981397164336425
20260818-215200,1787089973705,SELL,-1.9981397164336425
20260818-215200,1787089973720,SELL,-1.9981397164336425
20260818-215200,1787089973735,SELL,-1.9981397164336425
20260818-215200,1787089973746,SELL,-1.9981397164336425
20260818-215200,1787089973748,SELL,-1.4249482101019675
20260818-215200,1787089973748,SELL,-1.4249482101019675
20260818-215200,1787089973748,SELL,-1.4249482101019675
20260818-215200,1787089973748,SELL,-1.4249482101019675
20260818-215200,1787089973748,SELL,-1.4249482101019675
20260818-215200,1787089973748,SELL,-1.4249482101019675
20260818-215200,1787089973748,SELL,-1.4249482101019675
20260818-215200,1787089973748,SELL,-1.4249482101019675
20260818-215200,1787089973748,SELL,-1.4249482101019675
20260818-215200,1787089973541,SELL,-2.0136322906074122
20260818-215200,1787089986191,SELL,1.8427370994867018
20260818-215200,1787089986170,SELL,1.8427370994867018
20260818-215200,1787089986185,SELL,1.8427370994867018
20260818-215200,1787089986185,SELL,1.8427370994867018
20260818-215200,1787089986186,SELL,1.8427370994867018
20260818-215200,1787089986186,SELL,1.8427370994867018
20260818-215200,1787089986186,SELL,1.8427370994867018
20260818-215200,1787089986188,SELL,1.8427370994867018
20260818-215200,1787089986188,SELL,1.8427370994867018
20260818-215200,1787089986188,SELL,1.8427370994867018
20260818-215200,1787089986188,SELL,1.8427370994867018
20260818-215200,1787089986188,SELL,1.8427370994867018
20260818-215200,1787089986188,SELL,1.8427370994867018
20260818-215200,1787089986188,SELL,1.8427370994867018
20260818-215200,1787089986188,SELL,1.8427370994867018
20260818-215200,1787089986188,SELL,1.8427370994867018
20260818-215200,1787089986188,SELL,1.8427370994867018
20260818-215200,1787089986200,SELL,1.8427370994867018
20260818-215200,1787089986200,SELL,1.8427370994867018
20260818-215200,1787089986200,SELL,1.8427370994867018
20260818-215200,1787089986200,SELL,1.8427370994867018
20260818-215200,1787089986200,SELL,1.8427370994867018
20260818-215200,1787089986200,SELL,1.8427370994867018
20260818-215200,1787089986200,SELL,1.8427370994867018
20260818-215200,1787089986200,SELL,1.8427370994867018
20260818-215200,1787089986200,SELL,1.8427370994867018
20260818-215200,1787089986200,SELL,1.8427370994867018
20260818-215200,1787089986200,SELL,1.8427370994867018
20260818-215200,1787089986200,SELL,1.8427370994867018
20260818-215200,1787089986200,SELL,1.8427370994867018
20260818-215200,1787089986200,SELL,1.8427370994867018
20260818-215200,1787089986200,SELL,1.8427370994867018
20260818-215200,1787089986211,SELL,1.8427370994867018
20260818-215200,1787089986211,SELL,1.8427370994867018
20260818-215200,1787089986215,SELL,1.8427370994867018
20260818-215200,1787089986215,SELL,1.8427370994867018
20260818-215200,1787089986215,SELL,1.8427370994867018
20260818-215200,1787089986215,SELL,1.8427370994867018
20260818-215200,1787089986215,SELL,1.8427370994867018
20260818-215200,1787089986215,SELL,1.8427370994867018
20260818-215200,1787089986215,SELL,1.8427370994867018
20260818-215200,1787089986216,SELL,1.8427370994867018
20260818-215200,1787089986216,SELL,1.8427370994867018
20260818-215200,1787089986216,SELL,1.8427370994867018
20260818-215200,1787089986216,SELL,1.8427370994867018
20260818-215200,1787089986216,SELL,1.8427370994867018
20260818-215200,1787089986216,SELL,1.8427370994867018
20260818-215200,1787089986216,SELL,1.8427370994867018
20260818-215200,1787089986216,SELL,1.8427370994867018
20260818-215200,1787089986216,SELL,1.8427370994867018
20260818-215200,1787089986216,SELL,1.8427370994867018
20260818-215200,1787089986216,SELL,1.8427370994867018
20260818-215200,1787089986216,SELL,1.8427370994867018
20260818-215200,1787089986216,SELL,1.8427370994867018
20260818-215200,1787089986216,SELL,1.8427370994867018
20260818-215200,1787089986233,SELL,0.44913297975861904
20260818-215200,1787089986293,SELL,0.44913297975861904
20260818-215200,1787089986233,SELL,0.44913297975861904
20260818-215200,1787089986235,SELL,0.44913297975861904
20260818-215200,1787089986235,SELL,0.44913297975861904
20260818-215200,1787089986235,SELL,0.44913297975861904
20260818-215200,1787089986235,SELL,0.44913297975861904
20260818-215200,1787089986235,SELL,0.44913297975861904
20260818-215200,1787089986235,SELL,0.44913297975861904
20260818-215200,1787089986235,SELL,0.44913297975861904
20260818-215200,1787089986235,SELL,0.44913297975861904
20260818-215200,1787089986235,SELL,0.44913297975861904
20260818-215200,1787089986235,SELL,0.44913297975861904
20260818-215200,1787089986235,SELL,0.44913297975861904
20260818-215200,1787089986289,SELL,0.44913297975861904
20260818-215200,1787089986289,SELL,0.44913297975861904
20260818-215200,1787089986289,SELL,0.44913297975861904
20260818-215200,1787089986289,SELL,0.44913297975861904
20260818-215200,1787089986289,SELL,0.44913297975861904
20260818-215200,1787089986289,SELL,0.44913297975861904
20260818-215200,1787089986289,SELL,0.44913297975861904
20260818-215200,1787089986289,SELL,0.44913297975861904
20260818-215200,1787089986289,SELL,0.44913297975861904
20260818-215200,1787089986289,SELL,0.44913297975861904
20260818-215200,1787089986289,SELL,0.44913297975861904
20260818-215200,1787089986289,SELL,0.44913297975861904
20260818-215200,1787089986289,SELL,0.44913297975861904
20260818-215200,1787089986289,SELL,0.44913297975861904
20260818-215200,1787089986300,SELL,0.10841510284289022
20260818-215200,1787089986300,SELL,0.10841510284289022
20260818-215200,1787089986395,SELL,0.10841510284289022
20260818-215200,1787089986300,SELL,0.10841510284289022
20260818-215200,1787089986337,SELL,0.10841510284289022
20260818-215200,1787089986337,SELL,0.10841510284289022
20260818-215200,1787089986337,SELL,0.10841510284289022
20260818-215200,1787089986337,SELL,0.10841510284289022
20260818-215200,1787089986337,SELL,0.10841510284289022
20260818-215200,1787089986337,SELL,0.10841510284289022
20260818-215200,1787089986337,SELL,0.10841510284289022
20260818-215200,1787089986344,SELL,0.10841510284289022
20260818-215200,1787089986344,SELL,0.10841510284289022
20260818-215200,1787089986344,SELL,0.10841510284289022
20260818-215200,1787089986344,SELL,0.10841510284289022
20260818-215200,1787089986347,SELL,-0.0
20260818-215200,1787089986347,SELL,-0.0
20260818-215200,1787089986497,SELL,-0.0
20260818-215200,1787089986347,SELL,-0.0
20260818-215200,1787089986423,SELL,-0.0
20260818-215200,1787089986448,SELL,-0.0
20260818-215200,1787089986448,SELL,-0.0
20260818-215200,1787089986448,SELL,-0.0
20260818-215200,1787089986599,SELL,-0.0
20260818-215200,1787089986701,SELL,-0.0
20260818-215200,1787089986482,SELL,-0.0
20260818-215200,1787089986803,SELL,-0.0
20260818-215200,1787089986905,SELL,-0.0
20260818-215200,1787089986820,SELL,-0.0
20260818-215200,1787089987007,SELL,-0.0
20260818-215200,1787089987109,SELL,-0.0
20260818-215200,1787089987211,SELL,-0.0
20260818-215200,1787089987313,SELL,-0.0
20260818-215200,1787089987211,SELL,-0.0
20260818-215200,1787089987415,SELL,-0.0
20260818-215200,1787089987517,SELL,-0.0
20260818-215200,1787089987619,SELL,-0.0
20260818-215200,1787089987721,SELL,-0.0
20260818-215200,1787089987823,SELL,-0.0
20260818-215200,1787089987925,SELL,-0.0
20260818-215200,1787089988027,SELL,-0.0
20260818-215200,1787089988129,SELL,-0.0
20260818-215200,1787089988231,SELL,-0.0
20260818-215200,1787089988333,SELL,-0.0
20260818-215200,1787089988435,SELL,-0.0
20260818-215200,1787089988537,SELL,-0.0
20260818-215200,1787089988639,SELL,-0.0
20260818-215200,1787089988741,SELL,-0.0
20260818-215200,1787089988843,SELL,-0.0
20260818-215200,1787089988731,SELL,-0.0
20260818-215200,1787089988945,SELL,-0.0
20260818-215200,1787089989047,SELL,-0.0
20260818-215200,1787089989149,SELL,-0.0
20260818-215200,1787089989000,SELL,-0.0
20260818-215200,1787089989251,SELL,-0.0
20260818-215200,1787089989353,SELL,-0.0
20260818-215200,1787089989455,SELL,-0.0
20260818-215200,1787089989557,SELL,-0.0
20260818-215200,1787089989659,SELL,-0.0
20260818-215200,1787089989761,SELL,-0.0
20260818-215200,1787089989863,SELL,-0.0
20260818-215200,1787089989965,SELL,-0.0
20260818-215200,1787089990067,SELL,-0.0
20260818-215200,1787089990169,SELL,-0.0
20260818-215200,1787089990271,SELL,-0.0
20260818-215200,1787089990373,SELL,-0.0
20260818-215200,1787089990475,SELL,-0.0
20260818-215200,1787089990577,SELL,-0.0
20260818-215200,1787089990679,SELL,-0.0
20260818-215200,1787089990781,SELL,-0.0
20260818-215200,1787089990673,SELL,-0.0
20260818-215200,1787089990883,SELL,-0.0
20260818-215200,1787089990985,SELL,-0.0
20260818-215200,1787089991087,SELL,-0.0
20260818-215200,1787089991189,SELL,-0.0
20260818-215200,1787089991200,SELL,-0.0
20260818-215200,1787089991291,SELL,-0.0
20260818-215200,1787089991393,SELL,-0.0
20260818-215200,1787089991268,SELL,-0.0
20260818-215200,1787089991495,SELL,-0.0
20260818-215200,1787089991403,SELL,-0.0
20260818-215200,1787089991597,SELL,-0.0
20260818-215200,1787089991699,SELL,-0.0
20260818-215200,1787089991801,SELL,-0.0
20260818-215200,1787089991903,SELL,-0.0
20260818-215200,1787089992005,SELL,-0.0
20260818-215200,1787089992107,SELL,-0.0
20260818-215200,1787089992000,SELL,-0.0
20260818-215200,1787089992209,SELL,-0.0
20260818-215200,1787089992311,SELL,-0.0
20260818-215200,1787089992413,SELL,-0.0
20260818-215200,1787089992515,SELL,-0.0
20260818-215200,1787089992617,SELL,-0.0
20260818-215200,1787089992719,SELL,-0.0
20260818-215200,1787089992821,SELL,-0.0
20260818-215200,1787089992923,SELL,-0.0
20260818-215200,1787089993025,SELL,-0.0
20260818-215200,1787089993127,SELL,-0.0
20260818-215200,1787089993000,SELL,-0.0
20260818-215200,1787089993229,SELL,-0.0
20260818-215200,1787089993331,SELL,-0.0
20260818-215200,1787089993433,SELL,-0.0
20260818-215200,1787089993535,SELL,-0.0
20260818-215200,1787089993637,SELL,-0.0
20260818-215200,1787089993739,SELL,-0.0
20260818-215200,1787089993841,SELL,-0.0
20260818-215200,1787089993943,SELL,-0.0
20260818-215200,1787089993861,SELL,-0.0
20260818-215200,1787089993989,SELL,-0.0
20260818-215200,1787089994045,SELL,-0.0
20260818-215200,1787089994147,SELL,-0.0
20260818-215200,1787089994000,SELL,-0.0
20260818-215200,1787089994249,SELL,-0.0
20260818-215200,1787089994176,SELL,-0.0
20260818-215200,1787089994351,SELL,-0.0
20260818-215200,1787089994453,SELL,-0.0
20260818-215200,1787089994555,SELL,-0.0
20260818-215200,1787089994415,SELL,-0.0
20260818-215200,1787089994657,SELL,-0.0
20260818-215200,1787089994759,SELL,-0.0
20260818-215200,1787089994861,SELL,-0.0
20260818-215200,1787089994963,SELL,-0.0
20260818-215200,1787089995065,SELL,-0.0
20260818-215200,1787089995167,SELL,-0.0
20260818-215200,1787089995269,SELL,-0.0
20260818-215200,1787089995371,SELL,-0.0
20260818-215200,1787089995473,SELL,-0.0
20260818-215200,1787089995398,SELL,-0.0
20260818-215200,1787089995575,SELL,-0.0
20260818-215200,1787090034947,SELL,-0.0
20260818-215200,1787090035049,SELL,-0.0
20260818-215200,1787090035151,SELL,-0.0
20260818-215200,1787090035253,SELL,-0.0
20260818-215200,1787090035184,SELL,-0.0
20260818-215200,1787090035355,SELL,-0.0
20260818-215200,1787090035457,SELL,-0.0
20260818-215200,1787090035559,SELL,-0.0
20260818-215200,1787090035661,SELL,-0.0
20260818-215200,1787090035530,SELL,-0.0
20260818-215200,1787090035763,SELL,-0.0
20260818-215200,1787090035865,SELL,-0.0
20260818-215200,1787090035967,SELL,-0.0
20260818-215200,1787090036069,SELL,-0.0
20260818-215200,1787090036171,SELL,-0.0
20260818-215200,1787090036064,SELL,-0.0
20260818-215200,1787090036273,SELL,-0.0
20260818-215200,1787090036375,SELL,-0.0
20260818-215200,1787090036477,SELL,-0.0
20260818-215200,1787090036425,SELL,-0.0
20260818-215200,1787090036579,SELL,-0.0
20260818-215200,1787090036681,SELL,-0.0
20260818-215200,1787090036783,SELL,-0.0
20260818-215200,1787090036885,SELL,-0.0
20260818-215200,1787090036987,SELL,-0.0
20260818-215200,1787090037089,SELL,-0.0
20260818-215200,1787090037191,SELL,-0.0
20260818-215200,1787090037293,SELL,-0.0
20260818-215200,1787090037395,SELL,-0.0
20260818-215200,1787090037497,SELL,-0.0
20260818-215200,1787090037599,SELL,-0.0
20260818-215200,1787090037701,SELL,-0.0
20260818-215200,1787090037803,SELL,-0.0
20260818-215200,1787090037905,SELL,-0.0
20260818-215200,1787090085643,SELL,0.3562227073394903
20260818-215200,1787090085655,SELL,0.3562227073394903
20260818-215200,1787090085663,SELL,0.3562227073394903
20260818-215200,1787090085663,SELL,0.3562227073394903
20260818-215200,1787090085663,SELL,0.3562227073394903
20260818-215200,1787090085663,SELL,0.3562227073394903
20260818-215200,1787090085670,SELL,0.3562227073394903
20260818-215200,1787090085670,SELL,0.3562227073394903
20260818-215200,1787090085670,SELL,0.3562227073394903
20260818-215200,1787090085670,SELL,0.3562227073394903
20260818-215200,1787090085687,SELL,0.3562227073394903
20260818-215200,1787090085691,SELL,-0.0
20260818-215200,1787090085691,SELL,-0.0
20260818-215200,1787090085745,SELL,-0.0
20260818-215200,1787090085691,SELL,-0.0
20260818-215200,1787090085847,SELL,-0.0
20260818-215200,1787090085788,SELL,-0.0
20260818-215200,1787090085949,SELL,-0.0
20260818-215200,1787090086051,SELL,-0.0
20260818-215200,1787090086091,SELL,-0.0
20260818-215200,1787090086153,SELL,-0.0
20260818-215200,1787090086092,SELL,-0.0
20260818-215200,1787090086255,SELL,-0.0
20260818-215200,1787090086357,SELL,-0.0
20260818-215200,1787090086357,SELL,-0.0
20260818-215200,1787090086459,SELL,-0.0
20260818-215200,1787090086358,SELL,-0.0
20260818-215200,1787090086561,SELL,-0.0
20260818-215200,1787090086622,SELL,-0.0
20260818-215200,1787090086663,SELL,-0.0
20260818-215200,1787090086765,SELL,-0.0
20260818-215200,1787090086624,SELL,-0.0
20260818-215200,1787090086867,SELL,-0.0
20260818-215200,1787090086881,SELL,-0.0
20260818-215200,1787090086969,SELL,-0.0
20260818-215200,1787090086882,SELL,-0.0
20260818-215200,1787090087071,SELL,-0.0
20260818-215200,1787090087144,SELL,-0.0
20260818-215200,1787090087173,SELL,-0.0
20260818-215200,1787090087275,SELL,-0.0
20260818-215200,1787090087146,SELL,-0.0
20260818-215200,1787090087377,SELL,-0.0
20260818-215200,1787090087398,SELL,-0.0
20260818-215200,1787090087408,SELL,-0.0
20260818-215200,1787090087479,SELL,-0.0
20260818-215200,1787090087409,SELL,-0.0
20260818-215200,1787090087581,SELL,-0.0
20260818-215200,1787090087672,SELL,-0.0
20260818-215200,1787090087683,SELL,-0.0
20260818-215200,1787090087785,SELL,-0.0
20260818-215200,1787090087673,SELL,-0.0
20260818-215200,1787090087887,SELL,-0.0
20260818-215200,1787090087938,SELL,-0.0
20260818-215200,1787090087989,SELL,-0.0
20260818-215200,1787090087940,SELL,-0.0
20260818-215200,1787090088000,SELL,-0.0
20260818-215200,1787090088091,SELL,-0.0
20260818-215200,1787090088034,SELL,-0.0
20260818-215200,1787090088193,SELL,-0.0
20260818-215200,1787090088160,SELL,-0.0
20260818-215200,1787090088197,SELL,-0.0
20260818-215200,1787090088295,SELL,-0.0
20260818-215200,1787090088198,SELL,-0.0
20260818-215200,1787090088397,SELL,-0.0
20260818-215200,1787090088461,SELL,-0.0
20260818-215200,1787090088499,SELL,-0.0
20260818-215200,1787090088601,SELL,-0.0
20260818-215200,1787090088461,SELL,-0.0
20260818-215200,1787090088703,SELL,-0.0
20260818-215200,1787090088724,SELL,-0.0
20260818-215200,1787090088805,SELL,-0.0
20260818-215200,1787090088725,SELL,-0.0
20260818-215200,1787090088907,SELL,-0.0
20260818-215200,1787090088986,SELL,-0.0
20260818-215200,1787090089009,SELL,-0.0
20260818-215200,1787090089111,SELL,-0.0
20260818-215200,1787090088988,SELL,-0.0
20260818-215200,1787090089213,SELL,-0.0
20260818-215200,1787090089245,SELL,-0.0
20260818-215200,1787090089315,SELL,-0.0
20260818-215200,1787090089246,SELL,-0.0
20260818-215200,1787090089417,SELL,-0.0
20260818-215200,1787090089510,SELL,-0.0
20260818-215200,1787090089519,SELL,-0.0
20260818-215200,1787090089621,SELL,-0.0
20260818-215200,1787090089511,SELL,-0.0
20260818-215200,1787090089723,SELL,-0.0
20260818-215200,1787090089775,SELL,-0.0
20260818-215200,1787090089825,SELL,-0.0
20260818-215200,1787090089927,SELL,-0.0
20260818-215200,1787090089775,SELL,-0.0
20260818-215200,1787090090029,SELL,-0.0
20260818-215200,1787090090038,SELL,-0.0
20260818-215200,1787090090040,SELL,-0.0
20260818-215200,1787090090131,SELL,-0.0
20260818-231922,1787095165838,SELL,-0.0
20260818-231922,1787095166031,SELL,-0.0
20260818-231922,1787095166133,SELL,-0.0
20260818-231922,1787095166235,SELL,-0.0
20260818-231922,1787095166337,SELL,-0.0
20260818-231922,1787095166439,SELL,-0.0
20260818-231922,1787095166541,SELL,-0.0
20260818-231922,1787095166643,SELL,-0.0
20260818-231922,1787095166745,SELL,-0.0
20260818-231922,1787095166847,SELL,-0.0
20260818-231922,1787095166949,SELL,-0.0
20260818-231922,1787095167051,SELL,-0.0
20260818-231922,1787095167153,SELL,-0.0
20260818-231922,1787095167255,SELL,-0.0
20260818-231922,1787095167357,SELL,-0.0
20260818-231922,1787095167459,SELL,-0.0
20260818-231922,1787095169320,SELL,-0.0
20260818-231922,1787095169499,SELL,-0.0
20260818-231922,1787095169601,SELL,-0.0
20260818-231922,1787095169703,SELL,-0.0
20260818-231922,1787095172559,SELL,-0.0
20260818-231922,1787095184391,SELL,-0.0
20260818-231922,1787095184493,SELL,-0.0
20260818-231922,1787095184595,SELL,-0.0
20260818-231922,1787095185105,SELL,-0.0
20260818-231922,1787095185207,SELL,-0.0
20260818-231922,1787095185309,SELL,-0.0
20260818-231922,1787095185411,SELL,-0.0
20260818-231922,1787095185513,SELL,-0.0
20260818-231922,1787095185423,SELL,-0.0
20260818-231922,1787095185615,SELL,-0.0
20260818-231922,1787095185717,SELL,-0.0
20260818-231922,1787095185819,SELL,-0.0
20260818-231922,1787095185921,SELL,-0.0
20260818-231922,1787095186023,SELL,-0.0
20260818-231922,1787095186125,SELL,-0.0
20260818-231922,1787095186227,SELL,-0.0
20260818-231922,1787095186329,SELL,-0.0
20260818-231922,1787095186431,SELL,-0.0
20260818-231922,1787095186533,SELL,-0.0
20260818-231922,1787095186464,SELL,-0.0
20260818-231922,1787095186635,SELL,-0.0
20260818-231922,1787095186737,SELL,-0.0
20260818-231922,1787095186839,SELL,-0.0
20260818-231922,1787095186941,SELL,-0.0
20260818-231922,1787095187043,SELL,-0.0
20260818-231922,1787095187145,SELL,-0.0
20260818-231922,1787095187247,SELL,-0.0
20260818-231922,1787095187349,SELL,-0.0
20260818-231922,1787095187451,SELL,-0.0
20260818-231922,1787095187553,SELL,-0.0
20260818-231922,1787095187655,SELL,-0.0
20260818-231922,1787095187757,SELL,-0.0
20260818-231922,1787095187859,SELL,-0.0
20260818-231922,1787095187961,SELL,-0.0
20260818-231922,1787095187845,SELL,-0.0
20260818-231922,1787095188063,SELL,-0.0
20260818-231922,1787095188165,SELL,-0.0
20260818-231922,1787095188267,SELL,-0.0
20260818-231922,1787095188144,SELL,-0.0
20260818-231922,1787095188369,SELL,-0.0
20260818-231922,1787095188471,SELL,-0.0
20260818-231922,1787095188387,SELL,-0.0
20260818-231922,1787095188573,SELL,-0.0
20260818-231922,1787095188675,SELL,-0.0
20260818-231922,1787095188777,SELL,-0.0
20260818-231922,1787095188879,SELL,-0.0
20260818-231922,1787095188981,SELL,-0.0
20260818-231922,1787095189083,SELL,-0.0
20260818-231922,1787095189185,SELL,-0.0
20260818-231922,1787095189287,SELL,-0.0
20260818-231922,1787095191602,SELL,-0.0
20260818-231922,1787095191837,SELL,-0.0
20260818-231922,1787095191939,SELL,-0.0
20260818-231922,1787095191824,SELL,-0.0
20260818-231922,1787095192041,SELL,-0.0
20260818-231922,1787095192143,SELL,-0.0
20260818-231922,1787095192245,SELL,-0.0
20260818-231922,1787095192347,SELL,-0.0
20260818-231922,1787095192449,SELL,-0.0
20260818-231922,1787095192551,SELL,-0.0
20260818-231922,1787095192653,SELL,-0.0
20260818-231922,1787095192755,SELL,-0.0
20260818-231922,1787095192622,SELL,-0.0
20260818-231922,1787095192857,SELL,-0.0
20260818-231922,1787095192959,SELL,-0.0
20260818-231922,1787095193061,SELL,-0.0
20260818-231922,1787095193163,SELL,-0.0
20260818-231922,1787095193265,SELL,-0.0
20260818-231922,1787095193367,SELL,-0.0
20260818-231922,1787095193469,SELL,-0.0
20260818-231922,1787095193571,SELL,-0.0
20260818-231922,1787095193673,SELL,-0.0
20260818-231922,1787095193587,SELL,-0.0
20260818-231922,1787095193775,SELL,-0.0
20260818-231922,1787095193877,SELL,-0.0
20260818-231922,1787095193979,SELL,-0.0
20260818-231922,1787095194081,SELL,-0.0
20260818-231922,1787095194183,SELL,-0.0
20260818-231922,1787095194285,SELL,-0.0
20260818-231922,1787095194387,SELL,-0.0
20260818-231922,1787095201108,SELL,0.8348929597642168
20260818-231922,1787095201108,SELL,0.8348929597642168
20260818-231922,1787095201109,SELL,0.8348929597642168
20260818-231922,1787095201109,SELL,0.8348929597642168
20260818-231922,1787095201109,SELL,0.8348929597642168
20260818-231922,1787095201109,SELL,0.8348929597642168
20260818-231922,1787095201111,SELL,0.8348929597642168
20260818-231922,1787095201117,SELL,0.8348929597642168
20260818-231922,1787095201117,SELL,0.8348929597642168
20260818-231922,1787095201119,SELL,0.633912951381392
20260818-231922,1787095201119,SELL,0.633912951381392
20260818-231922,1787095201119,SELL,0.633912951381392
20260818-231922,1787095201136,SELL,0.633912951381392
20260818-231922,1787095201160,SELL,0.633912951381392
20260818-231922,1787095201160,SELL,0.633912951381392
20260818-231922,1787095201160,SELL,0.633912951381392
20260818-231922,1787095201160,SELL,0.633912951381392
20260818-231922,1787095201167,SELL,0.633912951381392
20260818-231922,1787095201179,SELL,0.633912951381392
20260818-231922,1787095201179,SELL,0.633912951381392
20260818-231922,1787095201179,SELL,0.633912951381392
20260818-231922,1787095201179,SELL,0.633912951381392
20260818-231922,1787095201206,SELL,0.633912951381392
20260818-231922,1787095201221,SELL,0.27831314403445984
20260818-231922,1787095201323,SELL,0.27831314403445984
20260818-231922,1787095201425,SELL,0.27831314403445984
20260818-231922,1787095201527,SELL,0.27831314403445984
20260818-231922,1787095201559,SELL,0.27831314403445984
20260818-231922,1787095201560,SELL,0.27831314403445984
20260818-231922,1787095201560,SELL,0.27831314403445984
20260818-231922,1787095201560,SELL,0.27831314403445984
20260818-231922,1787095201560,SELL,0.27831314403445984
20260818-231922,1787095201560,SELL,0.27831314403445984
20260818-231922,1787095201560,SELL,0.27831314403445984
20260818-231922,1787095201560,SELL,0.27831314403445984
20260818-231922,1787095201560,SELL,0.27831314403445984
20260818-231922,1787095201560,SELL,0.27831314403445984
20260818-231922,1787095201560,SELL,0.27831314403445984
20260818-231922,1787095201560,SELL,0.27831314403445984
20260818-231922,1787095201562,SELL,-0.0
20260818-231922,1787095201629,SELL,-0.0
20260818-231922,1787095201562,SELL,-0.0
20260818-231922,1787095201731,SELL,-0.0
20260818-231922,1787095201833,SELL,-0.0
20260818-231922,1787095201935,SELL,-0.0
20260818-231922,1787095202037,SELL,-0.0
20260818-231922,1787095202139,SELL,-0.0
20260818-231922,1787095202241,SELL,-0.0
20260818-231922,1787095202343,SELL,-0.0
20260818-231922,1787095202445,SELL,-0.0
20260818-231922,1787095202547,SELL,-0.0
20260818-231922,1787095202649,SELL,-0.0
20260818-231922,1787095202751,SELL,-0.0
20260818-231922,1787095202669,SELL,-0.0
20260818-231922,1787095202853,SELL,-0.0
20260818-231922,1787095202955,SELL,-0.0
20260818-231922,1787095203057,SELL,-0.0
20260818-231922,1787095203008,SELL,-0.0
20260818-231922,1787095203159,SELL,-0.0
20260818-231922,1787095203261,SELL,-0.0
20260818-231922,1787095203196,SELL,-0.0
20260818-231922,1787095203363,SELL,-0.0
20260818-231922,1787095203327,SELL,-0.0
20260818-231922,1787095203465,SELL,-0.0
20260818-231922,1787095203567,SELL,-0.0
20260818-231922,1787095203669,SELL,-0.0
20260818-231922,1787095203771,SELL,-0.0
20260818-231922,1787095203873,SELL,-0.0
20260818-231922,1787095203975,SELL,-0.0
20260818-231922,1787095204077,SELL,-0.0
20260818-231922,1787095204179,SELL,-0.0
20260818-231922,1787095204058,SELL,-0.0
20260818-231922,1787095204281,SELL,-0.0
20260818-231922,1787095204383,SELL,-0.0
20260818-231922,1787095204485,SELL,-0.0
20260818-231922,1787095204419,SELL,-0.0
20260818-231922,1787095204587,SELL,-0.0
20260818-231922,1787095204689,SELL,-0.0
20260818-231922,1787095204791,SELL,-0.0
20260818-231922,1787095204893,SELL,-0.0
20260818-231922,1787095204995,SELL,-0.0
20260818-231922,1787095205097,SELL,-0.0
20260818-231922,1787095205199,SELL,-0.0
20260818-231922,1787095205301,SELL,-0.0
20260818-231922,1787095205232,SELL,-0.0
20260818-231922,1787095205403,SELL,-0.0
20260818-231922,1787095205505,SELL,-0.0
20260818-231922,1787095205607,SELL,-0.0
20260818-231922,1787095205709,SELL,-0.0
20260818-231922,1787095205811,SELL,-0.0
20260818-231922,1787095205713,SELL,-0.0
20260818-231922,1787095205913,SELL,-0.0
20260818-231922,1787095206015,SELL,-0.0
20260818-231922,1787095206117,SELL,-0.0
20260818-231922,1787095206219,SELL,-0.0
20260818-231922,1787095206321,SELL,-0.0
20260818-231922,1787095206423,SELL,-0.0
20260818-231922,1787095206525,SELL,-0.0
20260818-231922,1787095206627,SELL,-0.0
20260818-231922,1787095206729,SELL,-0.0
20260818-231922,1787095206831,SELL,-0.0
20260818-231922,1787095206933,SELL,-0.0
20260818-231922,1787095207035,SELL,-0.0
20260818-231922,1787095207137,SELL,-0.0
20260818-231922,1787095207078,SELL,-0.0
20260818-231922,1787095207239,SELL,-0.0
20260818-231922,1787095207341,SELL,-0.0
20260818-231922,1787095207443,SELL,-0.0
20260818-231922,1787095207545,SELL,-0.0
20260818-231922,1787095207647,SELL,-0.0
20260818-231922,1787095207546,SELL,-0.0
20260818-231922,1787095207749,SELL,-0.0
20260818-231922,1787095207851,SELL,-0.0
20260818-231922,1787095207953,SELL,-0.0
20260818-231922,1787095208055,SELL,-0.0
20260818-231922,1787095208157,SELL,-0.0
20260818-231922,1787095208259,SELL,-0.0
20260818-231922,1787095208361,SELL,-0.0
20260818-231922,1787095208463,SELL,-0.0
20260818-231922,1787095208565,SELL,-0.0
20260818-231922,1787095208429,SELL,-0.0
20260818-231922,1787095208667,SELL,-0.0
20260818-231922,1787095208769,SELL,-0.0
20260818-231922,1787095208716,SELL,-0.0
20260818-231922,1787095208871,SELL,-0.0
20260818-231922,1787095208973,SELL,-0.0
20260818-231922,1787095208903,SELL,-0.0
20260818-231922,1787095209075,SELL,-0.0
20260818-231922,1787095209177,SELL,-0.0
20260818-231922,1787095209115,SELL,-0.0
20260818-231922,1787095209279,SELL,-0.0
20260818-231922,1787095209230,SELL,-0.0
20260818-231922,1787095209381,SELL,-0.0
20260818-231922,1787095209483,SELL,-0.0
20260818-231922,1787095209585,SELL,-0.0
20260818-231922,1787095209687,SELL,-0.0
20260818-231922,1787095209789,SELL,-0.0
20260818-231922,1787095209654,SELL,-0.0
20260818-231922,1787095209891,SELL,-0.0
20260818-231922,1787095209993,SELL,-0.0
20260818-231922,1787095210095,SELL,-0.0
20260818-231922,1787095210197,SELL,-0.0
20260818-231922,1787095210299,SELL,-0.0
20260818-231922,1787095210191,SELL,-0.0
20260818-231922,1787095210401,SELL,-0.0
20260818-231922,1787095210503,SELL,-0.0
20260818-231922,1787095210605,SELL,-0.0
20260818-231922,1787095210707,SELL,-0.0
20260818-231922,1787095210809,SELL,-0.0
20260818-231922,1787095210911,SELL,-0.0
20260818-231922,1787095211013,SELL,-0.0
20260818-231922,1787095211115,SELL,-0.0
20260818-231922,1787095211217,SELL,-0.0
20260818-231922,1787095211319,SELL,-0.0
20260818-231922,1787095211421,SELL,-0.0
20260818-231922,1787095211523,SELL,-0.0
20260818-231922,1787095211442,SELL,-0.0
20260818-231922,1787095211625,SELL,-0.0
20260818-231922,1787095211727,SELL,-0.0
20260818-231922,1787095211829,SELL,-0.0
20260818-231922,1787095211931,SELL,-0.0
20260818-231922,1787095212033,SELL,-0.0
20260818-231922,1787095212135,SELL,-0.0
20260818-231922,1787095212237,SELL,-0.0
20260818-231922,1787095212339,SELL,-0.0
20260818-231922,1787095212441,SELL,-0.0
20260818-231922,1787095212376,SELL,-0.0
20260818-231922,1787095218357,SELL,-0.0
20260818-231922,1787095218223,SELL,-0.0
20260818-231922,1787095218459,SELL,-0.0
20260818-231922,1787095218561,SELL,-0.0
20260818-231922,1787095218663,SELL,-0.0
20260818-231922,1787095218765,SELL,-0.0
20260818-231922,1787095218867,SELL,-0.0
20260818-231922,1787095218969,SELL,-0.0
20260818-231922,1787095219071,SELL,-0.0
20260818-231922,1787095219173,SELL,-0.0
20260818-231922,1787095219275,SELL,-0.0
20260818-231922,1787095219377,SELL,-0.0
20260818-231922,1787095219479,SELL,-0.0
20260818-231922,1787095219581,SELL,-0.0
20260818-231922,1787095219683,SELL,-0.0
20260818-231922,1787095219785,SELL,-0.0
20260818-231922,1787095219725,SELL,-0.0
20260818-231922,1787095219887,SELL,-0.0
20260818-231922,1787095219989,SELL,-0.0
20260818-231922,1787095220091,SELL,-0.0
20260818-231922,1787095220193,SELL,-0.0
20260818-231922,1787095220295,SELL,-0.0
20260818-231922,1787095220397,SELL,-0.0
20260818-231922,1787095220352,SELL,-0.0
20260818-231922,1787095220499,SELL,-0.0
20260818-231922,1787095220601,SELL,-0.0
20260818-231922,1787095220703,SELL,-0.0
20260818-231922,1787095220805,SELL,-0.0
20260818-231922,1787095220907,SELL,-0.0
20260818-231922,1787095220780,SELL,-0.0
20260818-231922,1787095221009,SELL,-0.0
20260818-231922,1787095221111,SELL,-0.0
20260818-231922,1787095221213,SELL,-0.0
20260818-231922,1787095221315,SELL,-0.0
20260818-231922,1787095221417,SELL,-0.0
20260818-231922,1787095221519,SELL,-0.0
20260818-231922,1787095221416,SELL,-0.0
20260818-231922,1787095221621,SELL,-0.0
20260818-231922,1787095221723,SELL,-0.0
20260818-231922,1787095221825,SELL,-0.0
20260818-231922,1787095221927,SELL,-0.0
20260818-231922,1787095222029,SELL,-0.0
20260818-231922,1787095222131,SELL,-0.0
20260818-231922,1787095222233,SELL,-0.0
20260818-231922,1787095222137,SELL,-0.0
20260818-231922,1787095222335,SELL,-0.0
20260818-231922,1787095222437,SELL,-0.0
20260818-231922,1787095222319,SELL,-0.0
20260818-231922,1787095222539,SELL,-0.0
20260818-231922,1787095222641,SELL,-0.0
20260818-231922,1787095222743,SELL,-0.0
20260818-231922,1787095222845,SELL,-0.0
20260818-231922,1787095222947,SELL,-0.0
20260818-231922,1787095222874,SELL,-0.0
20260818-231922,1787095223049,SELL,-0.0
20260818-231922,1787095222984,SELL,-0.0
20260818-231922,1787095223151,SELL,-0.0
20260818-231922,1787095223102,SELL,-0.0
20260818-231922,1787095223253,SELL,-0.0
20260818-231922,1787095223355,SELL,-0.0
20260818-231922,1787095223457,SELL,-0.0
20260818-231922,1787095223559,SELL,-0.0
20260818-231922,1787095223491,SELL,-0.0
20260818-231922,1787095223661,SELL,-0.0
20260818-231922,1787095223763,SELL,-0.0
20260818-231922,1787095223865,SELL,-0.0
20260818-231922,1787095223967,SELL,-0.0
20260818-231922,1787095224069,SELL,-0.0
20260818-231922,1787095224171,SELL,-0.0
20260818-231922,1787095224273,SELL,-0.0
20260818-231922,1787095224375,SELL,-0.0
20260818-231922,1787095224477,SELL,-0.0
20260818-231922,1787095224579,SELL,-0.0
20260818-231922,1787095224681,SELL,-0.0
20260818-231922,1787095224783,SELL,-0.0
20260818-231922,1787095224885,SELL,-0.0
20260818-231922,1787095224791,SELL,-0.0
20260818-231922,1787095224987,SELL,-0.0
20260818-231922,1787095224984,SELL,-0.0
20260818-231922,1787095225089,SELL,-0.0
20260818-231922,1787095225001,SELL,-0.0
20260818-231922,1787095225191,SELL,-0.0
20260818-231922,1787095225293,SELL,-0.0
20260818-231922,1787095225395,SELL,-0.0
20260818-231922,1787095225497,SELL,-0.0
20260818-231922,1787095225599,SELL,-0.0
20260818-231922,1787095225701,SELL,-0.0
20260818-231922,1787095225803,SELL,-0.0
20260818-231922,1787095225905,SELL,-0.0
20260818-231922,1787095225857,SELL,-0.0
20260818-231922,1787095226007,SELL,-0.0
20260818-231922,1787095226109,SELL,-0.0
20260818-231922,1787095226211,SELL,-0.0
20260818-231922,1787095226313,SELL,-0.0
20260818-231922,1787095226415,SELL,-0.0
20260818-231922,1787095226517,SELL,-0.0
20260818-231922,1787095226619,SELL,-0.0
20260818-231922,1787095226721,SELL,-0.0
20260818-231922,1787095226823,SELL,-0.0
20260818-231922,1787095226925,SELL,-0.0
20260818-231922,1787095227027,SELL,-0.0
20260818-231922,1787095227129,SELL,-0.0
20260818-231922,1787095227231,SELL,-0.0
20260818-231922,1787095227169,SELL,-0.0
20260818-231922,1787095227333,SELL,-0.0
20260818-231922,1787095227435,SELL,-0.0
20260818-231922,1787095227537,SELL,-0.0
20260818-231922,1787095227639,SELL,-0.0
20260818-231922,1787095227523,SELL,-0.0
20260818-231922,1787095227741,SELL,-0.0
20260818-231922,1787095227843,SELL,-0.0
20260818-231922,1787095227945,SELL,-0.0
20260818-231922,1787095227857,SELL,-0.0
20260818-231922,1787095228047,SELL,-0.0
20260818-231922,1787095228149,SELL,-0.0
20260818-231922,1787095228175,SELL,-0.0
20260818-231922,1787095228251,SELL,-0.0
20260818-231922,1787095228193,SELL,-0.0
20260818-231922,1787095228353,SELL,-0.0
20260818-231922,1787095228455,SELL,-0.0
20260818-231922,1787095228557,SELL,-0.0
20260818-231922,1787095228659,SELL,-0.0
20260818-231922,1787095228761,SELL,-0.0
20260818-231922,1787095228863,SELL,-0.0
20260818-231922,1787095228965,SELL,-0.0
20260818-231922,1787095229067,SELL,-0.0
20260818-231922,1787095228961,SELL,-0.0
20260818-231922,1787095229169,SELL,-0.0
20260818-231922,1787095229271,SELL,-0.0
20260818-231922,1787095229373,SELL,-0.0
20260818-231922,1787095229475,SELL,-0.0
20260818-231922,1787095229577,SELL,-0.0
20260818-231922,1787095229482,SELL,-0.0
20260818-231922,1787095229679,SELL,-0.0
20260818-231922,1787095229621,SELL,-0.0
20260818-231922,1787095229781,SELL,-0.0
20260818-231922,1787095229883,SELL,-0.0
20260818-231922,1787095229985,SELL,-0.0
20260818-231922,1787095230087,SELL,-0.0
20260818-231922,1787095230189,SELL,-0.0
20260818-231922,1787095230071,SELL,-0.0
20260818-231922,1787095230291,SELL,-0.0
20260818-231922,1787095230393,SELL,-0.0
20260818-231922,1787095230495,SELL,-0.0
20260818-231922,1787095230597,SELL,-0.0
20260818-231922,1787095230489,SELL,-0.0
20260818-231922,1787095230699,SELL,-0.0
20260818-231922,1787095230801,SELL,-0.0
20260818-231922,1787095230903,SELL,-0.0
20260818-231922,1787095231005,SELL,-0.0
20260818-231922,1787095231107,SELL,-0.0
20260818-231922,1787095231209,SELL,-0.0
20260818-231922,1787095231311,SELL,-0.0
20260818-231922,1787095231226,SELL,-0.0
20260818-231922,1787095231413,SELL,-0.0
20260818-231922,1787095231515,SELL,-0.0
20260818-231922,1787095231617,SELL,-0.0
20260818-231922,1787095231719,SELL,-0.0
20260818-231922,1787095231821,SELL,-0.0
20260818-231922,1787095231923,SELL,-0.0
20260818-231922,1787095232025,SELL,-0.0
20260818-231922,1787095232127,SELL,-0.0
20260818-231922,1787095232229,SELL,-0.0
20260818-231922,1787095232331,SELL,-0.0
20260818-231922,1787095232433,SELL,-0.0
20260818-231922,1787095232535,SELL,-0.0
20260818-231922,1787095232637,SELL,-0.0
20260818-231922,1787095232739,SELL,-0.0
20260818-231922,1787095232841,SELL,-0.0
20260818-231922,1787095232943,SELL,-0.0
20260818-231922,1787095233045,SELL,-0.0
20260818-231922,1787095233147,SELL,-0.0
20260818-231922,1787095246917,SELL,-0.0
20260818-231922,1787095247019,SELL,-0.0
20260818-231922,1787095246952,SELL,-0.0
20260818-231922,1787095247121,SELL,-0.0
20260818-231922,1787095247223,SELL,-0.0
20260818-231922,1787095247325,SELL,-0.0
20260818-231922,1787095247427,SELL,-0.0
20260818-231922,1787095247529,SELL,-0.0
20260818-231922,1787095247631,SELL,-0.0
20260818-231922,1787095247733,SELL,-0.0
20260818-231922,1787095247835,SELL,-0.0
20260818-231922,1787095247937,SELL,-0.0
20260818-231922,1787095248039,SELL,-0.0
20260818-231922,1787095248141,SELL,-0.0
20260818-231922,1787095248243,SELL,-0.0
20260818-231922,1787095248345,SELL,-0.0
20260818-231922,1787095248447,SELL,-0.0
20260818-231922,1787095248549,SELL,-0.0
20260818-231922,1787095248651,SELL,-0.0
20260818-231922,1787095248753,SELL,-0.0
20260818-231922,1787095248855,SELL,-0.0
20260818-231922,1787095248957,SELL,-0.0
20260818-231922,1787095249059,SELL,-0.0
20260818-231922,1787095249161,SELL,-0.0
20260818-231922,1787095249263,SELL,-0.0
20260818-231922,1787095249365,SELL,-0.0
20260818-231922,1787095249467,SELL,-0.0
20260818-231922,1787095249569,SELL,-0.0
20260818-231922,1787095249671,SELL,-0.0
20260818-231922,1787095249773,SELL,-0.0
20260818-231922,1787095249875,SELL,-0.0
20260818-231922,1787095249977,SELL,-0.0
20260818-231922,1787095250079,SELL,-0.0
20260818-231922,1787095250181,SELL,-0.0
20260818-231922,1787095250175,SELL,-0.0
20260818-231922,1787095250283,SELL,-0.0
20260818-231922,1787095250385,SELL,-0.0
20260818-231922,1787095250252,SELL,-0.0
20260818-231922,1787095250487,SELL,-0.0
20260818-231922,1787095250589,SELL,-0.0
20260818-231922,1787095250691,SELL,-0.0
20260818-231922,1787095250793,SELL,-0.0
20260818-231922,1787095250895,SELL,-0.0
20260818-231922,1787095250822,SELL,-0.0
20260818-231922,1787095250997,SELL,-0.0
20260818-231922,1787095251099,SELL,-0.0
20260818-231922,1787095251201,SELL,-0.0
20260818-231922,1787095251303,SELL,-0.0
20260818-231922,1787095251405,SELL,-0.0
20260818-231922,1787095251507,SELL,-0.0
20260818-231922,1787095251609,SELL,-0.0
20260818-231922,1787095251711,SELL,-0.0
20260818-231922,1787095251813,SELL,-0.0
20260818-231922,1787095251915,SELL,-0.0
20260818-231922,1787095251869,SELL,-0.0
20260818-231922,1787095252017,SELL,-0.0
20260818-231922,1787095252119,SELL,-0.0
20260818-231922,1787095252221,SELL,-0.0
20260818-231922,1787095252323,SELL,-0.0
20260818-231922,1787095252425,SELL,-0.0
20260818-231922,1787095252527,SELL,-0.0
20260818-231922,1787095252629,SELL,-0.0
20260818-231922,1787095252731,SELL,-0.0
20260818-231922,1787095252833,SELL,-0.0
20260818-231922,1787095252935,SELL,-0.0
20260818-231922,1787095253037,SELL,-0.0
20260818-231922,1787095252915,SELL,-0.0
20260818-231922,1787095253139,SELL,-0.0
20260818-231922,1787095253241,SELL,-0.0
20260818-231922,1787095253343,SELL,-0.0
20260818-231922,1787095253445,SELL,-0.0
20260818-231922,1787095253547,SELL,-0.0
20260818-231922,1787095253649,SELL,-0.0
20260818-231922,1787095253553,SELL,-0.0
20260818-231922,1787095253751,SELL,-0.0
20260818-231922,1787095253853,SELL,-0.0
20260818-231922,1787095253955,SELL,-0.0
20260818-231922,1787095254057,SELL,0.03092325235261624
20260818-231922,1787095254159,SELL,0.18553951411794742
20260818-231922,1787095254261,SELL,0.4174639067659442
20260818-231922,1787095254127,SELL,0.03092325235261624
20260818-231922,1787095254363,SELL,0.4174639067659442
20260818-231922,1787095254465,SELL,0.4174639067659442
20260818-231922,1787095254567,SELL,0.4174639067659442
20260818-231922,1787095254669,SELL,0.4174639067659442
20260818-231922,1787095254661,SELL,0.4174639067659442
20260818-231922,1787095254771,SELL,0.4174639067659442
20260818-231922,1787095254873,SELL,0.4174639067659442
20260818-231922,1787095254779,SELL,0.4174639067659442
20260818-231922,1787095254975,SELL,0.4174639067659442
20260818-231922,1787095255077,SELL,0.4174639067659442
20260818-231922,1787095255179,SELL,0.4174639067659442
20260818-231922,1787095255281,SELL,0.4174639067659442
20260818-231922,1787095255383,SELL,0.4174639067659442
20260818-231922,1787095255485,SELL,0.4174639067659442
20260818-231922,1787095255587,SELL,0.4174639067659442
20260818-231922,1787095255689,SELL,0.4174639067659442
20260818-231922,1787095255791,SELL,0.4174639067659442
20260818-231922,1787095255893,SELL,0.4174639067659442
20260818-231922,1787095255995,SELL,0.4174639067659442
20260818-231922,1787095256012,SELL,0.4174639067659442
20260818-231922,1787095256097,SELL,0.38654184972644434
20260818-231922,1787095256015,SELL,0.38654184972644434
20260818-231922,1787095256155,SELL,0.38654184972644434
20260818-231922,1787095256155,SELL,0.38654184972644434
20260818-231922,1787095256155,SELL,0.38654184972644434
20260818-231922,1787095256199,SELL,0.2319286958417504
20260818-231922,1787095256157,SELL,0.2319286958417504
20260818-231922,1787095256234,SELL,0.2319286958417504
20260818-231922,1787095256234,SELL,0.2319286958417504
20260818-231922,1787095256234,SELL,0.2319286958417504
20260818-231922,1787095256234,SELL,0.2319286958417504
20260818-231922,1787095256234,SELL,0.2319286958417504
20260818-231922,1787095256234,SELL,0.2319286958417504
20260818-231922,1787095256301,SELL,-0.0
20260818-231922,1787095256249,SELL,-0.0
20260818-231922,1787095256403,SELL,-0.0
20260818-231922,1787095256505,SELL,-0.0
20260818-231922,1787095256418,SELL,-0.0
20260818-231922,1787095256607,SELL,-0.0
20260818-231922,1787095256709,SELL,-0.0
20260818-231922,1787095256811,SELL,-0.0
20260818-231922,1787095256913,SELL,-0.0
20260818-231922,1787095256796,SELL,-0.0
20260818-231922,1787095257015,SELL,-0.0
20260818-231922,1787095257117,SELL,-0.0
20260818-231922,1787095257038,SELL,-0.0
20260818-231922,1787095257219,SELL,-0.0
20260818-231922,1787095257321,SELL,-0.0
20260818-231922,1787095257423,SELL,-0.0
20260818-231922,1787095257306,SELL,-0.0
20260818-231922,1787095257525,SELL,-0.0
20260818-231922,1787095257627,SELL,-0.0
20260818-231922,1787095257729,SELL,-0.0
20260818-231922,1787095257831,SELL,-0.0
20260818-231922,1787095257933,SELL,-0.0
20260818-231922,1787095258035,SELL,-0.0
20260818-231922,1787095258137,SELL,-0.0
20260818-231922,1787095258239,SELL,-0.0
20260818-231922,1787095258341,SELL,-0.0
20260818-231922,1787095258443,SELL,-0.0
20260818-231922,1787095258545,SELL,-0.0
20260818-231922,1787095259055,SELL,-0.0
20260818-231922,1787095259157,SELL,-0.0
20260818-231922,1787095259259,SELL,-0.0
20260818-231922,1787095259361,SELL,-0.0
20260818-231922,1787095259463,SELL,-0.0
20260818-231922,1787095259565,SELL,-0.0
20260818-231922,1787095259667,SELL,-0.0
20260818-231922,1787095259769,SELL,-0.0
20260818-231922,1787095259871,SELL,-0.0
20260818-231922,1787095259973,SELL,-0.0
20260818-231922,1787095260075,SELL,-0.0
20260818-231922,1787095260177,SELL,-0.0
20260818-231922,1787095260279,SELL,-0.0
20260818-231922,1787095260381,SELL,-0.0
20260818-231922,1787095260483,SELL,-0.0
20260818-231922,1787095260585,SELL,-0.0
20260818-231922,1787095260687,SELL,-0.0
20260818-231922,1787095260789,SELL,-0.0
20260818-231922,1787095260891,SELL,-0.0
20260818-231922,1787095260993,SELL,-0.0
20260818-231922,1787095337388,BUY,0.4637863985362901
20260818-231922,1787095337392,BUY,0.4637863985362901
20260818-231922,1787095337392,BUY,0.4637863985362901
20260818-231922,1787095337392,BUY,0.4637863985362901
20260818-231922,1787095337392,BUY,0.4637863985362901
20260818-231922,1787095337392,BUY,0.4637863985362901
20260818-231922,1787095337394,BUY,0.4637863985362901
20260818-231922,1787095337394,BUY,0.4637863985362901
20260818-231922,1787095337394,BUY,0.4637863985362901
20260818-231922,1787095337394,BUY,0.4637863985362901
20260818-231922,1787095337394,BUY,0.4637863985362901
20260818-231922,1787095337394,BUY,0.4637863985362901
20260818-231922,1787095337401,BUY,0.4637863985362901
20260818-231922,1787095337401,BUY,0.4637863985362901
20260818-231922,1787095337401,BUY,0.4637863985362901
20260818-231922,1787095337401,BUY,0.4637863985362901
20260818-231922,1787095337401,BUY,0.4637863985362901
20260818-231922,1787095337405,BUY,0.4637863985362901
20260818-231922,1787095337432,BUY,0.4637863985362901
20260818-231922,1787095337432,BUY,0.4637863985362901
20260818-231922,1787095337432,BUY,0.4637863985362901
20260818-231922,1787095337432,BUY,0.4637863985362901
20260818-231922,1787095337432,BUY,0.4637863985362901
20260818-231922,1787095337434,BUY,0.4637863985362901
20260818-231922,1787095337473,BUY,0.4637863985362901
20260818-231922,1787095337493,BUY,0.0
20260818-231922,1787095337481,BUY,0.0
20260818-231922,1787095337595,BUY,0.0
20260818-231922,1787095337697,BUY,0.0
20260818-231922,1787095337799,BUY,0.0
20260818-231922,1787095337901,BUY,0.0
20260818-231922,1787095338003,BUY,0.0
20260818-231922,1787095338105,BUY,0.0
20260818-231922,1787095338207,BUY,0.0
20260818-231922,1787095338309,BUY,0.0
20260818-231922,1787095338411,BUY,0.0
20260818-231922,1787095338513,BUY,0.0
20260818-231922,1787095338615,BUY,0.0
20260818-231922,1787095338717,BUY,0.0
20260818-231922,1787095338819,BUY,0.0
20260818-231922,1787095338921,BUY,0.0
20260818-231922,1787095339023,BUY,0.0
20260818-231922,1787095339125,BUY,0.0
20260818-231922,1787095339227,BUY,0.0
20260818-231922,1787095339329,BUY,0.0
20260818-231922,1787095339431,BUY,0.0
20260818-231922,1787095339533,BUY,0.0
20260818-231922,1787095339635,BUY,0.0
20260818-231922,1787095339737,BUY,0.0
20260818-231922,1787095339679,BUY,0.0
20260818-231922,1787095339839,BUY,0.0
20260818-231922,1787095339941,BUY,0.0
20260818-231922,1787095340043,BUY,0.0
20260818-231922,1787095340145,BUY,0.0
20260818-231922,1787095340247,BUY,0.0
20260818-231922,1787095340349,BUY,0.0
20260818-231922,1787095340451,BUY,0.0
20260818-231922,1787095340553,BUY,0.0
20260818-231922,1787095340655,BUY,0.0
20260818-231922,1787095340757,BUY,0.0
20260818-231922,1787095340665,BUY,0.0
20260818-231922,1787095340775,BUY,0.0
20260818-232223,1787095345499,BUY,0.0
20260818-232223,1787095345755,BUY,0.0
20260818-232223,1787095345857,BUY,0.0
20260818-232223,1787095345959,BUY,0.0
20260818-232223,1787095346061,BUY,0.0
20260818-232223,1787095346163,BUY,0.0
20260818-232223,1787095346012,BUY,0.0
20260818-232223,1787095367991,BUY,0.0
20260818-232223,1787095368093,BUY,0.0
20260818-232223,1787095368195,BUY,0.0
20260818-232223,1787095368072,BUY,0.0
20260818-232223,1787095368297,BUY,0.0
20260818-232223,1787095368399,BUY,0.0
20260818-232223,1787095368329,BUY,0.0
20260818-232223,1787095368501,BUY,0.0
20260818-232223,1787095368603,BUY,0.0
20260818-232223,1787095368705,BUY,0.0
20260818-232223,1787095368807,BUY,0.0
20260818-232223,1787095368909,BUY,0.0
20260818-232223,1787095368749,BUY,0.0
20260818-232223,1787095369011,BUY,0.0
20260818-232223,1787095369113,BUY,0.0
20260818-232223,1787095369215,BUY,0.0
20260818-232223,1787095369317,BUY,0.0
20260818-232223,1787095369419,BUY,0.0
20260818-232223,1787095369521,BUY,0.0
20260818-232223,1787095369449,BUY,0.0
20260818-232223,1787095369623,BUY,0.0
20260818-232223,1787095369725,BUY,0.0
20260818-232223,1787095369827,BUY,0.0
20260818-232223,1787095369929,BUY,0.0
20260818-232223,1787095370031,BUY,0.0
20260818-232223,1787095369916,BUY,0.0
20260818-232223,1787095370133,BUY,0.0
20260818-232223,1787095370235,BUY,0.0
20260818-232223,1787095370337,BUY,0.0
20260818-232223,1787095370439,BUY,0.0
20260818-232223,1787095370541,BUY,0.0
20260818-232223,1787095370643,BUY,0.0
20260818-232223,1787095370745,BUY,0.0
20260818-232223,1787095370847,BUY,0.0
20260818-232223,1787095370949,BUY,0.0
20260818-232223,1787095371051,BUY,0.0
20260818-232223,1787095371153,BUY,0.0
20260818-232223,1787095371255,BUY,0.0
20260818-232223,1787095371357,BUY,0.0
20260818-232223,1787095371459,BUY,0.0
20260818-232223,1787095371561,BUY,0.0
20260818-232223,1787095371663,BUY,0.0
20260818-232223,1787095371548,BUY,0.0
20260818-232223,1787095371765,BUY,0.0
20260818-232223,1787095371701,BUY,0.0
20260818-232223,1787095371867,BUY,0.0
20260818-232223,1787095371969,BUY,0.0
20260818-232223,1787095372071,BUY,0.0
20260818-232223,1787095372173,BUY,0.0
20260818-232223,1787095372275,BUY,0.0
20260818-232223,1787095372377,BUY,0.0
20260818-232223,1787095372256,BUY,0.0
20260818-232223,1787095372479,BUY,0.0
20260818-232223,1787095372581,BUY,0.0
20260818-232223,1787095372683,BUY,0.0
20260818-232223,1787095372785,BUY,0.0
20260818-232223,1787095372887,BUY,0.0
20260818-232223,1787095372989,BUY,0.0
20260818-232223,1787095373091,BUY,0.0
20260818-232223,1787095373193,BUY,0.0
20260818-232223,1787095373098,BUY,0.0
20260818-232223,1787095373295,BUY,0.0
20260818-232223,1787095373397,BUY,0.0
20260818-232223,1787095373499,BUY,0.0
20260818-232223,1787095373601,BUY,0.0
20260818-232223,1787095373703,BUY,0.0
20260818-232223,1787095373805,BUY,0.0
20260818-232223,1787095373907,BUY,0.0
20260818-232223,1787095374009,BUY,0.0
20260818-232223,1787095374111,BUY,0.0
20260818-232223,1787095374213,BUY,0.0
20260818-232223,1787095374315,BUY,0.0
20260818-232223,1787095374417,BUY,0.0
20260818-232223,1787095374519,BUY,0.0
20260818-232223,1787095374621,BUY,0.0
20260818-232223,1787095374723,BUY,0.0
20260818-232223,1787095374825,BUY,0.0
20260818-232223,1787095374927,BUY,0.0
20260818-232223,1787095375029,BUY,0.0
20260818-232223,1787095374888,BUY,0.0
20260818-232223,1787095375131,BUY,0.0
20260818-232223,1787095375233,BUY,0.0
20260818-232223,1787095375092,BUY,0.0
20260818-232223,1787095375335,BUY,0.0
20260818-232223,1787095375437,BUY,0.0
20260818-232223,1787095375337,BUY,0.0
20260818-232223,1787095375539,BUY,0.0
20260818-232223,1787095375641,BUY,0.0
20260818-232223,1787095375539,BUY,0.0
20260818-232223,1787095375743,BUY,0.0
20260818-232223,1787095375845,BUY,0.0
20260818-232223,1787095375698,BUY,0.0
20260818-232223,1787095375947,BUY,0.0
20260818-232223,1787095376049,BUY,0.0
20260818-232223,1787095376151,BUY,0.0
20260818-232223,1787095376253,BUY,0.0
20260818-232223,1787095376355,BUY,0.0
20260818-232223,1787095376202,BUY,0.0
20260818-232223,1787095376457,BUY,0.0
20260818-232223,1787095376559,BUY,0.0
20260818-232223,1787095376661,BUY,0.0
20260818-232223,1787095376763,BUY,0.0
20260818-232223,1787095376865,BUY,0.0
20260818-232223,1787095376782,BUY,0.0
20260818-232223,1787095376967,BUY,0.0
20260818-232223,1787095377069,BUY,0.0
20260818-232223,1787095376925,BUY,0.0
20260818-232223,1787095377171,BUY,0.0
20260818-232223,1787095377273,BUY,0.0
20260818-232223,1787095377143,BUY,0.0
20260818-232223,1787095377375,BUY,0.0
20260818-232223,1787095377477,BUY,0.0
20260818-232223,1787095377579,BUY,0.0
20260818-232223,1787095377681,BUY,0.0
20260818-232223,1787095377783,BUY,0.0
20260818-232223,1787095377885,BUY,0.0
20260818-232223,1787095377987,BUY,0.0
20260818-232223,1787095378089,BUY,0.0
20260818-232223,1787095378191,BUY,0.0
20260818-232223,1787095378293,BUY,0.0
20260818-232223,1787095378395,BUY,0.0
20260818-232223,1787095378233,BUY,0.0
20260818-232223,1787095378497,BUY,0.0
20260818-232223,1787095378599,BUY,0.0
20260818-232223,1787095378701,BUY,0.0
20260818-232223,1787095378803,BUY,0.0
20260818-232223,1787095378905,BUY,0.0
20260818-232223,1787095378768,BUY,0.0
20260818-232223,1787095379007,BUY,0.0
20260818-232223,1787095379109,BUY,0.0
20260818-232223,1787095379211,BUY,0.0
20260818-232223,1787095379224,BUY,0.0
20260818-232223,1787095379313,BUY,0.0
20260818-232223,1787095379415,BUY,0.0
20260818-232223,1787095379284,BUY,0.0
20260818-232223,1787095379517,BUY,0.0
20260818-232223,1787095379619,BUY,0.0
20260818-232223,1787095379721,BUY,0.0
20260818-232223,1787095379823,BUY,0.0
20260818-232223,1787095379731,BUY,0.0
20260818-232223,1787095379925,BUY,0.0
20260818-232223,1787095380027,BUY,0.0
20260818-232223,1787095380129,BUY,0.0
20260818-232223,1787095380231,BUY,0.0
20260818-232223,1787095380333,BUY,0.0
20260818-232223,1787095380435,BUY,0.0
20260818-232223,1787095380343,BUY,0.0
20260818-232223,1787095380537,BUY,0.0
20260818-232223,1787095380639,BUY,0.0
20260818-232223,1787095380741,BUY,0.0
20260818-232223,1787095380843,BUY,0.0
20260818-232223,1787095380945,BUY,0.0
20260818-232223,1787095381047,BUY,0.0
20260818-232223,1787095381149,BUY,0.0
20260818-232223,1787095381251,BUY,0.0
20260818-232223,1787095381353,BUY,0.0
20260818-232223,1787095381455,BUY,0.0
20260818-232223,1787095381557,BUY,0.0
20260818-232223,1787095381659,BUY,0.0
20260818-232223,1787095381761,BUY,0.0
20260818-232223,1787095381863,BUY,0.0
20260818-232223,1787095381965,BUY,0.0
20260818-232223,1787095382067,BUY,0.0
20260818-232223,1787095382169,BUY,0.0
20260818-232223,1787095382059,BUY,0.0
20260818-232223,1787095382271,BUY,0.0
20260818-232223,1787095382373,BUY,0.0
20260818-232223,1787095382475,BUY,0.0
20260818-232223,1787095382577,BUY,0.0
20260818-232223,1787095382679,BUY,0.0
20260818-232223,1787095382781,BUY,0.0
20260818-232223,1787095382883,BUY,0.0
20260818-232223,1787095415953,SELL,-0.0
20260818-232223,1787095416137,SELL,-0.0
20260818-232223,1787095416239,SELL,-0.0
20260818-232223,1787095416341,SELL,-0.0
20260818-232223,1787095416566,SELL,-0.0
20260818-232223,1787095416749,SELL,-0.0
20260818-232223,1787095416851,SELL,-0.0
20260818-232223,1787095416953,SELL,-0.0
20260818-232223,1787095417055,SELL,-0.0
20260818-232223,1787095417157,SELL,-0.0
20260818-232223,1787095417259,SELL,-0.0
20260818-232223,1787095417361,SELL,-0.0
20260818-232223,1787095417463,SELL,-0.0
20260818-232223,1787095417565,SELL,-0.0
20260818-232223,1787095417667,SELL,-0.0
20260818-232223,1787095417769,SELL,-0.0
20260818-232223,1787095417871,SELL,-0.0
20260818-232223,1787095417973,SELL,-0.0
20260818-232223,1787095418075,SELL,-0.0
20260818-232223,1787095418177,SELL,-0.0
20260818-232223,1787095418279,SELL,-0.0
20260818-232223,1787095418381,SELL,-0.0
20260818-232223,1787095418483,SELL,-0.0
20260818-232223,1787095418585,SELL,-0.0
20260818-232223,1787095418687,SELL,-0.0
20260818-232223,1787095418789,SELL,-0.0
20260818-232223,1787095418654,SELL,-0.0
20260818-232223,1787095418891,SELL,-0.0
20260818-232223,1787095418993,SELL,-0.0
20260818-232223,1787095419095,SELL,-0.0
20260818-232223,1787095419197,SELL,-0.0
20260818-232223,1787095419299,SELL,-0.0
20260818-232223,1787095419401,SELL,-0.0
20260818-232223,1787095419503,SELL,-0.0
20260818-232223,1787095419605,SELL,-0.0
20260818-232223,1787095419707,SELL,-0.0
20260818-232223,1787095419809,SELL,-0.0
20260818-232223,1787095419911,SELL,-0.0
20260818-232223,1787095420013,SELL,-0.0
20260818-232223,1787095420115,SELL,-0.0
20260818-232223,1787095420217,SELL,-0.0
20260818-232223,1787095420319,SELL,-0.0
20260818-232223,1787095420421,SELL,-0.0
20260818-232223,1787095420523,SELL,-0.0
20260818-232223,1787095420625,SELL,-0.0
20260818-232223,1787095420829,SELL,-0.0
20260818-232223,1787095420931,SELL,-0.0
20260818-232223,1787095421033,SELL,-0.0
20260818-232223,1787095421135,SELL,-0.0
20260818-232223,1787095421237,SELL,-0.0
20260818-232223,1787095422869,SELL,-0.0
20260818-232223,1787095422971,SELL,-0.0
20260818-232223,1787095423073,SELL,-0.0
20260818-232223,1787095423175,SELL,-0.0
20260818-232223,1787095423360,SELL,-0.0
20260818-232223,1787095423583,SELL,-0.0
20260818-232223,1787095423685,SELL,-0.0
20260818-232223,1787095423534,SELL,-0.0
20260818-232223,1787095423787,SELL,-0.0
20260818-232223,1787095423889,SELL,-0.0
20260818-232223,1787095423991,SELL,-0.0
20260818-232223,1787095424093,SELL,-0.0
20260818-232223,1787095424195,SELL,-0.0
20260818-232223,1787095424297,SELL,-0.0
20260818-232223,1787095424399,SELL,-0.0
20260818-232223,1787095424501,SELL,-0.0
20260818-232223,1787095424410,SELL,-0.0
20260818-232223,1787095424603,SELL,-0.0
20260818-232223,1787095424705,SELL,-0.0
20260818-232223,1787095424807,SELL,-0.0
20260818-232223,1787095424909,SELL,-0.0
20260818-232223,1787095425011,SELL,-0.0
20260818-232223,1787095425113,SELL,-0.0
20260818-232223,1787095425013,SELL,-0.0
20260818-232223,1787095425215,SELL,-0.0
20260818-232223,1787095425317,SELL,-0.0
20260818-232223,1787095425419,SELL,-0.0
20260818-232223,1787095425276,SELL,-0.0
20260818-232223,1787095425521,SELL,-0.0
20260818-232223,1787095425623,SELL,-0.0
20260818-232223,1787095425725,SELL,-0.0
20260818-232223,1787095425827,SELL,-0.0
20260818-232223,1787095425929,SELL,-0.0
20260818-232223,1787095426031,SELL,-0.0
20260818-232223,1787095426133,SELL,-0.0
20260818-232223,1787095426235,SELL,-0.0
20260818-232223,1787095426337,SELL,-0.0
20260818-232223,1787095426274,SELL,-0.0
20260818-232223,1787095426439,SELL,-0.0
20260818-232223,1787095426541,SELL,-0.0
20260818-232223,1787095426643,SELL,-0.0
20260818-232223,1787095426745,SELL,-0.0
20260818-232223,1787095426847,SELL,-0.0
20260818-232223,1787095426949,SELL,-0.0
20260818-232223,1787095427051,SELL,-0.0
20260818-232223,1787095427153,SELL,-0.0
20260818-232223,1787095427079,SELL,-0.0
20260818-232223,1787095427255,SELL,-0.0
20260818-232223,1787095427357,SELL,-0.0
20260818-232223,1787095427459,SELL,-0.0
20260818-232223,1787095427561,SELL,-0.0
20260818-232223,1787095429449,SELL,-0.0
20260818-232223,1787095429703,SELL,-0.0
20260818-232223,1787095429805,SELL,-0.0
20260818-232223,1787095429907,SELL,-0.0
20260818-232223,1787095430009,SELL,-0.0
20260818-232223,1787095430111,SELL,-0.0
20260818-232223,1787095430213,SELL,-0.0
20260818-232223,1787095430315,SELL,-0.0
20260818-232223,1787095430220,SELL,-0.0
20260818-232223,1787095430417,SELL,-0.0
20260818-232223,1787095430519,SELL,-0.0
20260818-232223,1787095430417,SELL,-0.0
20260818-232223,1787095430621,SELL,-0.0
20260818-232223,1787095430723,SELL,-0.0
20260818-232223,1787095430825,SELL,-0.0
20260818-232223,1787095430927,SELL,-0.0
20260818-232223,1787095431029,SELL,-0.0
20260818-232223,1787095431131,SELL,-0.0
20260818-232223,1787095431046,SELL,-0.0
20260818-232223,1787095431233,SELL,-0.0
20260818-232223,1787095431335,SELL,-0.6492708456516383
20260818-232223,1787095431437,SELL,-0.6492708456516383
20260818-232223,1787095431539,SELL,-0.6492708456516383
20260818-232223,1787095431641,SELL,-0.6492708456516383
20260818-232223,1787095431743,SELL,-0.6492708456516383
20260818-232223,1787095431845,SELL,-0.6492708456516383
20260818-232223,1787095431947,SELL,-0.6492708456516383
20260818-232223,1787095432049,SELL,-0.6492708456516383
20260818-232223,1787095432151,SELL,-0.6492708456516383
20260818-232223,1787095432253,SELL,-0.6492708456516383
20260818-232223,1787095432355,SELL,-0.6492708456516383
20260818-232223,1787095432457,SELL,-0.6492708456516383
20260818-232223,1787095432559,SELL,-0.6492708456516383
20260818-232223,1787095432661,SELL,-0.6492708456516383
20260818-232223,1787095432763,SELL,-0.6492708456516383
20260818-232223,1787095440821,BUY,0.0
20260818-232223,1787095440720,BUY,0.0
20260818-232223,1787095440923,BUY,0.0
20260818-232223,1787095441025,BUY,0.0
20260818-232223,1787095441127,BUY,0.0
20260818-232223,1787095441009,BUY,0.0
20260818-232223,1787095441143,BUY,0.0
20260818-232223,1787095441229,BUY,0.0
20260818-232223,1787095441161,BUY,0.0
20260818-232223,1787095441331,BUY,0.0
20260818-232223,1787095441433,BUY,0.0
20260818-232223,1787095441535,BUY,0.0
20260818-232223,1787095441637,BUY,0.0
20260818-232223,1787095441739,BUY,0.0
20260818-232223,1787095441841,BUY,0.0
20260818-232223,1787095441943,BUY,0.0
20260818-232223,1787095441807,BUY,0.0
20260818-232223,1787095441935,BUY,0.0
20260818-232223,1787095442045,BUY,0.0
20260818-232223,1787095441976,BUY,0.0
20260818-232223,1787095442147,BUY,0.0
20260818-232223,1787095442249,BUY,0.0
20260818-232223,1787095442351,BUY,0.0
20260818-232223,1787095442453,BUY,0.0
20260818-232223,1787095442555,BUY,0.0
20260818-232223,1787095442657,BUY,0.0
20260818-232223,1787095442759,BUY,0.0
20260818-232223,1787095442861,BUY,0.0
20260818-232223,1787095442963,BUY,0.0
20260818-232223,1787095442843,BUY,0.0
20260818-232223,1787095443065,BUY,0.0
20260818-232223,1787095443167,BUY,0.0
20260818-232223,1787095443269,BUY,0.0
20260818-232223,1787095443371,BUY,0.0
20260818-232223,1787095443473,BUY,0.0
20260818-232223,1787095443575,BUY,0.0
20260818-232223,1787095443677,BUY,0.0
20260818-232223,1787095443779,BUY,0.0
20260818-232223,1787095443881,BUY,0.0
20260818-232223,1787095443983,BUY,0.0
20260818-232223,1787095444085,BUY,0.0
20260818-232223,1787095443997,BUY,0.0
20260818-232223,1787095444187,BUY,0.0
20260818-232223,1787095444289,BUY,0.0
20260818-232223,1787095444391,BUY,0.0
20260818-232223,1787095444493,BUY,0.0
20260818-232223,1787095444595,BUY,0.0
20260818-232223,1787095444697,BUY,0.0
20260818-232223,1787095444656,BUY,0.0
20260818-232223,1787095444799,BUY,0.0
20260818-232223,1787095444716,BUY,0.0
20260818-232223,1787095444901,BUY,0.0
20260818-232223,1787095445003,BUY,0.0
20260818-232223,1787095444878,BUY,0.0
20260818-232223,1787095445105,BUY,0.0
20260818-232223,1787095445207,BUY,0.0
20260818-232223,1787095445309,BUY,0.0
20260818-232223,1787095445411,BUY,0.0
20260818-232223,1787095445259,BUY,0.0
20260818-232223,1787095445513,BUY,0.0
20260818-232223,1787095445615,BUY,0.0
20260818-232223,1787095445452,BUY,0.0
20260818-232223,1787095445717,BUY,0.0
20260818-232223,1787095445819,BUY,0.0
20260818-232223,1787095445921,BUY,0.0
20260818-232223,1787095446023,BUY,0.0
20260818-232223,1787095446125,BUY,0.0
20260818-232223,1787095446227,BUY,0.0
20260818-232223,1787095446329,BUY,0.0
20260818-232223,1787095446431,BUY,0.0
20260818-232223,1787095446533,BUY,0.0
20260818-232223,1787095446635,BUY,0.0
20260818-232223,1787095446737,BUY,0.0
20260818-232223,1787095446624,BUY,0.0
20260818-232223,1787095446839,BUY,0.0
20260818-232223,1787095446941,BUY,0.0
20260818-232223,1787095447043,BUY,0.0
20260818-232223,1787095447145,BUY,0.0
20260818-232223,1787095447247,BUY,0.0
20260818-232223,1787095447155,BUY,0.0
20260818-232223,1787095447349,BUY,0.0
20260818-232223,1787095447451,BUY,0.0
20260818-232223,1787095447553,BUY,0.0
20260818-232223,1787095447389,BUY,0.0
20260818-232223,1787095447655,BUY,0.0
20260818-232223,1787095447757,BUY,0.0
20260818-232223,1787095447618,BUY,0.0
20260818-232223,1787095452755,BUY,0.0
20260818-232223,1787095452857,BUY,0.0
20260818-232223,1787095452710,BUY,0.0
20260818-232223,1787095453775,BUY,0.0
20260818-232223,1787095453701,BUY,0.0
20260818-232223,1787095453877,BUY,0.0
20260818-232223,1787095453979,BUY,0.0
20260818-232223,1787095454081,BUY,0.0
20260818-232223,1787095454183,BUY,0.0
20260818-232223,1787095454055,BUY,0.0
20260818-232223,1787095454285,BUY,0.0
20260818-232223,1787095454337,BUY,0.0
20260818-232223,1787095454387,BUY,0.0
20260818-232223,1787095454489,BUY,0.0
20260818-232223,1787095454363,BUY,0.0
20260818-232223,1787095454591,BUY,0.0
20260818-232223,1787095454693,BUY,0.0
20260818-232223,1787095454795,BUY,0.0
20260818-232223,1787095454897,BUY,0.0
20260818-232223,1787095454790,BUY,0.0
20260818-232223,1787095454999,BUY,0.0
20260818-232223,1787095455101,BUY,0.0
20260818-232223,1787095455203,BUY,0.0
20260818-232223,1787095455305,BUY,0.0
20260818-232223,1787095455407,BUY,0.0
20260818-232223,1787095455509,BUY,0.0
20260818-232223,1787095455361,BUY,0.0
20260818-232223,1787095455551,BUY,0.0
20260818-232223,1787095455611,BUY,0.0
20260818-232223,1787095455713,BUY,0.0
20260818-232223,1787095455566,BUY,0.0
20260818-232223,1787095455815,BUY,0.0
20260818-232223,1787095455917,BUY,0.0
20260818-232223,1787095456019,BUY,0.0
20260818-232223,1787095456121,BUY,0.0
20260818-232223,1787095456223,BUY,0.0
20260818-232223,1787095456325,BUY,0.0
20260818-232223,1787095456427,BUY,0.0
20260818-232223,1787095456529,BUY,0.0
20260818-232223,1787095456631,BUY,0.0
20260818-232223,1787095456733,BUY,0.0
20260818-232223,1787095456835,BUY,0.0
20260818-232223,1787095456937,BUY,0.0
20260818-232223,1787095457039,BUY,0.0
20260818-232223,1787095457141,BUY,0.0
20260818-232223,1787095457243,BUY,0.0
20260818-232223,1787095457345,BUY,0.0
20260818-232223,1787095457447,BUY,0.0
20260818-232223,1787095457549,BUY,0.0
20260818-232223,1787095457651,BUY,0.0
20260818-232223,1787095457753,BUY,0.0
20260818-232223,1787095457855,BUY,0.0
20260818-232223,1787095457957,BUY,0.0
20260818-232223,1787095458059,BUY,0.0
20260818-232223,1787095458161,BUY,0.0
20260818-232223,1787095458263,BUY,0.0
20260818-232223,1787095458365,BUY,0.0
20260818-232223,1787095458467,BUY,0.0
20260818-232223,1787095458569,BUY,0.0
20260818-232223,1787095458671,BUY,0.0
20260818-232223,1787095458773,BUY,0.0
20260818-232223,1787095458875,BUY,0.0
20260818-232223,1787095458977,BUY,0.0
20260818-232223,1787095459079,BUY,0.0
20260818-232223,1787095459181,BUY,0.0
20260818-232223,1787095459283,BUY,0.0
20260818-232223,1787095459385,BUY,0.0
20260818-232223,1787095459487,BUY,0.0
20260818-232223,1787095459589,BUY,0.0
20260818-232223,1787095459475,BUY,0.0
20260818-232223,1787095459691,BUY,0.0
20260818-232223,1787095459793,BUY,0.0
20260818-232223,1787095459895,BUY,0.0
20260818-232223,1787095459864,BUY,0.0
20260818-232223,1787095459997,BUY,0.0
20260818-232223,1787095460099,BUY,0.0
20260818-232223,1787095459978,BUY,0.0
20260818-232223,1787095460201,BUY,0.0
20260818-232223,1787095460303,BUY,0.0
20260818-232223,1787095460405,BUY,0.0
20260818-232223,1787095460507,BUY,0.0
20260818-232223,1787095460609,BUY,0.0
20260818-232223,1787095460711,BUY,0.0
20260818-232223,1787095460813,BUY,0.0
20260818-232223,1787095460915,BUY,0.0
20260818-232223,1787095461017,BUY,0.0
20260818-232223,1787095460892,BUY,0.0
20260818-232223,1787095461119,BUY,0.0
20260818-232223,1787095461221,BUY,0.0
20260818-232223,1787095461323,BUY,0.0
20260818-232223,1787095461425,BUY,0.0
20260818-232223,1787095461527,BUY,0.0
20260818-232223,1787095461629,BUY,0.0
20260818-232223,1787095461554,BUY,0.0
20260818-232223,1787095461731,BUY,0.0
20260818-232223,1787095461833,BUY,0.0
20260818-232223,1787095461935,BUY,0.0
20260818-232223,1787095462037,BUY,0.0
20260818-232223,1787095462139,BUY,0.0
20260818-232223,1787095462241,BUY,0.0
20260818-232223,1787095462343,BUY,0.0
20260818-232223,1787095462277,BUY,0.0
20260818-232223,1787095462445,BUY,0.0
20260818-232223,1787095462547,BUY,0.0
20260818-232223,1787095462649,BUY,0.0
20260818-232223,1787095462751,BUY,0.0
20260818-232223,1787095462853,BUY,0.0
20260818-232223,1787095462955,BUY,0.0
20260818-232223,1787095462841,BUY,0.0
20260818-232223,1787095463057,BUY,0.0
20260818-232223,1787095463159,BUY,0.0
20260818-232223,1787095463261,BUY,0.0
20260818-232223,1787095463363,BUY,0.0
20260818-232223,1787095463465,BUY,0.0
20260818-232223,1787095463411,BUY,0.0
20260818-232223,1787095463567,BUY,0.0
20260818-232223,1787095463669,BUY,0.0
20260818-232223,1787095463513,BUY,0.0
20260818-232223,1787095463771,BUY,0.0
20260818-232223,1787095463873,BUY,0.0
20260818-232223,1787095463975,BUY,0.0
20260818-232223,1787095464077,BUY,0.0
20260818-232223,1787095464179,BUY,0.0
20260818-232223,1787095464281,BUY,0.0
20260818-232223,1787095464383,BUY,0.0
20260818-232223,1787095464485,BUY,0.0
20260818-232223,1787095464587,BUY,0.0
20260818-232223,1787095464689,BUY,0.0
20260818-232223,1787095464791,BUY,0.0
20260818-232223,1787095464893,BUY,0.0
20260818-232223,1787095464754,BUY,0.0
20260818-232223,1787095464995,BUY,0.0
20260818-232223,1787095464884,BUY,0.0
20260818-232223,1787095465097,BUY,0.0
20260818-232223,1787095465199,BUY,0.0
20260818-232223,1787095465301,BUY,0.0
20260818-232223,1787095465206,BUY,0.0
20260818-232223,1787095465403,BUY,0.0
20260818-232223,1787095465505,BUY,0.0
20260818-232223,1787095465607,BUY,0.0
20260818-232223,1787095465449,BUY,0.0
20260818-232223,1787095465709,BUY,0.0
20260818-232223,1787095465811,BUY,0.0
20260818-232223,1787095465913,BUY,0.0
20260818-232223,1787095466015,BUY,0.0
20260818-232223,1787095466117,BUY,0.0
20260818-232223,1787095466219,BUY,0.0
20260818-232223,1787095466321,BUY,0.0
20260818-232223,1787095466423,BUY,0.0
20260818-232223,1787095466529,BUY,0.0
20260818-232223,1787095466631,BUY,0.0
20260818-232223,1787095466733,BUY,0.0
20260818-232223,1787095466835,BUY,0.0
20260818-232223,1787095466937,BUY,0.0
20260818-232223,1787095467039,BUY,0.0
20260818-232223,1787095467141,BUY,0.0
20260818-232223,1787095467243,BUY,0.0
20260818-232223,1787095467345,BUY,0.0
20260818-232223,1787095467447,BUY,0.0
20260818-232223,1787095467549,BUY,0.0
20260818-232223,1787095467651,BUY,0.0
20260818-232223,1787095467577,BUY,0.0
20260818-232223,1787095467753,BUY,0.0
20260818-232223,1787095467855,BUY,0.0
20260818-232223,1787095467957,BUY,0.0
20260818-232223,1787095468059,BUY,0.0
20260818-232223,1787095467901,BUY,0.0
20260818-232223,1787095468161,BUY,0.0
20260818-232223,1787095468263,BUY,0.0
20260818-232223,1787095468365,BUY,0.0
20260818-232223,1787095468467,BUY,0.0
20260818-232223,1787095468569,BUY,0.0
20260818-232223,1787095468671,BUY,0.0
20260818-232223,1787095468773,BUY,0.0
20260818-232223,1787095468875,BUY,0.0
20260818-232223,1787095468977,BUY,0.0
20260818-232223,1787095469079,BUY,0.0
20260818-232223,1787095469181,BUY,0.0
20260818-232223,1787095469283,BUY,0.0
20260818-232223,1787095469385,BUY,0.0
20260818-232223,1787095469487,BUY,0.0
20260818-232223,1787095469396,BUY,0.0
20260818-232223,1787095469589,BUY,0.0
20260818-232223,1787095469691,BUY,0.0
20260818-232223,1787095469793,BUY,0.0
20260818-232223,1787095469655,BUY,0.0
20260818-232223,1787095469895,BUY,0.0
20260818-232223,1787095469997,BUY,0.0
20260818-232223,1787095470099,BUY,0.0
20260818-232223,1787095469964,BUY,0.0
20260818-232223,1787095470201,BUY,0.0
20260818-232223,1787095470303,BUY,0.0
20260818-232223,1787095470405,BUY,0.0
20260818-232223,1787095470507,BUY,0.0
20260818-232223,1787095470609,BUY,0.0
20260818-232223,1787095470539,BUY,0.0
20260818-232223,1787095470711,BUY,0.0
20260818-232223,1787095470813,BUY,0.0
20260818-232223,1787095470915,BUY,0.0
20260818-232223,1787095471017,BUY,0.0
20260818-232223,1787095471119,BUY,0.0
20260818-232223,1787095471221,BUY,0.0
20260818-232223,1787095471323,BUY,0.0
20260818-232223,1787095481931,BUY,0.2009517383489203
20260818-232223,1787095482033,BUY,0.2009517383489203
20260818-232223,1787095481879,BUY,0.2009517383489203
20260818-232223,1787095482135,BUY,0.2009517383489203
20260818-232223,1787095482064,BUY,0.2009517383489203
20260818-232223,1787095482237,BUY,0.2009517383489203
20260818-232223,1787095482339,BUY,0.2009517383489203
20260818-232223,1787095482441,BUY,0.2009517383489203
20260818-232223,1787095482543,BUY,0.2009517383489203
20260818-232223,1787095482849,BUY,0.2009517383489203
20260818-232223,1787095482951,BUY,0.2009517383489203
20260818-232223,1787095483053,BUY,0.2009517383489203
20260818-232223,1787095483155,BUY,0.2009517383489203
20260818-232223,1787095483257,BUY,0.2009517383489203
20260818-232223,1787095483159,BUY,0.2009517383489203
20260818-232223,1787095483284,BUY,0.2009517383489203
20260818-232223,1787095483284,BUY,0.2009517383489203
20260818-232223,1787095483284,BUY,0.2009517383489203
20260818-232223,1787095483284,BUY,0.2009517383489203
20260818-232223,1787095483284,BUY,0.2009517383489203
20260818-232223,1787095483284,BUY,0.2009517383489203
20260818-232223,1787095483284,BUY,0.2009517383489203
20260818-232223,1787095483284,BUY,0.2009517383489203
20260818-232223,1787095483284,BUY,0.2009517383489203
20260818-232223,1787095483284,BUY,0.2009517383489203
20260818-232223,1787095483359,BUY,0.0
20260818-232223,1787095483292,BUY,0.0
20260818-232223,1787095483461,BUY,0.0
20260818-232223,1787095483563,BUY,0.0
20260818-232223,1787095483665,BUY,0.0
20260818-232223,1787095483767,BUY,0.0
20260818-232223,1787095483869,BUY,0.0
20260818-232223,1787095483971,BUY,0.0
20260818-232223,1787095484073,BUY,0.0
20260818-232223,1787095484175,BUY,0.0
20260818-232223,1787095484049,BUY,0.0
20260818-232223,1787095484277,BUY,0.0
20260818-232223,1787095484379,BUY,0.0
20260818-232223,1787095484221,BUY,0.0
20260818-232223,1787095484481,BUY,0.0
20260818-232223,1787095484583,BUY,0.0
20260818-232223,1787095484685,BUY,0.0
20260818-232223,1787095484787,BUY,0.0
20260818-232223,1787095484889,BUY,0.0
20260818-232223,1787095484830,BUY,0.0
20260818-232223,1787095484991,BUY,0.0
20260818-232223,1787095485017,BUY,0.0
20260818-232223,1787095485093,BUY,0.0
20260818-232223,1787095485195,BUY,0.0
20260818-232223,1787095485297,BUY,0.0
20260818-232223,1787095485150,BUY,0.0
20260818-232223,1787095485399,BUY,0.0
20260818-232223,1787095485501,BUY,0.0
20260818-232223,1787095485603,BUY,0.0
20260818-232223,1787095485705,BUY,0.0
20260818-232223,1787095485807,BUY,0.0
20260818-232223,1787095486011,BUY,0.0
20260818-232223,1787095486113,BUY,0.0
20260818-232223,1787095486215,BUY,0.0
20260818-232223,1787095486317,BUY,0.0
20260818-232223,1787095487337,BUY,0.0
20260818-232223,1787095487225,BUY,0.0
20260818-232223,1787095487439,BUY,0.0
20260818-232223,1787095487366,BUY,0.0
20260818-232223,1787095487541,BUY,0.0
20260818-232223,1787095488867,BUY,0.0
20260818-232223,1787095491213,BUY,0.0
20260818-232223,1787095491315,BUY,0.0
20260818-232223,1787095491417,BUY,0.0
20260818-232223,1787095491519,BUY,0.0
20260818-232223,1787095491621,BUY,0.0
20260818-232223,1787095491723,BUY,0.0
20260818-232223,1787095491825,BUY,0.0
20260818-232223,1787095491927,BUY,0.0
20260818-232223,1787095492743,BUY,0.0
20260818-232223,1787095492845,BUY,0.0
20260818-232223,1787095492947,BUY,0.0
20260818-232223,1787095493049,BUY,0.0
20260818-232223,1787095493151,BUY,0.0
20260818-232223,1787095493072,BUY,0.0
20260818-232223,1787095493253,BUY,0.0
20260818-232223,1787095493355,BUY,0.0
20260818-232223,1787095493457,BUY,0.0
20260818-232223,1787095493559,BUY,0.0
20260818-232223,1787095493661,BUY,0.0
20260818-232223,1787095493763,BUY,0.0
20260818-232223,1787095493865,BUY,0.0
20260818-232223,1787095493967,BUY,0.0
20260818-232223,1787095494069,BUY,0.0
20260818-232223,1787095493972,BUY,0.0
20260818-232223,1787095494171,BUY,0.0
20260818-232223,1787095494273,BUY,0.0
20260818-232223,1787095494375,BUY,0.0
20260818-232223,1787095494477,BUY,0.0
20260818-232223,1787095494579,BUY,0.0
20260818-232223,1787095494681,BUY,0.0
20260818-232223,1787095494783,BUY,0.0
20260818-232223,1787095494885,BUY,0.0
20260818-232223,1787095494987,BUY,0.0
20260818-232223,1787095495029,BUY,0.0
20260818-232223,1787095495089,BUY,0.0
20260818-232223,1787095495066,BUY,0.0
20260818-232223,1787095495129,BUY,0.0
20260818-232223,1787095497231,BUY,1.1902286862112146
20260818-232223,1787095497333,BUY,1.1902286862112146
20260818-232223,1787095497435,BUY,1.1902286862112146
20260818-232223,1787095497537,BUY,1.1902286862112146
20260818-232223,1787095497518,BUY,1.1902286862112146
20260818-232223,1787095497540,BUY,1.1902286862112146
20260818-232223,1787095497540,BUY,1.1902286862112146
20260818-232223,1787095497540,BUY,1.1902286862112146
20260818-232223,1787095497540,BUY,1.1902286862112146
20260818-232223,1787095497540,BUY,1.1902286862112146
20260818-232223,1787095497540,BUY,1.1902286862112146
20260818-232223,1787095497540,BUY,1.1902286862112146
20260818-232223,1787095497540,BUY,1.1902286862112146
20260818-232223,1787095497540,BUY,1.1902286862112146
20260818-232223,1787095497541,BUY,1.1902286862112146
20260818-232223,1787095497541,BUY,1.1902286862112146
20260818-232223,1787095497639,BUY,0.9892611069668218
20260818-232223,1787095497549,BUY,0.9892611069668218
20260818-232223,1787095497741,BUY,0.9892611069668218
20260818-232223,1787095497663,BUY,0.9892611069668218
20260818-232223,1787095497843,BUY,0.9892611069668218
20260818-232223,1787095497886,BUY,0.9892611069668218
20260818-232223,1787095497887,BUY,0.9892611069668218
20260818-232223,1787095497889,BUY,0.9892611069668218
20260818-232223,1787095497889,BUY,0.9892611069668218
20260818-232223,1787095497889,BUY,0.9892611069668218
20260818-232223,1787095497890,BUY,0.9892611069668218
20260818-232223,1787095497890,BUY,0.9892611069668218
20260818-232223,1787095497890,BUY,0.9892611069668218
20260818-232223,1787095497890,BUY,0.9892611069668218
20260818-232223,1787095497890,BUY,0.9892611069668218
20260818-232223,1787095497890,BUY,0.9892611069668218
20260818-232223,1787095497895,BUY,0.9892611069668218
20260818-232223,1787095497895,BUY,0.9892611069668218
20260818-232223,1787095497899,BUY,0.9892611069668218
20260818-232223,1787095497899,BUY,0.9892611069668218
20260818-232223,1787095497899,BUY,0.9892611069668218
20260818-232223,1787095497899,BUY,0.9892611069668218
20260818-232223,1787095497899,BUY,0.9892611069668218
20260818-232223,1787095497899,BUY,0.9892611069668218
20260818-232223,1787095497899,BUY,0.9892611069668218
20260818-232223,1787095497899,BUY,0.9892611069668218
20260818-232223,1787095497904,BUY,0.9892611069668218
20260818-232223,1787095497904,BUY,0.9892611069668218
20260818-232223,1787095497904,BUY,0.9892611069668218
20260818-232223,1787095497904,BUY,0.9892611069668218
20260818-232223,1787095497904,BUY,0.9892611069668218
20260818-232223,1787095497904,BUY,0.9892611069668218
20260818-232223,1787095497904,BUY,0.9892611069668218
20260818-232223,1787095497904,BUY,0.9892611069668218
20260818-232223,1787095497904,BUY,0.9892611069668218
20260818-232223,1787095497904,BUY,0.9892611069668218
20260818-232223,1787095497905,BUY,0.9892611069668218
20260818-232223,1787095497905,BUY,0.9892611069668218
20260818-232223,1787095497906,BUY,0.9892611069668218
20260818-232223,1787095497906,BUY,0.9892611069668218
20260818-232223,1787095497906,BUY,0.9892611069668218
20260818-232223,1787095497906,BUY,0.9892611069668218
20260818-232223,1787095497906,BUY,0.9892611069668218
20260818-232223,1787095497906,BUY,0.9892611069668218
20260818-232223,1787095497906,BUY,0.9892611069668218
20260818-232223,1787095497907,BUY,0.9892611069668218
20260818-232223,1787095497907,BUY,0.9892611069668218
20260818-232223,1787095497907,BUY,0.9892611069668218
20260818-232223,1787095497913,BUY,0.9892611069668218
20260818-232223,1787095497927,BUY,0.9892611069668218
20260818-232223,1787095497931,BUY,0.9892611069668218
20260818-232223,1787095497931,BUY,0.9892611069668218
20260818-232223,1787095497931,BUY,0.9892611069668218
20260818-232223,1787095497936,BUY,0.9892611069668218
20260818-232223,1787095497938,BUY,-0.5563733728985616
20260818-232223,1787095497938,BUY,-0.5563733728985616
20260818-232223,1787095514469,BUY,0.9582504202000873
20260818-232223,1787095514411,BUY,0.9582504202000873
20260818-232223,1787095514461,BUY,0.9582504202000873
20260818-232223,1787095514473,BUY,0.9582504202000873
20260818-232223,1787095514488,BUY,0.9582504202000873
20260818-232223,1787095514494,BUY,0.9582504202000873
20260818-232223,1787095514494,BUY,0.9582504202000873
20260818-232223,1787095514494,BUY,0.9582504202000873
20260818-232223,1787095514494,BUY,0.9582504202000873
20260818-232223,1787095514494,BUY,0.9582504202000873
20260818-232223,1787095514494,BUY,0.9582504202000873
20260818-232223,1787095514494,BUY,0.9582504202000873
20260818-232223,1787095514494,BUY,0.9582504202000873
20260818-232223,1787095514494,BUY,0.9582504202000873
20260818-232223,1787095514494,BUY,0.9582504202000873
20260818-232223,1787095514494,BUY,0.9582504202000873
20260818-232223,1787095514494,BUY,0.9582504202000873
20260818-232223,1787095514494,BUY,0.9582504202000873
20260818-232223,1787095514494,BUY,0.9582504202000873
20260818-232223,1787095514494,BUY,0.9582504202000873
20260818-232223,1787095514494,BUY,0.9582504202000873
20260818-232223,1787095514494,BUY,0.9582504202000873
20260818-232223,1787095514494,BUY,0.9582504202000873
20260818-232223,1787095514494,BUY,0.9582504202000873
20260818-232223,1787095514494,BUY,0.9582504202000873
20260818-232223,1787095514494,BUY,0.9582504202000873
20260818-232223,1787095514494,BUY,0.9582504202000873
20260818-232223,1787095514494,BUY,0.9582504202000873
20260818-232223,1787095514494,BUY,0.9582504202000873
20260818-232223,1787095514494,BUY,0.9582504202000873
20260818-232223,1787095514494,BUY,0.9582504202000873
20260818-232223,1787095514494,BUY,0.9582504202000873
20260818-232223,1787095514494,BUY,0.9582504202000873
20260818-232223,1787095514494,BUY,0.9582504202000873
20260818-232223,1787095514494,BUY,0.9582504202000873
20260818-232223,1787095514494,BUY,0.9582504202000873
20260818-232223,1787095514494,BUY,0.9582504202000873
20260818-232223,1787095514494,BUY,0.9582504202000873
20260818-232223,1787095514494,BUY,0.9582504202000873
20260818-232223,1787095514494,BUY,0.9582504202000873
20260818-232223,1787095514494,BUY,0.9582504202000873
20260818-232223,1787095514494,BUY,0.9582504202000873
20260818-232223,1787095514494,BUY,0.9582504202000873
20260818-232223,1787095514494,BUY,0.9582504202000873
20260818-232223,1787095514494,BUY,0.9582504202000873
20260818-232223,1787095514494,BUY,0.9582504202000873
20260818-232223,1787095514494,BUY,0.9582504202000873
20260818-232223,1787095514494,BUY,0.9582504202000873
20260818-232223,1787095514494,BUY,0.9582504202000873
20260818-232223,1787095514495,BUY,0.9582504202000873
20260818-232223,1787095514571,BUY,0.0
20260818-232223,1787095514673,BUY,0.0
20260818-232223,1787095514524,BUY,0.0
20260818-232524,1787095555983,BUY,0.0
20260818-232524,1787095555865,BUY,0.0
20260818-232524,1787095556085,BUY,0.0
20260818-232524,1787095556187,BUY,0.0
20260818-232524,1787095556289,BUY,0.0
20260818-232524,1787095556391,BUY,0.0
20260818-232524,1787095556493,BUY,0.0
20260818-232524,1787095556595,BUY,0.0
20260818-232524,1787095556697,BUY,0.0
20260818-232524,1787095556799,BUY,0.0
20260818-232524,1787095556901,BUY,0.0
20260818-232524,1787095557003,BUY,0.0
20260818-232524,1787095557105,BUY,0.0
20260818-232524,1787095556983,BUY,0.0
20260818-232524,1787095557207,BUY,0.0
20260818-232524,1787095557309,BUY,0.0
20260818-232524,1787095557411,BUY,0.0
20260818-232524,1787095557513,BUY,0.0
20260818-232524,1787095557615,BUY,0.0
20260818-232524,1787095557717,BUY,0.0
20260818-232524,1787095557819,BUY,0.0
20260818-232524,1787095557921,BUY,0.0
20260818-232524,1787095558023,BUY,0.0
20260818-232524,1787095558125,BUY,0.0
20260818-232524,1787095558227,BUY,0.0
20260818-232524,1787095558329,BUY,0.0
20260818-232524,1787095558431,BUY,0.0
20260818-232524,1787095558533,BUY,0.0
20260818-232524,1787095558635,BUY,0.0
20260818-232524,1787095558737,BUY,0.4636774412424083
20260818-232524,1787095558839,BUY,0.4636774412424083
20260818-232524,1787095558941,BUY,0.4636774412424083
20260818-232524,1787095559043,BUY,0.4636774412424083
20260818-232524,1787095559145,BUY,0.4636774412424083
20260818-232524,1787095559247,BUY,0.4636774412424083
20260818-232524,1787095559349,BUY,0.4636774412424083
20260818-232524,1787095559451,BUY,0.4636774412424083
20260818-232524,1787095559553,BUY,0.4636774412424083
20260818-232524,1787095559655,BUY,0.4636774412424083
20260818-232524,1787095559757,BUY,0.4636774412424083
20260818-232524,1787095559677,BUY,0.4636774412424083
20260818-232524,1787095559859,BUY,0.4636774412424083
20260818-232524,1787095559866,BUY,0.4636774412424083
20260818-232524,1787095559961,BUY,0.4636774412424083
20260818-232524,1787095560063,BUY,0.4636774412424083
20260818-232524,1787095559943,BUY,0.4636774412424083
20260818-232524,1787095560165,BUY,0.4636774412424083
20260818-232524,1787095560059,BUY,0.4636774412424083
20260818-232524,1787095560267,BUY,0.4636774412424083
20260818-232524,1787095560369,BUY,0.4636774412424083
20260818-232524,1787095560471,BUY,0.4636774412424083
20260818-232524,1787095560573,BUY,0.4636774412424083
20260818-232524,1787095560675,BUY,0.4636774412424083
20260818-232524,1787095560670,BUY,0.4636774412424083
20260818-232524,1787095560679,BUY,0.4636774412424083
20260818-232524,1787095560679,BUY,0.4636774412424083
20260818-232524,1787095560679,BUY,0.4636774412424083
20260818-232524,1787095560679,BUY,0.4636774412424083
20260818-232524,1787095560679,BUY,0.4636774412424083
20260818-232524,1787095560684,BUY,0.4636774412424083
20260818-232524,1787095560696,BUY,0.4636774412424083
20260818-232524,1787095560696,BUY,0.4636774412424083
20260818-232524,1787095560696,BUY,0.4636774412424083
20260818-232524,1787095560696,BUY,0.4636774412424083
20260818-232524,1787095560696,BUY,0.4636774412424083
20260818-232524,1787095560696,BUY,0.4636774412424083
20260818-232524,1787095560696,BUY,0.4636774412424083
20260818-232524,1787095560696,BUY,0.4636774412424083
20260818-232524,1787095560696,BUY,0.4636774412424083
20260818-232524,1787095560696,BUY,0.4636774412424083
20260818-232524,1787095560696,BUY,0.4636774412424083
20260818-232524,1787095560696,BUY,0.4636774412424083
20260818-232524,1787095560708,BUY,0.4636774412424083
20260818-232524,1787095560777,BUY,0.0
20260818-232524,1787095560879,BUY,0.0
20260818-232524,1787095560761,BUY,0.0
20260818-232524,1787095560981,BUY,0.0
20260818-232524,1787095561083,BUY,0.0
20260818-232524,1787095561185,BUY,0.0
20260818-232524,1787095561018,BUY,0.0
20260818-232524,1787095561287,BUY,0.0
20260818-232524,1787095583423,BUY,0.0
20260818-232524,1787095583277,BUY,0.0
20260818-232524,1787095583525,BUY,0.0
20260818-232524,1787095583417,BUY,0.0
20260818-232524,1787095583627,BUY,0.0
20260818-232524,1787095583530,BUY,0.0
20260818-232524,1787095583729,BUY,0.0
20260818-232524,1787095583831,BUY,0.0
20260818-232524,1787095583744,BUY,0.0
20260818-232524,1787095583933,BUY,0.0
20260818-232524,1787095584035,BUY,0.0
20260818-232524,1787095584137,BUY,0.0
20260818-232524,1787095584239,BUY,0.0
20260818-232524,1787095584341,BUY,0.0
20260818-232524,1787095584443,BUY,0.0
20260818-232524,1787095584545,BUY,0.0
20260818-232524,1787095584647,BUY,0.0
20260818-232524,1787095584749,BUY,0.0
20260818-232524,1787095584851,BUY,0.0
20260818-232524,1787095584717,BUY,0.0
20260818-232524,1787095584953,BUY,0.0
20260818-232524,1787095585055,BUY,0.0
20260818-232524,1787095585157,BUY,0.0
20260818-232524,1787095585259,BUY,0.0
20260818-232524,1787095585361,BUY,0.0
20260818-232524,1787095585463,BUY,0.0
20260818-232524,1787095585565,BUY,0.0
20260818-232524,1787095585553,BUY,0.0
20260818-232524,1787095585667,BUY,0.0
20260818-232524,1787095585769,BUY,0.0
20260818-232524,1787095585635,BUY,0.0
20260818-232524,1787095585871,BUY,0.0
20260818-232524,1787095585973,BUY,0.0
20260818-232524,1787095586075,BUY,0.0
20260818-232524,1787095586177,BUY,0.0
20260818-232524,1787095586279,BUY,0.0
20260818-232524,1787095586381,BUY,0.0
20260818-232524,1787095586483,BUY,0.0
20260818-232524,1787095586323,BUY,0.0
20260818-232524,1787095586585,BUY,0.0
20260818-232524,1787095586503,BUY,0.0
20260818-232524,1787095586687,BUY,0.0
20260818-232524,1787095586789,BUY,0.0
20260818-232524,1787095586891,BUY,0.0
20260818-232524,1787095586993,BUY,0.0
20260818-232524,1787095587095,BUY,0.0
20260818-232524,1787095587197,BUY,0.0
20260818-232524,1787095587299,BUY,0.0
20260818-232524,1787095587401,BUY,0.0
20260818-232524,1787095587503,BUY,0.0
20260818-232524,1787095587605,BUY,0.0
20260818-232524,1787095587707,BUY,0.0
20260818-232524,1787095587809,BUY,0.0
20260818-232524,1787095587911,BUY,0.0
20260818-232524,1787095588013,BUY,0.0
20260818-232524,1787095588115,BUY,0.0
20260818-232524,1787095588217,BUY,0.0
20260818-232524,1787095588061,BUY,0.0
20260818-232524,1787095588319,BUY,0.0
20260818-232524,1787095588421,BUY,0.0
20260818-232524,1787095588523,BUY,0.0
20260818-232524,1787095588625,BUY,0.0
20260818-232524,1787095588727,BUY,0.0
20260818-232524,1787095588829,BUY,0.0
20260818-232524,1787095588931,BUY,0.0
20260818-232524,1787095588853,BUY,0.0
20260818-232524,1787095589033,BUY,0.0
20260818-232524,1787095589135,BUY,0.0
20260818-232524,1787095589237,BUY,0.0
20260818-232524,1787095589339,BUY,0.0
20260818-232524,1787095589441,BUY,0.0
20260818-232524,1787095589543,BUY,0.0
20260818-232524,1787095589645,BUY,0.0
20260818-232524,1787095589747,BUY,0.0
20260818-232524,1787095589639,BUY,0.0
20260818-232524,1787095589849,BUY,0.0
20260818-232524,1787095589766,BUY,0.0
20260818-232524,1787095589951,BUY,0.0
20260818-232524,1787095590053,BUY,0.0
20260818-232524,1787095590155,BUY,0.0
20260818-232524,1787095590257,BUY,0.0
20260818-232524,1787095590359,BUY,0.0
20260818-232524,1787095590461,BUY,0.0
20260818-232524,1787095590563,BUY,0.0
20260818-232524,1787095590665,BUY,0.0
20260818-232524,1787095590767,BUY,0.0
20260818-232524,1787095590869,BUY,0.0
20260818-232524,1787095590971,BUY,0.0
20260818-232524,1787095590956,BUY,0.0
20260818-232524,1787095591073,BUY,0.0
20260818-232524,1787095590968,BUY,0.0
20260818-232524,1787095591175,BUY,0.0
20260818-232524,1787095591277,BUY,0.0
20260818-232524,1787095606679,BUY,0.0
20260818-232524,1787095619939,SELL,0.1854747031843134
20260818-232524,1787095619958,SELL,0.8500358946975535
20260818-232524,1787095619958,SELL,0.8500358946975535
20260818-232524,1787095619962,SELL,0.8500358946975535
20260818-232524,1787095619964,SELL,0.1854747031843134
20260818-232524,1787095619939,SELL,0.1854747031843134
20260818-232524,1787095619964,SELL,0.1854747031843134
20260818-232524,1787095620001,SELL,0.1854747031843134
20260818-232524,1787095620001,SELL,0.1854747031843134
20260818-232524,1787095620001,SELL,0.1854747031843134
20260818-232524,1787095620001,SELL,0.1854747031843134
20260818-232524,1787095620001,SELL,0.1854747031843134
20260818-232524,1787095620001,SELL,0.1854747031843134
20260818-232524,1787095620008,SELL,0.1854747031843134
20260818-232524,1787095620041,SELL,-0.0
20260818-232524,1787095620143,SELL,-0.0
20260818-232524,1787095620010,SELL,-0.0
20260818-232524,1787095620245,SELL,-0.0
20260818-232524,1787095620347,SELL,-0.0
20260818-232524,1787095620449,SELL,-0.0
20260818-232524,1787095620551,SELL,-0.0
20260818-232524,1787095620653,SELL,-0.0
20260818-232524,1787095620496,SELL,-0.0
20260818-232524,1787095620755,SELL,-0.0
20260818-232524,1787095620857,SELL,-0.0
20260818-232524,1787095620959,SELL,-0.0
20260818-232524,1787095621061,SELL,-0.0
20260818-232524,1787095621163,SELL,-0.0
20260818-232524,1787095621037,SELL,-0.0
20260818-232524,1787095621226,SELL,-0.0
20260818-232524,1787095621265,SELL,-0.0
20260818-232524,1787095621367,SELL,-0.0
20260818-232524,1787095621232,SELL,-0.0
20260818-232524,1787095621469,SELL,-0.0
20260818-232524,1787095621441,SELL,-0.0
20260818-232524,1787095621571,SELL,-0.0
20260818-232524,1787095621489,SELL,-0.0
20260818-232524,1787095621673,SELL,-0.0
20260818-232524,1787095621775,SELL,-0.0
20260818-232524,1787095621877,SELL,-0.0
20260818-232524,1787095621979,SELL,-0.0
20260818-232524,1787095622081,SELL,-0.0
20260818-232524,1787095621971,SELL,-0.0
20260818-232524,1787095622183,SELL,-0.0
20260818-232524,1787095622104,SELL,-0.0
20260818-232524,1787095622285,SELL,-0.0
20260818-232524,1787095622387,SELL,-0.0
20260818-232524,1787095622489,SELL,-0.0
20260818-232524,1787095622591,SELL,-0.0
20260818-232524,1787095622693,SELL,-0.0
20260818-232524,1787095622795,SELL,-0.0
20260818-232524,1787095622897,SELL,-0.0
20260818-232524,1787095622999,SELL,-0.0
20260818-232524,1787095622899,SELL,-0.0
20260818-232524,1787095623101,SELL,-0.0
20260818-232524,1787095623203,SELL,-0.0
20260818-232524,1787095623124,SELL,-0.0
20260818-232524,1787095623305,SELL,-0.0
20260818-232524,1787095623407,SELL,-0.0
20260818-232524,1787095623317,SELL,-0.0
20260818-232524,1787095623509,SELL,-0.0
20260818-232524,1787095623611,SELL,-0.0
20260818-232524,1787095623713,SELL,-0.0
20260818-232524,1787095623815,SELL,-0.0
20260818-232524,1787095623917,SELL,-0.0
20260818-232524,1787095623754,SELL,-0.0
20260818-232524,1787095624019,SELL,-0.0
20260818-232524,1787095624121,SELL,-0.0
20260818-232524,1787095624223,SELL,-0.0
20260818-232524,1787095624325,SELL,-0.0
20260818-232524,1787095624427,SELL,-0.0
20260818-232524,1787095624529,SELL,-0.0
20260818-232524,1787095624631,SELL,-0.0
20260818-232524,1787095624733,SELL,-0.0
20260818-232524,1787095624835,SELL,-0.0
20260818-232524,1787095624937,SELL,-0.0
20260818-232524,1787095625039,SELL,-0.0
20260818-232524,1787095625141,SELL,-0.0
20260818-232524,1787095625243,SELL,-0.0
20260818-232524,1787095625345,SELL,-0.0
20260818-232524,1787095625447,SELL,-0.0
20260818-232524,1787095625549,SELL,-0.0
20260818-232524,1787095625401,SELL,-0.0
20260818-232524,1787095625651,SELL,-0.0
20260818-232524,1787095625753,SELL,-0.0
20260818-232524,1787095625593,SELL,-0.0
20260818-232524,1787095625855,SELL,-0.0
20260818-232524,1787095625957,SELL,-0.0
20260818-232524,1787095626059,SELL,-0.0
20260818-232524,1787095625945,SELL,-0.0
20260818-232524,1787095626161,SELL,-0.0
20260818-232524,1787095626263,SELL,-0.0
20260818-232524,1787095626365,SELL,-0.0
20260818-232524,1787095626467,SELL,-0.0
20260818-232524,1787095626569,SELL,-0.0
20260818-232524,1787095626671,SELL,-0.0
20260818-232524,1787095626773,SELL,-0.0
20260818-232524,1787095626875,SELL,-0.0
20260818-232524,1787095626805,SELL,-0.0
20260818-232524,1787095626977,SELL,-0.0
20260818-232524,1787095626868,SELL,-0.0
20260818-232524,1787095627079,SELL,-0.0
20260818-232524,1787095627181,SELL,-0.0
20260818-232524,1787095627283,SELL,-0.0
20260818-232524,1787095627385,SELL,-0.0
20260818-232524,1787095627487,SELL,-0.0
20260818-232524,1787095627589,SELL,-0.0
20260818-232524,1787095627691,SELL,-0.0
20260818-232524,1787095627562,SELL,-0.0
20260818-232524,1787095627793,SELL,-0.0
20260818-232524,1787095627694,SELL,-0.0
20260818-232524,1787095627895,SELL,-0.0
20260818-232524,1787095627997,SELL,-0.0
20260818-232524,1787095628099,SELL,-0.0
20260818-232524,1787095628201,SELL,-0.0
20260818-232524,1787095628303,SELL,-0.0
20260818-232524,1787095628405,SELL,-0.0
20260818-232524,1787095628507,SELL,-0.0
20260818-232524,1787095628609,SELL,-0.0
20260818-232524,1787095628711,SELL,-0.0
20260818-232524,1787095628813,SELL,-0.0
20260818-232524,1787095628915,SELL,-0.0
20260818-232524,1787095628806,SELL,-0.0
20260818-232524,1787095629017,SELL,-0.0
20260818-232524,1787095629119,SELL,-0.0
20260818-232524,1787095629221,SELL,-0.0
20260818-232524,1787095629323,SELL,-0.0
20260818-232524,1787095629425,SELL,-0.0
20260818-232524,1787095629527,SELL,-0.0
20260818-232524,1787095629629,SELL,-0.0
20260818-232524,1787095629731,SELL,-0.0
20260818-232524,1787095629652,SELL,-0.0
20260818-232524,1787095629833,SELL,-0.0
20260818-232524,1787095629754,SELL,-0.0
20260818-232524,1787095629935,SELL,-0.0
20260818-232524,1787095630037,SELL,-0.0
20260818-232524,1787095630139,SELL,-0.0
20260818-232524,1787095630241,SELL,-0.0
20260818-232524,1787095630171,SELL,-0.0
20260818-232524,1787095630343,SELL,-0.0
20260818-232524,1787095630445,SELL,-0.0
20260818-232524,1787095630547,SELL,-0.0
20260818-232524,1787095630394,SELL,-0.0
20260818-232524,1787095630649,SELL,-0.0
20260818-232524,1787095630751,SELL,-0.0
20260818-232524,1787095630853,SELL,-0.0
20260818-232524,1787095630955,SELL,-0.0
20260818-232524,1787095631057,SELL,-0.0
20260818-232524,1787095630901,SELL,-0.0
20260818-232524,1787095631159,SELL,-0.0
20260818-232524,1787095631261,SELL,-0.0
20260818-232524,1787095631363,SELL,-0.0
20260818-232524,1787095631253,SELL,-0.0
20260818-232524,1787095631465,SELL,-0.0
20260818-232524,1787095631567,SELL,-0.0
20260818-232524,1787095631669,SELL,-0.0
20260818-232524,1787095631771,SELL,-0.0
20260818-232524,1787095631873,SELL,-0.0
20260818-232524,1787095631740,SELL,-0.0
20260818-232524,1787095631975,SELL,-0.0
20260818-232524,1787095632077,SELL,-0.0
20260818-232524,1787095631931,SELL,-0.0
20260818-232524,1787095632179,SELL,-0.0
20260818-232524,1787095632281,SELL,-0.0
20260818-232524,1787095632153,SELL,-0.0
20260818-232524,1787095632383,SELL,-0.0
20260818-232524,1787095632485,SELL,-0.0
20260818-232524,1787095632587,SELL,-0.0
20260818-232524,1787095632689,SELL,-0.0
20260818-232524,1787095632791,SELL,-0.0
20260818-232524,1787095632893,SELL,-0.0
20260818-232524,1787095632995,SELL,-0.0
20260818-232524,1787095633097,SELL,-0.0
20260818-232524,1787095632955,SELL,-0.0
20260818-232524,1787095633199,SELL,-0.0
20260818-232524,1787095633301,SELL,-0.0
20260818-232524,1787095633403,SELL,-0.0
20260818-232524,1787095633505,SELL,-0.0
20260818-232524,1787095633607,SELL,-0.0
20260818-232524,1787095633709,SELL,-0.0
20260818-232524,1787095633811,SELL,-0.0
20260818-232524,1787095633913,SELL,-0.0
20260818-232524,1787095633827,SELL,-0.0
20260818-232524,1787095634015,SELL,-0.0
20260818-232524,1787095634117,SELL,-0.0
20260818-232524,1787095634219,SELL,-0.0
20260818-232524,1787095634230,SELL,-0.0
20260818-232524,1787095634321,SELL,-0.0
20260818-232524,1787095634423,SELL,-0.0
20260818-232524,1787095634295,SELL,-0.0
20260818-232524,1787095634525,SELL,-0.0
20260818-232524,1787095634627,SELL,-0.0
20260818-232524,1787095634502,SELL,-0.0
20260818-232524,1787095634729,SELL,-0.0
20260818-232524,1787095634657,SELL,-0.0
20260818-232524,1787095634831,SELL,-0.0
20260818-232524,1787095634933,SELL,-0.0
20260818-232524,1787095634860,SELL,-0.0
20260818-232524,1787095635035,SELL,-0.0
20260818-232524,1787095635137,SELL,-0.0
20260818-232524,1787095634973,SELL,-0.0
20260818-232524,1787095635239,SELL,-0.0
20260818-232524,1787095635341,SELL,-0.0
20260818-232524,1787095635196,SELL,-0.0
20260818-232524,1787095635443,SELL,-0.0
20260818-232524,1787095635545,SELL,-0.0
20260818-232524,1787095635647,SELL,-0.0
20260818-232524,1787095635749,SELL,-0.0
20260818-232524,1787095635851,SELL,-0.0
20260818-232524,1787095635953,SELL,-0.0
20260818-232524,1787095636055,SELL,-0.0
20260818-232524,1787095635931,SELL,-0.0
20260818-232524,1787095636157,SELL,-0.0
20260818-232524,1787095636259,SELL,-0.0
20260818-232524,1787095636361,SELL,-0.0
20260818-232524,1787095636463,SELL,-0.0
20260818-232524,1787095636565,SELL,-0.0
20260818-232524,1787095636667,SELL,-0.0
20260818-232524,1787095636769,SELL,-0.0
20260818-232524,1787095636871,SELL,-0.0
20260818-232524,1787095636973,SELL,-0.0
20260818-232524,1787095636883,SELL,-0.0
20260818-232524,1787095637075,SELL,-0.0
20260818-232524,1787095637177,SELL,-0.0
20260818-232524,1787095637102,SELL,-0.0
20260818-232524,1787095637279,SELL,-0.0
20260818-232524,1787095637381,SELL,-0.0
20260818-232524,1787095637245,SELL,-0.0
20260818-232524,1787095637483,SELL,-0.0
20260818-232524,1787095637585,SELL,-0.0
20260818-232524,1787095637687,SELL,-0.0
20260818-232524,1787095637789,SELL,-0.0
20260818-232524,1787095637720,SELL,-0.0
20260818-232524,1787095637891,SELL,-0.0
20260818-232524,1787095637993,SELL,-0.0
20260818-232524,1787095638095,SELL,-0.0
20260818-232524,1787095638197,SELL,-0.0
20260818-232524,1787095638299,SELL,-0.0
20260818-232524,1787095638401,SELL,-0.0
20260818-232524,1787095638503,SELL,-0.0
20260818-232524,1787095638605,SELL,-0.0
20260818-232524,1787095638707,SELL,-0.0
20260818-232524,1787095638809,SELL,-0.0
20260818-232524,1787095638911,SELL,-0.0
20260818-232524,1787095639013,SELL,-0.0
20260818-232524,1787095638917,SELL,-0.0
20260818-232524,1787095639115,SELL,-0.0
20260818-232524,1787095639046,SELL,-0.0
20260818-232524,1787095639217,SELL,-0.0
20260818-232524,1787095639319,SELL,-0.0
20260818-232524,1787095639421,SELL,-0.0
20260818-232524,1787095639523,SELL,-0.0
20260818-232524,1787095639625,SELL,-0.0
20260818-232524,1787095639727,SELL,-0.0
20260818-232524,1787095639829,SELL,-0.0
20260818-232524,1787095639931,SELL,-0.0
20260818-232524,1787095640033,SELL,-0.0
20260818-232524,1787095639955,SELL,-0.0
20260818-232524,1787095640135,SELL,-0.0
20260818-232524,1787095640237,SELL,-0.0
20260818-232524,1787095640339,SELL,-0.0
20260818-232524,1787095640441,SELL,-0.0
20260818-232524,1787095640543,SELL,-0.0
20260818-232524,1787095640645,SELL,-0.0
20260818-232524,1787095640747,SELL,-0.0
20260818-232524,1787095640849,SELL,-0.0
20260818-232524,1787095640951,SELL,-0.0
20260818-232524,1787095640798,SELL,-0.0
20260818-232524,1787095641053,SELL,-0.0
20260818-232524,1787095641155,SELL,-0.0
20260818-232524,1787095641257,SELL,-0.0
20260818-232524,1787095641359,SELL,-0.0
20260818-232524,1787095641461,SELL,-0.0
20260818-232524,1787095641563,SELL,-0.0
20260818-232524,1787095641665,SELL,-0.0
20260818-232524,1787095641767,SELL,-0.0
20260818-232524,1787095641869,SELL,-0.0
20260818-232524,1787095641971,SELL,-0.0
20260818-232524,1787095641811,SELL,-0.0
20260818-232524,1787095642073,SELL,-0.0
20260818-232524,1787095642175,SELL,-0.0
20260818-232524,1787095642277,SELL,-0.0
20260818-232524,1787095642379,SELL,-0.0
20260818-232524,1787095642481,SELL,-0.0
20260818-232524,1787095642583,SELL,-0.0
20260818-232524,1787095642685,SELL,-0.0
20260818-232524,1787095642787,SELL,-0.0
20260818-232524,1787095642889,SELL,-0.0
20260818-232524,1787095642991,SELL,-0.0
20260818-232524,1787095643093,SELL,-0.0
20260818-232524,1787095643195,SELL,-0.0
20260818-232524,1787095643297,SELL,-0.0
20260818-232524,1787095643399,SELL,-0.0
20260818-232524,1787095643501,SELL,-0.0
20260818-232524,1787095643386,SELL,-0.0
20260818-232524,1787095643603,SELL,-0.0
20260818-232524,1787095643705,SELL,-0.0
20260818-232524,1787095643603,SELL,-0.0
20260818-232524,1787095643807,SELL,-0.0
20260818-232524,1787095643909,SELL,-0.0
20260818-232524,1787095644011,SELL,-0.0
20260818-232524,1787095643926,SELL,-0.0
20260818-232524,1787095644113,SELL,-0.0
20260818-232524,1787095644215,SELL,-0.0
20260818-232524,1787095644317,SELL,-0.0
20260818-232524,1787095644419,SELL,-0.0
20260818-232524,1787095644521,SELL,-0.0
20260818-232524,1787095644623,SELL,-0.0
20260818-232524,1787095644725,SELL,-0.0
20260818-232524,1787095644563,SELL,-0.0
20260818-232524,1787095644827,SELL,-0.0
20260818-232524,1787095644929,SELL,-0.0
20260818-232524,1787095644940,SELL,-0.0
20260818-232524,1787095645031,SELL,-0.0
20260818-232524,1787095644954,SELL,-0.0
20260818-232524,1787095645133,SELL,-0.0
20260818-232524,1787095645235,SELL,-0.0
20260818-232524,1787095645337,SELL,-0.0
20260818-232524,1787095645439,SELL,-0.0
20260818-232524,1787095645541,SELL,-0.0
20260818-232524,1787095645459,SELL,-0.0
20260818-232524,1787095645643,SELL,-0.0
20260818-232524,1787095645745,SELL,-0.0
20260818-232524,1787095645847,SELL,-0.0
20260818-232524,1787095645949,SELL,-0.0
20260818-232524,1787095646051,SELL,-0.0
20260818-232524,1787095646153,SELL,-0.0
20260818-232524,1787095646255,SELL,-0.0
20260818-232524,1787095646357,SELL,-0.0
20260818-232524,1787095646459,SELL,-0.0
20260818-232524,1787095646561,SELL,-0.0
20260818-232524,1787095646663,SELL,-0.0
20260818-232524,1787095646765,SELL,-0.0
20260818-232524,1787095646867,SELL,-0.0
20260818-232524,1787095646969,SELL,-0.0
20260818-232524,1787095646820,SELL,-0.0
20260818-232524,1787095647071,SELL,-0.0
20260818-232524,1787095647173,SELL,-0.0
20260818-232524,1787095647275,SELL,-0.0
20260818-232524,1787095647377,SELL,-0.0
20260818-232524,1787095647479,SELL,-0.0
20260818-232524,1787095647581,SELL,-0.0
20260818-232524,1787095647683,SELL,-0.0
20260818-232524,1787095647785,SELL,-0.0
20260818-232524,1787095647887,SELL,-0.0
20260818-232524,1787095647989,SELL,-0.0
20260818-232524,1787095648091,SELL,-0.0
20260818-232524,1787095648193,SELL,-0.0
20260818-232524,1787095648295,SELL,-0.0
20260818-232524,1787095648397,SELL,-0.0
20260818-232524,1787095648499,SELL,-0.0
20260818-232524,1787095648601,SELL,-0.0
20260818-232524,1787095648703,SELL,-0.0
20260818-232524,1787095648805,SELL,-0.0
20260818-232524,1787095648907,SELL,-0.0
20260818-232524,1787095649009,SELL,-0.0
20260818-232524,1787095649111,SELL,-0.0
20260818-232524,1787095649213,SELL,-0.0
20260818-232524,1787095649315,SELL,-0.0
20260818-232524,1787095649417,SELL,-0.0
20260818-232524,1787095649519,SELL,-0.0
20260818-232524,1787095649621,SELL,-0.0
20260818-232524,1787095649723,SELL,-0.0
20260818-232524,1787095649564,SELL,-0.0
20260818-232524,1787095649825,SELL,-0.0
20260818-232524,1787095649721,SELL,-0.0
20260818-232524,1787095649927,SELL,-0.0
20260818-232524,1787095650029,SELL,-0.0
20260818-232524,1787095650131,SELL,-0.0
20260818-232524,1787095650037,SELL,-0.0
20260818-232524,1787095650233,SELL,-0.0
20260818-232524,1787095650335,SELL,-0.0
20260818-232524,1787095650437,SELL,-0.0
20260818-232524,1787095650539,SELL,-0.0
20260818-232524,1787095650641,SELL,-0.0
20260818-232524,1787095650743,SELL,-0.0
20260818-232524,1787095650845,SELL,-0.0
20260818-232524,1787095650947,SELL,-0.0
20260818-232524,1787095651049,SELL,-0.0
20260818-232524,1787095651151,SELL,-0.0
20260818-232524,1787095651253,SELL,-0.0
20260818-232524,1787095651355,SELL,-0.0
20260818-232524,1787095651457,SELL,-0.0
20260818-232524,1787095651559,SELL,-0.0
20260818-232524,1787095651661,SELL,-0.0
20260818-232524,1787095651763,SELL,-0.0
20260818-232524,1787095651865,SELL,-0.0
20260818-232524,1787095651774,SELL,-0.0
20260818-232524,1787095651967,SELL,-0.0
20260818-232524,1787095652069,SELL,-0.0
20260818-232524,1787095652171,SELL,-0.0
20260818-232524,1787095652273,SELL,-0.0
20260818-232524,1787095652375,SELL,-0.0
20260818-232524,1787095652477,SELL,-0.0
20260818-232524,1787095652579,SELL,-0.0
20260818-232524,1787095652416,SELL,-0.0
20260818-232524,1787095652681,SELL,-0.0
20260818-232524,1787095652609,SELL,-0.0
20260818-232524,1787095652783,SELL,-0.0
20260818-232524,1787095652885,SELL,-0.0
20260818-232524,1787095652987,SELL,-0.0
20260818-232524,1787095653089,SELL,-0.0
20260818-232524,1787095653191,SELL,-0.0
20260818-232524,1787095653136,SELL,-0.0
20260818-232524,1787095653293,SELL,-0.0
20260818-232524,1787095653204,SELL,-0.0
20260818-232524,1787095653395,SELL,-0.0
20260818-232524,1787095653497,SELL,-0.0
20260818-232524,1787095653599,SELL,-0.0
20260818-232524,1787095653701,SELL,-0.0
20260818-232524,1787095653803,SELL,-0.0
20260818-232524,1787095653905,SELL,-0.0
20260818-232524,1787095653747,SELL,-0.0
20260818-232524,1787095654007,SELL,-0.0
20260818-232524,1787095654109,SELL,-0.0
20260818-232524,1787095653951,SELL,-0.0
20260818-232524,1787095654211,SELL,-0.0
20260818-232524,1787095654313,SELL,-0.0
20260818-232524,1787095654415,SELL,-0.0
20260818-232524,1787095654517,SELL,-0.0
20260818-232524,1787095654619,SELL,-0.0
20260818-232524,1787095654721,SELL,-0.0
20260818-232524,1787095654823,SELL,-0.0
20260818-232524,1787095654925,SELL,-0.0
20260818-232524,1787095655027,SELL,-0.0
20260818-232524,1787095655129,SELL,-0.0
20260818-232524,1787095655016,SELL,-0.0
20260818-232524,1787095655231,SELL,-0.0
20260818-232524,1787095655333,SELL,-0.0
20260818-232524,1787095655189,SELL,-0.0
20260818-232524,1787095655435,SELL,-0.0
20260818-232524,1787095655537,SELL,-0.0
20260818-232524,1787095655447,SELL,-0.0
20260818-232524,1787095655639,SELL,-0.0
20260818-232524,1787095655741,SELL,-0.0
20260818-232524,1787095655843,SELL,-0.0
20260818-232524,1787095655945,SELL,-0.0
20260818-232524,1787095656047,SELL,-0.0
20260818-232524,1787095656149,SELL,-0.0
20260818-232524,1787095656012,SELL,-0.0
20260818-232524,1787095656251,SELL,-0.0
20260818-232524,1787095656353,SELL,-0.0
20260818-232524,1787095656455,SELL,-0.0
20260818-232524,1787095656557,SELL,-0.0
20260818-232524,1787095656659,SELL,-0.0
20260818-232524,1787095656761,SELL,-0.0
20260818-232524,1787095656863,SELL,-0.0
20260818-232524,1787095656703,SELL,-0.0
20260818-232524,1787095656965,SELL,-0.0
20260818-232524,1787095657067,SELL,-0.0
20260818-232524,1787095657169,SELL,-0.0
20260818-232524,1787095657271,SELL,-0.0
20260818-232524,1787095657176,SELL,-0.0
20260818-232524,1787095657373,SELL,-0.0
20260818-232524,1787095657475,SELL,-0.0
20260818-232524,1787095657577,SELL,-0.0
20260818-232524,1787095657679,SELL,-0.0
20260818-232524,1787095657781,SELL,-0.0
20260818-232524,1787095657883,SELL,-0.0
20260818-232524,1787095657985,SELL,-0.0
20260818-232524,1787095658087,SELL,-0.0
20260818-232524,1787095658189,SELL,-0.0
20260818-232524,1787095658291,SELL,-0.0
20260818-232524,1787095658393,SELL,-0.0
20260818-232524,1787095658495,SELL,-0.0
20260818-232524,1787095658597,SELL,-0.0
20260818-232524,1787095658699,SELL,-0.0
20260818-232524,1787095658801,SELL,-0.0
20260818-232524,1787095658903,SELL,-0.0
20260818-232524,1787095659005,SELL,-0.0
20260818-232524,1787095659107,SELL,-0.0
20260818-232524,1787095658988,SELL,-0.0
20260818-232524,1787095659209,SELL,-0.0
20260818-232524,1787095659311,SELL,-0.0
20260818-232524,1787095659413,SELL,-0.0
20260818-232524,1787095659515,SELL,-0.0
20260818-232524,1787095659617,SELL,-0.0
20260818-232524,1787095659719,SELL,-0.0
20260818-232524,1787095659821,SELL,-0.0
20260818-232524,1787095659923,SELL,-0.0
20260818-232524,1787095660025,SELL,-0.0
20260818-232524,1787095660127,SELL,-0.0
20260818-232524,1787095660229,SELL,-0.0
20260818-232524,1787095660067,SELL,-0.0
20260818-232524,1787095660331,SELL,-0.0
20260818-232524,1787095660433,SELL,-0.0
20260818-232524,1787095660535,SELL,-0.0
20260818-232524,1787095660637,SELL,-0.0
20260818-232524,1787095660527,SELL,-0.0
20260818-232524,1787095660739,SELL,-0.0
20260818-232524,1787095660841,SELL,-0.0
20260818-232524,1787095660943,SELL,-0.0
20260818-232524,1787095661045,SELL,-0.0
20260818-232524,1787095660886,SELL,-0.0
20260818-232524,1787095661147,SELL,-0.0
20260818-232524,1787095661249,SELL,-0.0
20260818-232524,1787095661351,SELL,-0.0
20260818-232524,1787095661453,SELL,-0.0
20260818-232524,1787095661555,SELL,-0.0
20260818-232524,1787095661657,SELL,-0.0
20260818-232524,1787095661759,SELL,-0.0
20260818-232524,1787095661861,SELL,-0.0
20260818-232524,1787095661963,SELL,-0.0
20260818-232524,1787095662065,SELL,-0.0
20260818-232524,1787095662167,SELL,-0.0
20260818-232524,1787095662269,SELL,-0.0
20260818-232524,1787095662157,SELL,-0.0
20260818-232524,1787095662371,SELL,-0.0
20260818-232524,1787095662473,SELL,-0.0
20260818-232524,1787095662575,SELL,-0.0
20260818-232524,1787095662677,SELL,-0.0
20260818-232524,1787095662779,SELL,-0.0
20260818-232524,1787095662881,SELL,-0.0
20260818-232524,1787095662983,SELL,-0.0
20260818-232524,1787095663085,SELL,-0.0
20260818-232524,1787095663187,SELL,-0.0
20260818-232524,1787095663289,SELL,-0.0
20260818-232524,1787095663391,SELL,-0.0
20260818-232524,1787095663225,SELL,-0.0
20260818-232524,1787095663493,SELL,-0.0
20260818-232524,1787095663400,SELL,-0.0
20260818-232524,1787095663595,SELL,-0.0
20260818-232524,1787095663697,SELL,-0.0
20260818-232524,1787095663799,SELL,-0.0
20260818-232524,1787095663901,SELL,-0.0
20260818-232524,1787095664003,SELL,-0.0
20260818-232524,1787095664105,SELL,-0.0
20260818-232524,1787095664207,SELL,-0.0
20260818-232524,1787095664309,SELL,-0.0
20260818-232524,1787095664411,SELL,-0.0
20260818-232524,1787095664513,SELL,-0.0
20260818-232524,1787095664615,SELL,-0.0
20260818-232524,1787095664717,SELL,-0.0
20260818-232524,1787095664819,SELL,-0.0
20260818-232524,1787095664921,SELL,-0.0
20260818-232524,1787095665023,SELL,-0.0
20260818-232524,1787095665125,SELL,-0.0
20260818-232524,1787095665227,SELL,-0.0
20260818-232524,1787095665329,SELL,-0.0
20260818-232524,1787095665431,SELL,-0.0
20260818-232524,1787095665338,SELL,-0.0
20260818-232524,1787095665533,SELL,-0.0
20260818-232524,1787095665635,SELL,-0.0
20260818-232524,1787095665737,SELL,-0.0
20260818-232524,1787095665839,SELL,-0.0
20260818-232524,1787095665941,SELL,-0.0
20260818-232524,1787095666043,SELL,-0.0
20260818-232524,1787095666145,SELL,-0.0
20260818-232524,1787095666247,SELL,-0.0
20260818-232524,1787095666349,SELL,-0.0
20260818-232524,1787095666451,SELL,-0.0
20260818-232524,1787095666553,SELL,-0.0
20260818-232524,1787095666655,SELL,-0.0
20260818-232524,1787095666757,SELL,-0.0
20260818-232524,1787095666859,SELL,-0.0
20260818-232524,1787095666961,SELL,-0.0
20260818-232524,1787095667063,SELL,-0.0
20260818-232524,1787095667165,SELL,-0.0
20260818-232524,1787095667182,SELL,-0.0
20260818-232524,1787095667267,SELL,-0.0
20260818-232524,1787095667369,SELL,-0.0
20260818-232524,1787095667229,SELL,-0.0
20260818-232524,1787095667471,SELL,-0.0
20260818-232524,1787095667363,SELL,-0.0
20260818-232524,1787095667573,SELL,-0.0
20260818-232524,1787095667675,SELL,-0.0
20260818-232524,1787095667777,SELL,-0.0
20260818-232524,1787095667879,SELL,-0.0
20260818-232524,1787095667981,SELL,-0.0
20260818-232524,1787095668083,SELL,-0.0
20260818-232524,1787095668185,SELL,-0.0
20260818-232524,1787095668095,SELL,-0.0
20260818-232524,1787095668287,SELL,-0.0
20260818-232524,1787095668389,SELL,0.49460838222054276
20260818-232524,1787095668491,SELL,0.49460838222054276
20260818-232524,1787095668593,SELL,0.49460838222054276
20260818-232524,1787095668695,SELL,0.49460838222054276
20260818-232524,1787095668797,SELL,0.49460838222054276
20260818-232524,1787095668899,SELL,0.49460838222054276
20260818-232524,1787095668818,SELL,0.49460838222054276
20260818-232524,1787095669001,SELL,0.49460838222054276
20260818-232524,1787095669103,SELL,0.49460838222054276
20260818-232524,1787095669205,SELL,0.49460838222054276
20260818-232524,1787095669307,SELL,0.49460838222054276
20260818-232524,1787095669409,SELL,0.49460838222054276
20260818-232524,1787095669511,SELL,0.49460838222054276
20260818-232524,1787095669613,SELL,0.49460838222054276
20260818-232524,1787095669715,SELL,0.49460838222054276
20260818-232524,1787095669817,SELL,0.49460838222054276
20260818-232524,1787095669919,SELL,0.49460838222054276
20260818-232524,1787095669852,SELL,0.49460838222054276
20260818-232524,1787095670021,SELL,0.49460838222054276
20260818-232524,1787095670123,SELL,0.49460838222054276
20260818-232524,1787095670225,SELL,0.49460838222054276
20260818-232524,1787095670327,SELL,0.49460838222054276
20260818-232524,1787095670343,SELL,-0.0
20260818-232524,1787095670343,SELL,-0.0
20260818-232524,1787095670343,SELL,-0.0
20260818-232524,1787095670343,SELL,-0.0
20260818-232524,1787095670343,SELL,-0.0
20260818-232524,1787095670343,SELL,-0.0
20260818-232524,1787095670343,SELL,-0.0
20260818-232524,1787095670343,SELL,-0.0
20260818-232524,1787095670343,SELL,-0.0
20260818-232524,1787095670343,SELL,-0.0
20260818-232524,1787095670343,SELL,-0.0
20260818-232524,1787095670343,SELL,-0.0
20260818-232524,1787095670343,SELL,-0.0
20260818-232524,1787095670343,SELL,-0.0
20260818-232524,1787095670343,SELL,-0.0
20260818-232524,1787095670343,SELL,-0.0
20260818-232524,1787095670343,SELL,-0.0
20260818-232524,1787095670343,SELL,-0.0
20260818-232524,1787095670343,SELL,-0.0
20260818-232524,1787095670343,SELL,-0.0
20260818-232524,1787095670343,SELL,-0.0
20260818-232524,1787095670343,SELL,-0.0
20260818-232524,1787095670343,SELL,-0.0
20260818-232524,1787095670343,SELL,-0.0
20260818-232524,1787095670343,SELL,-0.0
20260818-232524,1787095670343,SELL,-0.0
20260818-232524,1787095670343,SELL,-0.0
20260818-232524,1787095670343,SELL,-0.0
20260818-232524,1787095670343,SELL,-0.0
20260818-232524,1787095670429,SELL,-0.0
20260818-232524,1787095670343,SELL,-0.0
20260818-232825,1787095707151,SELL,-0.0
20260818-232825,1787095707050,SELL,-0.0
20260818-232825,1787095707253,SELL,-0.0
20260818-232825,1787095708171,SELL,-0.0
20260818-232825,1787095709905,SELL,-0.0
20260818-232825,1787095709787,SELL,-0.0
20260818-232825,1787095710007,SELL,-0.0
20260818-232825,1787095710109,SELL,-0.0
20260818-232825,1787095710211,SELL,-0.0
20260818-232825,1787095710313,SELL,-0.0
20260818-232825,1787095710415,SELL,-0.0
20260818-232825,1787095713577,SELL,-0.0
20260818-232825,1787095713679,SELL,-0.0
20260818-232825,1787095713781,SELL,-0.0
20260818-232825,1787095714291,SELL,-0.0
20260818-232825,1787095714393,SELL,-0.0
20260818-232825,1787095714495,SELL,-0.0
20260818-232825,1787095714597,SELL,-0.0
20260818-232825,1787095714699,SELL,-0.0
20260818-232825,1787095714801,SELL,-0.0
20260818-232825,1787095714903,SELL,-0.0
20260818-232825,1787095714817,SELL,-0.0
20260818-232825,1787095715005,SELL,-0.0
20260818-232825,1787095714920,SELL,-0.0
20260818-232825,1787095715107,SELL,-0.0
20260818-232825,1787095715209,SELL,-0.0
20260818-232825,1787095715311,SELL,-0.0
20260818-232825,1787095715413,SELL,-0.0
20260818-232825,1787095715515,SELL,-0.0
20260818-232825,1787095715923,SELL,-0.0
20260818-232825,1787095718269,SELL,-0.0
20260818-232825,1787095718473,SELL,-0.0
20260818-232825,1787095718575,SELL,-0.0
20260818-232825,1787095718430,SELL,-0.0
20260818-232825,1787095718677,SELL,-0.0
20260818-232825,1787095718779,SELL,-0.0
20260818-232825,1787095718881,SELL,-0.0
20260818-232825,1787095718983,SELL,-0.0
20260818-232825,1787095723471,SELL,-0.0
