session,ts_ms,gross_bps
20260818-190823,1787080115235,0.618120989457174
20260818-190823,1787080115227,0.618120989457174
20260818-190823,1787080115337,0.618120989457174
20260818-190823,1787080115439,0.618120989457174
20260818-190823,1787080115299,0.618120989457174
20260818-190823,1787080115541,0.618120989457174
20260818-190823,1787080115643,0.618120989457174
20260818-190823,1787080115577,0.618120989457174
20260818-190823,1787080115745,0.618120989457174
20260818-190823,1787080115847,0.618120989457174
20260818-190823,1787080115949,0.618120989457174
20260818-190823,1787080115816,0.618120989457174
20260818-190823,1787080116051,0.618120989457174
20260818-190823,1787080116153,0.618120989457174
20260818-190823,1787080116060,0.618120989457174
20260818-190823,1787080116255,0.618120989457174
20260818-190823,1787080116357,0.618120989457174
20260818-190823,1787080116404,0.618120989457174
20260818-190823,1787080116459,0.618120989457174
20260818-190823,1787080116561,0.618120989457174
20260818-190823,1787080116426,0.618120989457174
20260818-190823,1787080116663,0.618120989457174
20260818-190823,1787080116765,0.618120989457174
20260818-190823,1787080116867,0.618120989457174
20260818-190823,1787080116969,0.618120989457174
20260818-190823,1787080117071,0.618120989457174
20260818-190823,1787080117013,0.618120989457174
20260818-190823,1787080117173,0.618120989457174
20260818-190823,1787080117275,0.618120989457174
20260818-190823,1787080117377,0.618120989457174
20260818-190823,1787080117479,0.618120989457174
20260818-190823,1787080117581,0.618120989457174
20260818-190823,1787080117683,0.618120989457174
20260818-190823,1787080117572,0.618120989457174
20260818-190823,1787080117785,0.618120989457174
20260818-190823,1787080117887,0.618120989457174
20260818-190823,1787080117989,0.618120989457174
20260818-190823,1787080118091,0.618120989457174
20260818-190823,1787080118193,0.618120989457174
20260818-190823,1787080118048,0.618120989457174
20260818-190823,1787080118295,0.618120989457174
20260818-190823,1787080118227,0.618120989457174
20260818-190823,1787080118397,0.618120989457174
20260818-190823,1787080118499,0.618120989457174
20260818-190823,1787080118601,0.618120989457174
20260818-190823,1787080118556,0.618120989457174
20260818-190823,1787080118703,0.618120989457174
20260818-190823,1787080118805,0.618120989457174
20260818-190823,1787080118692,0.618120989457174
20260818-190823,1787080118907,0.618120989457174
20260818-190823,1787080119009,0.618120989457174
20260818-190823,1787080119111,0.618120989457174
20260818-190823,1787080119213,0.618120989457174
20260818-190823,1787080126557,0.618120989457174
20260818-190823,1787080126537,0.618120989457174
20260818-190823,1787080126659,0.618120989457174
20260818-190823,1787080126761,0.618120989457174
20260818-190823,1787080126657,0.618120989457174
20260818-190823,1787080126863,0.618120989457174
20260818-190823,1787080126965,0.618120989457174
20260818-190823,1787080127067,0.618120989457174
20260818-190823,1787080127001,0.618120989457174
20260818-190823,1787080127169,0.618120989457174
20260818-190823,1787080127271,0.618120989457174
20260818-190823,1787080127373,0.618120989457174
20260818-190823,1787080127266,0.618120989457174
20260818-190823,1787080127475,0.618120989457174
20260818-190823,1787080127577,0.618120989457174
20260818-190823,1787080127520,0.618120989457174
20260818-190823,1787080127679,0.618120989457174
20260818-190823,1787080127781,0.618120989457174
20260818-190823,1787080127883,0.618120989457174
20260818-190823,1787080127985,0.618120989457174
20260818-190823,1787080127875,0.618120989457174
20260818-190823,1787080128087,0.618120989457174
20260818-190823,1787080128189,0.618120989457174
20260818-190823,1787080128291,0.618120989457174
20260818-190823,1787080128393,3.2451351946501625
20260818-190823,1787080128495,3.2451351946501625
20260818-190823,1787080128597,3.2451351946501625
20260818-190823,1787080128501,3.2451351946501625
20260818-190823,1787080128699,3.2451351946501625
20260818-190823,1787080128801,3.2451351946501625
20260818-190823,1787080128903,3.2451351946501625
20260818-190823,1787080129005,3.2451351946501625
20260818-190823,1787080129107,3.2451351946501625
20260818-190823,1787080129209,3.2451351946501625
20260818-190823,1787080129079,3.2451351946501625
20260818-190823,1787080129311,3.2451351946501625
20260818-190823,1787080129413,3.2451351946501625
20260818-190823,1787080129515,3.4305714914868655
20260818-190823,1787080129617,3.4305714914868655
20260818-190823,1787080129719,3.4305714914868655
20260818-190823,1787080129729,3.4305714914868655
20260818-190823,1787080129732,3.4305714914868655
20260818-190823,1787080129821,3.4305714914868655
20260818-190823,1787080129732,3.4305714914868655
20260818-190823,1787080129923,3.4305714914868655
20260818-190823,1787080130025,3.4305714914868655
20260818-190823,1787080130127,3.739631986215452
20260818-190823,1787080130229,3.739631986215452
20260818-190823,1787080130331,3.739631986215452
20260818-190823,1787080130433,3.739631986215452
20260818-190823,1787080130535,3.739631986215452
20260818-190823,1787080130426,3.739631986215452
20260818-190823,1787080130637,3.739631986215452
20260818-190823,1787080130739,3.739631986215452
20260818-190823,1787080130841,3.739631986215452
20260818-190823,1787080130943,3.739631986215452
20260818-190823,1787080130839,3.739631986215452
20260818-190823,1787080131045,3.739631986215452
20260818-190823,1787080131147,3.739631986215452
20260818-190823,1787080131249,3.739631986215452
20260818-190823,1787080131351,3.739631986215452
20260818-190823,1787080131453,3.739631986215452
20260818-190823,1787080131319,3.739631986215452
20260818-190823,1787080131555,3.739631986215452
20260818-190823,1787080131657,3.739631986215452
20260818-190823,1787080131759,3.739631986215452
20260818-190823,1787080131861,3.739631986215452
20260818-190823,1787080131963,3.739631986215452
20260818-190823,1787080131909,3.739631986215452
20260818-190823,1787080132065,3.739631986215452
20260818-190823,1787080132167,3.739631986215452
20260818-190823,1787080132269,3.739631986215452
20260818-190823,1787080132371,3.739631986215452
20260818-190823,1787080132473,3.739631986215452
20260818-190823,1787080132575,3.739631986215452
20260818-190823,1787080132496,3.739631986215452
20260818-190823,1787080132677,3.739631986215452
20260818-190823,1787080132779,3.739631986215452
20260818-190823,1787080132881,3.739631986215452
20260818-190823,1787080132983,3.739631986215452
20260818-190823,1787080132916,3.739631986215452
20260818-190823,1787080132982,3.739631986215452
20260818-190823,1787080133085,3.739631986215452
20260818-190823,1787080133187,3.739631986215452
20260818-190823,1787080133055,3.739631986215452
20260818-190823,1787080133289,3.739631986215452
20260818-190823,1787080133184,3.739631986215452
20260818-190823,1787080133391,3.739631986215452
20260818-190823,1787080133493,3.739631986215452
20260818-190823,1787080133595,3.739631986215452
20260818-190823,1787080133697,4.156863654098595
20260818-190823,1787080133598,3.739631986215452
20260818-190823,1787080133799,4.156863654098595
20260818-190823,1787080133901,4.156863654098595
20260818-190823,1787080134003,4.156863654098595
20260818-190823,1787080134105,4.156863654098595
20260818-190823,1787080134207,4.156863654098595
20260818-190823,1787080134309,4.156863654098595
20260818-190823,1787080134217,4.156863654098595
20260818-190823,1787080134411,4.156863654098595
20260818-190823,1787080134513,4.156863654098595
20260818-190823,1787080134615,4.156863654098595
20260818-190823,1787080134717,4.156863654098595
20260818-190823,1787080134819,4.156863654098595
20260818-190823,1787080134921,4.156863654098595
20260818-190823,1787080134828,4.156863654098595
20260818-190823,1787080135023,4.156863654098595
20260818-190823,1787080135125,4.156863654098595
20260818-190823,1787080135004,4.156863654098595
20260818-190823,1787080135227,4.156863654098595
20260818-190823,1787080135154,4.156863654098595
20260818-190823,1787080135329,4.156863654098595
20260818-190823,1787080135431,4.156863654098595
20260818-190823,1787080135533,4.156863654098595
20260818-190823,1787080135635,4.156863654098595
20260818-190823,1787080135536,4.156863654098595
20260818-190823,1787080135737,4.156863654098595
20260818-190823,1787080135839,4.156863654098595
20260818-190823,1787080135941,4.156863654098595
20260818-190823,1787080136043,4.156863654098595
20260818-190823,1787080136145,4.156863654098595
20260818-190823,1787080136247,4.156863654098595
20260818-190823,1787080136107,4.156863654098595
20260818-190823,1787080136349,4.156863654098595
20260818-190823,1787080136451,4.156863654098595
20260818-190823,1787080136553,4.156863654098595
20260818-190823,1787080136655,4.156863654098595
20260818-190823,1787080136511,4.156863654098595
20260818-190823,1787080136757,4.156863654098595
20260818-190823,1787080136859,4.156863654098595
20260818-190823,1787080136762,4.156863654098595
20260818-190823,1787080136961,4.156863654098595
20260818-190823,1787080137063,4.156863654098595
20260818-190823,1787080137165,4.156863654098595
20260818-190823,1787080137267,4.156863654098595
20260818-190823,1787080137369,4.156863654098595
20260818-190823,1787080137471,4.156863654098595
20260818-190823,1787080137573,4.156863654098595
20260818-190823,1787080137422,4.156863654098595
20260818-190823,1787080137675,4.156863654098595
20260818-190823,1787080137777,4.156863654098595
20260818-190823,1787080137879,4.156863654098595
20260818-190823,1787080137981,4.156863654098595
20260818-190823,1787080138083,4.156863654098595
20260818-190823,1787080138185,4.156863654098595
20260818-190823,1787080138034,4.156863654098595
20260818-190823,1787080138287,4.156863654098595
20260818-190823,1787080138389,4.156863654098595
20260818-190823,1787080138491,4.156863654098595
20260818-190823,1787080138593,4.156863654098595
20260818-190823,1787080138695,4.156863654098595
20260818-190823,1787080138797,4.156863654098595
20260818-190823,1787080138899,4.156863654098595
20260818-190823,1787080139001,4.156863654098595
20260818-190823,1787080139103,4.156863654098595
20260818-190823,1787080139205,4.156863654098595
20260818-190823,1787080139120,4.156863654098595
20260818-190823,1787080139307,4.156863654098595
20260818-190823,1787080139409,4.156863654098595
20260818-190823,1787080139511,4.156863654098595
20260818-190823,1787080139382,4.156863654098595
20260818-190823,1787080139613,4.156863654098595
20260818-190823,1787080139715,4.156863654098595
20260818-190823,1787080139817,4.156863654098595
20260818-190823,1787080139919,4.156863654098595
20260818-190823,1787080140021,4.156863654098595
20260818-190823,1787080140123,4.156863654098595
20260818-190823,1787080140004,4.156863654098595
20260818-190823,1787080140225,4.156863654098595
20260818-190823,1787080140327,4.156863654098595
20260818-190823,1787080140227,4.156863654098595
20260818-190823,1787080140429,4.156863654098595
20260818-190823,1787080140531,4.156863654098595
20260818-190823,1787080140506,4.156863654098595
20260818-190823,1787080140837,4.156863654098595
20260818-190823,1787080140770,4.156863654098595
20260818-190823,1787080140939,4.156863654098595
20260818-190823,1787080140878,4.156863654098595
20260818-190823,1787080141041,4.156863654098595
20260818-190823,1787080141009,4.156863654098595
20260818-190823,1787080170621,3.2605882193874915
20260818-190823,1787080170723,3.2605882193874915
20260818-190823,1787080170825,3.2605882193874915
20260818-190823,1787080170927,3.2605882193874915
20260818-190823,1787080171029,3.2605882193874915
20260818-190823,1787080171085,3.2605882193874915
20260818-190823,1787080171131,3.2605882193874915
20260818-190823,1787080171233,3.2605882193874915
20260818-190823,1787080171100,3.2605882193874915
20260818-190823,1787080171335,3.2605882193874915
20260818-190823,1787080171437,3.2605882193874915
20260818-190823,1787080171539,3.2605882193874915
20260818-190823,1787080171641,3.2605882193874915
20260818-190823,1787080171743,3.2605882193874915
20260818-190823,1787080171845,3.2605882193874915
20260818-190823,1787080171947,3.2605882193874915
20260818-190823,1787080171840,3.2605882193874915
20260818-190823,1787080172019,3.2605882193874915
20260818-190823,1787080172019,3.2605882193874915
20260818-190823,1787080172019,3.2605882193874915
20260818-190823,1787080172019,3.2605882193874915
20260818-190823,1787080172019,3.2605882193874915
20260818-190823,1787080172023,3.2605882193874915
20260818-190823,1787080172023,3.2605882193874915
20260818-190823,1787080172028,3.2605882193874915
20260818-190823,1787080172033,3.2605882193874915
20260818-190823,1787080172033,3.2605882193874915
20260818-190823,1787080172033,3.2605882193874915
20260818-190823,1787080172033,3.2605882193874915
20260818-190823,1787080172033,3.2605882193874915
20260818-190823,1787080172033,3.2605882193874915
20260818-190823,1787080172033,3.2605882193874915
20260818-190823,1787080172033,3.2605882193874915
20260818-190823,1787080172038,3.2605882193874915
20260818-190823,1787080172038,3.2605882193874915
20260818-190823,1787080172038,3.2605882193874915
20260818-190823,1787080172038,3.2605882193874915
20260818-190823,1787080172038,3.2605882193874915
20260818-190823,1787080172038,3.2605882193874915
20260818-190823,1787080172038,3.2605882193874915
20260818-190823,1787080172038,3.2605882193874915
20260818-190823,1787080172047,3.2605882193874915
20260818-190823,1787080172049,2.7044297787081018
20260818-190823,1787080172051,2.7044297787081018
20260818-190823,1787080172057,2.7044297787081018
20260818-190823,1787080172057,2.7044297787081018
20260818-190823,1787080172151,2.6580804486610523
20260818-190823,1787080172253,2.6580804486610523
20260818-190823,1787080172193,2.6580804486610523
20260818-190823,1787080172355,2.6580804486610523
20260818-190823,1787080172457,2.6580804486610523
20260818-190823,1787080172559,2.6580804486610523
20260818-190823,1787080172661,2.6580804486610523
20260818-190823,1787080172763,2.6580804486610523
20260818-190823,1787080172713,2.6580804486610523
20260818-190823,1787080172865,2.6580804486610523
20260818-190823,1787080172877,2.6580804486610523
20260818-190823,1787080172967,2.6426305764729876
20260818-190823,1787080172943,2.6426305764729876
20260818-190823,1787080173069,2.6426305764729876
20260818-190823,1787080172972,2.6426305764729876
20260818-190823,1787080173171,2.6426305764729876
20260818-190823,1787080173273,2.6426305764729876
20260818-190823,1787080173375,2.6426305764729876
20260818-190823,1787080173227,2.6426305764729876
20260818-190823,1787080173477,2.6426305764729876
20260818-190823,1787080173579,2.6426305764729876
20260818-190823,1787080173681,2.6426305764729876
20260818-190823,1787080173783,2.6426305764729876
20260818-190823,1787080173885,2.6426305764729876
20260818-190823,1787080173987,2.6426305764729876
20260818-190823,1787080174089,2.6426305764729876
20260818-190823,1787080174191,2.6426305764729876
20260818-190823,1787080174293,2.6426305764729876
20260818-190823,1787080174395,2.6426305764729876
20260818-190823,1787080174497,2.6426305764729876
20260818-190823,1787080174599,2.6426305764729876
20260818-190823,1787080174701,2.6426305764729876
20260818-190823,1787080174553,2.6426305764729876
20260818-190823,1787080174803,2.6426305764729876
20260818-190823,1787080174905,2.6426305764729876
20260818-190823,1787080175007,2.6426305764729876
20260818-190823,1787080175109,2.6426305764729876
20260818-190823,1787080175211,2.6426305764729876
20260818-190823,1787080175313,2.6426305764729876
20260818-190823,1787080175415,2.6426305764729876
20260818-190823,1787080175517,2.6426305764729876
20260818-190823,1787080175619,2.6426305764729876
20260818-190823,1787080175721,2.6426305764729876
20260818-190823,1787080175823,2.6426305764729876
20260818-190823,1787080175925,2.6426305764729876
20260818-190823,1787080176027,2.6426305764729876
20260818-190823,1787080176129,2.6426305764729876
20260818-190823,1787080176231,2.6426305764729876
20260818-190823,1787080176333,2.6426305764729876
20260818-190823,1787080176435,2.6426305764729876
20260818-190823,1787080176370,2.6426305764729876
20260818-190823,1787080176537,2.6426305764729876
20260818-190823,1787080176639,2.6426305764729876
20260818-190823,1787080176741,2.6426305764729876
20260818-190823,1787080176843,2.6426305764729876
20260818-190823,1787080176945,2.6426305764729876
20260818-190823,1787080177047,2.6426305764729876
20260818-190823,1787080177149,2.6426305764729876
20260818-190823,1787080177251,2.6426305764729876
20260818-190823,1787080177353,2.6426305764729876
20260818-190823,1787080177455,2.6426305764729876
20260818-190823,1787080177557,2.6426305764729876
20260818-190823,1787080177659,2.6426305764729876
20260818-190823,1787080177761,2.6426305764729876
20260818-190823,1787080177863,2.6426305764729876
20260818-190823,1787080177965,2.6426305764729876
20260818-190823,1787080178067,2.6426305764729876
20260818-190823,1787080178169,2.6426305764729876
20260818-190823,1787080178271,2.6426305764729876
20260818-190823,1787080178373,2.6426305764729876
20260818-190823,1787080178475,2.6426305764729876
20260818-190823,1787080178577,2.6426305764729876
20260818-190823,1787080178679,2.6426305764729876
20260818-190823,1787080178781,2.6426305764729876
20260818-190823,1787080178873,2.6426305764729876
20260818-190823,1787080178883,2.6426305764729876
20260818-190823,1787080178985,2.6426305764729876
20260818-190823,1787080178876,2.6426305764729876
20260818-190823,1787080179087,2.6426305764729876
20260818-190823,1787080179189,2.6426305764729876
20260818-190823,1787080179291,2.6426305764729876
20260818-190823,1787080179393,2.6426305764729876
20260818-190823,1787080179495,2.6426305764729876
20260818-190823,1787080179597,2.6426305764729876
20260818-190823,1787080179699,2.6426305764729876
20260818-190823,1787080179801,2.6426305764729876
20260818-190823,1787080179903,2.6426305764729876
20260818-190823,1787080180005,2.6426305764729876
20260818-190823,1787080180107,2.6426305764729876
20260818-190823,1787080180209,2.6426305764729876
20260818-190823,1787080180311,2.6426305764729876
20260818-190823,1787080180227,2.6426305764729876
20260818-190823,1787080180413,2.6426305764729876
20260818-190823,1787080180515,2.6426305764729876
20260818-190823,1787080180617,2.6426305764729876
20260818-190823,1787080180719,2.6426305764729876
20260818-190823,1787080180573,2.6426305764729876
20260818-190823,1787080180821,2.6426305764729876
20260818-190823,1787080180923,2.6426305764729876
20260818-190823,1787080180803,2.6426305764729876
20260818-190823,1787080181025,2.6426305764729876
20260818-190823,1787080181127,2.6426305764729876
20260818-190823,1787080181229,2.6426305764729876
20260818-190823,1787080181331,2.6426305764729876
20260818-190823,1787080181433,2.6426305764729876
20260818-190823,1787080181535,2.6426305764729876
20260818-190823,1787080181477,2.6426305764729876
20260818-190823,1787080181637,2.6426305764729876
20260818-190823,1787080181739,2.6426305764729876
20260818-190823,1787080181841,2.6426305764729876
20260818-190823,1787080181943,2.6426305764729876
20260818-190823,1787080182045,2.6426305764729876
20260818-190823,1787080182147,2.6426305764729876
20260818-190823,1787080182249,2.6426305764729876
20260818-190823,1787080182351,2.6426305764729876
20260818-190823,1787080182453,2.6426305764729876
20260818-190823,1787080182555,2.6426305764729876
20260818-190823,1787080182657,2.6426305764729876
20260818-190823,1787080182759,2.6426305764729876
20260818-190823,1787080182861,2.6426305764729876
20260818-190823,1787080182963,2.6426305764729876
20260818-190823,1787080183065,2.6426305764729876
20260818-190823,1787080183167,2.6426305764729876
20260818-190823,1787080183269,2.6426305764729876
20260818-190823,1787080183211,2.6426305764729876
20260818-190823,1787080183371,2.6426305764729876
20260818-190823,1787080183473,2.6426305764729876
20260818-190823,1787080183575,2.6426305764729876
20260818-190823,1787080183677,2.6426305764729876
20260818-190823,1787080183779,2.6426305764729876
20260818-190823,1787080183881,2.6426305764729876
20260818-190823,1787080183983,2.6426305764729876
20260818-190823,1787080184085,2.6426305764729876
20260818-190823,1787080184187,2.6426305764729876
20260818-190823,1787080184289,2.6426305764729876
20260818-190823,1787080184391,2.6426305764729876
20260818-190823,1787080184493,2.6426305764729876
20260818-190823,1787080184595,2.6426305764729876
20260818-190823,1787080184697,2.6426305764729876
20260818-190823,1787080184799,2.6426305764729876
20260818-190823,1787080184901,2.6426305764729876
20260818-190823,1787080185003,2.6426305764729876
20260818-190823,1787080185105,2.6426305764729876
20260818-190823,1787080185207,2.6426305764729876
20260818-190823,1787080185090,2.6426305764729876
20260818-190823,1787080185309,2.6426305764729876
20260818-190823,1787080185411,2.6426305764729876
20260818-190823,1787080185513,2.6426305764729876
20260818-190823,1787080185615,2.6426305764729876
20260818-190823,1787080185548,2.6426305764729876
20260818-190823,1787080185717,2.6426305764729876
20260818-190823,1787080185819,2.6426305764729876
20260818-190823,1787080185921,2.6426305764729876
20260818-190823,1787080186023,2.6426305764729876
20260818-190823,1787080186125,2.6426305764729876
20260818-190823,1787080186227,2.6426305764729876
20260818-190823,1787080186329,2.6426305764729876
20260818-190823,1787080186431,2.6426305764729876
20260818-190823,1787080186488,2.6426305764729876
20260818-190823,1787080186533,2.6426305764729876
20260818-190823,1787080186635,2.6426305764729876
20260818-190823,1787080186514,2.6426305764729876
20260818-190823,1787080186737,2.6426305764729876
20260818-190823,1787080186839,2.6426305764729876
20260818-190823,1787080186941,2.6426305764729876
20260818-190823,1787080187043,2.6426305764729876
20260818-190823,1787080186928,2.6426305764729876
20260818-190823,1787080187145,2.6426305764729876
20260818-190823,1787080187090,2.6426305764729876
20260818-190823,1787080187247,2.6426305764729876
20260818-190823,1787080187349,2.6426305764729876
20260818-190823,1787080187451,2.6426305764729876
20260818-190823,1787080187553,2.6426305764729876
20260818-190823,1787080187426,2.6426305764729876
20260818-190823,1787080187655,2.6426305764729876
20260818-190823,1787080187757,2.6426305764729876
20260818-190823,1787080187859,2.6426305764729876
20260818-190823,1787080187961,2.6426305764729876
20260818-190823,1787080188063,2.6426305764729876
20260818-190823,1787080188165,2.6426305764729876
20260818-190823,1787080188165,2.6426305764729876
20260818-190823,1787080188165,2.6426305764729876
20260818-190823,1787080188165,2.6426305764729876
20260818-190823,1787080188165,2.6426305764729876
20260818-190823,1787080188165,2.6426305764729876
20260818-190823,1787080188165,2.6426305764729876
20260818-190823,1787080188165,2.6426305764729876
20260818-190823,1787080188165,2.6426305764729876
20260818-190823,1787080188165,2.6426305764729876
20260818-190823,1787080188165,2.6426305764729876
20260818-190823,1787080188165,2.6426305764729876
20260818-190823,1787080188165,2.6426305764729876
20260818-190823,1787080188165,2.6426305764729876
20260818-190823,1787080188165,2.6426305764729876
20260818-190823,1787080188166,2.6426305764729876
20260818-190823,1787080188166,2.6426305764729876
20260818-190823,1787080188166,2.6426305764729876
20260818-190823,1787080188166,2.6426305764729876
20260818-190823,1787080188166,2.6426305764729876
20260818-190823,1787080188166,2.6426305764729876
20260818-190823,1787080188166,2.6426305764729876
20260818-190823,1787080188166,2.6426305764729876
20260818-190823,1787080188166,2.6426305764729876
20260818-190823,1787080188166,2.6426305764729876
20260818-190823,1787080188166,2.6426305764729876
20260818-190823,1787080188166,2.6426305764729876
20260818-190823,1787080188166,2.6426305764729876
20260818-190823,1787080188166,2.6426305764729876
20260818-190823,1787080188166,2.6426305764729876
20260818-190823,1787080188166,2.6426305764729876
20260818-190823,1787080188166,2.6426305764729876
20260818-190823,1787080188166,2.6426305764729876
20260818-190823,1787080188166,2.6426305764729876
20260818-190823,1787080188166,2.6426305764729876
20260818-190823,1787080188166,2.6426305764729876
20260818-190823,1787080188166,2.6426305764729876
20260818-190823,1787080188168,2.6426305764729876
20260818-190823,1787080188168,2.6426305764729876
20260818-190823,1787080188168,2.6426305764729876
20260818-190823,1787080188168,2.6426305764729876
20260818-190823,1787080188168,2.6426305764729876
20260818-190823,1787080188168,2.6426305764729876
20260818-190823,1787080188168,2.6426305764729876
20260818-190823,1787080188168,2.6426305764729876
20260818-190823,1787080188168,2.6426305764729876
20260818-190823,1787080188174,2.6426305764729876
20260818-190823,1787080188174,2.6426305764729876
20260818-190823,1787080188174,2.6426305764729876
20260818-190823,1787080188174,2.6426305764729876
20260818-190823,1787080188174,2.6426305764729876
20260818-190823,1787080188174,2.6426305764729876
20260818-190823,1787080188174,2.6426305764729876
20260818-190823,1787080188174,2.6426305764729876
20260818-190823,1787080188174,2.6426305764729876
20260818-190823,1787080188174,2.6426305764729876
20260818-190823,1787080188174,2.6426305764729876
20260818-190823,1787080188174,2.6426305764729876
20260818-190823,1787080188174,2.6426305764729876
20260818-190823,1787080188174,2.6426305764729876
20260818-190823,1787080188174,2.6426305764729876
20260818-190823,1787080188174,2.6426305764729876
20260818-190823,1787080188174,2.6426305764729876
20260818-190823,1787080188174,2.6426305764729876
20260818-190823,1787080188174,2.6426305764729876
20260818-190823,1787080188174,2.6426305764729876
20260818-190823,1787080188174,2.6426305764729876
20260818-190823,1787080188174,2.6426305764729876
20260818-190823,1787080188174,2.6426305764729876
20260818-190823,1787080188174,2.6426305764729876
20260818-190823,1787080188174,2.6426305764729876
20260818-190823,1787080188174,2.6426305764729876
20260818-190823,1787080188174,2.6426305764729876
20260818-190823,1787080188174,2.6426305764729876
20260818-190823,1787080188174,2.6426305764729876
20260818-190823,1787080188174,2.6426305764729876
20260818-190823,1787080188174,2.6426305764729876
20260818-190823,1787080188174,2.6426305764729876
20260818-190823,1787080188174,2.6426305764729876
20260818-190823,1787080188174,2.6426305764729876
20260818-190823,1787080188174,2.6426305764729876
20260818-190823,1787080188174,2.6426305764729876
20260818-190823,1787080188175,2.6426305764729876
20260818-190823,1787080188175,2.6426305764729876
20260818-190823,1787080188175,2.6426305764729876
20260818-190823,1787080188175,2.6426305764729876
20260818-190823,1787080188175,2.6426305764729876
20260818-190823,1787080188175,2.6426305764729876
20260818-190823,1787080188175,2.6426305764729876
20260818-190823,1787080188175,2.6426305764729876
20260818-190823,1787080188175,2.6426305764729876
20260818-190823,1787080188175,2.6426305764729876
20260818-190823,1787080188175,2.6426305764729876
20260818-190823,1787080188175,2.6426305764729876
20260818-190823,1787080188175,2.6426305764729876
20260818-190823,1787080188175,2.6426305764729876
20260818-190823,1787080188175,2.6426305764729876
20260818-190823,1787080188175,2.6426305764729876
20260818-190823,1787080188175,2.6426305764729876
20260818-190823,1787080188175,2.6426305764729876
20260818-190823,1787080188175,2.6426305764729876
20260818-190823,1787080188175,2.6426305764729876
20260818-190823,1787080188175,2.6426305764729876
20260818-190823,1787080188175,2.6426305764729876
20260818-190823,1787080188175,2.6426305764729876
20260818-190823,1787080188175,2.6426305764729876
20260818-190823,1787080188175,2.6426305764729876
20260818-190823,1787080188175,2.6426305764729876
20260818-190823,1787080188180,2.6426305764729876
20260818-190823,1787080188180,2.6426305764729876
20260818-190823,1787080188180,2.6426305764729876
20260818-190823,1787080188180,2.6426305764729876
20260818-190823,1787080188180,2.6426305764729876
20260818-190823,1787080188182,2.6426305764729876
20260818-190823,1787080188182,2.6426305764729876
20260818-190823,1787080188182,2.6426305764729876
20260818-190823,1787080188182,2.6426305764729876
20260818-190823,1787080188183,2.6426305764729876
20260818-190823,1787080188190,2.6426305764729876
20260818-190823,1787080188190,2.6426305764729876
20260818-190823,1787080188190,2.6426305764729876
20260818-190823,1787080188206,2.6426305764729876
20260818-190823,1787080188206,2.6426305764729876
20260818-190823,1787080188206,2.6426305764729876
20260818-190823,1787080188206,2.6426305764729876
20260818-190823,1787080188206,2.6426305764729876
20260818-190823,1787080188206,2.6426305764729876
20260818-190823,1787080188206,2.6426305764729876
20260818-190823,1787080188206,2.6426305764729876
20260818-190823,1787080188206,2.6426305764729876
20260818-190823,1787080188206,2.6426305764729876
20260818-190823,1787080188206,2.6426305764729876
20260818-190823,1787080188206,2.6426305764729876
20260818-190823,1787080188206,2.6426305764729876
20260818-190823,1787080188206,2.6426305764729876
20260818-190823,1787080188206,2.6426305764729876
20260818-190823,1787080188207,2.6426305764729876
20260818-190823,1787080188207,2.6426305764729876
20260818-190823,1787080188207,2.6426305764729876
20260818-190823,1787080188207,2.6426305764729876
20260818-190823,1787080188207,2.6426305764729876
20260818-190823,1787080188207,2.6426305764729876
20260818-190823,1787080188207,2.6426305764729876
20260818-190823,1787080188207,2.6426305764729876
20260818-190823,1787080188207,2.6426305764729876
20260818-190823,1787080188207,2.6426305764729876
20260818-190823,1787080188207,2.6426305764729876
20260818-190823,1787080188207,2.6426305764729876
20260818-190823,1787080188208,2.6426305764729876
20260818-190823,1787080188208,2.6426305764729876
20260818-190823,1787080188208,2.6426305764729876
20260818-190823,1787080188208,2.6426305764729876
20260818-190823,1787080188208,2.6426305764729876
20260818-190823,1787080188208,2.6426305764729876
20260818-190823,1787080188208,2.6426305764729876
20260818-190823,1787080188208,2.6426305764729876
20260818-190823,1787080188208,2.6426305764729876
20260818-190823,1787080188208,2.6426305764729876
20260818-190823,1787080188208,2.6426305764729876
20260818-190823,1787080188208,2.6426305764729876
20260818-190823,1787080188208,2.6426305764729876
20260818-190823,1787080188208,2.6426305764729876
20260818-190823,1787080188208,2.6426305764729876
20260818-190823,1787080188208,2.6426305764729876
20260818-190823,1787080188209,2.6426305764729876
20260818-190823,1787080188209,2.6426305764729876
20260818-190823,1787080188209,2.6426305764729876
20260818-190823,1787080188210,2.6426305764729876
20260818-190823,1787080188210,2.6426305764729876
20260818-190823,1787080188210,2.6426305764729876
20260818-190823,1787080188210,2.6426305764729876
20260818-190823,1787080188210,2.6426305764729876
20260818-190823,1787080188211,2.6426305764729876
20260818-190823,1787080188217,2.6426305764729876
20260818-190823,1787080188265,2.6426305764729876
20260818-190823,1787080188304,2.6426305764729876
20260818-190823,1787080188267,0.015458041080643945
20260818-190823,1787080188334,0.015458041080643945
20260818-190823,1787080188369,0.015458041080643945
20260818-190823,1787080189389,0.015458041080643945
20260818-190823,1787080189322,0.015458041080643945
20260818-190823,1787080189449,0.015458041080643945
20260818-190823,1787080189470,0.015458041080643945
20260818-190823,1787080189470,0.015458041080643945
20260818-190823,1787080189470,0.015458041080643945
20260818-190823,1787080189471,0.015458041080643945
20260818-190823,1787080189471,0.015458041080643945
20260818-190823,1787080189471,0.015458041080643945
20260818-190823,1787080189471,0.015458041080643945
20260818-190823,1787080189471,0.015458041080643945
20260818-190823,1787080189471,0.015458041080643945
20260818-190823,1787080189471,0.015458041080643945
20260818-190823,1787080189491,-0.1700416060879948
20260818-190823,1787080189593,-0.1700416060879948
20260818-190823,1787080189475,-0.1700416060879948
20260818-190823,1787080189695,-0.1700416060879948
20260818-190823,1787080189797,-0.1700416060879948
20260818-190823,1787080189899,-0.1700416060879948
20260818-190823,1787080189850,-0.1700416060879948
20260818-190823,1787080190001,-0.1700416060879948
20260818-190823,1787080189933,-0.1700416060879948
20260818-190823,1787080190029,-0.1700416060879948
20260818-190823,1787080190029,-0.1700416060879948
20260818-190823,1787080190029,-0.1700416060879948
20260818-190823,1787080190029,-0.1700416060879948
20260818-190823,1787080190029,-0.1700416060879948
20260818-190823,1787080190029,-0.1700416060879948
20260818-190823,1787080190029,-0.1700416060879948
20260818-190823,1787080190029,-0.1700416060879948
20260818-190823,1787080190029,-0.1700416060879948
20260818-190823,1787080190029,-0.1700416060879948
20260818-190823,1787080190031,-0.1700416060879948
20260818-190823,1787080190031,-0.1700416060879948
20260818-190823,1787080190031,-0.1700416060879948
20260818-190823,1787080190031,-0.1700416060879948
20260818-190823,1787080190031,-0.1700416060879948
20260818-190823,1787080190103,-0.4792229785858854
20260818-190823,1787080190205,-0.4792229785858854
20260818-190823,1787080190055,-0.4792229785858854
20260818-190823,1787080190307,-0.4792229785858854
20260818-190823,1787080190227,-0.4792229785858854
20260818-190823,1787080190409,-0.4792229785858854
20260818-190823,1787080190511,-0.4792229785858854
20260818-190823,1787080190389,-0.4792229785858854
20260818-190823,1787080190613,-0.4792229785858854
20260818-190823,1787080190715,-0.4792229785858854
20260818-190823,1787080190817,-0.4792229785858854
20260818-190823,1787080190919,-0.4792229785858854
20260818-190823,1787080190906,-0.4792229785858854
20260818-190823,1787080191021,-0.4792229785858854
20260818-190823,1787080190936,-0.4792229785858854
20260818-190823,1787080191123,-0.4792229785858854
20260818-190823,1787080191225,-0.4792229785858854
20260818-190823,1787080191327,-0.4792229785858854
20260818-190823,1787080191429,-0.4792229785858854
20260818-190823,1787080191531,-0.4792229785858854
20260818-190823,1787080191633,-0.4792229785858854
20260818-190823,1787080191735,-0.4792229785858854
20260818-190823,1787080191837,-0.4792229785858854
20260818-190823,1787080191939,-0.4792229785858854
20260818-190823,1787080192041,-0.4792229785858854
20260818-190823,1787080192143,-0.4792229785858854
20260818-190823,1787080192057,-0.4792229785858854
20260818-190823,1787080192245,-0.4792229785858854
20260818-190823,1787080192347,-0.4792229785858854
20260818-190823,1787080192449,-0.4792229785858854
20260818-190823,1787080192551,-0.4792229785858854
20260818-190823,1787080192430,-0.4792229785858854
20260818-190823,1787080192653,-0.4792229785858854
20260818-190823,1787080192755,-0.4792229785858854
20260818-190823,1787080192857,-0.4792229785858854
20260818-190823,1787080192959,-0.4792229785858854
20260818-190823,1787080193061,-0.4792229785858854
20260818-190823,1787080193163,-0.4792229785858854
20260818-190823,1787080193092,-0.4792229785858854
20260818-190823,1787080193265,-0.4792229785858854
20260818-190823,1787080193367,-0.4792229785858854
20260818-190823,1787080193318,-0.4792229785858854
20260818-190823,1787080193469,-0.4792229785858854
20260818-190823,1787080193571,-0.4792229785858854
20260818-190823,1787080193442,-0.4792229785858854
20260818-190823,1787080193673,-1.113034014782806
20260818-190823,1787080193685,-1.5304856509231501
20260818-190823,1787080193685,-1.5304856509231501
20260818-190823,1787080193685,-1.5304856509231501
20260818-190823,1787080193685,-1.5304856509231501
20260818-190823,1787080193685,-1.5304856509231501
20260818-190823,1787080193685,-1.5304856509231501
20260818-190823,1787080193685,-1.5304856509231501
20260818-190823,1787080193685,-1.5304856509231501
20260818-190823,1787080193685,-1.5304856509231501
20260818-190823,1787080193685,-1.5304856509231501
20260818-190823,1787080193685,-1.5304856509231501
20260818-190823,1787080193685,-1.5304856509231501
20260818-190823,1787080193685,-1.5304856509231501
20260818-190823,1787080193685,-1.5304856509231501
20260818-190823,1787080193685,-1.5304856509231501
20260818-190823,1787080193685,-1.5304856509231501
20260818-190823,1787080193685,-1.5304856509231501
20260818-190823,1787080193685,-1.5304856509231501
20260818-190823,1787080194591,-2.241620397818053
20260818-190823,1787080194454,-2.241620397818053
20260818-190823,1787080194695,-2.241620397818053
20260818-191124,1787080291550,0.4636795912200723
20260818-191124,1787080291697,0.4636795912200723
20260818-191124,1787080291799,0.4636795912200723
20260818-191124,1787080291901,0.4636795912200723
20260818-191124,1787080292003,0.4636795912200723
20260818-191124,1787080292105,0.4636795912200723
20260818-191124,1787080292207,0.4636795912200723
20260818-191124,1787080292309,0.4636795912200723
20260818-191124,1787080292411,0.4636795912200723
20260818-191124,1787080292513,0.4636795912200723
20260818-191124,1787080292615,0.4636795912200723
20260818-191124,1787080292717,0.4636795912200723
20260818-191124,1787080337455,0.4636795912200723
20260818-191124,1787080337456,0.4636795912200723
20260818-191124,1787080337456,0.4636795912200723
20260818-191124,1787080337456,0.4636795912200723
20260818-191124,1787080337456,0.4636795912200723
20260818-191124,1787080337456,0.4636795912200723
20260818-191124,1787080337456,0.4636795912200723
20260818-191124,1787080337456,0.4636795912200723
20260818-191124,1787080337456,0.4636795912200723
20260818-191124,1787080337456,0.4636795912200723
20260818-191124,1787080337456,0.4636795912200723
20260818-191124,1787080337456,0.4636795912200723
20260818-191124,1787080337456,0.4636795912200723
20260818-191124,1787080337456,0.4636795912200723
20260818-191124,1787080337456,0.4636795912200723
20260818-191124,1787080337456,0.4636795912200723
20260818-191124,1787080337456,0.4636795912200723
20260818-191124,1787080337456,0.4636795912200723
20260818-191124,1787080337456,0.4636795912200723
20260818-191124,1787080337456,0.4636795912200723
20260818-191124,1787080337456,0.4636795912200723
20260818-191124,1787080337467,0.4636795912200723
20260818-191124,1787080348205,-0.0
20260818-191124,1787080348307,-0.0
20260818-191124,1787080348409,-0.0
20260818-191124,1787080348511,-0.0
20260818-191124,1787080348419,-0.0
20260818-191124,1787080348613,-0.0
20260818-191124,1787080348715,-0.0
20260818-191124,1787080348817,-0.0
20260818-191124,1787080348919,-0.0
20260818-191124,1787080349021,-0.0
20260818-191124,1787080348921,-0.0
20260818-191124,1787080349046,-0.0
20260818-191124,1787080349123,-0.0
20260818-191124,1787080349225,-0.0
20260818-191124,1787080349090,-0.0
20260818-191124,1787080349327,-0.0
20260818-191124,1787080349429,-0.0
20260818-191124,1787080349531,-0.0
20260818-191124,1787080349461,-0.0
20260818-191124,1787080349633,-0.0
20260818-191124,1787080349735,-0.0
20260818-191124,1787080349837,-0.0
20260818-191124,1787080349939,-0.0
20260818-191124,1787080350041,-0.0
20260818-191124,1787080350143,-0.0
20260818-191124,1787080350245,-0.0
20260818-191124,1787080350347,-0.0
20260818-191124,1787080350449,-0.0
20260818-191124,1787080350551,-0.0
20260818-191124,1787080350653,-0.0
20260818-191124,1787080350755,-0.0
20260818-191124,1787080350857,-0.0
20260818-191124,1787080350959,-0.0
20260818-191124,1787080351061,-0.0
20260818-191124,1787080351163,-0.0
20260818-191124,1787080351046,-0.0
20260818-191124,1787080351265,-0.0
20260818-191124,1787080351239,-0.0
20260818-191124,1787080351367,-0.0
20260818-191124,1787080351469,-0.0
20260818-191124,1787080351370,-0.0
20260818-191124,1787080351571,-0.0
20260818-191124,1787080351526,-0.0
20260818-191124,1787080351673,-0.0
20260818-191124,1787080351775,-0.0
20260818-191124,1787080351877,-0.0
20260818-191124,1787080351979,-0.0
20260818-191124,1787080352081,-0.0
20260818-191124,1787080352183,-0.0
20260818-191124,1787080352285,-0.0
20260818-191124,1787080352387,-0.0
20260818-191124,1787080352489,-0.0
20260818-191124,1787080352591,-0.0
20260818-191124,1787080352693,-0.0
20260818-191124,1787080352795,-0.0
20260818-191124,1787080352897,-0.0
20260818-191124,1787080352999,-0.0
20260818-191124,1787080353101,-0.0
20260818-191124,1787080353048,-0.0
20260818-191124,1787080353203,-0.0
20260818-191124,1787080353305,-0.0
20260818-191124,1787080353407,-0.0
20260818-191124,1787080353509,-0.0
20260818-191124,1787080353611,-0.0
20260818-191124,1787080353713,-0.0
20260818-191124,1787080353815,-0.0
20260818-191124,1787080353707,-0.0
20260818-191124,1787080353917,-0.0
20260818-191124,1787080354019,-0.0
20260818-191124,1787080354121,-0.0
20260818-191124,1787080354223,-0.0
20260818-191124,1787080354325,-0.0
20260818-191124,1787080354427,-0.0
20260818-191124,1787080354529,-0.0
20260818-191124,1787080354631,0.6491815289324969
20260818-191124,1787080354733,0.6491815289324969
20260818-191124,1787080354835,0.6491815289324969
20260818-191124,1787080354937,0.6491815289324969
20260818-191124,1787080355039,0.6491815289324969
20260818-191124,1787080355141,0.6491815289324969
20260818-191124,1787080355047,0.6491815289324969
20260818-191124,1787080355243,0.6491815289324969
20260818-191124,1787080355345,0.6491815289324969
20260818-191124,1787080355651,0.6491815289324969
20260818-191124,1787080355753,0.6491815289324969
20260818-191124,1787080355855,0.6491815289324969
20260818-191124,1787080355957,0.6491815289324969
20260818-191124,1787080356059,0.6491815289324969
20260818-191124,1787080356161,0.6491815289324969
20260818-191124,1787080356073,0.6491815289324969
20260818-191124,1787080356263,0.6491815289324969
20260818-191124,1787080356365,0.6491815289324969
20260818-191124,1787080357793,0.6491815289324969
20260818-191124,1787080357895,0.6491815289324969
20260818-191124,1787080357997,0.6491815289324969
20260818-191124,1787080358099,0.6491815289324969
20260818-191124,1787080358201,0.6491815289324969
20260818-191124,1787080358303,0.6491815289324969
20260818-191124,1787080358405,0.6491815289324969
20260818-191124,1787080358507,0.6491815289324969
20260818-191124,1787080358609,0.6491815289324969
20260818-191124,1787080358711,0.6491815289324969
20260818-191124,1787080358813,0.6491815289324969
20260818-191124,1787080358915,0.6491815289324969
20260818-191124,1787080359017,0.6491815289324969
20260818-191124,1787080359119,0.6491815289324969
20260818-191124,1787080359048,0.6491815289324969
20260818-191124,1787080359221,0.6491815289324969
20260818-191124,1787080359323,0.6491815289324969
20260818-191124,1787080359425,0.6491815289324969
20260818-191124,1787080359527,0.6491815289324969
20260818-191124,1787080359481,0.6491815289324969
20260818-191124,1787080359629,0.6491815289324969
20260818-191124,1787080359731,0.6491815289324969
20260818-191124,1787080359833,0.6491815289324969
20260818-191124,1787080359935,0.6491815289324969
20260818-191124,1787080360037,0.6491815289324969
20260818-191124,1787080360139,0.6491815289324969
20260818-191124,1787080360241,0.6491815289324969
20260818-191124,1787080360343,0.6491815289324969
20260818-191124,1787080360222,0.6491815289324969
20260818-191124,1787080360445,0.6491815289324969
20260818-191124,1787080360547,0.6491815289324969
20260818-191124,1787080360649,0.6491815289324969
20260818-191124,1787080360510,0.6491815289324969
20260818-191124,1787080360751,0.6491815289324969
20260818-191124,1787080360665,0.6491815289324969
20260818-191124,1787080360853,0.6491815289324969
20260818-191124,1787080360955,0.6491815289324969
20260818-191124,1787080361026,0.6491815289324969
20260818-191124,1787080361057,0.6491815289324969
20260818-191124,1787080361159,0.6491815289324969
20260818-191124,1787080361049,0.6491815289324969
20260818-191124,1787080361261,0.6491815289324969
20260818-191124,1787080361363,0.6491815289324969
20260818-191124,1787080361465,0.6491815289324969
20260818-191124,1787080361567,0.6491815289324969
20260818-191124,1787080361669,0.6491815289324969
20260818-191124,1787080361771,0.6491815289324969
20260818-191124,1787080361873,0.6491815289324969
20260818-191124,1787080361975,0.6491815289324969
20260818-191124,1787080362077,0.6491815289324969
20260818-191124,1787080362179,0.6491815289324969
20260818-191124,1787080362281,0.6491815289324969
20260818-191124,1787080362170,0.6491815289324969
20260818-191124,1787080362383,0.6491815289324969
20260818-191124,1787080362485,0.6491815289324969
20260818-191124,1787080362377,0.6491815289324969
20260818-191124,1787080362587,0.6491815289324969
20260818-191124,1787080362689,0.6491815289324969
20260818-191124,1787080362791,0.6491815289324969
20260818-191124,1787080362893,0.6491815289324969
20260818-191124,1787080362995,0.6491815289324969
20260818-191124,1787080363097,0.6491815289324969
20260818-191124,1787080363199,0.6491815289324969
20260818-191124,1787080363052,0.6491815289324969
20260818-191124,1787080363301,0.6491815289324969
20260818-191124,1787080363230,0.6491815289324969
20260818-191124,1787080363403,0.6491815289324969
20260818-191124,1787080363505,0.6491815289324969
20260818-191124,1787080363607,0.6491815289324969
20260818-191124,1787080363709,0.6491815289324969
20260818-191124,1787080363811,0.6491815289324969
20260818-191124,1787080363913,0.6491815289324969
20260818-191124,1787080364015,0.6491815289324969
20260818-191124,1787080364117,0.6491815289324969
20260818-191124,1787080364071,0.6491815289324969
20260818-191124,1787080364219,0.6491815289324969
20260818-191124,1787080364321,0.6491815289324969
20260818-191124,1787080364423,0.6491815289324969
20260818-191124,1787080364413,0.6491815289324969
20260818-191124,1787080364525,0.6491815289324969
20260818-191124,1787080364432,0.6491815289324969
20260818-191124,1787080364627,0.6491815289324969
20260818-191124,1787080364729,0.6491815289324969
20260818-191124,1787080364831,0.6491815289324969
20260818-191124,1787080364933,0.6491815289324969
20260818-191124,1787080365035,0.6491815289324969
20260818-191124,1787080365137,0.6491815289324969
20260818-191124,1787080365051,0.6491815289324969
20260818-191124,1787080365239,0.6491815289324969
20260818-191124,1787080365341,0.6491815289324969
20260818-191124,1787080365443,0.6491815289324969
20260818-191124,1787080365545,0.6491815289324969
20260818-191124,1787080365647,0.6491815289324969
20260818-191124,1787080365749,0.6491815289324969
20260818-191124,1787080365851,0.6491815289324969
20260818-191124,1787080365953,0.6491815289324969
20260818-191124,1787080366055,0.6491815289324969
20260818-191124,1787080366157,0.6491815289324969
20260818-191124,1787080366259,0.6491815289324969
20260818-191124,1787080366361,0.6491815289324969
20260818-191124,1787080366463,0.6491815289324969
20260818-191124,1787080366565,0.6491815289324969
20260818-191124,1787080366667,0.6491815289324969
20260818-191124,1787080366522,0.6491815289324969
20260818-191124,1787080366769,0.6491815289324969
20260818-191124,1787080366871,0.6491815289324969
20260818-191124,1787080366973,0.6491815289324969
20260818-191124,1787080367075,0.6491815289324969
20260818-191124,1787080367177,0.6491815289324969
20260818-191124,1787080367052,0.6491815289324969
20260818-191124,1787080367279,0.6491815289324969
20260818-191124,1787080367381,0.6491815289324969
20260818-191124,1787080367483,0.6491815289324969
20260818-191124,1787080367585,0.6491815289324969
20260818-191124,1787080367542,0.6491815289324969
20260818-191124,1787080367687,0.6491815289324969
20260818-191124,1787080367789,0.6491815289324969
20260818-191124,1787080367891,0.6491815289324969
20260818-191124,1787080367993,0.6491815289324969
20260818-191124,1787080368095,0.6491815289324969
20260818-191124,1787080368197,0.6491815289324969
20260818-191124,1787080368299,0.6491815289324969
20260818-191124,1787080368401,0.6491815289324969
20260818-191124,1787080368503,0.6491815289324969
20260818-191124,1787080368605,0.6491815289324969
20260818-191124,1787080368707,0.6491815289324969
20260818-191124,1787080368639,0.6491815289324969
20260818-191124,1787080368809,0.6491815289324969
20260818-191124,1787080368911,0.6491815289324969
20260818-191124,1787080369013,0.6491815289324969
20260818-191124,1787080369115,0.6491815289324969
20260818-191124,1787080369039,0.6491815289324969
20260818-191124,1787080369217,0.6491815289324969
20260818-191124,1787080369319,0.6491815289324969
20260818-191124,1787080369421,0.6491815289324969
20260818-191124,1787080369523,0.6491815289324969
20260818-191124,1787080369625,0.6491815289324969
20260818-191124,1787080369727,0.6491815289324969
20260818-191124,1787080369829,0.6491815289324969
20260818-191124,1787080369931,0.6491815289324969
20260818-191124,1787080370033,0.6491815289324969
20260818-191124,1787080373399,0.6491815289324969
20260818-191124,1787080373501,0.6491815289324969
20260818-191426,1787080497331,1.1593279916652048
20260818-191426,1787080497269,1.1593279916652048
20260818-191426,1787080497433,1.1593279916652048
20260818-191426,1787080497535,-1.1593279916652048
20260818-191426,1787080499167,1.1593279916652048
20260818-191426,1787080499269,-1.1593279916652048
20260818-191426,1787080499371,1.1593279916652048
20260818-191426,1787080499473,1.1593279916652048
20260818-191426,1787080499395,1.1593279916652048
20260818-191426,1787080499575,1.1593279916652048
20260818-191426,1787080499529,1.1593279916652048
20260818-191426,1787080499677,-1.1593279916652048
20260818-191426,1787080499630,1.1593279916652048
20260818-191426,1787080499779,1.1593279916652048
20260818-191426,1787080499881,1.1593279916652048
20260818-191426,1787080499983,-1.1593279916652048
20260818-191426,1787080500085,-1.1593279916652048
20260818-191426,1787080500187,1.1593279916652048
20260818-191426,1787080500289,-1.1593279916652048
20260818-191426,1787080500391,1.1593279916652048
20260818-191426,1787080500493,-1.1593279916652048
20260818-191426,1787080500595,1.1593279916652048
20260818-191426,1787080500535,-1.1593279916652048
20260818-191426,1787080500697,1.1593279916652048
20260818-191426,1787080500799,1.1593279916652048
20260818-191426,1787080500901,-1.1593279916652048
20260818-191426,1787080501003,1.1593279916652048
20260818-191426,1787080501105,1.1593279916652048
20260818-191426,1787080501207,1.1593279916652048
20260818-191426,1787080501136,1.1593279916652048
20260818-191426,1787080501309,1.1593279916652048
20260818-191426,1787080501411,-1.1593279916652048
20260818-191426,1787080501358,1.1593279916652048
20260818-191426,1787080501513,1.1593279916652048
20260818-191426,1787080501615,1.1593279916652048
20260818-191426,1787080501717,-1.1593279916652048
20260818-191426,1787080501819,-1.1593279916652048
20260818-191426,1787080501921,-1.1593279916652048
20260818-191426,1787080502023,1.1593279916652048
20260818-191426,1787080502125,1.1593279916652048
20260818-191426,1787080502227,-1.1593279916652048
20260818-191426,1787080502229,1.1593279916652048
20260818-191426,1787080502265,1.1593279916652048
20260818-191426,1787080502329,1.1593279916652048
20260818-191426,1787080502431,1.1593279916652048
20260818-191426,1787080502298,1.1593279916652048
20260818-191426,1787080502533,-1.1593279916652048
20260818-191426,1787080502465,1.1593279916652048
20260818-191426,1787080502635,-1.1593279916652048
20260818-191426,1787080502737,1.1593279916652048
20260818-191426,1787080502839,1.1593279916652048
20260818-191426,1787080502787,1.1593279916652048
20260818-191426,1787080502941,-1.1593279916652048
20260818-191426,1787080503043,-1.1593279916652048
20260818-191426,1787080503145,1.1593279916652048
20260818-191426,1787080503172,1.1593279916652048
20260818-191426,1787080503172,-1.1593279916652048
20260818-191426,1787080503172,-1.1593279916652048
20260818-191426,1787080503172,1.1593279916652048
20260818-191426,1787080503172,1.1593279916652048
20260818-191426,1787080503172,1.1593279916652048
20260818-191426,1787080503172,1.1593279916652048
20260818-191426,1787080503172,-1.1593279916652048
20260818-191426,1787080503172,1.1593279916652048
20260818-191426,1787080503172,-1.1593279916652048
20260818-191426,1787080503172,-1.1593279916652048
20260818-191426,1787080503172,-1.1593279916652048
20260818-191426,1787080503172,1.1593279916652048
20260818-191426,1787080503172,1.1593279916652048
20260818-191426,1787080503172,-1.1593279916652048
20260818-191426,1787080503172,1.1593279916652048
20260818-191426,1787080503172,-1.1593279916652048
20260818-191426,1787080503172,-1.1593279916652048
20260818-191426,1787080503172,1.1593279916652048
20260818-191426,1787080503175,1.1593279916652048
20260818-191426,1787080503175,-1.1593279916652048
20260818-191426,1787080503175,1.1593279916652048
20260818-191426,1787080503175,-1.1593279916652048
20260818-191426,1787080503177,1.1593279916652048
20260818-191426,1787080503191,1.1593279916652048
20260818-191426,1787080503191,1.1593279916652048
20260818-191426,1787080503191,1.1593279916652048
20260818-191426,1787080503192,1.1593279916652048
20260818-191426,1787080503192,-1.1593279916652048
20260818-191426,1787080503192,1.1593279916652048
20260818-191426,1787080503192,-1.1593279916652048
20260818-191426,1787080503192,1.1593279916652048
20260818-191426,1787080503192,1.1593279916652048
20260818-191426,1787080503192,1.1593279916652048
20260818-191426,1787080503192,-1.1593279916652048
20260818-191426,1787080503192,1.1593279916652048
20260818-191426,1787080503192,1.1593279916652048
20260818-191426,1787080503192,-1.1593279916652048
20260818-191426,1787080503192,1.1593279916652048
20260818-191426,1787080503192,-1.1593279916652048
20260818-191426,1787080503192,-1.1593279916652048
20260818-191426,1787080503192,-1.1593279916652048
20260818-191426,1787080503192,1.1593279916652048
20260818-191426,1787080503199,1.1593279916652048
20260818-191426,1787080503218,1.1593279916652048
20260818-191426,1787080503250,-1.1593279916652048
20260818-191426,1787080503295,1.1593279916652048
20260818-191426,1787080503297,1.1593279916652048
20260818-191426,1787080503297,-1.1593279916652048
20260818-191426,1787080503306,1.1593279916652048
20260818-191426,1787080503307,1.1593279916652048
20260818-191426,1787080503307,1.1593279916652048
20260818-191426,1787080503307,1.1593279916652048
20260818-191426,1787080503307,1.1593279916652048
20260818-191426,1787080503309,1.1593279916652048
20260818-191426,1787080503309,1.1593279916652048
20260818-191426,1787080503316,1.1593279916652048
20260818-191426,1787080503316,1.1593279916652048
20260818-191426,1787080503316,1.1593279916652048
20260818-191426,1787080503321,1.1593279916652048
20260818-191426,1787080503321,1.1593279916652048
20260818-191426,1787080503326,1.1593279916652048
20260818-191426,1787080503331,1.1593279916652048
20260818-191426,1787080503331,1.1593279916652048
20260818-191426,1787080503339,1.1593279916652048
20260818-191426,1787080503339,-1.1593279916652048
20260818-191426,1787080503247,0.015459474919834237
20260818-191426,1787080503342,-0.015459474919834237
20260818-191426,1787080503342,0.015459474919834237
20260818-191426,1787080503349,-0.5720341767225519
20260818-191426,1787080503349,-0.5720341767225519
20260818-191426,1787080503349,-0.5720341767225519
20260818-191426,1787080503349,-0.5720341767225519
20260818-191426,1787080503349,-0.5720341767225519
20260818-191426,1787080503349,-0.5720341767225519
20260818-191426,1787080503349,0.5720341767225519
20260818-191426,1787080503349,0.5720341767225519
20260818-191426,1787080503383,0.015459474919834237
20260818-191426,1787080503485,-0.015459474919834237
20260818-191426,1787080503668,0.015459474919834237
20260818-191426,1787080503349,-0.5720341767225519
20260818-191426,1787080503451,-0.788496607530648
20260818-191426,1787080503553,0.788496607530648
20260818-191426,1787080503655,-0.788496607530648
20260818-191426,1787080503757,0.788496607530648
20260818-191426,1787080503859,-0.788496607530648
20260818-191426,1787080503961,-0.788496607530648
20260818-191426,1787080504063,0.788496607530648
20260818-191426,1787080504165,-0.788496607530648
20260818-191426,1787080504267,-0.788496607530648
20260818-191426,1787080504227,0.788496607530648
20260818-191426,1787080504369,-0.788496607530648
20260818-191426,1787080504471,0.788496607530648
20260818-191426,1787080504375,0.788496607530648
20260818-191426,1787080504573,0.788496607530648
20260818-191426,1787080504675,-0.788496607530648
20260818-191426,1787080504777,-0.788496607530648
20260818-191426,1787080504733,-0.788496607530648
20260818-191426,1787080504879,-0.788496607530648
20260818-191426,1787080504981,-0.788496607530648
20260818-191426,1787080505083,-0.788496607530648
20260818-191426,1787080505185,-0.788496607530648
20260818-191426,1787080505287,-0.788496607530648
20260818-191426,1787080505389,0.788496607530648
20260818-191426,1787080505405,-0.788496607530648
20260818-191426,1787080505491,-0.788496607530648
20260818-191426,1787080505497,0.788496607530648
20260818-191426,1787080505565,-0.788496607530648
20260818-191426,1787080505593,0.788496607530648
20260818-191426,1787080505695,-0.788496607530648
20260818-191426,1787080505572,-0.788496607530648
20260818-191426,1787080505797,-0.788496607530648
20260818-191426,1787080505718,0.788496607530648
20260818-191426,1787080505899,0.788496607530648
20260818-191426,1787080505866,0.788496607530648
20260818-191426,1787080506001,0.788496607530648
20260818-191426,1787080505990,-0.788496607530648
20260818-191426,1787080506103,-0.788496607530648
20260818-191426,1787080506020,-0.788496607530648
20260818-191426,1787080506205,-0.788496607530648
20260818-191426,1787080506307,0.788496607530648
20260818-191426,1787080506409,-0.788496607530648
20260818-191426,1787080506511,0.788496607530648
20260818-191426,1787080506444,0.788496607530648
20260818-191426,1787080506613,0.788496607530648
20260818-191426,1787080506715,-0.788496607530648
20260818-191426,1787080506817,-0.788496607530648
20260818-191426,1787080506697,-0.788496607530648
20260818-191426,1787080506919,0.788496607530648
20260818-191426,1787080507021,0.788496607530648
20260818-191426,1787080507123,-0.788496607530648
20260818-191426,1787080507225,-0.788496607530648
20260818-191426,1787080507177,0.788496607530648
20260818-191426,1787080507327,-0.788496607530648
20260818-191426,1787080507429,0.788496607530648
20260818-191426,1787080507375,-0.788496607530648
20260818-191426,1787080507531,0.788496607530648
20260818-191426,1787080507611,0.788496607530648
20260818-191426,1787080507618,0.788496607530648
20260818-191426,1787080507618,-0.788496607530648
20260818-191426,1787080507618,-0.788496607530648
20260818-191426,1787080507618,-0.788496607530648
20260818-191426,1787080507618,-0.788496607530648
20260818-191426,1787080507622,-1.2214495823483804
20260818-191426,1787080507622,-1.2214495823483804
20260818-191426,1787080507622,1.2214495823483804
20260818-191426,1787080507622,-1.2214495823483804
20260818-191426,1787080507622,-1.2214495823483804
20260818-191426,1787080507622,-1.2214495823483804
20260818-191426,1787080507622,-1.2214495823483804
20260818-191426,1787080507622,1.2214495823483804
20260818-191426,1787080507622,1.2214495823483804
20260818-191426,1787080507622,-1.2214495823483804
20260818-191426,1787080507622,-1.2214495823483804
20260818-191426,1787080507622,1.2214495823483804
20260818-191426,1787080507633,-1.2214495823483804
20260818-191426,1787080507622,-1.2214495823483804
20260818-191426,1787080507667,-1.2214495823483804
20260818-191426,1787080507668,-1.2214495823483804
20260818-191426,1787080507668,1.2214495823483804
20260818-191426,1787080507668,-1.2214495823483804
20260818-191426,1787080507668,-1.2214495823483804
20260818-191426,1787080507668,-1.2214495823483804
20260818-191426,1787080507668,-1.2214495823483804
20260818-191426,1787080507676,-1.2214495823483804
20260818-191426,1787080507697,-1.2214495823483804
20260818-191426,1787080507735,-1.4843321780783107
20260818-191426,1787080507837,1.4843321780783107
20260818-191426,1787080507939,1.4843321780783107
20260818-191426,1787080508041,-1.4843321780783107
20260818-191426,1787080508028,1.4843321780783107
20260818-191426,1787080508143,-1.4843321780783107
20260818-191426,1787080508075,-1.4843321780783107
20260818-191426,1787080508245,-1.4843321780783107
20260818-191426,1787080508347,1.4843321780783107
20260818-191426,1787080508449,-1.4843321780783107
20260818-191426,1787080508551,-1.4843321780783107
20260818-191426,1787080508653,2.07188033190196
20260818-191426,1787080508755,-2.07188033190196
20260818-191426,1787080508633,2.07188033190196
20260818-191426,1787080508857,2.07188033190196
20260818-191426,1787080508959,-2.07188033190196
20260818-191426,1787080508839,-2.07188033190196
20260818-191426,1787080509061,-2.07188033190196
20260818-191426,1787080509163,-2.07188033190196
20260818-191426,1787080509265,2.07188033190196
20260818-191426,1787080509367,2.07188033190196
20260818-191426,1787080509469,-2.07188033190196
20260818-191426,1787080509571,-2.07188033190196
20260818-191426,1787080509673,-2.07188033190196
20260818-191426,1787080509775,2.07188033190196
20260818-191426,1787080509877,2.07188033190196
20260818-191426,1787080509979,2.07188033190196
20260818-191426,1787080510081,-2.07188033190196
20260818-191426,1787080510183,-2.07188033190196
20260818-191426,1787080510285,-2.07188033190196
20260818-191426,1787080510387,2.07188033190196
20260818-191426,1787080510489,2.07188033190196
20260818-191426,1787080510424,-2.07188033190196
20260818-191426,1787080510591,-2.07188033190196
20260818-191426,1787080510693,2.07188033190196
20260818-191426,1787080510575,2.07188033190196
20260818-191426,1787080510795,2.07188033190196
20260818-191426,1787080510897,2.07188033190196
20260818-191426,1787080510999,-2.07188033190196
20260818-191426,1787080511101,-2.07188033190196
20260818-191426,1787080511203,-2.07188033190196
20260818-191426,1787080511305,2.07188033190196
20260818-191426,1787080511407,-2.07188033190196
20260818-191426,1787080511509,-2.07188033190196
20260818-191426,1787080511611,-2.07188033190196
20260818-191426,1787080511713,2.07188033190196
20260818-191426,1787080511815,-2.07188033190196
20260818-191426,1787080511917,-2.07188033190196
20260818-191426,1787080512019,-2.07188033190196
20260818-191426,1787080512121,-2.07188033190196
20260818-191426,1787080512223,2.07188033190196
20260818-191426,1787080512325,2.07188033190196
20260818-191426,1787080512427,2.07188033190196
20260818-191426,1787080512529,-2.07188033190196
20260818-191426,1787080512631,-2.07188033190196
20260818-191426,1787080512733,-2.07188033190196
20260818-191426,1787080512835,-2.07188033190196
20260818-191426,1787080512937,-2.07188033190196
20260818-191426,1787080513039,-2.07188033190196
20260818-191426,1787080513141,-2.07188033190196
20260818-191426,1787080513243,-2.07188033190196
20260818-191426,1787080513182,2.07188033190196
20260818-191426,1787080513345,-2.07188033190196
20260818-191426,1787080513447,-2.07188033190196
20260818-191426,1787080513549,2.07188033190196
20260818-191426,1787080513651,-2.07188033190196
20260818-191426,1787080513753,-2.07188033190196
20260818-191426,1787080513855,2.07188033190196
20260818-191426,1787080513957,-2.07188033190196
20260818-191426,1787080514059,-2.07188033190196
20260818-191426,1787080514161,-2.07188033190196
20260818-191426,1787080514263,2.07188033190196
20260818-191426,1787080514192,-2.07188033190196
20260818-191426,1787080514365,-2.07188033190196
20260818-191426,1787080514467,-2.07188033190196
20260818-191426,1787080514569,-2.07188033190196
20260818-191426,1787080514671,-2.07188033190196
20260818-191426,1787080514773,-2.07188033190196
20260818-191426,1787080514875,2.07188033190196
20260818-191426,1787080514977,-2.07188033190196
20260818-191426,1787080514946,-2.07188033190196
20260818-191426,1787080515079,-2.07188033190196
20260818-191426,1787080515181,2.07188033190196
20260818-191426,1787080515062,2.07188033190196
20260818-191426,1787080515283,-2.07188033190196
20260818-191426,1787080515227,2.07188033190196
20260818-191426,1787080515385,2.07188033190196
20260818-191426,1787080515487,2.07188033190196
20260818-191426,1787080524667,2.07188033190196
20260818-191426,1787080524769,-2.07188033190196
20260818-191426,1787080524871,2.07188033190196
20260818-191426,1787080524793,-2.07188033190196
20260818-191426,1787080524973,2.07188033190196
20260818-191426,1787080525075,2.07188033190196
20260818-191426,1787080525027,-2.07188033190196
20260818-191426,1787080525177,2.07188033190196
20260818-191426,1787080525279,2.07188033190196
20260818-191426,1787080525381,2.07188033190196
20260818-191426,1787080525483,2.07188033190196
20260818-191426,1787080525585,2.07188033190196
20260818-191426,1787080525510,-2.07188033190196
20260818-191426,1787080525687,2.07188033190196
20260818-191426,1787080525789,-2.07188033190196
20260818-191426,1787080525891,-2.07188033190196
20260818-191426,1787080525993,-2.07188033190196
20260818-191426,1787080526095,-2.07188033190196
20260818-191426,1787080526197,-2.07188033190196
20260818-191426,1787080526299,2.07188033190196
20260818-191426,1787080526401,-2.07188033190196
20260818-191426,1787080526503,-2.07188033190196
20260818-191426,1787080526605,-2.07188033190196
20260818-191426,1787080526707,-2.07188033190196
20260818-191426,1787080526809,2.07188033190196
20260818-191426,1787080526911,2.07188033190196
20260818-191426,1787080527013,-2.07188033190196
20260818-191426,1787080526971,-2.07188033190196
20260818-191426,1787080527115,-2.07188033190196
20260818-191426,1787080527217,-2.07188033190196
20260818-191426,1787080527319,-2.07188033190196
20260818-191426,1787080527421,-2.07188033190196
20260818-191426,1787080527360,-2.07188033190196
20260818-191426,1787080527523,-2.07188033190196
20260818-191426,1787080527625,-2.07188033190196
20260818-191426,1787080527727,-2.07188033190196
20260818-191426,1787080527634,-2.07188033190196
20260818-191426,1787080527829,2.07188033190196
20260818-191426,1787080527931,-2.07188033190196
20260818-191426,1787080528033,2.07188033190196
20260818-191426,1787080528135,2.07188033190196
20260818-191426,1787080528070,2.07188033190196
20260818-191426,1787080528237,-2.07188033190196
20260818-191426,1787080528339,-2.07188033190196
20260818-191426,1787080528441,-2.07188033190196
20260818-191426,1787080528543,-2.07188033190196
20260818-191426,1787080528498,-2.07188033190196
20260818-191426,1787080528645,-2.07188033190196
20260818-191426,1787080528747,-2.07188033190196
20260818-191426,1787080528851,2.07188033190196
20260818-191426,1787080528953,-2.07188033190196
20260818-191426,1787080529055,2.07188033190196
20260818-191426,1787080529157,2.07188033190196
20260818-191426,1787080529010,-2.07188033190196
20260818-191426,1787080529259,-2.07188033190196
20260818-191426,1787080529169,-2.07188033190196
20260818-191426,1787080529361,-2.07188033190196
20260818-191426,1787080529463,-2.07188033190196
20260818-191426,1787080529565,2.07188033190196
20260818-191426,1787080529667,-2.07188033190196
20260818-191426,1787080529769,2.07188033190196
20260818-191426,1787080529686,-2.07188033190196
20260818-191426,1787080529871,2.07188033190196
20260818-191426,1787080529973,2.07188033190196
20260818-191426,1787080530075,2.07188033190196
20260818-191426,1787080529936,2.07188033190196
20260818-191426,1787080530177,2.07188033190196
20260818-191426,1787080530279,-2.07188033190196
20260818-191426,1787080530381,-2.07188033190196
20260818-191426,1787080530267,2.07188033190196
20260818-191426,1787080530483,-2.07188033190196
20260818-191426,1787080530585,-2.07188033190196
20260818-191426,1787080530687,-2.07188033190196
20260818-191426,1787080530789,2.07188033190196
20260818-191426,1787080530891,-2.07188033190196
20260818-191426,1787080530898,2.07188033190196
20260818-191426,1787080530918,-2.07188033190196
20260818-191426,1787080530940,-2.07188033190196
20260818-191426,1787080530940,-2.07188033190196
20260818-191426,1787080530940,2.07188033190196
20260818-191426,1787080530940,-2.07188033190196
20260818-191426,1787080530940,-2.07188033190196
20260818-191426,1787080530940,2.07188033190196
20260818-191426,1787080530940,-2.07188033190196
20260818-191426,1787080530940,-2.07188033190196
20260818-191426,1787080530940,-2.07188033190196
20260818-191426,1787080530940,-2.07188033190196
20260818-191426,1787080530940,2.07188033190196
20260818-191426,1787080530940,2.07188033190196
20260818-191426,1787080530993,-2.3193264057630625
20260818-191426,1787080531095,-2.3193264057630625
20260818-191426,1787080531197,-2.3193264057630625
20260818-191426,1787080531299,-2.3193264057630625
20260818-191426,1787080531191,-2.3193264057630625
20260818-191426,1787080531401,2.3193264057630625
20260818-191426,1787080531503,-2.3193264057630625
20260818-191426,1787080531605,2.3193264057630625
20260818-191426,1787080547872,-1.7007341760213488
20260818-191426,1787080547873,1.7007341760213488
20260818-191426,1787080547873,1.7007341760213488
20260818-191426,1787080547874,-1.7007341760213488
20260818-191426,1787080547875,1.7007341760213488
20260818-191426,1787080547875,-1.7007341760213488
20260818-191426,1787080547876,-1.7007341760213488
20260818-191426,1787080547876,-1.7007341760213488
20260818-191426,1787080547876,1.7007341760213488
20260818-191426,1787080547876,-1.7007341760213488
20260818-191426,1787080547876,-1.7007341760213488
20260818-191426,1787080547876,1.7007341760213488
20260818-191426,1787080547876,1.7007341760213488
20260818-191426,1787080547876,1.7007341760213488
20260818-191426,1787080547876,-1.7007341760213488
20260818-191426,1787080547876,-1.7007341760213488
20260818-191426,1787080547876,-1.7007341760213488
20260818-191426,1787080547876,-1.7007341760213488
20260818-191426,1787080547876,1.7007341760213488
20260818-191426,1787080547876,1.7007341760213488
20260818-191426,1787080547876,-1.7007341760213488
20260818-191426,1787080547876,1.7007341760213488
20260818-191426,1787080547886,-1.7007341760213488
20260818-191426,1787080547886,1.7007341760213488
20260818-191426,1787080547893,-1.7007341760213488
20260818-191426,1787080547893,-1.7007341760213488
20260818-191426,1787080547908,1.7007341760213488
20260818-191426,1787080547916,-1.7007341760213488
20260818-191426,1787080547916,1.7007341760213488
20260818-191426,1787080547916,-1.7007341760213488
20260818-191426,1787080547916,-1.7007341760213488
20260818-191426,1787080547917,1.7007341760213488
20260818-191426,1787080547917,-1.7007341760213488
20260818-191426,1787080547917,1.7007341760213488
20260818-191426,1787080547917,-1.7007341760213488
20260818-191426,1787080547917,1.7007341760213488
20260818-191426,1787080547921,-1.7007341760213488
20260818-191426,1787080547946,1.7007341760213488
20260818-191426,1787080547946,1.7007341760213488
20260818-191426,1787080547946,-1.7007341760213488
20260818-191426,1787080547946,-1.7007341760213488
20260818-191426,1787080547946,-1.7007341760213488
20260818-191426,1787080547946,-1.7007341760213488
20260818-191426,1787080547946,1.7007341760213488
20260818-191426,1787080547946,-1.7007341760213488
20260818-191426,1787080547946,-1.7007341760213488
20260818-191426,1787080547948,-1.7007341760213488
20260818-191426,1787080547948,-1.7007341760213488
20260818-191426,1787080547925,0.9585244906867889
20260818-191426,1787080547998,-0.9585244906867889
20260818-191426,1787080548041,0.9585244906867889
20260818-191426,1787080548041,-0.9585244906867889
20260818-191426,1787080548041,-0.9585244906867889
20260818-191426,1787080548043,-0.9585244906867889
20260818-191426,1787080548027,-0.6647635876522344
20260818-191426,1787080548129,-0.5874609551037465
20260818-191426,1787080548096,-0.5874609551037465
20260818-191426,1787080548537,-0.5874609551037465
20260818-191426,1787080548455,0.5874609551037465
20260818-191426,1787080548639,-0.5874609551037465
20260818-191426,1787080548741,-0.5874609551037465
20260818-191426,1787080548843,-0.5874609551037465
20260818-191426,1787080548945,0.5874609551037465
20260818-191426,1787080549149,0.5874609551037465
20260818-191426,1787080549251,-0.5874609551037465
20260818-191426,1787080549123,-0.5874609551037465
20260818-191426,1787080549353,-0.5874609551037465
20260818-191426,1787080549455,-0.5874609551037465
20260818-191426,1787080549382,0.5874609551037465
20260818-191426,1787080549557,0.5874609551037465
20260818-191426,1787080549659,0.5874609551037465
20260818-191426,1787080549761,0.5874609551037465
20260818-191426,1787080549863,-0.5874609551037465
20260818-191426,1787080549965,-0.5874609551037465
20260818-191426,1787080550067,-0.5874609551037465
20260818-191426,1787080550169,-0.5874609551037465
20260818-191426,1787080550271,0.5874609551037465
20260818-191426,1787080550212,0.5874609551037465
20260818-191426,1787080550373,-0.5874609551037465
20260818-191426,1787080550475,0.5874609551037465
20260818-191426,1787080550577,0.5874609551037465
20260818-191426,1787080550463,0.5874609551037465
20260818-191426,1787080550679,-0.5874609551037465
20260818-191426,1787080550781,0.5874609551037465
20260818-191426,1787080550883,0.5874609551037465
20260818-191426,1787080550985,-0.5874609551037465
20260818-191426,1787080551087,0.5874609551037465
20260818-191426,1787080551189,-0.5874609551037465
20260818-191426,1787080551291,-0.5874609551037465
20260818-191426,1787080551393,-0.5874609551037465
20260818-191426,1787080551495,0.5874609551037465
20260818-191426,1787080551389,-0.5874609551037465
20260818-191426,1787080551597,-0.5874609551037465
20260818-191426,1787080551699,0.5874609551037465
20260818-191426,1787080551801,-0.5874609551037465
20260818-191426,1787080551903,-0.5874609551037465
20260818-191426,1787080552005,0.5874609551037465
20260818-191426,1787080551875,0.5874609551037465
20260818-191426,1787080552107,0.5874609551037465
20260818-191426,1787080552209,-0.5874609551037465
20260818-191426,1787080552311,-0.5874609551037465
20260818-191426,1787080552413,-0.5874609551037465
20260818-191426,1787080552515,-0.5874609551037465
20260818-191426,1787080552617,-0.5874609551037465
20260818-191426,1787080552719,-0.5874609551037465
20260818-191426,1787080552821,0.5874609551037465
20260818-191426,1787080552923,-0.5874609551037465
20260818-191426,1787080553025,-0.5874609551037465
20260818-191426,1787080553127,0.5874609551037465
20260818-191426,1787080553229,-0.5874609551037465
20260818-191426,1787080553331,-0.5874609551037465
20260818-191426,1787080553433,0.5874609551037465
20260818-191426,1787080553289,-0.5874609551037465
20260818-191426,1787080553535,-0.5874609551037465
20260818-191426,1787080553637,0.5874609551037465
20260818-191426,1787080553739,-0.5874609551037465
20260818-191426,1787080553841,-0.5874609551037465
20260818-191426,1787080553943,-0.5874609551037465
20260818-191426,1787080554045,-0.5874609551037465
20260818-191426,1787080554147,0.5874609551037465
20260818-191426,1787080554249,0.5874609551037465
20260818-191426,1787080554131,-0.5874609551037465
20260818-191426,1787080554351,-0.5874609551037465
20260818-191426,1787080554453,-0.5874609551037465
20260818-191426,1787080554555,0.5874609551037465
20260818-191426,1787080554443,-0.5874609551037465
20260818-191426,1787080554657,0.5874609551037465
20260818-191426,1787080554759,-0.5874609551037465
20260818-191426,1787080554861,-0.5874609551037465
20260818-191426,1787080554963,0.5874609551037465
20260818-191426,1787080555065,0.5874609551037465
20260818-191426,1787080555167,0.5874609551037465
20260818-191426,1787080555027,0.5874609551037465
20260818-191426,1787080555269,-0.5874609551037465
20260818-191426,1787080555371,-0.5874609551037465
20260818-191426,1787080555473,-0.5874609551037465
20260818-191426,1787080555575,0.5874609551037465
20260818-191426,1787080555677,-0.5874609551037465
20260818-191426,1787080555779,-0.5874609551037465
20260818-191426,1787080555881,-0.5874609551037465
20260818-191426,1787080555831,-0.5874609551037465
20260818-191426,1787080555983,0.5874609551037465
20260818-191426,1787080556085,-0.5874609551037465
20260818-191426,1787080556187,-0.5874609551037465
20260818-191426,1787080556289,0.5874609551037465
20260818-191426,1787080556391,-0.5874609551037465
20260818-191426,1787080556493,0.5874609551037465
20260818-191426,1787080556595,0.5874609551037465
20260818-191426,1787080556697,-0.5874609551037465
20260818-191426,1787080556799,-0.5874609551037465
20260818-191426,1787080556901,-0.5874609551037465
20260818-191426,1787080557003,0.5874609551037465
20260818-191426,1787080557105,0.5874609551037465
20260818-191426,1787080557207,-0.5874609551037465
20260818-191426,1787080557309,-0.5874609551037465
20260818-191426,1787080557411,-0.5874609551037465
20260818-191426,1787080557513,-0.5874609551037465
20260818-191426,1787080557615,-0.5874609551037465
20260818-191426,1787080557717,-0.5874609551037465
20260818-191426,1787080557819,0.5874609551037465
20260818-191426,1787080557921,-0.5874609551037465
20260818-191426,1787080558023,-0.5874609551037465
20260818-191426,1787080558125,-0.5874609551037465
20260818-191426,1787080558227,0.5874609551037465
20260818-191426,1787080558329,-0.5874609551037465
20260818-191426,1787080558431,-0.5874609551037465
20260818-191426,1787080558533,-0.5874609551037465
20260818-191426,1787080558635,0.5874609551037465
20260818-191426,1787080558737,0.5874609551037465
20260818-191426,1787080558664,0.5874609551037465
20260818-191426,1787080558839,-0.5874609551037465
20260818-191426,1787080558941,0.5874609551037465
20260818-191426,1787080559043,-0.5874609551037465
20260818-191426,1787080559145,-0.5874609551037465
20260818-191426,1787080559082,-0.5874609551037465
20260818-191426,1787080559247,-0.5874609551037465
20260818-191426,1787080559202,-0.5874609551037465
20260818-191426,1787080559349,0.5874609551037465
20260818-191426,1787080559451,-0.5874609551037465
20260818-191426,1787080559553,-0.5874609551037465
20260818-191426,1787080559422,-0.5874609551037465
20260818-191426,1787080559655,-0.5874609551037465
20260818-191426,1787080559757,-0.5874609551037465
20260818-191426,1787080559859,-0.5874609551037465
20260818-191426,1787080559961,-0.5874609551037465
20260818-191426,1787080560063,-0.5874609551037465
20260818-191426,1787080559969,0.5874609551037465
20260818-191426,1787080560165,0.5874609551037465
20260818-191426,1787080560267,0.5874609551037465
20260818-191426,1787080560227,-0.5874609551037465
20260818-191426,1787080560369,-0.5874609551037465
20260818-191426,1787080560471,0.5874609551037465
20260818-191426,1787080560350,-0.5874609551037465
20260818-191426,1787080560573,-0.5874609551037465
20260818-191426,1787080560675,-0.5874609551037465
20260818-191426,1787080560530,-0.5874609551037465
20260818-191426,1787080560777,-0.5874609551037465
20260818-191426,1787080560879,0.5874609551037465
20260818-191426,1787080560981,0.5874609551037465
20260818-191426,1787080560899,-0.5874609551037465
20260818-191426,1787080561083,-0.5874609551037465
20260818-191426,1787080561018,0.5874609551037465
20260818-191426,1787080561185,0.5874609551037465
20260818-191426,1787080561287,0.5874609551037465
20260818-191426,1787080561389,-0.5874609551037465
20260818-191426,1787080568123,-0.5874609551037465
20260818-191426,1787080568429,0.5874609551037465
20260818-191426,1787080568531,0.5874609551037465
20260818-191426,1787080568560,-0.5874609551037465
20260818-191426,1787080568584,-0.5874609551037465
20260818-191426,1787080568584,-0.5874609551037465
20260818-191426,1787080568584,0.5874609551037465
20260818-191426,1787080568584,0.5874609551037465
20260818-191426,1787080568584,-0.5874609551037465
20260818-191426,1787080568584,0.5874609551037465
20260818-191426,1787080568584,0.5874609551037465
20260818-191426,1787080568594,-0.5874609551037465
20260818-191426,1787080568596,-0.5874609551037465
20260818-191426,1787080568596,0.5874609551037465
20260818-191426,1787080568596,-0.5874609551037465
20260818-191426,1787080568596,0.5874609551037465
20260818-191426,1787080568596,0.5874609551037465
20260818-191426,1787080568596,0.5874609551037465
20260818-191426,1787080568596,-0.5874609551037465
20260818-191426,1787080568601,-0.5874609551037465
20260818-191426,1787080568601,0.5874609551037465
20260818-191426,1787080568601,-0.5874609551037465
20260818-191426,1787080568601,0.5874609551037465
20260818-191426,1787080568601,-0.5874609551037465
20260818-191426,1787080568601,-0.5874609551037465
20260818-191426,1787080568611,0.5874609551037465
20260818-191426,1787080568633,0.0
20260818-191727,1787080680188,0.695636580899829
20260818-191727,1787080680188,0.695636580899829
20260818-191727,1787080680188,-0.695636580899829
20260818-191727,1787080680188,0.695636580899829
20260818-191727,1787080680188,0.695636580899829
20260818-191727,1787080680188,-0.695636580899829
20260818-191727,1787080680188,0.695636580899829
20260818-191727,1787080680188,0.695636580899829
20260818-191727,1787080680188,0.695636580899829
20260818-191727,1787080680188,0.695636580899829
20260818-191727,1787080680188,0.695636580899829
20260818-191727,1787080680188,-0.695636580899829
20260818-191727,1787080680188,0.695636580899829
20260818-191727,1787080680188,0.695636580899829
20260818-191727,1787080680188,0.695636580899829
20260818-191727,1787080680188,0.695636580899829
20260818-191727,1787080680188,0.695636580899829
20260818-191727,1787080680188,-0.695636580899829
20260818-191727,1787080680188,-0.695636580899829
20260818-191727,1787080680227,-0.695636580899829
20260818-191727,1787080680223,0.3555849643221369
20260818-191727,1787080680325,-0.3555849643221369
20260818-191727,1787080680427,0.3555849643221369
20260818-191727,1787080680529,-0.3555849643221369
20260818-191727,1787080680631,0.3555849643221369
20260818-191727,1787080680733,-0.3555849643221369
20260818-191727,1787080680835,0.3555849643221369
20260818-191727,1787080680937,-0.3555849643221369
20260818-191727,1787080681039,0.3555849643221369
20260818-191727,1787080681141,0.3555849643221369
20260818-191727,1787080681243,0.3555849643221369
20260818-191727,1787080681345,-0.3555849643221369
20260818-191727,1787080681447,0.3555849643221369
20260818-191727,1787080681549,0.3555849643221369
20260818-191727,1787080681651,0.3555849643221369
20260818-191727,1787080681535,0.3555849643221369
20260818-191727,1787080681753,0.3555849643221369
20260818-191727,1787080681855,-0.3555849643221369
20260818-191727,1787080681957,-0.3555849643221369
20260818-191727,1787080682059,-0.3555849643221369
20260818-191727,1787080682161,0.3555849643221369
20260818-191727,1787080682263,-0.3555849643221369
20260818-191727,1787080682365,0.3555849643221369
20260818-191727,1787080682467,0.3555849643221369
20260818-191727,1787080682569,0.3555849643221369
20260818-191727,1787080682671,0.3555849643221369
20260818-191727,1787080682773,0.3555849643221369
20260818-191727,1787080682875,0.3555849643221369
20260818-191727,1787080682977,-0.3555849643221369
20260818-191727,1787080683079,-0.3555849643221369
20260818-191727,1787080683181,-0.3555849643221369
20260818-191727,1787080683283,-0.3555849643221369
20260818-191727,1787080683385,-0.3555849643221369
20260818-191727,1787080683273,0.3555849643221369
20260818-191727,1787080683487,-0.3555849643221369
20260818-191727,1787080683382,-0.3555849643221369
20260818-191727,1787080683589,0.3555849643221369
20260818-191727,1787080683484,0.3555849643221369
20260818-191727,1787080683691,0.3555849643221369
20260818-191727,1787080683793,0.3555849643221369
20260818-191727,1787080683895,0.3555849643221369
20260818-191727,1787080683997,0.3555849643221369
20260818-191727,1787080684099,0.3555849643221369
20260818-191727,1787080683949,-0.3555849643221369
20260818-191727,1787080684201,-0.3555849643221369
20260818-191727,1787080684303,-0.3555849643221369
20260818-191727,1787080684405,-0.3555849643221369
20260818-191727,1787080684251,-0.3555849643221369
20260818-191727,1787080684507,0.3555849643221369
20260818-191727,1787080684609,0.3555849643221369
20260818-191727,1787080684711,-0.3555849643221369
20260818-191727,1787080684634,-0.3555849643221369
20260818-191727,1787080684813,-0.3555849643221369
20260818-191727,1787080684915,-0.3555849643221369
20260818-191727,1787080685017,-0.3555849643221369
20260818-191727,1787080685119,-0.3555849643221369
20260818-191727,1787080685221,0.3555849643221369
20260818-191727,1787080685323,0.3555849643221369
20260818-191727,1787080685425,0.3555849643221369
20260818-191727,1787080685527,0.3555849643221369
20260818-191727,1787080685935,-0.3555849643221369
20260818-191727,1787080686037,0.3555849643221369
20260818-191727,1787080687465,-0.3555849643221369
20260818-191727,1787080687567,-0.3555849643221369
20260818-191727,1787080687669,-0.3555849643221369
20260818-191727,1787080687771,-0.3555849643221369
20260818-191727,1787080687873,-0.3555849643221369
20260818-191727,1787080687975,-0.3555849643221369
20260818-191727,1787080688077,-0.3555849643221369
20260818-191727,1787080688179,-0.3555849643221369
20260818-191727,1787080688281,-0.3555849643221369
20260818-191727,1787080688383,0.3555849643221369
20260818-191727,1787080688485,0.3555849643221369
20260818-191727,1787080688587,-0.3555849643221369
20260818-191727,1787080688689,0.3555849643221369
20260818-191727,1787080688791,0.3555849643221369
20260818-191727,1787080688893,0.3555849643221369
20260818-191727,1787080688995,0.3555849643221369
20260818-191727,1787080689097,0.3555849643221369
20260818-191727,1787080689006,0.3555849643221369
20260818-191727,1787080689199,0.3555849643221369
20260818-191727,1787080689301,-0.3555849643221369
20260818-191727,1787080689170,0.3555849643221369
20260818-191727,1787080689403,-0.3555849643221369
20260818-191727,1787080689505,0.3555849643221369
20260818-191727,1787080689349,-0.3555849643221369
20260818-191727,1787080689607,-0.3555849643221369
20260818-191727,1787080689709,0.3555849643221369
20260818-191727,1787080689811,0.3555849643221369
20260818-191727,1787080689913,-0.3555849643221369
20260818-191727,1787080690015,-0.3555849643221369
20260818-191727,1787080690117,-0.3555849643221369
20260818-191727,1787080690219,0.3555849643221369
20260818-191727,1787080690321,0.3555849643221369
20260818-191727,1787080690423,-0.3555849643221369
20260818-191727,1787080690525,-0.3555849643221369
20260818-191727,1787080690627,0.3555849643221369
20260818-191727,1787080690729,-0.3555849643221369
20260818-191727,1787080690831,0.3555849643221369
20260818-191727,1787080690933,0.3555849643221369
20260818-191727,1787080691035,0.3555849643221369
20260818-191727,1787080690881,-0.3555849643221369
20260818-191727,1787080691137,-0.3555849643221369
20260818-191727,1787080691239,-0.3555849643221369
20260818-191727,1787080691341,0.3555849643221369
20260818-191727,1787080691443,0.3555849643221369
20260818-191727,1787080691545,-0.3555849643221369
20260818-191727,1787080691647,0.3555849643221369
20260818-191727,1787080691749,-0.3555849643221369
20260818-191727,1787080691851,-0.3555849643221369
20260818-191727,1787080691953,0.3555849643221369
20260818-191727,1787080692055,-0.3555849643221369
20260818-191727,1787080692157,0.3555849643221369
20260818-191727,1787080692259,0.3555849643221369
20260818-191727,1787080692361,-0.3555849643221369
20260818-191727,1787080692463,-0.3555849643221369
20260818-191727,1787080692565,-0.3555849643221369
20260818-191727,1787080692667,-0.3555849643221369
20260818-191727,1787080692769,-0.3555849643221369
20260818-191727,1787080692871,0.3555849643221369
20260818-191727,1787080692973,-0.3555849643221369
20260818-191727,1787080692844,-0.3555849643221369
20260818-191727,1787080693075,-0.3555849643221369
20260818-191727,1787080693177,-0.3555849643221369
20260818-191727,1787080693279,-0.3555849643221369
20260818-191727,1787080693381,0.3555849643221369
20260818-191727,1787080693483,-0.3555849643221369
20260818-191727,1787080693585,-0.3555849643221369
20260818-191727,1787080693687,0.3555849643221369
20260818-191727,1787080693615,-0.3555849643221369
20260818-191727,1787080693789,-0.3555849643221369
20260818-191727,1787080693891,-0.3555849643221369
20260818-191727,1787080693993,0.3555849643221369
20260818-191727,1787080694095,0.3555849643221369
20260818-191727,1787080694197,-0.3555849643221369
20260818-191727,1787080694060,-0.3555849643221369
20260818-191727,1787080694299,0.3555849643221369
20260818-191727,1787080694401,-0.3555849643221369
20260818-191727,1787080694503,0.3555849643221369
20260818-191727,1787080694605,0.3555849643221369
20260818-191727,1787080694707,0.3555849643221369
20260818-191727,1787080694583,0.3555849643221369
20260818-191727,1787080694809,-0.3555849643221369
20260818-191727,1787080694911,0.3555849643221369
20260818-191727,1787080695013,0.3555849643221369
20260818-191727,1787080695115,-0.3555849643221369
20260818-191727,1787080695217,-0.3555849643221369
20260818-191727,1787080695150,0.3555849643221369
20260818-191727,1787080695319,0.3555849643221369
20260818-191727,1787080695421,0.3555849643221369
20260818-191727,1787080695523,-0.3555849643221369
20260818-191727,1787080695625,0.3555849643221369
20260818-191727,1787080695727,0.3555849643221369
20260818-191727,1787080695829,0.3555849643221369
20260818-191727,1787080695931,-0.3555849643221369
20260818-191727,1787080695768,-0.3555849643221369
20260818-191727,1787080696033,0.3555849643221369
20260818-191727,1787080696135,0.3555849643221369
20260818-191727,1787080696237,0.3555849643221369
20260818-191727,1787080696145,-0.3555849643221369
20260818-191727,1787080696339,0.3555849643221369
20260818-191727,1787080696441,0.3555849643221369
20260818-191727,1787080696543,-0.3555849643221369
20260818-191727,1787080696645,-0.3555849643221369
20260818-191727,1787080696747,0.3555849643221369
20260818-191727,1787080696849,-0.3555849643221369
20260818-191727,1787080696951,-0.3555849643221369
20260818-191727,1787080697053,-0.3555849643221369
20260818-191727,1787080697155,-0.3555849643221369
20260818-191727,1787080697052,0.3555849643221369
20260818-191727,1787080697257,0.3555849643221369
20260818-191727,1787080697359,0.3555849643221369
20260818-191727,1787080697461,-0.3555849643221369
20260818-191727,1787080697563,-0.3555849643221369
20260818-191727,1787080697665,0.3555849643221369
20260818-191727,1787080697555,0.3555849643221369
20260818-191727,1787080697767,-0.3555849643221369
20260818-191727,1787080697869,-0.3555849643221369
20260818-191727,1787080697971,0.3555849643221369
20260818-191727,1787080698073,-0.3555849643221369
20260818-191727,1787080698175,0.3555849643221369
20260818-191727,1787080698277,-0.3555849643221369
20260818-191727,1787080698379,-0.3555849643221369
20260818-191727,1787080698481,-0.3555849643221369
20260818-191727,1787080698583,0.3555849643221369
20260818-191727,1787080698685,-0.3555849643221369
20260818-191727,1787080698787,-0.3555849643221369
20260818-191727,1787080698889,-0.3555849643221369
20260818-191727,1787080698991,-0.3555849643221369
20260818-191727,1787080698848,-0.3555849643221369
20260818-191727,1787080709475,-0.3555849643221369
20260818-191727,1787080709497,-0.3092028826984754
20260818-191727,1787080709483,-0.3092028826984754
20260818-191727,1787080709541,-0.3092028826984754
20260818-191727,1787080709541,0.3092028826984754
20260818-191727,1787080709541,-0.3092028826984754
20260818-191727,1787080709541,-0.3092028826984754
20260818-191727,1787080709541,-0.3092028826984754
20260818-191727,1787080709541,-0.3092028826984754
20260818-191727,1787080709541,0.3092028826984754
20260818-191727,1787080709541,0.3092028826984754
20260818-191727,1787080709541,-0.3092028826984754
20260818-191727,1787080709543,-0.3092028826984754
20260818-191727,1787080709543,-0.3092028826984754
20260818-191727,1787080709550,-0.3092028826984754
20260818-191727,1787080709557,0.3092028826984754
20260818-191727,1787080709557,-0.3092028826984754
20260818-191727,1787080709599,-0.0
20260818-191727,1787080709701,-0.0
20260818-191727,1787080709803,-0.0
20260818-191727,1787080709905,-0.0
20260818-191727,1787080710007,-0.0
20260818-191727,1787080710109,0.0
20260818-191727,1787080710211,-0.0
20260818-191727,1787080710313,-0.0
20260818-191727,1787080710415,-0.0
20260818-191727,1787080710517,-0.0
20260818-191727,1787080710619,0.0
20260818-191727,1787080710721,-0.0
20260818-191727,1787080710615,-0.0
20260818-191727,1787080710823,-0.0
20260818-191727,1787080710925,0.0
20260818-191727,1787080711027,-0.0
20260818-191727,1787080711129,0.0
20260818-191727,1787080711231,0.0
20260818-191727,1787080711333,0.0
20260818-191727,1787080711435,-0.0
20260818-191727,1787080711537,-0.0
20260818-191727,1787080711639,0.0
20260818-191727,1787080711741,0.0
20260818-191727,1787080711843,-0.0
20260818-191727,1787080711945,0.0
20260818-191727,1787080712047,-0.0
20260818-191727,1787080712149,-0.0
20260818-191727,1787080712251,-0.0
20260818-191727,1787080712353,-0.0
20260818-191727,1787080712455,-0.0
20260818-191727,1787080712557,0.0
20260818-191727,1787080712659,-0.0
20260818-191727,1787080712761,-0.0
20260818-191727,1787080712863,0.0
20260818-191727,1787080712965,-0.0
20260818-191727,1787080712896,0.0
20260818-191727,1787080713067,-0.0
20260818-191727,1787080713059,-0.0
20260818-191727,1787080713169,0.0
20260818-191727,1787080713271,0.0
20260818-191727,1787080713123,-0.0
20260818-191727,1787080713373,-0.0
20260818-191727,1787080713475,-0.0
20260818-191727,1787080713404,-0.0
20260818-191727,1787080713577,0.0
20260818-191727,1787080713679,-0.0
20260818-191727,1787080713781,0.0
20260818-191727,1787080713883,0.0
20260818-191727,1787080713985,-0.0
20260818-191727,1787080714087,0.0
20260818-191727,1787080714189,-0.0
20260818-191727,1787080714291,-0.0
20260818-191727,1787080714393,-0.0
20260818-191727,1787080714495,-0.0
20260818-191727,1787080714597,0.0
20260818-191727,1787080714699,0.0
20260818-191727,1787080714801,0.0
20260818-191727,1787080714903,0.0
20260818-191727,1787080715005,-0.0
20260818-191727,1787080715107,0.0
20260818-191727,1787080715209,-0.0
20260818-191727,1787080715060,-0.0
20260818-191727,1787080715311,0.0
20260818-191727,1787080715413,0.0
20260818-191727,1787080715251,-0.0
20260818-191727,1787080715515,0.0
20260818-191727,1787080715617,0.0
20260818-191727,1787080715719,-0.0
20260818-191727,1787080715821,0.0
20260818-191727,1787080715923,-0.0
20260818-191727,1787080716025,0.0
20260818-191727,1787080716127,0.0
20260818-191727,1787080716229,-0.0
20260818-191727,1787080716201,-0.0
20260818-191727,1787080716331,0.0
20260818-191727,1787080716433,-0.0
20260818-191727,1787080716258,0.0
20260818-191727,1787080716535,-0.0
20260818-191727,1787080716637,0.0
20260818-191727,1787080716739,0.0
20260818-191727,1787080716841,-0.0
20260818-191727,1787080716943,-0.0
20260818-191727,1787080717045,-0.0
20260818-191727,1787080717147,0.0
20260818-191727,1787080717060,0.0
20260818-191727,1787080717249,-0.0
20260818-191727,1787080717351,0.0
20260818-191727,1787080717453,-0.0
20260818-191727,1787080717555,-0.0
20260818-191727,1787080717426,0.0
20260818-191727,1787080717657,-0.0
20260818-191727,1787080717759,0.0
20260818-191727,1787080717861,0.0
20260818-191727,1787080717963,0.0
20260818-191727,1787080718065,-0.0
20260818-191727,1787080718167,-0.0
20260818-191727,1787080718269,-0.0
20260818-191727,1787080718185,0.0
20260818-191727,1787080718371,-0.0
20260818-191727,1787080718473,-0.0
20260818-191727,1787080718317,0.0
20260818-191727,1787080718575,0.0
20260818-191727,1787080718561,-0.0
20260818-191727,1787080718677,0.0
20260818-191727,1787080718637,-0.0
20260818-191727,1787080718779,-0.0
20260818-191727,1787080718694,-0.0
20260818-191727,1787080718881,0.0
20260818-191727,1787080718983,0.0
20260818-191727,1787080718944,0.0
20260818-191727,1787080719060,0.0
20260818-191727,1787080719085,0.0
20260818-191727,1787080719187,0.0
20260818-191727,1787080719065,-0.0
20260818-191727,1787080719289,-0.0
20260818-191727,1787080719391,-0.0
20260818-191727,1787080719493,0.0
20260818-191727,1787080719595,-0.0
20260818-191727,1787080719509,0.0
20260818-191727,1787080719697,-0.0
20260818-191727,1787080719799,-0.0
20260818-191727,1787080719901,-0.0
20260818-191727,1787080720003,-0.0
20260818-191727,1787080720105,-0.0
20260818-191727,1787080720207,-0.0
20260818-191727,1787080720309,0.0
20260818-191727,1787080720227,-0.0
20260818-191727,1787080720411,0.0
20260818-191727,1787080720513,0.0
20260818-191727,1787080720615,-0.0
20260818-191727,1787080720717,0.0
20260818-191727,1787080720819,-0.0
20260818-191727,1787080720921,0.0
20260818-191727,1787080721023,0.0
20260818-191727,1787080721125,0.0
20260818-191727,1787080721060,-0.0
20260818-191727,1787080721227,-0.0
20260818-191727,1787080721329,0.0
20260818-191727,1787080721431,0.0
20260818-191727,1787080721533,-0.0
20260818-191727,1787080721635,-0.0
20260818-191727,1787080721737,0.0
20260818-191727,1787080721839,-0.0
20260818-191727,1787080721941,-0.0
20260818-191727,1787080722043,0.0
20260818-191727,1787080722145,-0.0
20260818-191727,1787080722247,-0.0
20260818-191727,1787080722349,0.0
20260818-191727,1787080722451,0.0
20260818-191727,1787080722396,-0.0
20260818-192029,1787080835263,2.1024723374167915
20260818-192029,1787080835604,2.1024723374167915
20260818-192029,1787080835805,2.1024723374167915
20260818-192029,1787080835365,1.3603223345609075
20260818-192029,1787080835467,1.3603223345609075
20260818-192029,1787080835569,1.3603223345609075
20260818-192029,1787080835671,1.3603223345609075
20260818-192029,1787080835773,1.3603223345609075
20260818-192029,1787080835875,1.3603223345609075
20260818-192029,1787080835977,1.3603223345609075
20260818-192029,1787080836079,1.3603223345609075
20260818-192029,1787080836181,1.3603223345609075
20260818-192029,1787080836283,1.3603223345609075
20260818-192029,1787080836385,1.3603223345609075
20260818-192029,1787080836487,1.3603223345609075
20260818-192029,1787080836589,1.3603223345609075
20260818-192029,1787080836528,1.3603223345609075
20260818-192029,1787080836691,1.3603223345609075
20260818-192029,1787080836793,1.3603223345609075
20260818-192029,1787080836895,1.3603223345609075
20260818-192029,1787080836997,1.3603223345609075
20260818-192029,1787080837099,1.3603223345609075
20260818-192029,1787080837201,1.3603223345609075
20260818-192029,1787080837303,1.3603223345609075
20260818-192029,1787080837405,1.3603223345609075
20260818-192029,1787080837507,1.3603223345609075
20260818-192029,1787080837609,1.3603223345609075
20260818-192029,1787080837704,1.3603223345609075
20260818-192029,1787080837708,1.3603223345609075
20260818-192029,1787080837708,1.3603223345609075
20260818-192029,1787080837708,1.3603223345609075
20260818-192029,1787080837708,1.3603223345609075
20260818-192029,1787080837708,1.3603223345609075
20260818-192029,1787080837708,1.3603223345609075
20260818-192029,1787080837708,1.3603223345609075
20260818-192029,1787080837708,1.3603223345609075
20260818-192029,1787080837708,1.3603223345609075
20260818-192029,1787080837708,1.3603223345609075
20260818-192029,1787080837708,1.3603223345609075
20260818-192029,1787080837708,1.3603223345609075
20260818-192029,1787080837720,1.3603223345609075
20260818-192029,1787080837720,1.3603223345609075
20260818-192029,1787080837720,1.3603223345609075
20260818-192029,1787080837720,1.3603223345609075
20260818-192029,1787080837724,1.0356663392227157
20260818-192029,1787080837711,1.0356663392227157
20260818-192029,1787080837724,1.0356663392227157
20260818-192029,1787080837734,1.0356663392227157
20260818-192029,1787080837734,1.0356663392227157
20260818-192029,1787080837734,1.0356663392227157
20260818-192029,1787080837734,1.0356663392227157
20260818-192029,1787080837734,1.0356663392227157
20260818-192029,1787080837734,1.0356663392227157
20260818-192029,1787080837734,1.0356663392227157
20260818-192029,1787080837734,1.0356663392227157
20260818-192029,1787080837734,1.0356663392227157
20260818-192029,1787080837734,1.0356663392227157
20260818-192029,1787080837734,1.0356663392227157
20260818-192029,1787080837734,1.0356663392227157
20260818-192029,1787080837734,1.0356663392227157
20260818-192029,1787080837734,1.0356663392227157
20260818-192029,1787080837734,1.0356663392227157
20260818-192029,1787080837746,1.0356663392227157
20260818-192029,1787080837752,1.0356663392227157
20260818-192029,1787080837781,1.0356663392227157
20260818-192029,1787080837813,0.633740498723758
20260818-192029,1787080837915,0.633740498723758
20260818-192029,1787080838017,0.633740498723758
20260818-192029,1787080838031,0.633740498723758
20260818-192029,1787080838119,0.633740498723758
20260818-192029,1787080838221,0.633740498723758
20260818-192029,1787080838323,0.633740498723758
20260818-192029,1787080838425,0.633740498723758
20260818-192029,1787080838527,0.633740498723758
20260818-192029,1787080838629,0.633740498723758
20260818-192029,1787080838731,0.633740498723758
20260818-192029,1787080838833,0.633740498723758
20260818-192029,1787080838935,0.633740498723758
20260818-192029,1787080838880,0.633740498723758
20260818-192029,1787080839037,0.633740498723758
20260818-192029,1787080839139,0.633740498723758
20260818-192029,1787080838997,0.633740498723758
20260818-192029,1787080839241,0.633740498723758
20260818-192029,1787080839343,0.633740498723758
20260818-192029,1787080839445,0.633740498723758
20260818-192029,1787080839547,0.633740498723758
20260818-192029,1787080839649,0.633740498723758
20260818-192029,1787080839751,0.633740498723758
20260818-192029,1787080839853,0.633740498723758
20260818-192029,1787080839764,0.633740498723758
20260818-192029,1787080839955,0.633740498723758
20260818-192029,1787080840057,0.633740498723758
20260818-192029,1787080840008,0.633740498723758
20260818-192029,1787080840159,0.633740498723758
20260818-192029,1787080840078,0.633740498723758
20260818-192029,1787080840261,0.633740498723758
20260818-192029,1787080840363,0.633740498723758
20260818-192029,1787080840465,0.633740498723758
20260818-192029,1787080840567,0.633740498723758
20260818-192029,1787080840669,0.633740498723758
20260818-192029,1787080840771,0.633740498723758
20260818-192029,1787080840873,0.633740498723758
20260818-192029,1787080840975,0.633740498723758
20260818-192029,1787080841077,0.633740498723758
20260818-192029,1787080841179,0.633740498723758
20260818-192029,1787080841130,0.633740498723758
20260818-192029,1787080841281,0.633740498723758
20260818-192029,1787080841383,0.633740498723758
20260818-192029,1787080841260,0.633740498723758
20260818-192029,1787080841485,0.633740498723758
20260818-192029,1787080841587,0.633740498723758
20260818-192029,1787080841689,0.633740498723758
20260818-192029,1787080841791,0.633740498723758
20260818-192029,1787080841893,0.633740498723758
20260818-192029,1787080841995,0.633740498723758
20260818-192029,1787080842097,0.633740498723758
20260818-192029,1787080842199,0.633740498723758
20260818-192029,1787080842301,0.633740498723758
20260818-192029,1787080842403,0.633740498723758
20260818-192029,1787080842255,0.633740498723758
20260818-192029,1787080842505,0.633740498723758
20260818-192029,1787080842607,0.633740498723758
20260818-192029,1787080842709,0.633740498723758
20260818-192029,1787080842811,0.633740498723758
20260818-192029,1787080842913,0.633740498723758
20260818-192029,1787080843015,0.633740498723758
20260818-192029,1787080842862,0.633740498723758
20260818-192029,1787080843117,0.633740498723758
20260818-192029,1787080843219,0.633740498723758
20260818-192029,1787080843321,0.633740498723758
20260818-192029,1787080843168,0.633740498723758
20260818-192029,1787080843375,0.633740498723758
20260818-192029,1787080843377,0.633740498723758
20260818-192029,1787080843423,0.633740498723758
20260818-192029,1787080843525,0.633740498723758
20260818-192029,1787080843379,0.633740498723758
20260818-192029,1787080843627,0.633740498723758
20260818-192029,1787080843729,0.633740498723758
20260818-192029,1787080843831,0.633740498723758
20260818-192029,1787080843933,0.633740498723758
20260818-192029,1787080843813,0.633740498723758
20260818-192029,1787080844035,0.633740498723758
20260818-192029,1787080844137,0.633740498723758
20260818-192029,1787080844198,0.633740498723758
20260818-192029,1787080844198,0.633740498723758
20260818-192029,1787080844198,0.633740498723758
20260818-192029,1787080844198,0.633740498723758
20260818-192029,1787080844201,0.633740498723758
20260818-192029,1787080844201,0.633740498723758
20260818-192029,1787080844205,0.633740498723758
20260818-192029,1787080844215,0.633740498723758
20260818-192029,1787080844215,0.633740498723758
20260818-192029,1787080844225,0.633740498723758
20260818-192029,1787080844225,0.633740498723758
20260818-192029,1787080844225,0.633740498723758
20260818-192029,1787080844225,0.633740498723758
20260818-192029,1787080844225,0.633740498723758
20260818-192029,1787080844239,0.309131672317336
20260818-192029,1787080844244,0.633740498723758
20260818-192029,1787080844244,0.633740498723758
20260818-192029,1787080844244,0.633740498723758
20260818-192029,1787080844244,0.633740498723758
20260818-192029,1787080844244,0.633740498723758
20260818-192029,1787080844244,0.633740498723758
20260818-192029,1787080844244,0.633740498723758
20260818-192029,1787080844244,0.633740498723758
20260818-192029,1787080844244,0.633740498723758
20260818-192029,1787080844260,0.633740498723758
20260818-192029,1787080844267,0.633740498723758
20260818-192029,1787080844272,0.633740498723758
20260818-192029,1787080844278,0.633740498723758
20260818-192029,1787080844279,0.633740498723758
20260818-192029,1787080844281,0.633740498723758
20260818-192029,1787080844239,0.309131672317336
20260818-192029,1787080844288,0.309131672317336
20260818-192029,1787080844341,0.0
20260818-192029,1787080844443,0.0
20260818-192029,1787080844545,0.0
20260818-192029,1787080844647,0.0
20260818-192029,1787080844749,0.0
20260818-192029,1787080844851,0.0
20260818-192029,1787080844953,0.0
20260818-192029,1787080845055,0.0
20260818-192029,1787080845157,0.0
20260818-192029,1787080845259,0.0
20260818-192029,1787080845361,0.0
20260818-192029,1787080845226,0.0
20260818-192029,1787080845463,0.0
20260818-192029,1787080845565,0.0
20260818-192029,1787080845667,0.0
20260818-192029,1787080845597,0.0
20260818-192029,1787080845769,0.0
20260818-192029,1787080845871,0.0
20260818-192029,1787080845798,0.0
20260818-192029,1787080845973,0.0
20260818-192029,1787080846075,0.0
20260818-192029,1787080846177,0.0
20260818-192029,1787080846279,0.0
20260818-192029,1787080846196,0.0
20260818-192029,1787080846381,0.0
20260818-192029,1787080846483,0.0
20260818-192029,1787080846585,0.0
20260818-192029,1787080846687,0.0
20260818-192029,1787080846544,0.0
20260818-192029,1787080846789,0.0
20260818-192029,1787080846712,0.0
20260818-192029,1787080846891,0.0
20260818-192029,1787080846993,0.0
20260818-192029,1787080846913,0.0
20260818-192029,1787080847095,0.0
20260818-192029,1787080847197,0.0
20260818-192029,1787080847299,0.0
20260818-192029,1787080847401,0.0
20260818-192029,1787080847503,0.0
20260818-192029,1787080847605,0.0
20260818-192029,1787080847707,0.0
20260818-192029,1787080847809,0.0
20260818-192029,1787080847911,0.0
20260818-192029,1787080848013,0.0
20260818-192029,1787080848115,0.0
20260818-192029,1787080847992,0.0
20260818-192029,1787080848217,0.0
20260818-192029,1787080848319,0.0
20260818-192029,1787080848421,0.0
20260818-192029,1787080848523,0.0
20260818-192029,1787080848625,0.0
20260818-192029,1787080848541,0.0
20260818-192029,1787080848727,0.0
20260818-192029,1787080848657,0.0
20260818-192029,1787080848829,0.0
20260818-192029,1787080848931,0.0
20260818-192029,1787080849033,0.0
20260818-192029,1787080849135,0.0
20260818-192029,1787080849237,0.0
20260818-192029,1787080849116,0.0
20260818-192029,1787080849339,0.0
20260818-192029,1787080849441,0.0
20260818-193713,1787081837549,0.9738716421721836
20260818-193713,1787081837721,0.9738716421721836
20260818-193713,1787081837823,0.9738716421721836
20260818-193713,1787081837925,0.9738716421721836
20260818-193713,1787081838027,0.9738716421721836
20260818-193713,1787081838129,0.9738716421721836
20260818-193713,1787081838231,0.9738716421721836
20260818-193713,1787081838333,0.9738716421721836
20260818-193713,1787081838435,0.9738716421721836
20260818-193713,1787081838537,0.9738716421721836
20260818-193713,1787081838639,0.9738716421721836
20260818-193713,1787081838527,0.9738716421721836
20260818-193713,1787081838741,0.9738716421721836
20260818-193713,1787081838843,0.9738716421721836
20260818-193713,1787081838945,0.9738716421721836
20260818-193713,1787081839047,0.9738716421721836
20260818-193713,1787081839149,0.9738716421721836
20260818-193713,1787081839251,0.9738716421721836
20260818-193713,1787081839177,0.9738716421721836
20260818-193713,1787081839353,0.9738716421721836
20260818-193713,1787081839455,0.9738716421721836
20260818-193713,1787081839557,0.9738716421721836
20260818-193713,1787081839659,0.9738716421721836
20260818-193713,1787081839571,0.9738716421721836
20260818-193713,1787081839761,0.9738716421721836
20260818-193713,1787081839863,0.9738716421721836
20260818-193713,1787081839965,0.9738716421721836
20260818-193713,1787081839833,0.9738716421721836
20260818-193713,1787081840067,0.9738716421721836
20260818-193713,1787081840169,0.9738716421721836
20260818-193713,1787081840271,0.9738716421721836
20260818-193713,1787081840373,0.9738716421721836
20260818-193713,1787081840475,0.9738716421721836
20260818-193713,1787081840577,0.9738716421721836
20260818-193713,1787081840507,0.9738716421721836
20260818-193713,1787081840679,0.9738716421721836
20260818-193713,1787081840781,0.9738716421721836
20260818-193713,1787081840883,0.9738716421721836
20260818-193713,1787081840985,0.9738716421721836
20260818-193713,1787081841087,0.9738716421721836
20260818-193713,1787081844142,0.9738716421721836
20260818-193713,1787081844142,0.9738716421721836
20260818-193713,1787081844147,0.5255579609292068
20260818-193713,1787081844143,0.5255579609292068
20260818-193713,1787081844143,0.5255579609292068
20260818-193713,1787081844144,0.5255579609292068
20260818-193713,1787081844144,0.5255579609292068
20260818-193713,1787081844144,0.5255579609292068
20260818-193713,1787081844144,0.5255579609292068
20260818-193713,1787081844144,0.5255579609292068
20260818-193713,1787081844144,0.5255579609292068
20260818-193713,1787081844144,0.5255579609292068
20260818-193713,1787081844144,0.5255579609292068
20260818-193713,1787081844144,0.5255579609292068
20260818-193713,1787081844144,0.5255579609292068
20260818-193713,1787081844144,0.5255579609292068
20260818-193713,1787081844144,0.5255579609292068
20260818-193713,1787081844144,0.5255579609292068
20260818-193713,1787081844158,0.5255579609292068
20260818-193713,1787081844158,0.5255579609292068
20260818-193713,1787081844158,0.5255579609292068
20260818-193713,1787081844249,0.4637247453571492
20260818-193713,1787081844351,0.4637247453571492
20260818-193713,1787081844453,0.4637247453571492
20260818-193713,1787081844555,0.4637247453571492
20260818-193713,1787081844444,0.4637247453571492
20260818-193713,1787081844657,0.4637247453571492
20260818-193713,1787081844759,0.4637247453571492
20260818-193713,1787081844861,0.4637247453571492
20260818-193713,1787081844963,0.4637247453571492
20260818-193713,1787081844968,0.4637247453571492
20260818-193713,1787081844969,0.3555184579777817
20260818-193713,1787081845065,0.3555184579777817
20260818-193713,1787081844969,0.3555184579777817
20260818-193713,1787081845167,0.3555184579777817
20260818-193713,1787081845269,0.3555184579777817
20260818-193713,1787081845371,0.3555184579777817
20260818-193713,1787081845473,0.3555184579777817
20260818-193713,1787081845575,0.3555184579777817
20260818-193713,1787081845429,0.3555184579777817
20260818-193713,1787081845677,0.3555184579777817
20260818-193713,1787081845779,0.3555184579777817
20260818-193713,1787081845881,0.3555184579777817
20260818-193713,1787081845782,0.3555184579777817
20260818-193713,1787081845983,0.3555184579777817
20260818-193713,1787081846085,0.3555184579777817
20260818-193713,1787081846187,0.3555184579777817
20260818-193713,1787081846084,0.3555184579777817
20260818-193713,1787081846289,0.3555184579777817
20260818-193713,1787081846391,0.3555184579777817
20260818-193713,1787081846493,0.3555184579777817
20260818-193713,1787081846373,0.3555184579777817
20260818-193713,1787081846595,0.3555184579777817
20260818-193713,1787081846697,0.3555184579777817
20260818-193713,1787081846799,0.3555184579777817
20260818-193713,1787081846901,0.3555184579777817
20260818-193713,1787081847003,0.3555184579777817
20260818-193713,1787081847105,0.3555184579777817
20260818-193713,1787081847207,0.3555184579777817
20260818-193713,1787081847309,0.3555184579777817
20260818-193713,1787081847411,0.3555184579777817
20260818-193713,1787081847513,0.3555184579777817
20260818-193713,1787081847434,0.3555184579777817
20260818-193713,1787081847615,0.3555184579777817
20260818-193713,1787081847717,0.3555184579777817
20260818-193713,1787081847819,0.3555184579777817
20260818-193713,1787081847921,0.3555184579777817
20260818-193713,1787081848023,0.3555184579777817
20260818-193713,1787081848125,0.3555184579777817
20260818-193713,1787081848227,0.3555184579777817
20260818-193713,1787081848329,0.3555184579777817
20260818-193713,1787081848431,0.3555184579777817
20260818-193713,1787081848533,0.3555184579777817
20260818-193713,1787081848635,0.3555184579777817
20260818-193713,1787081848500,0.3555184579777817
20260818-193713,1787081848737,0.3555184579777817
20260818-193713,1787081848839,0.3555184579777817
20260818-193713,1787081848941,0.3555184579777817
20260818-193713,1787081849043,0.3555184579777817
20260818-193713,1787081849145,0.3555184579777817
20260818-193713,1787081849247,0.3555184579777817
20260818-193713,1787081849170,0.3555184579777817
20260818-193713,1787081849349,0.3555184579777817
20260818-193713,1787081849451,0.3555184579777817
20260818-193713,1787081849360,0.3555184579777817
20260818-193713,1787081849553,0.3555184579777817
20260818-193713,1787081849655,0.3555184579777817
20260818-193713,1787081849543,0.3555184579777817
20260818-193713,1787081849757,0.3555184579777817
20260818-193713,1787081849859,0.3555184579777817
20260818-193713,1787081849961,0.3555184579777817
20260818-193713,1787081850063,0.3555184579777817
20260818-193713,1787081850165,0.3555184579777817
20260818-193713,1787081850036,0.3555184579777817
20260818-193713,1787081850267,0.3555184579777817
20260818-193713,1787081850369,0.3555184579777817
20260818-193713,1787081850471,0.3555184579777817
20260818-193713,1787081850573,0.3555184579777817
20260818-193713,1787081850510,0.3555184579777817
20260818-193713,1787081850675,0.3555184579777817
20260818-193713,1787081850777,0.3555184579777817
20260818-193713,1787081850879,0.3555184579777817
20260818-193713,1787081850981,0.3555184579777817
20260818-193713,1787081851083,0.3555184579777817
20260818-193713,1787081851185,0.3555184579777817
20260818-193713,1787081851287,0.3555184579777817
20260818-193713,1787081851389,0.3555184579777817
20260818-193713,1787081851491,0.3555184579777817
20260818-193713,1787081851593,0.3555184579777817
20260818-193713,1787081851695,0.3555184579777817
20260818-193713,1787081851562,0.3555184579777817
20260818-193713,1787081851797,0.3555184579777817
20260818-193713,1787081851899,0.3555184579777817
20260818-193713,1787081852001,0.3555184579777817
20260818-193713,1787081852103,0.3555184579777817
20260818-193713,1787081852205,0.3555184579777817
20260818-193713,1787081852124,0.3555184579777817
20260818-193713,1787081852307,0.3555184579777817
20260818-193713,1787081852409,0.3555184579777817
20260818-193713,1787081852511,0.3555184579777817
20260818-193713,1787081852613,0.3555184579777817
20260818-193713,1787081852715,0.3555184579777817
20260818-193713,1787081852560,0.3555184579777817
20260818-193713,1787081852817,0.3555184579777817
20260818-193713,1787081852919,0.3555184579777817
20260818-193713,1787081853021,0.3555184579777817
20260818-193713,1787081853123,0.3555184579777817
20260818-193713,1787081853047,0.3555184579777817
20260818-193713,1787081853225,0.3555184579777817
20260818-193713,1787081853159,0.3555184579777817
20260818-193713,1787081853327,0.3555184579777817
20260818-193713,1787081853429,0.3555184579777817
20260818-193713,1787081853531,0.3555184579777817
20260818-193713,1787081853633,0.3555184579777817
20260818-193713,1787081853525,0.3555184579777817
20260818-193713,1787081853735,0.3555184579777817
20260818-193713,1787081853837,0.3555184579777817
20260818-193713,1787081853939,0.3555184579777817
20260818-193713,1787081854041,0.3555184579777817
20260818-193713,1787081854143,0.3555184579777817
20260818-193713,1787081854245,0.3555184579777817
20260818-193713,1787081854347,0.3555184579777817
20260818-193713,1787081854449,0.3555184579777817
20260818-193713,1787081854551,0.3555184579777817
20260818-193713,1787081854653,0.3555184579777817
20260818-193713,1787081854570,0.3555184579777817
20260818-193713,1787081854755,0.3555184579777817
20260818-193713,1787081854857,0.3555184579777817
20260818-193713,1787081854959,0.3555184579777817
20260818-193713,1787081855061,0.3555184579777817
20260818-193713,1787081855163,0.3555184579777817
20260818-193713,1787081855265,0.3555184579777817
20260818-193713,1787081855367,0.3555184579777817
20260818-193713,1787081855227,0.3555184579777817
20260818-193713,1787081855469,0.3555184579777817
20260818-193713,1787081855571,0.3555184579777817
20260818-193713,1787081855428,0.3555184579777817
20260818-193713,1787081855673,0.3555184579777817
20260818-193713,1787081855593,0.3555184579777817
20260818-193713,1787081855775,0.3555184579777817
20260818-193713,1787081855877,0.3555184579777817
20260818-193713,1787081855979,0.3555184579777817
20260818-193713,1787081856081,0.3555184579777817
20260818-193713,1787081856183,0.3555184579777817
20260818-193713,1787081856285,0.3555184579777817
20260818-193713,1787081856387,0.3555184579777817
20260818-193713,1787081856489,0.3555184579777817
20260818-193713,1787081856591,0.3555184579777817
20260818-193713,1787081856693,0.3555184579777817
20260818-193713,1787081856619,0.3555184579777817
20260818-193713,1787081856795,0.3555184579777817
20260818-193713,1787081856897,0.3555184579777817
20260818-193713,1787081856999,0.3555184579777817
20260818-193713,1787081857101,0.3555184579777817
20260818-193713,1787081857203,0.3555184579777817
20260818-193713,1787081857305,0.3555184579777817
20260818-193713,1787081857407,0.3555184579777817
20260818-193713,1787081857509,0.3555184579777817
20260818-193713,1787081857611,0.3555184579777817
20260818-193713,1787081857619,0.3555184579777817
20260818-193713,1787081857713,0.3555184579777817
20260818-193713,1787081857657,0.3555184579777817
20260818-193713,1787081857815,0.3555184579777817
20260818-193713,1787081857917,0.3555184579777817
20260818-193713,1787081858019,0.3555184579777817
20260818-193713,1787081858121,0.3555184579777817
20260818-193713,1787081858223,0.3555184579777817
20260818-193713,1787081858325,0.3555184579777817
20260818-193713,1787081858427,0.3555184579777817
20260818-193713,1787081858529,0.3555184579777817
20260818-193713,1787081858631,0.3555184579777817
20260818-193713,1787081858733,0.3555184579777817
20260818-193713,1787081858665,0.3555184579777817
20260818-193713,1787081858835,0.3555184579777817
20260818-193713,1787081858937,0.3555184579777817
20260818-193713,1787081859039,0.3555184579777817
20260818-193713,1787081859141,0.3555184579777817
20260818-193713,1787081859243,0.3555184579777817
20260818-193713,1787081859345,0.3555184579777817
20260818-193713,1787081859447,0.3555184579777817
20260818-193713,1787081859549,0.3555184579777817
20260818-193713,1787081859651,0.3555184579777817
20260818-193713,1787081859753,0.3555184579777817
20260818-193713,1787081859626,0.3555184579777817
20260818-193713,1787081859855,0.3555184579777817
20260818-193713,1787081859957,0.3555184579777817
20260818-193713,1787081860059,0.3555184579777817
20260818-193713,1787081860161,0.3555184579777817
20260818-193713,1787081860050,0.3555184579777817
20260818-193713,1787081860263,0.3555184579777817
20260818-193713,1787081860365,0.3555184579777817
20260818-193713,1787081860467,0.3555184579777817
20260818-193713,1787081860569,0.3555184579777817
20260818-193713,1787081860671,0.3555184579777817
20260818-193713,1787081860773,0.3555184579777817
20260818-193713,1787081860710,0.3555184579777817
20260818-193713,1787081860875,0.3555184579777817
20260818-193713,1787081860977,0.3555184579777817
20260818-193713,1787081861079,0.3555184579777817
20260818-193713,1787081861181,0.3555184579777817
20260818-193713,1787081861283,0.3555184579777817
20260818-193713,1787081861385,0.3555184579777817
20260818-193713,1787081861487,0.3555184579777817
20260818-193713,1787081861589,0.3555184579777817
20260818-193713,1787081861691,0.3555184579777817
20260818-193713,1787081861659,0.3555184579777817
20260818-193713,1787081861793,0.3555184579777817
20260818-193713,1787081861697,0.3555184579777817
20260818-193713,1787081861895,0.3555184579777817
20260818-193713,1787081861997,0.3555184579777817
20260818-193713,1787081862099,0.3555184579777817
20260818-193713,1787081862201,0.3555184579777817
20260818-193713,1787081862049,0.3555184579777817
20260818-193713,1787081862303,0.3555184579777817
20260818-193713,1787081862198,0.3555184579777817
20260818-193713,1787081862405,0.3555184579777817
20260818-193713,1787081862507,0.3555184579777817
20260818-193713,1787081862609,0.3555184579777817
20260818-193713,1787081862492,0.3555184579777817
20260818-193713,1787081862711,0.3555184579777817
20260818-193713,1787081862655,0.3555184579777817
20260818-193713,1787081862813,0.3555184579777817
20260818-193713,1787081862915,0.3555184579777817
20260818-193713,1787081863017,0.3555184579777817
20260818-193713,1787081863119,0.3555184579777817
20260818-193713,1787081863221,0.3555184579777817
20260818-193713,1787081883111,0.3555184579777817
20260818-193713,1787081882959,0.3555184579777817
20260818-193713,1787081883213,0.3555184579777817
20260818-193713,1787081883315,0.3555184579777817
20260818-193713,1787081883169,0.3555184579777817
20260818-193713,1787081883417,0.3555184579777817
20260818-193713,1787081883519,0.3555184579777817
20260818-193713,1787081883401,0.3555184579777817
20260818-193713,1787081883621,0.3555184579777817
20260818-193713,1787081883723,0.3555184579777817
20260818-193713,1787081883825,0.3555184579777817
20260818-193713,1787081883927,0.3555184579777817
20260818-193713,1787081884029,0.3555184579777817
20260818-193713,1787081884131,0.3555184579777817
20260818-193713,1787081884059,0.3555184579777817
20260818-193713,1787081884233,0.3555184579777817
20260818-193713,1787081884335,0.3555184579777817
20260818-193713,1787081884437,0.3555184579777817
20260818-193713,1787081884539,0.3555184579777817
20260818-193713,1787081884641,0.3555184579777817
20260818-193713,1787081884743,0.3555184579777817
20260818-193713,1787081884845,0.3555184579777817
20260818-193713,1787081884947,0.3555184579777817
20260818-193713,1787081884885,0.3555184579777817
20260818-193713,1787081885049,0.3555184579777817
20260818-193713,1787081885151,0.3555184579777817
20260818-193713,1787081885253,0.3555184579777817
20260818-193713,1787081885148,0.3555184579777817
20260818-193713,1787081885300,0.3555184579777817
20260818-193713,1787081885321,0.3555184579777817
20260818-193713,1787081885321,0.3555184579777817
20260818-193713,1787081885321,0.3555184579777817
20260818-193713,1787081885321,0.3555184579777817
20260818-193713,1787081885321,0.3555184579777817
20260818-193713,1787081885321,0.3555184579777817
20260818-193713,1787081885321,0.3555184579777817
20260818-193713,1787081885321,0.3555184579777817
20260818-193713,1787081885321,0.3555184579777817
20260818-193713,1787081885321,0.3555184579777817
20260818-193713,1787081885321,0.3555184579777817
20260818-193713,1787081885321,0.3555184579777817
20260818-193713,1787081885321,0.3555184579777817
20260818-193713,1787081885355,0.0
20260818-193713,1787081885457,0.0
20260818-193713,1787081885323,0.0
20260818-193713,1787081885559,0.0
20260818-193713,1787081885661,0.0
20260818-193713,1787081885515,0.0
20260818-193713,1787081885763,0.0
20260818-193713,1787081885865,0.0
20260818-193713,1787081885967,0.0
20260818-193713,1787081886069,0.0
20260818-193713,1787081886171,0.0
20260818-193713,1787081886060,0.0
20260818-193713,1787081886273,0.0
20260818-193713,1787081886375,0.0
20260818-193713,1787081886477,0.0
20260818-193713,1787081886579,0.0
20260818-193713,1787081886681,0.0
20260818-193713,1787081886783,0.0
20260818-193713,1787081886762,0.0
20260818-193713,1787081886885,0.0
20260818-193713,1787081886987,0.0
20260818-193713,1787081887089,0.0
20260818-193713,1787081887191,0.0
20260818-193713,1787081887070,0.0
20260818-193713,1787081887293,0.0
20260818-193713,1787081887395,0.0
20260818-193713,1787081887310,0.0
20260818-193713,1787081887497,0.0
20260818-193713,1787081887599,0.0
20260818-193713,1787081887701,0.0
20260818-193713,1787081887803,0.0
20260818-193713,1787081887672,0.0
20260818-193713,1787081887905,0.0
20260818-193713,1787081888007,0.0
20260818-193713,1787081888109,0.0
20260818-193713,1787081888037,0.0
20260818-193713,1787081888211,0.0
20260818-193713,1787081888313,0.0
20260818-193713,1787081888233,0.0
20260818-193713,1787081888415,0.0
20260818-193713,1787081888517,0.0
20260818-193713,1787081888447,0.0
20260818-193713,1787081888619,0.0
20260818-193713,1787081888721,0.0
20260818-193713,1787081888823,0.0
20260818-193713,1787081888925,0.0
20260818-193713,1787081889027,0.0
20260818-193713,1787081888879,0.0
20260818-193713,1787081889129,0.0
20260818-193713,1787081889026,0.0
20260818-193713,1787081889231,0.0
20260818-193713,1787081889333,0.0
20260818-193713,1787081889435,0.0
20260818-193713,1787081889537,0.0
20260818-193713,1787081889639,0.0
20260818-193713,1787081889555,0.0
20260818-193713,1787081889741,0.0
20260818-193713,1787081889843,0.0
20260818-193713,1787081889945,0.0
20260818-193713,1787081890047,0.0
20260818-193713,1787081890149,0.0
20260818-193713,1787081890025,0.0
20260818-193713,1787081890251,0.0
20260818-193713,1787081890353,0.0
20260818-193713,1787081890455,0.0
20260818-193713,1787081890557,0.0
20260818-193713,1787081890659,0.0
20260818-193713,1787081890761,0.0
20260818-193713,1787081890863,0.0
20260818-193713,1787081890965,0.0
20260818-193713,1787081890895,0.0
20260818-193713,1787081891067,0.0
20260818-193713,1787081891169,0.0
20260818-193713,1787081891271,0.0
20260818-193713,1787081891373,0.0
20260818-193713,1787081891475,0.0
20260818-193713,1787081891577,0.0
20260818-193713,1787081891679,0.0
20260818-193713,1787081891781,0.0
20260818-193713,1787081891618,0.0
20260818-193713,1787081891883,0.0
20260818-193713,1787081891985,0.0
20260818-193713,1787081892087,0.0
20260818-193713,1787081891995,0.0
20260818-193713,1787081894025,0.0
20260818-193713,1787081893890,0.0
20260818-193713,1787081894127,0.0
20260818-193713,1787081894063,0.0
20260818-193713,1787081894229,0.0
20260818-193713,1787081894331,0.0
20260818-193713,1787081894433,0.0
20260818-193713,1787081894535,0.0
20260818-193713,1787081894637,0.0
20260818-193713,1787081894739,0.0
20260818-193713,1787081894604,0.0
20260818-193713,1787081894841,0.0
20260818-193713,1787081894943,0.0
20260818-193713,1787081894883,0.0
20260818-193713,1787081895045,0.0
20260818-193713,1787081895147,0.0
20260818-193713,1787081895249,0.0
20260818-193713,1787081895351,0.0
20260818-193713,1787081895453,0.0
20260818-193713,1787081895555,0.0
20260818-193713,1787081895657,0.0
20260818-193713,1787081895759,0.0
20260818-193713,1787081895861,0.0
20260818-193713,1787081895963,0.0
20260818-193713,1787081895858,0.0
20260818-193713,1787081896065,0.0
20260818-193713,1787081896167,0.0
20260818-193713,1787081896065,0.0
20260818-193713,1787081896269,0.0
20260818-193713,1787081896371,0.0
20260818-193713,1787081896473,0.0
20260818-193713,1787081896575,0.0
20260818-193713,1787081896677,0.0
20260818-193713,1787081896779,0.0
20260818-193713,1787081896881,0.0
20260818-193713,1787081896778,0.0
20260818-193713,1787081896983,0.0
20260818-193713,1787081897085,0.0
20260818-193713,1787081897189,0.0
20260818-193713,1787081897291,0.0
20260818-193713,1787081897393,0.0
20260818-193713,1787081897495,0.0
20260818-193713,1787081897597,0.0
20260818-193713,1787081897699,0.0
20260818-193713,1787081897701,0.0
20260818-193713,1787081897801,0.0
20260818-193713,1787081897903,0.0
20260818-193713,1787081897790,0.0
20260818-193713,1787081898005,0.0
20260818-193713,1787081897973,0.0
20260818-193713,1787081898107,0.0
20260818-193713,1787081898209,0.0
20260818-193713,1787081898065,0.0
20260818-193713,1787081898311,0.0
20260818-193713,1787081898230,0.0
20260818-193713,1787081898413,0.0
20260818-193713,1787081898515,0.0
20260818-193713,1787081898617,0.0
20260818-193713,1787081898719,0.0
20260818-193713,1787081898821,0.0
20260818-193713,1787081898733,0.0
20260818-193713,1787081898923,0.0
20260818-193713,1787081899025,0.0
20260818-193713,1787081898898,0.0
20260818-193713,1787081899127,0.0
20260818-193713,1787081899229,0.0
20260818-193713,1787081899331,0.0
20260818-193713,1787081899433,0.0
20260818-193713,1787081899535,0.0
20260818-193713,1787081899637,0.0
20260818-193713,1787081899739,0.0
20260818-193713,1787081899841,0.0
20260818-193713,1787081899943,0.0
20260818-193713,1787081900045,0.0
20260818-193713,1787081899894,0.0
20260818-193713,1787081900147,0.0
20260818-193713,1787081900070,0.0
20260818-193713,1787081900249,0.0
20260818-193713,1787081900194,0.0
20260818-193713,1787081900351,0.0
20260818-193713,1787081900453,0.0
20260818-193713,1787081900555,0.0
20260818-193713,1787081900657,0.0
20260818-193713,1787081900759,0.0
20260818-193713,1787081900861,0.0
20260818-193713,1787081900963,0.0
20260818-193713,1787081900813,0.0
20260818-193713,1787081901065,0.0
20260818-193713,1787081901167,0.0
20260818-193713,1787081901269,0.0
20260818-193713,1787081901371,0.0
20260818-193713,1787081901298,0.0
20260818-193713,1787081901473,0.0
20260818-193713,1787081901575,0.0
20260818-193713,1787081901677,0.0
20260818-193713,1787081901528,0.0
20260818-193713,1787081901779,0.0
20260818-193713,1787081901881,0.0
20260818-193713,1787081901983,0.0
20260818-193713,1787081901833,0.0
20260818-193713,1787081902085,0.0
20260818-193713,1787081902187,0.0
20260818-193713,1787081902069,0.0
20260818-193713,1787081902289,0.0
20260818-193713,1787081902391,0.0
20260818-193713,1787081902493,0.0
20260818-193713,1787081902595,0.0
20260818-193713,1787081902697,0.0
20260818-193713,1787081902799,0.0
20260818-193713,1787081902901,0.0
20260818-193713,1787081902800,0.0
20260818-193713,1787081903003,0.0
20260818-193713,1787081903105,0.0
20260818-193713,1787081903207,0.0
20260818-193713,1787081903309,0.0
20260818-193713,1787081903195,0.0
20260818-193713,1787081903411,0.0
20260818-193713,1787081903513,0.0
20260818-193713,1787081903615,0.0
20260818-193713,1787081903717,0.0
20260818-193713,1787081903819,0.0
20260818-193713,1787081903762,0.0
20260818-193713,1787081903921,0.0
20260818-193713,1787081904023,0.0
20260818-193713,1787081904125,0.0
20260818-193713,1787081904072,0.0
20260818-193713,1787081904227,0.0
20260818-193713,1787081904329,0.0
20260818-193713,1787081904431,0.0
20260818-193713,1787081904533,0.0
20260818-193713,1787081904635,0.0
20260818-193713,1787081904737,0.0
20260818-193713,1787081904839,0.0
20260818-193713,1787081904745,0.0
20260818-193713,1787081904941,0.0
20260818-193713,1787081905043,0.0
20260818-193713,1787081905145,0.0
20260818-193713,1787081905082,0.0
20260818-193713,1787081905247,0.0
20260818-193713,1787081905349,0.0
20260818-193713,1787081905451,0.0
20260818-193713,1787081905553,0.0
20260818-193713,1787081905655,0.0
20260818-193713,1787081905757,0.0
20260818-193713,1787081905698,0.0
20260818-193713,1787081905859,0.0
20260818-193713,1787081905961,0.0
20260818-193713,1787081905926,0.0
20260818-193713,1787081906063,0.0
20260818-193713,1787081906165,0.0
20260818-193713,1787081906049,0.0
20260818-193713,1787081906267,0.0
20260818-193713,1787081906196,0.0
20260818-193713,1787081906369,0.0
20260818-193713,1787081906471,0.0
20260818-193713,1787081906573,0.0
20260818-193713,1787081906675,0.0
20260818-193713,1787081906777,0.0
20260818-193713,1787081906698,0.0
20260818-193713,1787081906879,0.0
20260818-193713,1787081906981,0.0
20260818-193713,1787081907083,0.0
20260818-193713,1787081907185,0.0
20260818-193713,1787081908511,0.0
20260818-193713,1787081908613,0.0
20260818-193713,1787081908715,0.0
20260818-193713,1787081908625,0.0
20260818-193713,1787081908817,0.0
20260818-193713,1787081908919,0.0
20260818-193713,1787081908794,0.0
20260818-193713,1787081909021,0.0
20260818-193713,1787081909123,0.0
20260818-193713,1787081909019,0.0
20260818-193713,1787081909225,0.0
20260818-193713,1787081909327,0.0
20260818-193713,1787081909429,0.0
20260818-193713,1787081909531,0.0
20260818-193713,1787081909633,0.0
20260818-193713,1787081909735,0.0
20260818-193713,1787081909620,0.0
20260818-193713,1787081909837,0.0
20260818-193713,1787081909939,0.0
20260818-193713,1787081910041,0.0
20260818-193713,1787081910143,0.0
20260818-193713,1787081910074,0.0
20260818-193713,1787081910245,0.0
20260818-193713,1787081910347,0.0
20260818-193713,1787081910227,0.0
20260818-193713,1787081910449,0.0
20260818-193713,1787081910357,0.0
20260818-193713,1787081911265,0.0
20260818-193713,1787081911367,0.0
20260818-193713,1787081911469,0.0
20260818-193713,1787081911455,0.0
20260818-193713,1787081911571,0.0
20260818-193713,1787081911673,0.0
20260818-193713,1787081911563,0.0
20260818-193713,1787081912591,0.0
20260818-193713,1787081912693,0.0
20260818-193713,1787081912553,0.0
20260818-193713,1787081912795,0.0
20260818-193713,1787081916671,0.0
20260818-193713,1787081916567,0.0
20260818-193713,1787081916773,0.0
20260818-193713,1787081916875,0.0
20260818-193713,1787081916977,0.0
20260818-193713,1787081917079,0.0
20260818-193713,1787081917181,0.0
20260818-193713,1787081917055,0.0
20260818-193713,1787081917283,0.0
20260818-193713,1787081917385,0.0
20260818-193713,1787081917487,0.0
20260818-193713,1787081917589,0.0
20260818-193713,1787081917691,0.0
20260818-193713,1787081917550,0.0
20260818-193713,1787081924015,-1.004690358295767
20260818-193713,1787081924117,-1.004690358295767
20260818-193713,1787081924219,-1.004690358295767
20260818-193713,1787081924076,-1.004690358295767
20260818-193713,1787081924321,-1.004690358295767
20260818-193713,1787081924423,-1.004690358295767
20260818-193713,1787081924525,-1.004690358295767
20260818-193713,1787081924450,-1.004690358295767
20260818-193713,1787081924627,-1.004690358295767
20260818-193713,1787081924729,-1.004690358295767
20260818-193713,1787081924933,-1.004690358295767
20260818-193713,1787081925035,-1.004690358295767
20260818-193713,1787081925137,-1.004690358295767
20260818-193713,1787081925239,-1.004690358295767
20260818-193713,1787081925341,-1.004690358295767
20260818-193713,1787081925443,-1.004690358295767
20260818-193713,1787081925350,-1.004690358295767
20260818-193713,1787081925545,-1.004690358295767
20260818-193713,1787081925647,-1.004690358295767
20260818-193713,1787081925496,-1.004690358295767
20260818-193713,1787081925749,-1.004690358295767
20260818-193713,1787081925851,-1.004690358295767
20260818-193713,1787081925953,-1.004690358295767
20260818-193713,1787081926055,-1.004690358295767
20260818-193713,1787081926157,-1.004690358295767
20260818-193713,1787081926077,-1.004690358295767
20260818-193713,1787081926259,-1.004690358295767
20260818-193713,1787081926361,-1.004690358295767
20260818-193713,1787081926463,-1.004690358295767
20260818-193713,1787081926565,-1.004690358295767
20260818-193713,1787081926469,-1.004690358295767
20260818-193713,1787081926667,-1.004690358295767
20260818-193713,1787081926769,-1.004690358295767
20260818-193713,1787081926871,-1.004690358295767
20260818-193713,1787081926973,-1.004690358295767
20260818-193713,1787081927075,-1.004690358295767
20260818-193713,1787081927177,-1.004690358295767
20260818-193713,1787081927279,-1.004690358295767
20260818-193713,1787081927381,-1.004690358295767
20260818-193713,1787081927483,-1.004690358295767
20260818-193713,1787081927585,-1.004690358295767
20260818-193713,1787081927459,-1.004690358295767
20260818-193713,1787081927687,-1.004690358295767
20260818-193713,1787081927789,-1.004690358295767
20260818-193713,1787081927891,-1.004690358295767
20260818-193713,1787081927993,-1.004690358295767
20260818-193713,1787081928095,-1.004690358295767
20260818-193713,1787081928197,-1.004690358295767
20260818-193713,1787081928084,-1.004690358295767
20260818-193713,1787081928299,-1.004690358295767
20260818-193713,1787081928401,-1.004690358295767
20260818-193713,1787081928503,-1.004690358295767
20260818-193713,1787081928415,-1.004690358295767
20260818-193713,1787081928605,-1.004690358295767
20260818-193713,1787081928707,-1.004690358295767
20260818-193713,1787081928809,-1.004690358295767
20260818-193713,1787081928911,-1.004690358295767
20260818-193713,1787081929013,-1.004690358295767
20260818-193713,1787081929115,-1.004690358295767
20260818-193713,1787081929217,-1.004690358295767
20260818-193713,1787081929072,-1.004690358295767
20260818-193713,1787081929319,-1.004690358295767
20260818-193713,1787081929421,-1.004690358295767
20260818-193713,1787081929523,-1.004690358295767
20260818-193713,1787081929401,-1.004690358295767
20260818-193713,1787081929625,-1.004690358295767
20260818-193713,1787081929727,-1.004690358295767
20260818-193713,1787081929829,-1.004690358295767
20260818-193713,1787081929931,-1.004690358295767
20260818-193713,1787081929784,-1.004690358295767
20260818-193713,1787081930033,-1.004690358295767
20260818-193713,1787081930135,-1.004690358295767
20260818-193713,1787081930237,-1.004690358295767
20260818-193713,1787081930085,-1.004690358295767
20260818-193713,1787081930339,-1.004690358295767
20260818-193713,1787081930441,-1.004690358295767
20260818-193713,1787081930325,-1.004690358295767
20260818-193713,1787081930543,-1.004690358295767
20260818-193713,1787081930645,-1.004690358295767
20260818-193713,1787081930522,-1.004690358295767
20260818-193713,1787081932889,-1.004690358295767
20260818-193713,1787081932991,-1.004690358295767
20260818-193713,1787081933093,-1.004690358295767
20260818-193713,1787081933195,-1.004690358295767
20260818-193713,1787081933297,-1.004690358295767
20260818-193713,1787081933399,-1.004690358295767
20260818-193713,1787081933501,-1.004690358295767
20260818-193713,1787081933352,-1.004690358295767
20260818-193713,1787081937989,-1.004690358295767
20260818-193713,1787081949107,-1.9475536176203863
20260818-193713,1787081949209,-1.9475536176203863
20260818-193713,1787081949311,-1.9475536176203863
20260818-193713,1787081949413,-1.9475536176203863
20260818-193713,1787081949515,-1.9475536176203863
20260818-193713,1787081949617,-1.9475536176203863
20260818-193713,1787081949473,-1.9475536176203863
20260818-193713,1787081949719,-1.9475536176203863
20260818-193713,1787081949821,-1.9475536176203863
20260818-193713,1787081949923,-1.9475536176203863
20260818-193713,1787081950025,-1.9475536176203863
20260818-193713,1787081950127,-1.9475536176203863
20260818-193713,1787081950229,-1.9475536176203863
20260818-193713,1787081950090,-1.9475536176203863
20260818-193713,1787081950331,-1.9475536176203863
20260818-193713,1787081950433,-1.9475536176203863
20260818-193713,1787081950535,-1.9475536176203863
20260818-193713,1787081950430,-1.9475536176203863
20260818-193713,1787081950637,-1.9475536176203863
20260818-193713,1787081950739,-1.9475536176203863
20260818-193713,1787081950841,-1.9475536176203863
20260818-193713,1787081950943,-1.9475536176203863
20260818-193713,1787081951045,-1.9475536176203863
20260818-193713,1787081951147,-1.9475536176203863
20260818-193713,1787081951096,-1.9475536176203863
20260818-193713,1787081951249,-1.9475536176203863
20260818-193713,1787081951351,-1.9475536176203863
20260818-193713,1787081951453,-1.9475536176203863
20260818-193713,1787081951394,-1.9475536176203863
20260818-193713,1787081951555,-1.9475536176203863
20260818-193713,1787081951657,-1.9475536176203863
20260818-193713,1787081951759,-1.9475536176203863
20260818-193713,1787081951861,-1.9475536176203863
20260818-193713,1787081951963,-1.9475536176203863
20260818-193713,1787081952065,-1.9475536176203863
20260818-193713,1787081952090,-1.9475536176203863
20260818-193713,1787081952167,-1.9475536176203863
20260818-193713,1787081952269,-1.9475536176203863
20260818-193713,1787081952136,-1.9475536176203863
20260818-193713,1787081952371,-1.9475536176203863
20260818-193713,1787081952473,-1.9475536176203863
20260818-193713,1787081952411,-1.9475536176203863
20260818-193713,1787081952575,-1.9475536176203863
20260818-193713,1787081952677,-1.9475536176203863
20260818-193713,1787081952779,-1.9475536176203863
20260818-193713,1787081952881,-1.9475536176203863
20260818-193713,1787081952983,-1.9475536176203863
20260818-193713,1787081953085,-1.9475536176203863
20260818-193713,1787081953187,-1.9475536176203863
20260818-193713,1787081953289,-1.9475536176203863
20260818-193713,1787081953391,-1.9475536176203863
20260818-193713,1787081953493,-1.9475536176203863
20260818-193713,1787081953433,-1.9475536176203863
20260818-193713,1787081953595,-1.9475536176203863
20260818-193713,1787081953697,-1.9475536176203863
20260818-193713,1787081953799,-1.9475536176203863
20260818-193713,1787081953901,-1.9475536176203863
20260818-193713,1787081954003,-1.9475536176203863
20260818-193713,1787081954105,-1.9475536176203863
20260818-193713,1787081954207,-1.9475536176203863
20260818-193713,1787081954090,-1.9475536176203863
20260818-193713,1787081954309,-1.9475536176203863
20260818-193713,1787081954411,-1.9475536176203863
20260818-193713,1787081954513,-1.9475536176203863
20260818-193713,1787081954451,-1.9475536176203863
20260818-194015,1787082017888,1.2677024207700813
20260818-194015,1787082018467,1.2677024207700813
20260818-194015,1787082018569,1.2677024207700813
20260818-194015,1787082018671,1.2677024207700813
20260818-194015,1787082018773,1.2677024207700813
20260818-194015,1787082018875,1.2677024207700813
20260818-194015,1787082018977,1.2677024207700813
20260818-194015,1787082018830,1.2677024207700813
20260818-194015,1787082019079,1.2677024207700813
20260818-194015,1787082019181,1.2677024207700813
20260818-194015,1787082019283,1.2677024207700813
20260818-194015,1787082019121,1.2677024207700813
20260818-194015,1787082019385,1.2677024207700813
20260818-194015,1787082019280,1.2677024207700813
20260818-194015,1787082019487,1.2677024207700813
20260818-194015,1787082019589,1.2677024207700813
20260818-194015,1787082019691,1.2677024207700813
20260818-194015,1787082019793,1.2677024207700813
20260818-194015,1787082019895,1.2677024207700813
20260818-194015,1787082019791,1.2677024207700813
20260818-194015,1787082019997,1.2677024207700813
20260818-194015,1787082020099,1.2677024207700813
20260818-194015,1787082020201,1.2677024207700813
20260818-194015,1787082020303,1.2677024207700813
20260818-194015,1787082020227,1.2677024207700813
20260818-194015,1787082020405,1.2677024207700813
20260818-194015,1787082020507,1.2677024207700813
20260818-194015,1787082020609,1.2677024207700813
20260818-194015,1787082020711,1.2677024207700813
20260818-194015,1787082020813,1.2677024207700813
20260818-194015,1787082020915,1.2677024207700813
20260818-194015,1787082020829,1.2677024207700813
20260818-194015,1787082021017,1.2677024207700813
20260818-194015,1787082021119,1.2677024207700813
20260818-194015,1787082021221,1.2677024207700813
20260818-194015,1787082021323,1.2677024207700813
20260818-194015,1787082021425,1.2677024207700813
20260818-194015,1787082021527,1.2677024207700813
20260818-194015,1787082021629,1.2677024207700813
20260818-194015,1787082021731,1.2677024207700813
20260818-194015,1787082021833,1.2677024207700813
20260818-194015,1787082021935,1.2677024207700813
20260818-194015,1787082021819,1.2677024207700813
20260818-194015,1787082022037,1.2677024207700813
20260818-194015,1787082021946,1.2677024207700813
20260818-194015,1787082022139,1.2677024207700813
20260818-194015,1787082022241,1.2677024207700813
20260818-194015,1787082022343,1.2677024207700813
20260818-194015,1787082022445,1.2677024207700813
20260818-194015,1787082022547,1.2677024207700813
20260818-194015,1787082022649,1.2677024207700813
20260818-194015,1787082022751,1.2677024207700813
20260818-194015,1787082022853,1.2677024207700813
20260818-194015,1787082022955,1.2677024207700813
20260818-194015,1787082022805,1.2677024207700813
20260818-194015,1787082023057,1.2677024207700813
20260818-194015,1787082023159,1.2677024207700813
20260818-194015,1787082023261,1.2677024207700813
20260818-194015,1787082023363,1.2677024207700813
20260818-194015,1787082023465,1.2677024207700813
20260818-194015,1787082023567,1.2677024207700813
20260818-194015,1787082023669,1.2677024207700813
20260818-194015,1787082023771,1.2677024207700813
20260818-194015,1787082023873,1.2677024207700813
20260818-194015,1787082023790,1.2677024207700813
20260818-194015,1787082023975,1.2677024207700813
20260818-194015,1787082024077,1.2677024207700813
20260818-194015,1787082024179,1.2677024207700813
20260818-194015,1787082024281,1.2677024207700813
20260818-194015,1787082024383,1.2677024207700813
20260818-194015,1787082024485,1.2677024207700813
20260818-194015,1787082024393,1.2677024207700813
20260818-194015,1787082024587,1.2677024207700813
20260818-194015,1787082024689,1.2677024207700813
20260818-194015,1787082024791,1.2677024207700813
20260818-194015,1787082024746,1.2677024207700813
20260818-194015,1787082024893,1.2677024207700813
20260818-194015,1787082024995,1.2677024207700813
20260818-194015,1787082024829,1.2677024207700813
20260818-194015,1787082025097,1.2677024207700813
20260818-194015,1787082025199,1.2677024207700813
20260818-194015,1787082025301,1.2677024207700813
20260818-194015,1787082025403,1.2677024207700813
20260818-194015,1787082025505,1.2677024207700813
20260818-194015,1787082025607,1.2677024207700813
20260818-194015,1787082025709,1.2677024207700813
20260818-194015,1787082025811,1.2677024207700813
20260818-194015,1787082025701,1.2677024207700813
20260818-194015,1787082025913,1.2677024207700813
20260818-194015,1787082026015,1.2677024207700813
20260818-194015,1787082026117,1.2677024207700813
20260818-194015,1787082026219,1.2677024207700813
20260818-194015,1787082026123,1.2677024207700813
20260818-194015,1787082026321,1.2677024207700813
20260818-194015,1787082026423,1.2677024207700813
20260818-194015,1787082026525,1.2677024207700813
20260818-194015,1787082026627,1.2677024207700813
20260818-194015,1787082026729,1.2677024207700813
20260818-194015,1787082026831,1.2677024207700813
20260818-194015,1787082026721,1.2677024207700813
20260818-194015,1787082026933,1.2677024207700813
20260818-194015,1787082027035,1.2677024207700813
20260818-194015,1787082027137,1.2677024207700813
20260818-194015,1787082027239,1.2677024207700813
20260818-194015,1787082027341,1.2677024207700813
20260818-194015,1787082027443,1.2677024207700813
20260818-194015,1787082027545,1.2677024207700813
20260818-194015,1787082027647,1.2677024207700813
20260818-194015,1787082027749,1.2677024207700813
20260818-194015,1787082027851,1.2677024207700813
20260818-194015,1787082027702,1.2677024207700813
20260818-194015,1787082027953,1.2677024207700813
20260818-194015,1787082028055,1.2677024207700813
20260818-194015,1787082028157,1.2677024207700813
20260818-194015,1787082028259,1.2677024207700813
20260818-194015,1787082028361,1.2677024207700813
20260818-194015,1787082028234,1.2677024207700813
20260818-194015,1787082028463,1.2677024207700813
20260818-194015,1787082028565,1.2677024207700813
20260818-194015,1787082028498,1.2677024207700813
20260818-194015,1787082028667,1.2677024207700813
20260818-194015,1787082028769,1.2677024207700813
20260818-194015,1787082028871,1.2677024207700813
20260818-194015,1787082028725,1.2677024207700813
20260818-194015,1787082028973,1.2677024207700813
20260818-194015,1787082029075,1.2677024207700813
20260818-194015,1787082029177,1.2677024207700813
20260818-194015,1787082029279,1.2677024207700813
20260818-194015,1787082029381,1.2677024207700813
20260818-194015,1787082029483,1.2677024207700813
20260818-194015,1787082029585,1.2677024207700813
20260818-194015,1787082029687,1.2677024207700813
20260818-194015,1787082029789,1.2677024207700813
20260818-194015,1787082029891,1.2677024207700813
20260818-194015,1787082029766,1.2677024207700813
20260818-194015,1787082029993,1.2677024207700813
20260818-194015,1787082030095,1.2677024207700813
20260818-194015,1787082030197,1.2677024207700813
20260818-194015,1787082030299,1.2677024207700813
20260818-194015,1787082030401,1.2677024207700813
20260818-194015,1787082030503,1.2677024207700813
20260818-194015,1787082030605,1.2677024207700813
20260818-194015,1787082030500,1.2677024207700813
20260818-194015,1787082030707,1.2677024207700813
20260818-194015,1787082030809,1.2677024207700813
20260818-194015,1787082030724,1.2677024207700813
20260818-194015,1787082030911,1.2677024207700813
20260818-194015,1787082031013,1.2677024207700813
20260818-194015,1787082031115,1.2677024207700813
20260818-194015,1787082031217,1.2677024207700813
20260818-194015,1787082031319,1.2677024207700813
20260818-194015,1787082031421,1.2677024207700813
20260818-194015,1787082031523,1.2677024207700813
20260818-194015,1787082031625,1.2677024207700813
20260818-194015,1787082031727,1.2677024207700813
20260818-194015,1787082031829,1.2677024207700813
20260818-194015,1787082031693,1.2677024207700813
20260818-194015,1787082031931,1.2677024207700813
20260818-194015,1787082032033,1.2677024207700813
20260818-194015,1787082032135,1.2677024207700813
20260818-194015,1787082032237,1.2677024207700813
20260818-194015,1787082032339,1.2677024207700813
20260818-194015,1787082032441,1.2677024207700813
20260818-194015,1787082032543,1.2677024207700813
20260818-194015,1787082032645,1.2677024207700813
20260818-194015,1787082032747,1.2677024207700813
20260818-194015,1787082032849,1.2677024207700813
20260818-194015,1787082032730,1.2677024207700813
20260818-194015,1787082032951,1.2677024207700813
20260818-194015,1787082033053,1.2677024207700813
20260818-194015,1787082033155,1.2677024207700813
20260818-194015,1787082033257,1.2677024207700813
20260818-194015,1787082033359,1.2677024207700813
20260818-194015,1787082033461,1.2677024207700813
20260818-194015,1787082033333,1.2677024207700813
20260818-194015,1787082033563,1.2677024207700813
20260818-194015,1787082033665,1.2677024207700813
20260818-194015,1787082033767,1.2677024207700813
20260818-194015,1787082033707,1.2677024207700813
20260818-194015,1787082033869,1.2677024207700813
20260818-194015,1787082033971,1.2677024207700813
20260818-194015,1787082033821,1.2677024207700813
20260818-194015,1787082034073,1.2677024207700813
20260818-194015,1787082034175,1.2677024207700813
20260818-194015,1787082034098,1.2677024207700813
20260818-194015,1787082034277,1.2677024207700813
20260818-194015,1787082034379,1.2677024207700813
20260818-194015,1787082034481,1.2677024207700813
20260818-194015,1787082034583,1.2677024207700813
20260818-194015,1787082034685,1.2677024207700813
20260818-194015,1787082034787,1.2677024207700813
20260818-194015,1787082034649,1.2677024207700813
20260818-194015,1787082034889,1.2677024207700813
20260818-194015,1787082034991,1.2677024207700813
20260818-194015,1787082034848,1.2677024207700813
20260818-194015,1787082035093,1.2677024207700813
20260818-194015,1787082035195,1.2677024207700813
20260818-194015,1787082035297,1.2677024207700813
20260818-194015,1787082035399,1.2677024207700813
20260818-194015,1787082035501,1.2677024207700813
20260818-194015,1787082035603,1.2677024207700813
20260818-194015,1787082035705,1.2677024207700813
20260818-194015,1787082035634,1.2677024207700813
20260818-194015,1787082035807,1.2677024207700813
20260818-194015,1787082035909,1.2677024207700813
20260818-194015,1787082036011,1.2677024207700813
20260818-194015,1787082036113,1.2677024207700813
20260818-194015,1787082036215,1.2677024207700813
20260818-194015,1787082036317,1.2677024207700813
20260818-194015,1787082036419,1.2677024207700813
20260818-194015,1787082036521,1.2677024207700813
20260818-194015,1787082036623,1.2677024207700813
20260818-194015,1787082036725,1.2677024207700813
20260818-194015,1787082036827,1.2677024207700813
20260818-194015,1787082036666,1.2677024207700813
20260818-194015,1787082036929,1.2677024207700813
20260818-194015,1787082036942,1.2677024207700813
20260818-194015,1787082037031,1.2677024207700813
20260818-194015,1787082037133,1.2677024207700813
20260818-194015,1787082037007,1.2677024207700813
20260818-194015,1787082037235,1.2677024207700813
20260818-194015,1787082037337,1.2677024207700813
20260818-194015,1787082037439,1.2677024207700813
20260818-194015,1787082037541,1.2677024207700813
20260818-194015,1787082037643,1.2677024207700813
20260818-194015,1787082037745,1.2677024207700813
20260818-194015,1787082037674,1.2677024207700813
20260818-194015,1787082037847,1.2677024207700813
20260818-194015,1787082037949,1.2677024207700813
20260818-194015,1787082038051,1.2677024207700813
20260818-194015,1787082038153,1.2677024207700813
20260818-194015,1787082038255,1.2677024207700813
20260818-194015,1787082038171,1.2677024207700813
20260818-194015,1787082038357,1.2677024207700813
20260818-194015,1787082038459,1.2677024207700813
20260818-194015,1787082038561,1.2677024207700813
20260818-194015,1787082038663,1.2677024207700813
20260818-194015,1787082038516,1.2677024207700813
20260818-194015,1787082038765,1.2677024207700813
20260818-194015,1787082038669,1.2677024207700813
20260818-194015,1787082038867,1.2677024207700813
20260818-194015,1787082038969,1.2677024207700813
20260818-194015,1787082038844,1.2677024207700813
20260818-194015,1787082039071,1.2677024207700813
20260818-194015,1787082039173,1.2677024207700813
20260818-194015,1787082039275,1.2677024207700813
20260818-194015,1787082039377,1.2677024207700813
20260818-194015,1787082039479,1.2677024207700813
20260818-194015,1787082039581,1.2677024207700813
20260818-194015,1787082039683,1.2677024207700813
20260818-194015,1787082039597,1.2677024207700813
20260818-194015,1787082039785,1.2677024207700813
20260818-194015,1787082039887,1.2677024207700813
20260818-194015,1787082039989,1.2677024207700813
20260818-194015,1787082040091,1.2677024207700813
20260818-194015,1787082040193,1.2677024207700813
20260818-194015,1787082040295,1.2677024207700813
20260818-194015,1787082040397,1.2677024207700813
20260818-194015,1787082040499,1.2677024207700813
20260818-194015,1787082040601,1.2677024207700813
20260818-194015,1787082040703,1.2677024207700813
20260818-194015,1787082040805,1.2677024207700813
20260818-194015,1787082040673,1.2677024207700813
20260818-194015,1787082040907,1.2677024207700813
20260818-194015,1787082040841,1.2677024207700813
20260818-194015,1787082041009,1.2677024207700813
20260818-194015,1787082040905,1.2677024207700813
20260818-194015,1787082041111,1.2677024207700813
20260818-194015,1787082041024,1.2677024207700813
20260818-194015,1787082041213,1.2677024207700813
20260818-194015,1787082041315,1.2677024207700813
20260818-194015,1787082041417,1.2677024207700813
20260818-194015,1787082041519,1.2677024207700813
20260818-194015,1787082041621,1.2677024207700813
20260818-194015,1787082041485,1.2677024207700813
20260818-194015,1787082041723,1.2677024207700813
20260818-194015,1787082041664,1.2677024207700813
20260818-194015,1787082041825,1.2677024207700813
20260818-194015,1787082041723,1.2677024207700813
20260818-194015,1787082041927,1.2677024207700813
20260818-194015,1787082041834,1.2677024207700813
20260818-194015,1787082042029,1.2677024207700813
20260818-194015,1787082042131,1.2677024207700813
20260818-194015,1787082042233,1.2677024207700813
20260818-194015,1787082042335,1.2677024207700813
20260818-194015,1787082042173,1.2677024207700813
20260818-194015,1787082042437,1.2677024207700813
20260818-194015,1787082042539,1.2677024207700813
20260818-194015,1787082042641,1.2677024207700813
20260818-194015,1787082042743,1.2677024207700813
20260818-194015,1787082042608,1.2677024207700813
20260818-194015,1787082042845,1.2677024207700813
20260818-194015,1787082042947,1.2677024207700813
20260818-194015,1787082043049,1.2677024207700813
20260818-194015,1787082043151,1.2677024207700813
20260818-194015,1787082043023,1.2677024207700813
20260818-194015,1787082043253,1.2677024207700813
20260818-194015,1787082043355,1.2677024207700813
20260818-194015,1787082043457,1.2677024207700813
20260818-194015,1787082043395,1.2677024207700813
20260818-194015,1787082043559,1.2677024207700813
20260818-194015,1787082043661,1.2677024207700813
20260818-194015,1787082043581,1.2677024207700813
20260818-194015,1787082043763,1.2677024207700813
20260818-194015,1787082043865,1.2677024207700813
20260818-194015,1787082043967,1.2677024207700813
20260818-194015,1787082044069,1.2677024207700813
20260818-194015,1787082043941,1.2677024207700813
20260818-194015,1787082044171,1.2677024207700813
20260818-194015,1787082044273,1.7314959893446658
20260818-194015,1787082044375,1.7314959893446658
20260818-194015,1787082044477,2.148910201061342
20260818-194015,1787082044579,2.148910201061342
20260818-194015,1787082044681,2.148910201061342
20260818-194015,1787082044612,2.148910201061342
20260818-194015,1787082044783,2.148910201061342
20260818-194015,1787082044885,2.148910201061342
20260818-194015,1787082044987,2.148910201061342
20260818-194015,1787082045024,2.148910201061342
20260818-194015,1787082045089,2.148910201061342
20260818-194015,1787082045191,2.148910201061342
20260818-194015,1787082045034,2.148910201061342
20260818-194015,1787082045293,2.148910201061342
20260818-194015,1787082045227,2.148910201061342
20260818-194015,1787082045395,2.767301625827455
20260818-194015,1787082045497,2.767301625827455
20260818-194015,1787082045599,2.767301625827455
20260818-194015,1787082045701,2.767301625827455
20260818-194015,1787082045612,2.767301625827455
20260818-194015,1787082045803,2.3654422797302326
20260818-194015,1787082045801,2.3654422797302326
20260818-194015,1787082045802,2.3654422797302326
20260818-194015,1787082045802,2.3654422797302326
20260818-194015,1787082045802,2.3654422797302326
20260818-194015,1787082045802,2.3654422797302326
20260818-194015,1787082045802,2.3654422797302326
20260818-194015,1787082045802,2.3654422797302326
20260818-194015,1787082045802,2.3654422797302326
20260818-194015,1787082045802,2.3654422797302326
20260818-194015,1787082045802,2.3654422797302326
20260818-194015,1787082045802,2.3654422797302326
20260818-194015,1787082045802,2.3654422797302326
20260818-194015,1787082045802,2.3654422797302326
20260818-194015,1787082045802,2.3654422797302326
20260818-194015,1787082045802,2.3654422797302326
20260818-194015,1787082045802,2.3654422797302326
20260818-194015,1787082045802,2.3654422797302326
20260818-194015,1787082045802,2.3654422797302326
20260818-194015,1787082045805,2.3654422797302326
20260818-194015,1787082045807,2.3654422797302326
20260818-194015,1787082045807,2.3654422797302326
20260818-194015,1787082045807,2.3654422797302326
20260818-194015,1787082045807,2.3654422797302326
20260818-194015,1787082045807,2.3654422797302326
20260818-194015,1787082045807,2.3654422797302326
20260818-194015,1787082045807,2.3654422797302326
20260818-194015,1787082045816,2.3654422797302326
20260818-194015,1787082045816,2.3654422797302326
20260818-194015,1787082045820,2.3654422797302326
20260818-194015,1787082045820,2.3654422797302326
20260818-194015,1787082045820,2.3654422797302326
20260818-194015,1787082045820,2.3654422797302326
20260818-194015,1787082045822,2.3654422797302326
20260818-194015,1787082045825,2.3654422797302326
20260818-194015,1787082045826,2.3654422797302326
20260818-194015,1787082045830,2.3654422797302326
20260818-194015,1787082045832,2.3654422797302326
20260818-194015,1787082045832,2.3654422797302326
20260818-194015,1787082045837,2.3654422797302326
20260818-194015,1787082045837,2.3654422797302326
20260818-194015,1787082045838,2.3654422797302326
20260818-194015,1787082045838,2.3654422797302326
20260818-194015,1787082045838,2.3654422797302326
20260818-194015,1787082045838,2.3654422797302326
20260818-194015,1787082045838,2.3654422797302326
20260818-194015,1787082045838,2.3654422797302326
20260818-194015,1787082045838,2.3654422797302326
20260818-194015,1787082045838,2.3654422797302326
20260818-194015,1787082045838,2.3654422797302326
20260818-194015,1787082045838,2.3654422797302326
20260818-194015,1787082045838,2.3654422797302326
20260818-194015,1787082045838,2.3654422797302326
20260818-194015,1787082045855,1.4997893337142731
20260818-194015,1787082045855,1.4997893337142731
20260818-194015,1787082045855,1.4997893337142731
20260818-194015,1787082045855,1.4997893337142731
20260818-194015,1787082045855,1.4997893337142731
20260818-194015,1787082045855,1.4997893337142731
20260818-194015,1787082045855,1.4997893337142731
20260818-194015,1787082045855,1.4997893337142731
20260818-194015,1787082045855,1.4997893337142731
20260818-194015,1787082045855,1.4997893337142731
20260818-194015,1787082045855,1.4997893337142731
20260818-194015,1787082045855,1.4997893337142731
20260818-194015,1787082045905,1.4997893337142731
20260818-194015,1787082045855,1.4997893337142731
20260818-194015,1787082046007,1.4997893337142731
20260818-194015,1787082046109,1.4997893337142731
20260818-194015,1787082046211,1.4997893337142731
20260818-194015,1787082046313,1.4997893337142731
20260818-194015,1787082046415,1.4997893337142731
20260818-194015,1787082046517,1.4997893337142731
20260818-194015,1787082046619,1.4997893337142731
20260818-194015,1787082046721,1.4997893337142731
20260818-194015,1787082046569,1.4997893337142731
20260818-194015,1787082046823,1.4997893337142731
20260818-194015,1787082046925,1.4997893337142731
20260818-194015,1787082047027,1.4997893337142731
20260818-194015,1787082047129,1.4997893337142731
20260818-194015,1787082047231,1.4997893337142731
20260818-194015,1787082047333,1.4997893337142731
20260818-194015,1787082047435,1.4997893337142731
20260818-194015,1787082047537,1.4997893337142731
20260818-194015,1787082047639,1.4997893337142731
20260818-194015,1787082047492,1.4997893337142731
20260818-194015,1787082047741,1.4997893337142731
20260818-194015,1787082047843,1.4997893337142731
20260818-194015,1787082047945,1.4997893337142731
20260818-194015,1787082048047,1.4997893337142731
20260818-194015,1787082048149,1.4997893337142731
20260818-194015,1787082048251,1.4997893337142731
20260818-194015,1787082048353,1.4997893337142731
20260818-194015,1787082048455,1.4997893337142731
20260818-194015,1787082048557,1.4997893337142731
20260818-194015,1787082048659,1.4997893337142731
20260818-194015,1787082048514,1.4997893337142731
20260818-194015,1787082048761,1.4997893337142731
20260818-194015,1787082048863,1.4997893337142731
20260818-194015,1787082048965,1.4997893337142731
20260818-194015,1787082049067,1.4997893337142731
20260818-194015,1787082049169,1.4997893337142731
20260818-194015,1787082049271,1.4997893337142731
20260818-194015,1787082049373,1.4997893337142731
20260818-194015,1787082049475,1.4997893337142731
20260818-194015,1787082049577,1.4997893337142731
20260818-194015,1787082049447,1.4997893337142731
20260818-194015,1787082099557,4.128286104142139
20260818-194015,1787082099659,4.128286104142139
20260818-194015,1787082099761,4.128286104142139
20260818-194015,1787082099738,4.128286104142139
20260818-194015,1787082099863,4.128286104142139
20260818-194015,1787082099804,4.128286104142139
20260818-194015,1787082099965,4.128286104142139
20260818-194015,1787082100067,4.128286104142139
20260818-194015,1787082100169,4.128286104142139
20260818-194015,1787082100271,4.128286104142139
20260818-194015,1787082100373,4.128286104142139
20260818-194015,1787082100475,4.128286104142139
20260818-194015,1787082100577,4.128286104142139
20260818-194015,1787082100679,4.128286104142139
20260818-194015,1787082100781,4.128286104142139
20260818-194015,1787082100702,4.128286104142139
20260818-194015,1787082100883,4.128286104142139
20260818-194015,1787082100985,4.128286104142139
20260818-194015,1787082101087,4.128286104142139
20260818-194015,1787082101189,4.128286104142139
20260818-194015,1787082101291,4.128286104142139
20260818-194015,1787082101354,4.128286104142139
20260818-194015,1787082101393,4.128286104142139
20260818-194015,1787082101495,4.128286104142139
20260818-194015,1787082101357,4.128286104142139
20260818-194015,1787082101597,4.128286104142139
20260818-194015,1787082101699,4.128286104142139
20260818-194015,1787082101801,4.128286104142139
20260818-194015,1787082101903,4.128286104142139
20260818-194015,1787082101756,4.128286104142139
20260818-194015,1787082102005,4.128286104142139
20260818-194015,1787082102107,4.128286104142139
20260818-194015,1787082102209,4.128286104142139
20260818-194015,1787082102311,4.128286104142139
20260818-194015,1787082102413,4.128286104142139
20260818-194015,1787082102515,4.128286104142139
20260818-194015,1787082102617,4.128286104142139
20260818-194015,1787082102719,4.128286104142139
20260818-194015,1787082102821,4.128286104142139
20260818-194015,1787082102731,4.128286104142139
20260818-194015,1787082102923,4.128286104142139
20260818-194015,1787082102854,4.128286104142139
20260818-194015,1787082103025,4.128286104142139
20260818-194015,1787082103127,4.128286104142139
20260818-194015,1787082103229,4.128286104142139
20260818-194015,1787082103331,4.128286104142139
20260818-194015,1787082103433,4.128286104142139
20260818-194015,1787082103535,4.128286104142139
20260818-194015,1787082103637,4.128286104142139
20260818-194015,1787082103739,4.128286104142139
20260818-194015,1787082103841,4.128286104142139
20260818-194015,1787082103712,4.128286104142139
20260818-194015,1787082103943,4.128286104142139
20260818-194015,1787082104045,4.128286104142139
20260818-194015,1787082103966,4.128286104142139
20260818-194015,1787082104147,4.128286104142139
20260818-194015,1787082104249,4.128286104142139
20260818-194015,1787082104098,4.128286104142139
20260818-194015,1787082104351,3.664603716402517
20260818-194015,1787082104281,3.664603716402517
20260818-194015,1787082104289,3.664603716402517
20260818-194015,1787082104289,3.664603716402517
20260818-194015,1787082104289,3.664603716402517
20260818-194015,1787082104289,3.664603716402517
20260818-194015,1787082104290,3.664603716402517
20260818-194015,1787082104290,3.664603716402517
20260818-194015,1787082104290,3.664603716402517
20260818-194015,1787082104290,3.664603716402517
20260818-194015,1787082104303,3.664603716402517
20260818-194015,1787082104303,3.664603716402517
20260818-194015,1787082104303,3.664603716402517
20260818-194015,1787082104303,3.664603716402517
20260818-194015,1787082104303,3.664603716402517
20260818-194015,1787082104303,3.664603716402517
20260818-194015,1787082104303,3.664603716402517
20260818-194015,1787082104303,3.664603716402517
20260818-194015,1787082104303,3.664603716402517
20260818-194015,1787082104311,3.664603716402517
20260818-194015,1787082104311,3.664603716402517
20260818-194015,1787082104311,3.664603716402517
20260818-194015,1787082104404,3.664603716402517
20260818-194015,1787082104404,3.664603716402517
20260818-194015,1787082104404,3.664603716402517
20260818-194015,1787082104404,3.664603716402517
20260818-194015,1787082104404,3.664603716402517
20260818-194015,1787082104404,3.664603716402517
20260818-194015,1787082104404,3.664603716402517
20260818-194015,1787082104408,3.2472527854857076
20260818-194015,1787082104453,3.2472527854857076
20260818-194015,1787082104408,3.2472527854857076
20260818-194015,1787082104411,3.2472527854857076
20260818-194015,1787082104412,3.2472527854857076
20260818-194015,1787082104412,3.2472527854857076
20260818-194015,1787082104412,3.2472527854857076
20260818-194015,1787082104412,3.2472527854857076
20260818-194015,1787082104412,3.2472527854857076
20260818-194015,1787082104421,3.2472527854857076
20260818-194015,1787082104421,3.2472527854857076
20260818-194015,1787082104421,3.2472527854857076
20260818-194015,1787082104421,3.2472527854857076
20260818-194015,1787082104555,3.2472527854857076
20260818-194015,1787082104454,3.2472527854857076
20260818-194015,1787082104657,3.2472527854857076
20260818-194015,1787082104759,3.2472527854857076
20260818-194015,1787082104861,3.2472527854857076
20260818-194015,1787082104738,3.2472527854857076
20260818-194015,1787082104963,3.2472527854857076
20260818-194015,1787082105065,3.2472527854857076
20260818-194015,1787082105167,3.2472527854857076
20260818-194015,1787082105269,3.2472527854857076
20260818-194015,1787082105282,3.2472527854857076
20260818-194015,1787082105283,3.2472527854857076
20260818-194015,1787082105283,3.2472527854857076
20260818-194015,1787082105283,3.2472527854857076
20260818-194015,1787082105283,3.2472527854857076
20260818-194015,1787082105283,3.2472527854857076
20260818-194015,1787082105283,3.2472527854857076
20260818-194015,1787082105283,3.2472527854857076
20260818-194015,1787082105283,3.2472527854857076
20260818-194015,1787082105283,3.2472527854857076
20260818-194015,1787082105290,3.2472527854857076
20260818-194015,1787082105290,3.2472527854857076
20260818-194015,1787082105290,3.2472527854857076
20260818-194015,1787082105290,3.2472527854857076
20260818-194015,1787082105290,3.2472527854857076
20260818-194015,1787082105290,3.2472527854857076
20260818-194015,1787082105290,3.2472527854857076
20260818-194015,1787082105290,3.2472527854857076
20260818-194015,1787082105290,3.2472527854857076
20260818-194015,1787082105290,3.2472527854857076
20260818-194015,1787082105290,3.2472527854857076
20260818-194015,1787082105290,3.2472527854857076
20260818-194015,1787082105290,3.2472527854857076
20260818-194015,1787082105290,3.2472527854857076
20260818-194015,1787082105290,3.2472527854857076
20260818-194015,1787082105290,3.2472527854857076
20260818-194015,1787082105290,3.2472527854857076
20260818-194015,1787082105290,3.2472527854857076
20260818-194015,1787082105304,3.2472527854857076
20260818-194015,1787082105305,3.2472527854857076
20260818-194015,1787082105371,2.6288910487032995
20260818-194015,1787082105473,2.6288910487032995
20260818-194015,1787082105331,2.6288910487032995
20260818-194015,1787082105575,2.6288910487032995
20260818-194015,1787082105677,2.6288910487032995
20260818-194015,1787082105779,2.6288910487032995
20260818-194015,1787082105881,2.6288910487032995
20260818-194015,1787082105816,2.6288910487032995
20260818-194015,1787082105914,2.6288910487032995
20260818-194015,1787082105983,2.6288910487032995
20260818-194015,1787082105942,2.6288910487032995
20260818-194015,1787082106053,2.6288910487032995
20260818-194015,1787082106085,2.6288910487032995
20260818-194015,1787082106187,2.6288910487032995
20260818-194015,1787082106053,2.6288910487032995
20260818-194015,1787082106289,2.6288910487032995
20260818-194015,1787082106391,2.6288910487032995
20260818-194015,1787082106493,2.6288910487032995
20260818-194015,1787082106364,2.6288910487032995
20260818-194015,1787082106595,2.6288910487032995
20260818-194015,1787082106697,2.6288910487032995
20260818-194015,1787082106799,2.6288910487032995
20260818-194015,1787082106901,2.6288910487032995
20260818-194015,1787082106762,2.6288910487032995
20260818-194015,1787082107003,2.6288910487032995
20260818-194015,1787082107105,2.6288910487032995
20260818-194015,1787082106997,2.6288910487032995
20260818-194015,1787082107207,2.6288910487032995
20260818-194015,1787082107309,2.6288910487032995
20260818-194015,1787082107411,2.6288910487032995
20260818-194015,1787082107513,2.6288910487032995
20260818-194015,1787082107615,2.6288910487032995
20260818-194015,1787082107717,2.6288910487032995
20260818-194015,1787082107819,2.6288910487032995
20260818-194015,1787082107720,2.6288910487032995
20260818-194015,1787082107921,2.6288910487032995
20260818-194015,1787082108023,2.6288910487032995
20260818-194015,1787082108125,2.6288910487032995
20260818-194015,1787082108227,2.6288910487032995
20260818-194015,1787082108329,2.6288910487032995
20260818-194015,1787082108431,2.6288910487032995
20260818-194015,1787082108533,2.6288910487032995
20260818-194015,1787082108635,2.6288910487032995
20260818-194015,1787082108513,2.6288910487032995
20260818-194015,1787082108737,2.6288910487032995
20260818-194015,1787082108839,2.6288910487032995
20260818-194015,1787082108701,2.6288910487032995
20260818-194015,1787082108941,2.6288910487032995
20260818-194015,1787082109043,2.6288910487032995
20260818-194015,1787082109145,2.6288910487032995
20260818-194015,1787082109247,2.6288910487032995
20260818-194015,1787082109349,2.6288910487032995
20260818-194015,1787082109451,2.6288910487032995
20260818-194015,1787082109553,2.6288910487032995
20260818-194015,1787082109655,2.6288910487032995
20260818-194015,1787082109757,2.6288910487032995
20260818-194015,1787082109631,2.6288910487032995
20260818-194015,1787082109859,2.6288910487032995
20260818-194015,1787082109961,2.6288910487032995
20260818-194015,1787082110063,2.6288910487032995
20260818-194015,1787082110165,2.6288910487032995
20260818-194015,1787082110267,2.6288910487032995
20260818-194015,1787082110369,2.6288910487032995
20260818-194015,1787082110227,2.6288910487032995
20260818-194015,1787082110471,2.6288910487032995
20260818-194015,1787082110573,2.6288910487032995
20260818-194015,1787082110675,2.6288910487032995
20260818-194015,1787082110777,2.6288910487032995
20260818-194015,1787082110618,2.6288910487032995
20260818-194015,1787082110879,2.6288910487032995
20260818-194015,1787082110981,2.6288910487032995
20260818-194015,1787082111083,2.6288910487032995
20260818-194015,1787082111121,2.6288910487032995
20260818-194015,1787082111185,2.6288910487032995
20260818-194015,1787082111287,2.6288910487032995
20260818-194015,1787082111148,2.6288910487032995
20260818-194015,1787082111389,2.6288910487032995
20260818-194015,1787082111445,2.6288910487032995
20260818-194015,1787082111450,2.6288910487032995
20260818-194015,1787082111450,2.6288910487032995
20260818-194015,1787082111450,2.6288910487032995
20260818-194015,1787082111450,2.6288910487032995
20260818-194015,1787082111450,2.6288910487032995
20260818-194015,1787082111450,2.6288910487032995
20260818-194015,1787082111451,2.6288910487032995
20260818-194015,1787082111451,2.6288910487032995
20260818-194015,1787082111458,2.6288910487032995
20260818-194015,1787082111458,2.6288910487032995
20260818-194015,1787082111458,2.6288910487032995
20260818-194015,1787082111458,2.6288910487032995
20260818-194015,1787082111458,2.6288910487032995
20260818-194015,1787082111491,2.3351424243558867
20260818-194015,1787082111464,2.3351424243558867
20260818-194015,1787082111568,2.3351424243558867
20260818-194015,1787082111570,2.3351424243558867
20260818-194015,1787082111570,2.3351424243558867
20260818-194015,1787082111570,2.3351424243558867
20260818-194015,1787082111570,2.3351424243558867
20260818-194015,1787082111570,2.3351424243558867
20260818-194015,1787082111570,2.3351424243558867
20260818-194015,1787082111570,2.3351424243558867
20260818-194015,1787082111575,2.3351424243558867
20260818-194015,1787082111579,2.3351424243558867
20260818-194015,1787082111579,2.3351424243558867
20260818-194015,1787082111582,2.3351424243558867
20260818-194015,1787082111585,2.3351424243558867
20260818-194015,1787082111587,1.9949908717559832
20260818-194015,1787082111593,1.9949908717559832
20260818-194015,1787082111695,1.9949908717559832
20260818-194015,1787082111587,1.9949908717559832
20260818-194015,1787082111797,1.9949908717559832
20260818-194015,1787082111899,1.9949908717559832
20260818-194015,1787082112001,1.9949908717559832
20260818-194015,1787082112103,1.9949908717559832
20260818-194015,1787082112205,1.9949908717559832
20260818-194015,1787082112307,1.9949908717559832
20260818-194015,1787082112409,1.9949908717559832
20260818-194015,1787082112511,1.9949908717559832
20260818-194015,1787082112419,1.9949908717559832
20260818-194015,1787082112613,1.9949908717559832
20260818-194015,1787082112526,1.9949908717559832
20260818-194015,1787082112715,1.9949908717559832
20260818-194015,1787082112817,1.9949908717559832
20260818-194015,1787082112919,1.9949908717559832
20260818-194015,1787082113021,1.9949908717559832
20260818-194015,1787082113123,1.9949908717559832
20260818-194015,1787082113225,1.9949908717559832
20260818-194015,1787082113327,1.9949908717559832
20260818-194015,1787082113429,1.9949908717559832
20260818-194015,1787082113531,1.9949908717559832
20260818-194015,1787082113633,1.9949908717559832
20260818-194015,1787082113483,1.9949908717559832
20260818-194015,1787082113735,1.9949908717559832
20260818-194015,1787082113837,1.9949908717559832
20260818-194015,1787082113939,1.9949908717559832
20260818-194015,1787082114041,1.9949908717559832
20260818-194015,1787082114143,1.9949908717559832
20260818-194015,1787082114245,1.9949908717559832
20260818-194015,1787082114347,1.9949908717559832
20260818-194015,1787082114449,1.9949908717559832
20260818-194015,1787082114455,1.9949908717559832
20260818-194015,1787082114551,1.9949908717559832
20260818-194015,1787082114458,1.9949908717559832
20260818-194015,1787082114653,1.9949908717559832
20260818-194015,1787082114755,1.9949908717559832
20260818-194015,1787082114612,1.9949908717559832
20260818-194015,1787082114857,1.9949908717559832
20260818-194015,1787082114863,1.9949908717559832
20260818-194015,1787082114866,1.9949908717559832
20260818-194015,1787082114869,1.9949908717559832
20260818-194015,1787082114869,1.9949908717559832
20260818-194015,1787082114869,1.9949908717559832
20260818-194015,1787082114869,1.9949908717559832
20260818-194015,1787082114869,1.9949908717559832
20260818-194015,1787082114869,1.9949908717559832
20260818-194015,1787082114877,1.9949908717559832
20260818-194015,1787082114881,1.9949908717559832
20260818-194015,1787082114884,1.9949908717559832
20260818-194015,1787082114884,1.9949908717559832
20260818-194015,1787082114886,1.9949908717559832
20260818-194015,1787082114886,1.9949908717559832
20260818-194015,1787082114959,1.7012049944285534
20260818-194015,1787082114889,1.7012049944285534
20260818-194015,1787082115061,1.7012049944285534
20260818-194015,1787082114979,1.7012049944285534
20260818-194015,1787082115163,1.7012049944285534
20260818-194015,1787082115265,1.7012049944285534
20260818-194015,1787082115367,1.7012049944285534
20260818-194015,1787082115227,1.7012049944285534
20260818-194015,1787082115469,1.7012049944285534
20260818-194015,1787082115388,1.7012049944285534
20260818-194015,1787082115571,1.7012049944285534
20260818-194015,1787082115673,1.7012049944285534
20260818-194015,1787082115775,1.7012049944285534
20260818-194015,1787082115877,1.7012049944285534
20260818-194015,1787082115979,1.7012049944285534
20260818-194015,1787082116081,1.7012049944285534
20260818-194015,1787082116183,1.7012049944285534
20260818-194015,1787082116285,1.7012049944285534
20260818-194015,1787082116387,1.7012049944285534
20260818-194015,1787082116320,1.7012049944285534
20260818-194015,1787082116489,1.7012049944285534
20260818-194015,1787082116421,1.7012049944285534
20260818-194015,1787082116591,1.7012049944285534
20260818-194015,1787082116693,1.7012049944285534
20260818-194015,1787082116795,1.7012049944285534
20260818-194015,1787082116897,1.7012049944285534
20260818-194015,1787082116819,1.7012049944285534
20260818-194015,1787082116941,1.7012049944285534
20260818-194015,1787082116941,1.7012049944285534
20260818-194015,1787082116942,1.7012049944285534
20260818-194015,1787082116942,1.7012049944285534
20260818-194015,1787082116942,1.7012049944285534
20260818-194015,1787082116942,1.7012049944285534
20260818-194015,1787082116942,1.7012049944285534
20260818-194015,1787082116944,1.7012049944285534
20260818-194015,1787082116944,1.7012049944285534
20260818-194015,1787082116944,1.7012049944285534
20260818-194015,1787082116944,1.7012049944285534
20260818-194015,1787082116944,1.7012049944285534
20260818-194015,1787082116944,1.7012049944285534
20260818-194015,1787082116948,1.7012049944285534
20260818-194015,1787082116948,1.7012049944285534
20260818-194015,1787082116948,1.7012049944285534
20260818-194015,1787082116948,1.7012049944285534
20260818-194015,1787082116948,1.7012049944285534
20260818-194015,1787082116948,1.7012049944285534
20260818-194015,1787082116948,1.7012049944285534
20260818-194015,1787082116948,1.7012049944285534
20260818-194015,1787082116948,1.7012049944285534
20260818-194015,1787082116948,1.7012049944285534
20260818-194015,1787082116958,1.7012049944285534
20260818-194015,1787082116958,1.7012049944285534
20260818-194015,1787082116972,1.7012049944285534
20260818-194015,1787082116975,1.7012049944285534
20260818-194015,1787082116975,1.7012049944285534
20260818-194015,1787082116975,1.7012049944285534
20260818-194015,1787082116975,1.7012049944285534
20260818-194015,1787082116975,1.7012049944285534
20260818-194015,1787082116976,1.7012049944285534
20260818-194015,1787082116999,1.051722311283961
20260818-194015,1787082117004,1.051722311283961
20260818-194015,1787082117101,1.0362574094333588
20260818-194015,1787082117040,1.0362574094333588
20260818-194015,1787082117106,1.0362574094333588
20260818-194015,1787082117124,1.0362574094333588
20260818-194015,1787082117124,1.0362574094333588
20260818-194015,1787082117124,1.0362574094333588
20260818-194015,1787082117125,1.0362574094333588
20260818-194015,1787082117135,1.0362574094333588
20260818-194015,1787082117135,1.0362574094333588
20260818-194015,1787082117135,1.0362574094333588
20260818-194015,1787082117135,1.0362574094333588
20260818-194015,1787082117139,1.0362574094333588
20260818-194015,1787082117139,1.0362574094333588
20260818-194015,1787082117145,0.6650854132079637
20260818-194015,1787082117145,0.6650854132079637
20260818-194015,1787082117203,0.6650854132079637
20260818-194015,1787082117145,0.6650854132079637
20260818-194015,1787082117305,0.6650854132079637
20260818-194015,1787082117257,0.6650854132079637
20260818-194015,1787082117360,0.6650854132079637
20260818-194015,1787082117360,0.6650854132079637
20260818-194015,1787082117360,0.6650854132079637
20260818-194015,1787082117360,0.6650854132079637
20260818-194015,1787082117360,0.6650854132079637
20260818-194015,1787082117360,0.6650854132079637
20260818-194015,1787082117360,0.6650854132079637
20260818-194015,1787082117360,0.6650854132079637
20260818-194015,1787082117360,0.6650854132079637
20260818-194015,1787082117360,0.6650854132079637
20260818-194015,1787082117360,0.6650854132079637
20260818-194015,1787082117360,0.6650854132079637
20260818-194015,1787082117360,0.6650854132079637
20260818-194015,1787082117360,0.6650854132079637
20260818-194015,1787082117360,0.6650854132079637
20260818-194015,1787082117360,0.6650854132079637
20260818-194015,1787082117360,0.6650854132079637
20260818-194015,1787082117360,0.6650854132079637
20260818-194015,1787082117360,0.6650854132079637
20260818-194015,1787082117360,0.6650854132079637
20260818-194015,1787082117360,0.6650854132079637
20260818-194015,1787082117360,0.6650854132079637
20260818-194015,1787082117360,0.6650854132079637
20260818-194015,1787082117360,0.6650854132079637
20260818-194015,1787082117360,0.6650854132079637
20260818-194015,1787082117360,0.6650854132079637
20260818-194015,1787082117407,0.15467892136200975
20260818-194015,1787082117509,0.15467892136200975
20260818-194015,1787082117363,0.15467892136200975
20260818-194015,1787082117611,0.15467892136200975
20260818-194015,1787082117713,0.15467892136200975
20260818-194015,1787082117793,0.15467892136200975
20260818-194015,1787082117796,0.15467892136200975
20260818-194015,1787082117815,0.15467892136200975
20260818-194015,1787082117917,0.15467892136200975
20260818-194015,1787082117796,0.15467892136200975
20260818-194015,1787082118019,0.15467892136200975
20260818-194015,1787082118121,0.15467892136200975
20260818-194015,1787082118223,0.15467892136200975
20260818-194015,1787082118080,0.15467892136200975
20260818-194015,1787082118325,0.15467892136200975
20260818-194015,1787082118219,0.15467892136200975
20260818-194015,1787082118427,0.15467892136200975
20260818-194015,1787082118529,0.15467892136200975
20260818-194015,1787082118436,0.15467892136200975
20260818-194015,1787082118631,0.15467892136200975
20260818-194015,1787082118733,0.15467892136200975
20260818-194015,1787082118835,0.15467892136200975
20260818-194015,1787082118937,0.15467892136200975
20260818-194015,1787082119039,0.15467892136200975
20260818-194015,1787082119141,0.15467892136200975
20260818-194015,1787082119048,0.15467892136200975
20260818-194015,1787082119243,0.15467892136200975
20260818-194015,1787082119345,0.15467892136200975
20260818-194015,1787082119180,0.15467892136200975
20260818-194015,1787082119447,0.15467892136200975
20260818-194015,1787082119549,0.15467892136200975
20260818-194015,1787082119651,0.15467892136200975
20260818-194015,1787082119753,0.15467892136200975
20260818-194015,1787082119855,0.15467892136200975
20260818-194015,1787082119957,0.15467892136200975
20260818-194015,1787082120059,0.15467892136200975
20260818-194015,1787082120161,0.15467892136200975
20260818-194015,1787082120263,0.15467892136200975
20260818-194015,1787082120121,0.15467892136200975
20260818-194015,1787082120365,0.15467892136200975
20260818-194015,1787082120467,0.15467892136200975
20260818-194015,1787082120569,0.15467892136200975
20260818-194015,1787082120671,0.15467892136200975
20260818-194015,1787082120545,0.15467892136200975
20260818-194015,1787082120773,0.15467892136200975
20260818-194015,1787082120875,0.15467892136200975
20260818-194015,1787082120977,0.15467892136200975
20260818-194015,1787082121079,0.15467892136200975
20260818-194015,1787082121589,-0.0
20260818-194015,1787082121691,-0.0
20260818-194015,1787082121550,-0.0
20260818-194015,1787082121793,-0.0
20260818-194015,1787082121895,-0.0
20260818-194015,1787082121758,-0.0
20260818-194015,1787082121997,-0.0
20260818-194015,1787082122099,-0.0
20260818-194015,1787082122008,-0.0
20260818-194015,1787082122201,-0.0
20260818-194015,1787082122101,-0.0
20260818-194015,1787082122303,-0.0
20260818-194015,1787082122405,-0.0
20260818-194015,1787082122277,-0.0
20260818-194015,1787082122507,-0.0
20260818-194015,1787082122609,-0.0
20260818-194015,1787082122711,-0.0
20260818-194015,1787082122813,-0.0
20260818-194015,1787082122701,-0.0
20260818-194015,1787082122915,-0.0
20260818-194015,1787082122799,-0.0
20260818-194015,1787082123017,-0.0
20260818-194015,1787082123119,-0.0
20260818-194015,1787082122997,-0.0
20260818-194015,1787082123221,-0.0
20260818-194015,1787082123323,-0.0
20260818-194015,1787082123425,-0.0
20260818-194015,1787082123833,-0.0
20260818-194015,1787082123681,-0.0
20260818-194015,1787082123935,-0.0
20260818-194015,1787082124037,-0.0
20260818-194015,1787082124139,-0.0
20260818-194015,1787082123978,-0.0
20260818-194015,1787082124241,-0.0
20260818-194015,1787082124343,-0.0
20260818-194015,1787082124205,-0.0
20260818-194015,1787082124445,-0.0
20260818-194015,1787082124547,-0.0
20260818-194015,1787082124649,-0.0
20260818-194015,1787082131585,0.04640417885143631
20260818-194015,1787082131499,0.04640417885143631
20260818-194015,1787082131627,0.04640417885143631
20260818-194015,1787082131687,0.04640417885143631
20260818-194015,1787082131631,0.04640417885143631
20260818-194015,1787082131789,0.04640417885143631
20260818-194015,1787082131891,0.04640417885143631
20260818-194015,1787082131758,0.04640417885143631
20260818-194015,1787082131993,0.04640417885143631
20260818-194015,1787082132095,0.04640417885143631
20260818-194015,1787082131991,0.04640417885143631
20260818-194015,1787082132197,0.04640417885143631
20260818-194015,1787082132184,0.04640417885143631
20260818-194015,1787082132401,0.04640417885143631
20260818-194015,1787082132258,0.04640417885143631
20260818-194015,1787082132503,0.04640417885143631
20260818-194015,1787082132605,0.04640417885143631
20260818-194015,1787082132452,0.04640417885143631
20260818-194317,1787082199945,-0.0
20260818-194317,1787082200129,-0.0
20260818-194317,1787082200231,-0.0
20260818-194317,1787082200333,0.0
20260818-194317,1787082200435,-0.0
20260818-194317,1787082200377,-0.0
20260818-194317,1787082200537,0.0
20260818-194317,1787082200639,0.0
20260818-194317,1787082200741,-0.0
20260818-194317,1787082200843,-0.0
20260818-194317,1787082200945,0.0
20260818-194317,1787082201047,-0.0
20260818-194317,1787082201149,-0.0
20260818-194317,1787082201030,-0.0
20260818-194317,1787082201251,-0.0
20260818-194317,1787082201353,-0.0
20260818-194317,1787082201455,-0.0
20260818-194317,1787082201557,-0.0
20260818-194317,1787082201659,-0.0
20260818-194317,1787082201761,-0.0
20260818-194317,1787082201863,-0.0
20260818-194317,1787082201965,-0.0
20260818-194317,1787082202067,0.0
20260818-194317,1787082202015,0.0
20260818-194317,1787082202169,-0.0
20260818-194317,1787082202271,-0.0
20260818-194317,1787082202373,0.0
20260818-194317,1787082202475,0.0
20260818-194317,1787082202577,0.0
20260818-194317,1787082202679,-0.0
20260818-194317,1787082202781,-0.0
20260818-194317,1787082202883,0.0
20260818-194317,1787082202985,-0.0
20260818-194317,1787082203087,-0.0
20260818-194317,1787082202961,0.0
20260818-194317,1787082203189,-0.0
20260818-194317,1787082203291,-0.0
20260818-194317,1787082203393,-0.0
20260818-194317,1787082203495,-0.0
20260818-194317,1787082203597,-0.0
20260818-194317,1787082203699,0.0
20260818-194317,1787082203801,0.0
20260818-194317,1787082203903,-0.0
20260818-194317,1787082204005,-0.0
20260818-194317,1787082203914,0.0
20260818-194317,1787082204107,-0.0
20260818-194317,1787082204209,-0.0
20260818-194317,1787082204311,-0.0
20260818-194317,1787082204413,-0.0
20260818-194317,1787082204515,-0.0
20260818-194317,1787082204617,0.0
20260818-194317,1787082204719,-0.0
20260818-194317,1787082204821,-0.0
20260818-194317,1787082204923,-0.0
20260818-194317,1787082204841,-0.0
20260818-194317,1787082205025,0.0
20260818-194317,1787082205127,-0.0
20260818-194317,1787082205229,-0.0
20260818-194317,1787082205331,-0.0
20260818-194317,1787082205433,-0.0
20260818-194317,1787082205535,0.0
20260818-194317,1787082205637,0.0
20260818-194317,1787082205739,-0.0
20260818-194317,1787082205841,-0.0
20260818-194317,1787082205943,0.0
20260818-194317,1787082205831,0.0
20260818-194317,1787082206045,-0.0
20260818-194317,1787082206147,-0.0
20260818-194317,1787082206249,-0.0
20260818-194317,1787082206150,-0.0
20260818-194317,1787082206351,-0.0
20260818-194317,1787082206453,-0.0
20260818-194317,1787082206555,-0.0
20260818-194317,1787082206657,0.0
20260818-194317,1787082206759,0.0
20260818-194317,1787082206861,-0.0
20260818-194317,1787082212092,0.4795128149786298
20260818-194317,1787082212267,0.4795128149786298
20260818-194317,1787082212369,0.4795128149786298
20260818-194317,1787082212236,0.4795128149786298
20260818-194317,1787082212471,0.4795128149786298
20260818-194317,1787082212573,-0.4795128149786298
20260818-194317,1787082212675,0.4795128149786298
20260818-194317,1787082212777,0.4795128149786298
20260818-194317,1787082212775,0.4795128149786298
20260818-194317,1787082212879,0.4795128149786298
20260818-194317,1787082212981,0.4795128149786298
20260818-194317,1787082212876,0.4795128149786298
20260818-194317,1787082213083,0.4795128149786298
20260818-194317,1787082213185,0.4795128149786298
20260818-194317,1787082213287,-0.4795128149786298
20260818-194317,1787082213389,0.4795128149786298
20260818-194317,1787082213491,0.4795128149786298
20260818-194317,1787082213593,0.4795128149786298
20260818-194317,1787082213695,0.4795128149786298
20260818-194317,1787082213797,0.4795128149786298
20260818-194317,1787082213812,-0.4795128149786298
20260818-194317,1787082213899,0.4795128149786298
20260818-194317,1787082229062,-0.4795128149786298
20260818-194317,1787082229301,-0.4795128149786298
20260818-194317,1787082229403,-0.4795128149786298
20260818-194317,1787082229505,0.4795128149786298
20260818-194317,1787082229405,0.4795128149786298
20260818-194317,1787082229607,0.4795128149786298
20260818-194317,1787082229709,0.4795128149786298
20260818-194317,1787082229594,-0.4795128149786298
20260818-194317,1787082229811,0.4795128149786298
20260818-194317,1787082229913,0.4795128149786298
20260818-194317,1787082230015,0.4795128149786298
20260818-194317,1787082230117,-0.4795128149786298
20260818-194317,1787082229996,0.4795128149786298
20260818-194317,1787082230219,0.4795128149786298
20260818-194317,1787082230321,-0.4795128149786298
20260818-194317,1787082230423,0.4795128149786298
20260818-194317,1787082230525,0.4795128149786298
20260818-194317,1787082230627,0.4795128149786298
20260818-194317,1787082230532,0.4795128149786298
20260818-194317,1787082230729,0.4795128149786298
20260818-194317,1787082230831,-0.4795128149786298
20260818-194317,1787082230933,0.4795128149786298
20260818-194317,1787082231035,0.4795128149786298
20260818-194317,1787082231137,0.4795128149786298
20260818-194317,1787082231036,-0.4795128149786298
20260818-194317,1787082231239,-0.4795128149786298
20260818-194317,1787082231341,-0.4795128149786298
20260818-194317,1787082231443,-0.4795128149786298
20260818-194317,1787082231545,0.4795128149786298
20260818-194317,1787082231647,0.4795128149786298
20260818-194317,1787082231749,-0.4795128149786298
20260818-194317,1787082231851,0.4795128149786298
20260818-194317,1787082231953,0.4795128149786298
20260818-194317,1787082232055,0.4795128149786298
20260818-194317,1787082232157,-0.4795128149786298
20260818-194317,1787082232064,0.4795128149786298
20260818-194317,1787082232259,0.4795128149786298
20260818-194317,1787082232361,0.4795128149786298
20260818-194317,1787082232463,-0.4795128149786298
20260818-194317,1787082232565,0.4795128149786298
20260818-194317,1787082232508,-0.4795128149786298
20260818-194317,1787082232667,-0.4795128149786298
20260818-194317,1787082232769,0.4795128149786298
20260818-194317,1787082232871,0.4795128149786298
20260818-194317,1787082232973,0.4795128149786298
20260818-194317,1787082233075,0.4795128149786298
20260818-194317,1787082233020,0.4795128149786298
20260818-194317,1787082233177,-0.4795128149786298
20260818-194317,1787082233279,0.4795128149786298
20260818-194317,1787082233381,-0.4795128149786298
20260818-194317,1787082233483,0.4795128149786298
20260818-194317,1787082233585,-0.4795128149786298
20260818-194317,1787082233687,0.4795128149786298
20260818-194317,1787082233789,0.4795128149786298
20260818-194317,1787082233694,-0.4795128149786298
20260818-194317,1787082233891,0.4795128149786298
20260818-194317,1787082233993,0.4795128149786298
20260818-194317,1787082233862,-0.4795128149786298
20260818-194317,1787082234095,0.4795128149786298
20260818-194317,1787082234033,0.4795128149786298
20260818-194317,1787082234197,0.4795128149786298
20260818-194317,1787082234299,0.4795128149786298
20260818-194317,1787082234401,0.4795128149786298
20260818-194317,1787082234375,0.4795128149786298
20260818-194317,1787082234503,-0.4795128149786298
20260818-194317,1787082234443,-0.4795128149786298
20260818-194317,1787082234605,-0.4795128149786298
20260818-194317,1787082251639,0.9126211639932559
20260818-194317,1787082251843,0.9126211639932559
20260818-194317,1787082251945,0.9126211639932559
20260818-194317,1787082252047,0.9126211639932559
20260818-194317,1787082252083,0.9126211639932559
20260818-194317,1787082252149,0.9126211639932559
20260818-194317,1787082252086,0.9126211639932559
20260818-194317,1787082252251,0.9126211639932559
20260818-194317,1787082252353,-0.9126211639932559
20260818-194317,1787082252455,0.9126211639932559
20260818-194317,1787082252557,-0.9126211639932559
20260818-194317,1787082252659,0.9126211639932559
20260818-194317,1787082252761,0.9126211639932559
20260818-194317,1787082252965,0.9126211639932559
20260818-194317,1787082255821,0.9126211639932559
20260818-194317,1787082255923,0.9126211639932559
20260818-194317,1787082255849,0.9126211639932559
20260818-194317,1787082256025,0.9126211639932559
20260818-194317,1787082256127,0.9126211639932559
20260818-194317,1787082256229,0.9126211639932559
20260818-194317,1787082256331,0.9126211639932559
20260818-194317,1787082256433,0.9126211639932559
20260818-194317,1787082256637,0.9126211639932559
20260818-194317,1787082256739,-0.9126211639932559
20260818-194317,1787082256943,-0.9126211639932559
20260818-194317,1787082257045,0.9126211639932559
20260818-194317,1787082256930,0.9126211639932559
20260818-194317,1787082257147,0.9126211639932559
20260818-194317,1787082257249,0.9126211639932559
20260818-194317,1787082257351,0.9126211639932559
20260818-194317,1787082257453,0.9126211639932559
20260818-194317,1787082257388,0.9126211639932559
20260818-194317,1787082257555,0.9126211639932559
20260818-194317,1787082257657,-0.9126211639932559
20260818-194317,1787082257759,0.9126211639932559
20260818-194317,1787082257771,0.9126211639932559
20260818-194317,1787082257861,-0.9126211639932559
20260818-194317,1787082257963,-0.9126211639932559
20260818-194317,1787082257827,0.9126211639932559
20260818-194317,1787082258065,-0.9126211639932559
20260818-194317,1787082258167,0.9126211639932559
20260818-194317,1787082258029,-0.9126211639932559
20260818-194317,1787082258269,-0.9126211639932559
20260818-194317,1787082258371,0.9126211639932559
20260818-194317,1787082258473,-0.9126211639932559
20260818-194317,1787082258575,0.9126211639932559
20260818-194317,1787082258779,-0.9126211639932559
20260818-194317,1787082258650,-0.9126211639932559
20260818-194317,1787082258881,-0.9126211639932559
20260818-194317,1787082259085,-0.9126211639932559
20260818-194317,1787082259187,-0.9126211639932559
20260818-194317,1787082259079,0.9126211639932559
20260818-194317,1787082259391,0.9126211639932559
20260818-194317,1787082259493,0.9126211639932559
20260818-194317,1787082290909,-1.25298066310386
20260818-194317,1787082291011,-1.25298066310386
20260818-194317,1787082290894,1.25298066310386
20260818-194317,1787082291113,-1.25298066310386
20260818-194317,1787082291215,-1.25298066310386
20260818-194317,1787082291317,-1.25298066310386
20260818-194317,1787082291211,-1.25298066310386
20260818-194317,1787082291419,1.25298066310386
20260818-194317,1787082291521,1.25298066310386
20260818-194317,1787082291623,1.25298066310386
20260818-194317,1787082291725,1.25298066310386
20260818-194317,1787082291624,-1.25298066310386
20260818-194317,1787082291827,-1.25298066310386
20260818-194317,1787082291929,-1.25298066310386
20260818-194317,1787082292031,1.25298066310386
20260818-194317,1787082292133,-1.25298066310386
20260818-194317,1787082292085,-1.25298066310386
20260818-194618,1787082388935,0.5722774865258952
20260818-194618,1787082389037,0.5722774865258952
20260818-194618,1787082389139,0.5722774865258952
20260818-194618,1787082389024,0.5722774865258952
20260818-194618,1787082389241,0.5722774865258952
20260818-194618,1787082390261,0.5722774865258952
20260818-194618,1787082390363,0.5722774865258952
20260818-194618,1787082390465,0.5722774865258952
20260818-194618,1787082390567,0.5722774865258952
20260818-194618,1787082390669,0.5722774865258952
20260818-194618,1787082390771,0.5722774865258952
20260818-194618,1787082390873,0.5722774865258952
20260818-194618,1787082390774,0.5722774865258952
20260818-194618,1787082390975,0.5722774865258952
20260818-194618,1787082391077,0.5722774865258952
20260818-194618,1787082391179,0.5722774865258952
20260818-194618,1787082391025,0.5722774865258952
20260818-194618,1787082391281,0.5722774865258952
20260818-194618,1787082391383,0.5722774865258952
20260818-194618,1787082391392,0.5722774865258952
20260818-194618,1787082391429,0.5722774865258952
20260818-194618,1787082391430,0.5722774865258952
20260818-194618,1787082391430,0.5722774865258952
20260818-194618,1787082391431,0.5722774865258952
20260818-194618,1787082391431,0.5722774865258952
20260818-194618,1787082391432,0.5722774865258952
20260818-194618,1787082391432,0.5722774865258952
20260818-194618,1787082391485,0.3866668007111576
20260818-194618,1787082391587,0.3866668007111576
20260818-194618,1787082391689,0.3866668007111576
20260818-194618,1787082391791,0.3866668007111576
20260818-194618,1787082391893,0.3866668007111576
20260818-194618,1787082391995,0.3866668007111576
20260818-194618,1787082392097,0.3866668007111576
20260818-194618,1787082392199,0.3866668007111576
20260818-194618,1787082392301,0.3866668007111576
20260818-194618,1787082392403,0.3866668007111576
20260818-194618,1787082392505,0.3866668007111576
20260818-194618,1787082392574,0.3866668007111576
20260818-194618,1787082392607,0.3866668007111576
20260818-194618,1787082392709,0.3866668007111576
20260818-194618,1787082392586,0.3866668007111576
20260818-194618,1787082392811,0.3866668007111576
20260818-194618,1787082392913,0.3866668007111576
20260818-194618,1787082393015,0.3866668007111576
20260818-194618,1787082393025,0.3866668007111576
20260818-194618,1787082393117,0.3866668007111576
20260818-194618,1787082393219,0.3866668007111576
20260818-194618,1787082393114,0.3866668007111576
20260818-194618,1787082393321,0.3866668007111576
20260818-194618,1787082393423,0.3866668007111576
20260818-194618,1787082393525,0.3866668007111576
20260818-194618,1787082393450,0.3866668007111576
20260818-194618,1787082393627,0.3866668007111576
20260818-194618,1787082393729,0.3866668007111576
20260818-194618,1787082393831,0.3866668007111576
20260818-194618,1787082393770,0.3866668007111576
20260818-194618,1787082393933,0.3866668007111576
20260818-194618,1787082394035,0.3866668007111576
20260818-194618,1787082394137,0.3866668007111576
20260818-194618,1787082394239,0.3866668007111576
20260818-194618,1787082394341,0.3866668007111576
20260818-194618,1787082394443,0.3866668007111576
20260818-194618,1787082394545,0.3866668007111576
20260818-194618,1787082394450,0.3866668007111576
20260818-194618,1787082394647,0.3866668007111576
20260818-194618,1787082394749,0.3866668007111576
20260818-194618,1787082394851,0.3866668007111576
20260818-194618,1787082394794,0.3866668007111576
20260818-194618,1787082394953,0.3866668007111576
20260818-194618,1787082395055,0.3866668007111576
20260818-194618,1787082395026,0.3866668007111576
20260818-194618,1787082395157,0.3866668007111576
20260818-194618,1787082395259,0.3866668007111576
20260818-194618,1787082395119,0.3866668007111576
20260818-194618,1787082395361,0.3866668007111576
20260818-194618,1787082395463,0.3866668007111576
20260818-194618,1787082395565,0.3866668007111576
20260818-194618,1787082395416,0.3866668007111576
20260818-194618,1787082395667,0.3866668007111576
20260818-194618,1787082395769,0.3866668007111576
20260818-194618,1787082395871,0.3866668007111576
20260818-194618,1787082395973,0.3866668007111576
20260818-194618,1787082395888,0.3866668007111576
20260818-194618,1787082396075,0.3866668007111576
20260818-194618,1787082396177,0.3866668007111576
20260818-194618,1787082396209,0.0
20260818-194618,1787082396209,0.0
20260818-194618,1787082396209,0.0
20260818-194618,1787082396209,0.0
20260818-194618,1787082396209,0.0
20260818-194618,1787082396209,0.0
20260818-194618,1787082396209,0.0
20260818-194618,1787082396209,0.0
20260818-194618,1787082396209,0.0
20260818-194618,1787082396209,0.0
20260818-194618,1787082396209,0.0
20260818-194618,1787082396209,0.0
20260818-194618,1787082396209,0.0
20260818-194618,1787082396209,0.0
20260818-194618,1787082396209,0.0
20260818-194618,1787082396209,0.0
20260818-194618,1787082396209,0.0
20260818-194618,1787082396209,0.0
20260818-194618,1787082396279,0.0
20260818-194618,1787082396209,0.0
20260818-194618,1787082396381,0.0
20260818-194618,1787082396483,0.0
20260818-194618,1787082396585,0.0
20260818-194618,1787082396687,0.0
20260818-194618,1787082396615,0.0
20260818-194618,1787082396789,0.0
20260818-194618,1787082396891,0.0
20260818-194618,1787082396993,0.0
20260818-194618,1787082397095,0.0
20260818-194618,1787082397026,0.0
20260818-194618,1787082397197,0.0
20260818-194618,1787082397299,0.0
20260818-194618,1787082397401,0.0
20260818-194618,1787082397290,0.0
20260818-194618,1787082397503,0.0
20260818-194618,1787082397605,0.0
20260818-194618,1787082403113,0.0
20260818-194618,1787082403027,0.0
20260818-194618,1787082403215,0.0
20260818-194618,1787082403317,0.0
20260818-194618,1787082403419,0.0
20260818-194618,1787082403521,0.0
20260818-194618,1787082403623,0.0
20260818-194618,1787082403559,0.0
20260818-194618,1787082403725,0.0
20260818-194618,1787082403827,0.0
20260818-194618,1787082403929,0.0
20260818-194618,1787082404031,0.0
20260818-194618,1787082404133,0.0
20260818-194618,1787082404235,0.0
20260818-194618,1787082404337,0.0
20260818-194618,1787082404439,0.0
20260818-194618,1787082404541,0.0
20260818-194618,1787082404414,0.0
20260818-194618,1787082404643,0.0
20260818-194618,1787082404745,0.0
20260818-194618,1787082404733,0.0
20260818-194618,1787082404847,0.0
20260818-194618,1787082404745,0.0
20260818-194618,1787082404949,0.0
20260818-194618,1787082405051,0.0
20260818-194618,1787082405153,0.0
20260818-194618,1787082405027,0.0
20260818-194618,1787082405255,0.0
20260818-194618,1787082405197,0.0
20260818-194618,1787082405357,0.0
20260818-194618,1787082405459,0.0
20260818-194618,1787082405561,0.0
20260818-194618,1787082405663,0.0
20260818-194618,1787082405517,0.0
20260818-194618,1787082405765,0.0
20260818-194618,1787082405867,0.0
20260818-194618,1787082405969,0.0
20260818-194618,1787082406071,0.0
20260818-194618,1787082406173,0.0
20260818-194618,1787082406275,0.0
20260818-194618,1787082406377,0.0
20260818-194618,1787082406326,0.0
20260818-194618,1787082406479,0.0
20260818-194618,1787082406581,0.0
20260818-194618,1787082406683,0.0
20260818-194618,1787082406531,0.0
20260818-194618,1787082406785,0.0
20260818-194618,1787082406782,0.0
20260818-194618,1787082406887,0.0
20260818-194618,1787082406989,0.0
20260818-194618,1787082406843,0.0
20260818-194618,1787082407091,0.0
20260818-194618,1787082407028,0.0
20260818-194618,1787082407193,0.0
20260818-194618,1787082407295,0.0
20260818-194618,1787082407397,0.0
20260818-194618,1787082407499,0.0
20260818-194618,1787082407601,0.0
20260818-194618,1787082407529,0.0
20260818-194618,1787082407703,0.0
20260818-194618,1787082407805,0.0
20260818-194618,1787082407907,0.0
20260818-194618,1787082408009,0.0
20260818-194618,1787082408111,0.0
20260818-194618,1787082408213,0.0
20260818-194618,1787082414333,0.0
20260818-194618,1787082414233,0.0
20260818-194618,1787082414435,0.0
20260818-194618,1787082414537,0.0
20260818-194618,1787082414639,0.0
20260818-194618,1787082414741,0.0
20260818-194618,1787082414843,0.0
20260818-194618,1787082414945,0.0
20260818-194618,1787082415047,0.0
20260818-194618,1787082414930,0.0
20260818-194618,1787082415149,0.0
20260818-194618,1787082415140,0.0
20260818-194618,1787082415251,0.0
20260818-194618,1787082415154,0.0
20260818-194618,1787082415353,0.0
20260818-194618,1787082415455,0.0
20260818-194920,1787082561725,-1.26875965591812
20260818-194920,1787082561827,1.26875965591812
20260818-194920,1787082561929,1.26875965591812
20260818-194920,1787082562031,1.26875965591812
20260818-194920,1787082562133,1.26875965591812
20260818-194920,1787082561999,1.26875965591812
20260818-194920,1787082562643,1.26875965591812
20260818-194920,1787082562745,1.26875965591812
20260818-194920,1787082562847,1.26875965591812
20260818-194920,1787082562949,1.26875965591812
20260818-194920,1787082563051,1.26875965591812
20260818-194920,1787082562956,1.26875965591812
20260818-194920,1787082563153,1.26875965591812
20260818-194920,1787082563255,1.26875965591812
20260818-194920,1787082563357,-1.26875965591812
20260818-194920,1787082563459,1.26875965591812
20260818-194920,1787082563561,1.26875965591812
20260818-194920,1787082563663,-1.26875965591812
20260818-194920,1787082563765,1.26875965591812
20260818-194920,1787082563867,-1.26875965591812
20260818-194920,1787082563969,-1.26875965591812
20260818-194920,1787082564071,1.26875965591812
20260818-194920,1787082564173,1.26875965591812
20260818-194920,1787082564026,-1.26875965591812
20260818-194920,1787082564275,-1.26875965591812
20260818-194920,1787082564377,-1.26875965591812
20260818-194920,1787082564479,1.26875965591812
20260818-194920,1787082564581,1.26875965591812
20260818-194920,1787082564683,1.26875965591812
20260818-194920,1787082564785,1.26875965591812
20260818-194920,1787082564887,1.26875965591812
20260818-194920,1787082564943,1.26875965591812
20260818-194920,1787082564989,1.26875965591812
20260818-194920,1787082564951,1.26875965591812
20260818-194920,1787082565295,1.26875965591812
20260818-194920,1787082565601,1.26875965591812
20260818-194920,1787082565530,1.26875965591812
20260818-194920,1787082565703,1.26875965591812
20260818-194920,1787082565710,1.26875965591812
20260818-194920,1787082565805,1.26875965591812
20260818-194920,1787082565907,1.26875965591812
20260818-194920,1787082565747,1.26875965591812
20260818-194920,1787082566009,1.26875965591812
20260818-194920,1787082566111,1.26875965591812
20260818-194920,1787082565961,1.26875965591812
20260818-194920,1787082566213,-1.26875965591812
20260818-194920,1787082566315,1.26875965591812
20260818-194920,1787082566417,1.26875965591812
20260818-194920,1787082566519,1.26875965591812
20260818-194920,1787082566621,1.26875965591812
20260818-194920,1787082566723,-1.26875965591812
20260818-194920,1787082566825,-1.26875965591812
20260818-194920,1787082568049,-1.26875965591812
20260818-194920,1787082567922,1.26875965591812
20260818-194920,1787082568151,1.26875965591812
20260818-194920,1787082568253,1.26875965591812
20260818-194920,1787082568355,1.26875965591812
20260818-194920,1787082568457,1.021196796225791
20260818-194920,1787082568559,1.021196796225791
20260818-194920,1787082568661,1.021196796225791
20260818-194920,1787082568586,-1.021196796225791
20260818-194920,1787082568763,-1.021196796225791
20260818-194920,1787082568865,-1.021196796225791
20260818-194920,1787082568786,1.021196796225791
20260818-194920,1787082568967,1.021196796225791
20260818-194920,1787082569069,1.021196796225791
20260818-194920,1787082568959,-1.021196796225791
20260818-194920,1787082569579,-1.021196796225791
20260818-194920,1787082569681,-1.021196796225791
20260818-194920,1787082569783,1.021196796225791
20260818-194920,1787082569885,1.021196796225791
20260818-194920,1787082569691,1.021196796225791
20260818-194920,1787082569987,1.021196796225791
20260818-194920,1787082569839,1.021196796225791
20260818-194920,1787082570089,1.021196796225791
20260818-194920,1787082570011,1.021196796225791
20260818-194920,1787082570191,-1.021196796225791
20260818-194920,1787082570293,1.021196796225791
20260818-194920,1787082570395,1.021196796225791
20260818-194920,1787082570497,1.021196796225791
20260818-194920,1787082570599,1.021196796225791
20260818-194920,1787082570701,-1.021196796225791
20260818-194920,1787082570803,1.021196796225791
20260818-194920,1787082570660,1.021196796225791
20260818-194920,1787082570905,1.021196796225791
20260818-194920,1787082571007,1.021196796225791
20260818-194920,1787082571109,1.021196796225791
20260818-194920,1787082571019,1.021196796225791
20260818-194920,1787082571211,1.021196796225791
20260818-194920,1787082571313,1.021196796225791
20260818-194920,1787082571415,1.021196796225791
20260818-194920,1787082571517,-1.021196796225791
20260818-194920,1787082571424,1.021196796225791
20260818-194920,1787082571619,1.021196796225791
20260818-194920,1787082571721,1.021196796225791
20260818-194920,1787082571823,1.021196796225791
20260818-194920,1787082571925,1.021196796225791
20260818-194920,1787082572027,1.021196796225791
20260818-194920,1787082572129,1.021196796225791
20260818-194920,1787082572046,-1.021196796225791
20260818-194920,1787082572231,1.021196796225791
20260818-194920,1787082572333,1.021196796225791
20260818-194920,1787082572168,1.021196796225791
20260818-194920,1787082572435,1.021196796225791
20260818-194920,1787082572537,1.021196796225791
20260818-194920,1787082572639,1.021196796225791
20260818-194920,1787082572741,1.021196796225791
20260818-194920,1787082572843,1.021196796225791
20260818-194920,1787082572945,1.021196796225791
20260818-194920,1787082573047,1.021196796225791
20260818-194920,1787082572947,1.021196796225791
20260818-194920,1787082573149,-1.021196796225791
20260818-194920,1787082573251,1.021196796225791
20260818-194920,1787082573353,1.021196796225791
20260818-194920,1787082573455,1.021196796225791
20260818-194920,1787082573350,1.021196796225791
20260818-194920,1787082573557,1.021196796225791
20260818-194920,1787082573659,1.021196796225791
20260818-194920,1787082573761,1.021196796225791
20260818-194920,1787082573863,1.021196796225791
20260818-194920,1787082573965,1.021196796225791
20260818-194920,1787082574067,1.021196796225791
20260818-194920,1787082573945,1.021196796225791
20260818-194920,1787082574169,1.021196796225791
20260818-194920,1787082574271,-1.021196796225791
20260818-194920,1787082574373,1.021196796225791
20260818-194920,1787082577031,1.021196796225791
20260818-194920,1787082577229,1.021196796225791
20260818-194920,1787082577167,1.021196796225791
20260818-194920,1787082577331,1.021196796225791
20260818-194920,1787082577433,1.021196796225791
20260818-194920,1787082577332,-1.021196796225791
20260818-194920,1787082577535,1.021196796225791
20260818-194920,1787082577637,-1.021196796225791
20260818-194920,1787082577739,1.021196796225791
20260818-194920,1787082577841,1.021196796225791
20260818-194920,1787082577760,1.021196796225791
20260818-194920,1787082577943,1.021196796225791
20260818-194920,1787082578045,-1.021196796225791
20260818-194920,1787082577899,-1.021196796225791
20260818-194920,1787082578147,1.021196796225791
20260818-194920,1787082578249,-1.021196796225791
20260818-194920,1787082578351,1.021196796225791
20260818-194920,1787082578453,1.021196796225791
20260818-194920,1787082578312,-1.021196796225791
20260818-194920,1787082578555,1.021196796225791
20260818-194920,1787082578657,1.021196796225791
20260818-194920,1787082578575,1.021196796225791
20260818-194920,1787082578759,1.021196796225791
20260818-194920,1787082578804,1.021196796225791
20260818-194920,1787082578812,1.021196796225791
20260818-194920,1787082578812,1.021196796225791
20260818-194920,1787082578812,1.021196796225791
20260818-194920,1787082578812,1.021196796225791
20260818-194920,1787082578812,1.021196796225791
20260818-194920,1787082578812,1.021196796225791
20260818-194920,1787082578812,1.021196796225791
20260818-194920,1787082578812,1.021196796225791
20260818-194920,1787082578812,1.021196796225791
20260818-194920,1787082578812,1.021196796225791
20260818-194920,1787082578814,1.021196796225791
20260818-194920,1787082578861,0.711721197144647
20260818-194920,1787082578963,0.711721197144647
20260818-194920,1787082579065,0.711721197144647
20260818-194920,1787082578940,0.711721197144647
20260818-194920,1787082579167,0.711721197144647
20260818-194920,1787082579269,0.711721197144647
20260818-194920,1787082579371,0.711721197144647
20260818-194920,1787082579473,-0.711721197144647
20260818-194920,1787082579575,0.711721197144647
20260818-194920,1787082579677,0.711721197144647
20260818-194920,1787082579779,0.711721197144647
20260818-194920,1787082579621,-0.711721197144647
20260818-194920,1787082579881,0.711721197144647
20260818-194920,1787082579983,0.711721197144647
20260818-194920,1787082579886,0.711721197144647
20260818-194920,1787082580085,-0.711721197144647
20260818-194920,1787082580005,-0.711721197144647
20260818-194920,1787082580187,0.711721197144647
20260818-194920,1787082580289,0.711721197144647
20260818-194920,1787082580391,0.711721197144647
20260818-194920,1787082580493,0.711721197144647
20260818-194920,1787082580595,-0.711721197144647
20260818-194920,1787082580697,0.711721197144647
20260818-194920,1787082580799,0.711721197144647
20260818-194920,1787082580901,0.711721197144647
20260818-194920,1787082580821,0.711721197144647
20260818-194920,1787082581003,0.711721197144647
20260818-194920,1787082581105,0.711721197144647
20260818-194920,1787082581207,0.711721197144647
20260818-194920,1787082581309,0.711721197144647
20260818-194920,1787082581197,0.711721197144647
20260818-194920,1787082581411,0.711721197144647
20260818-194920,1787082581513,0.711721197144647
20260818-194920,1787082581615,0.711721197144647
20260818-194920,1787082581717,0.711721197144647
20260818-194920,1787082581819,0.711721197144647
20260818-194920,1787082581921,0.711721197144647
20260818-194920,1787082581835,-0.711721197144647
20260818-194920,1787082582023,-0.711721197144647
20260818-194920,1787082582125,0.711721197144647
20260818-194920,1787082582227,0.711721197144647
20260818-194920,1787082582329,0.711721197144647
20260818-194920,1787082582431,0.711721197144647
20260818-194920,1787082582533,-0.711721197144647
20260818-194920,1787082582635,0.711721197144647
20260818-194920,1787082582737,0.711721197144647
20260818-194920,1787082582839,0.711721197144647
20260818-194920,1787082582941,-0.711721197144647
20260818-194920,1787082582848,0.711721197144647
20260818-194920,1787082583043,-0.711721197144647
20260818-194920,1787082583145,0.711721197144647
20260818-194920,1787082583247,0.711721197144647
20260818-194920,1787082583125,-0.711721197144647
20260818-194920,1787082583349,0.711721197144647
20260818-194920,1787082583451,0.711721197144647
20260818-194920,1787082583553,0.711721197144647
20260818-194920,1787082583655,-0.711721197144647
20260818-194920,1787082583757,0.711721197144647
20260818-194920,1787082583859,0.711721197144647
20260818-194920,1787082583801,-0.711721197144647
20260818-194920,1787082583961,-0.711721197144647
20260818-194920,1787082583866,-0.711721197144647
20260818-194920,1787082584063,0.711721197144647
20260818-194920,1787082584165,0.711721197144647
20260818-194920,1787082584066,0.711721197144647
20260818-194920,1787082584267,0.711721197144647
20260818-194920,1787082584369,0.711721197144647
20260818-194920,1787082584471,-0.711721197144647
20260818-194920,1787082584573,-0.711721197144647
20260818-194920,1787082584584,0.711721197144647
20260818-194920,1787082584643,-0.711721197144647
20260818-194920,1787082584644,0.711721197144647
20260818-194920,1787082584644,0.711721197144647
20260818-194920,1787082584644,0.711721197144647
20260818-194920,1787082584644,0.711721197144647
20260818-194920,1787082584644,0.711721197144647
20260818-194920,1787082584646,0.711721197144647
20260818-194920,1787082584646,0.711721197144647
20260818-194920,1787082584646,0.711721197144647
20260818-194920,1787082584646,0.711721197144647
20260818-194920,1787082584646,0.711721197144647
20260818-194920,1787082584646,0.711721197144647
20260818-194920,1787082584649,0.711721197144647
20260818-194920,1787082584653,0.711721197144647
20260818-194920,1787082584653,0.711721197144647
20260818-194920,1787082584653,0.711721197144647
20260818-194920,1787082584653,-0.711721197144647
20260818-194920,1787082584653,0.711721197144647
20260818-194920,1787082584653,0.711721197144647
20260818-194920,1787082584653,0.711721197144647
20260818-194920,1787082584653,0.711721197144647
20260818-194920,1787082584653,0.711721197144647
20260818-194920,1787082584653,0.711721197144647
20260818-194920,1787082584653,0.711721197144647
20260818-194920,1787082584653,0.711721197144647
20260818-194920,1787082584653,0.711721197144647
20260818-194920,1787082584675,0.10829886464066663
20260818-194920,1787082584777,0.10829886464066663
20260818-194920,1787082584658,0.10829886464066663
20260818-194920,1787082584809,0.10829886464066663
20260818-194920,1787082584812,0.10829886464066663
20260818-194920,1787082584834,0.10829886464066663
20260818-194920,1787082584834,0.10829886464066663
20260818-194920,1787082584834,0.10829886464066663
20260818-194920,1787082584834,0.10829886464066663
20260818-194920,1787082584834,0.10829886464066663
20260818-194920,1787082584834,0.10829886464066663
20260818-194920,1787082584834,0.10829886464066663
20260818-194920,1787082584834,0.10829886464066663
20260818-194920,1787082584834,0.10829886464066663
20260818-194920,1787082584834,0.10829886464066663
20260818-194920,1787082584834,0.10829886464066663
20260818-194920,1787082584834,0.10829886464066663
20260818-194920,1787082584834,-0.10829886464066663
20260818-194920,1787082584834,0.10829886464066663
20260818-194920,1787082584834,0.10829886464066663
20260818-194920,1787082584835,0.10829886464066663
20260818-194920,1787082584835,0.10829886464066663
20260818-194920,1787082584835,0.10829886464066663
20260818-194920,1787082584835,0.10829886464066663
20260818-194920,1787082584835,0.10829886464066663
20260818-194920,1787082584835,0.10829886464066663
20260818-194920,1787082584835,0.10829886464066663
20260818-194920,1787082584835,0.10829886464066663
20260818-194920,1787082584835,-0.10829886464066663
20260818-194920,1787082584835,-0.10829886464066663
20260818-194920,1787082584835,0.10829886464066663
20260818-194920,1787082584835,0.10829886464066663
20260818-194920,1787082584835,0.10829886464066663
20260818-194920,1787082584846,0.10829886464066663
20260818-194920,1787082584855,0.5569285391077263
20260818-194920,1787082584855,-0.5569285391077263
20260818-194920,1787082584879,-0.5569285391077263
20260818-194920,1787082584855,-0.5569285391077263
20260818-194920,1787082584919,-0.5569285391077263
20260818-194920,1787082584919,-0.5569285391077263
20260818-194920,1787082584919,0.5569285391077263
20260818-194920,1787082584933,-0.5569285391077263
20260818-194920,1787082584970,-0.5569285391077263
20260818-194920,1787082584982,-0.6961509812248081
20260818-194920,1787082584982,-0.6961509812248081
20260818-194920,1787082584981,-0.6342748189038371
20260818-194920,1787082585083,-0.6961509812248081
20260818-194920,1787082584982,0.6961509812248081
20260818-194920,1787082585185,-0.6961509812248081
20260818-194920,1787082585116,-0.6961509812248081
20260818-194920,1787082585287,-0.6961509812248081
20260818-194920,1787082585389,-0.6961509812248081
20260818-194920,1787082585491,-0.6961509812248081
20260818-194920,1787082585399,-0.6961509812248081
20260818-194920,1787082585593,-0.6961509812248081
20260818-194920,1787082585695,-0.6961509812248081
20260818-194920,1787082585693,-0.6961509812248081
20260818-194920,1787082585797,-0.6961509812248081
20260818-194920,1787082585899,-0.6961509812248081
20260818-194920,1787082585743,0.6961509812248081
20260818-194920,1787082586001,-0.6961509812248081
20260818-194920,1787082585939,0.6961509812248081
20260818-194920,1787082586103,-0.6961509812248081
20260818-194920,1787082586205,-0.6961509812248081
20260818-194920,1787082586070,-0.6961509812248081
20260818-194920,1787082586307,-0.6961509812248081
20260818-194920,1787082586409,-0.6961509812248081
20260818-194920,1787082586511,-0.6961509812248081
20260818-194920,1787082586613,-0.6961509812248081
20260818-194920,1787082586715,-0.6961509812248081
20260818-194920,1787082586693,-0.6961509812248081
20260818-194920,1787082586817,-0.6961509812248081
20260818-194920,1787082586715,-0.6961509812248081
20260818-194920,1787082586919,-0.6961509812248081
20260818-194920,1787082587021,-0.6961509812248081
20260818-194920,1787082586952,-0.6961509812248081
20260818-194920,1787082587123,-0.6961509812248081
20260818-194920,1787082587225,-0.6961509812248081
20260818-194920,1787082587327,-0.6961509812248081
20260818-194920,1787082587429,-0.6961509812248081
20260818-194920,1787082587531,-0.6961509812248081
20260818-194920,1787082587633,-0.6961509812248081
20260818-194920,1787082587553,0.6961509812248081
20260818-194920,1787082587705,-0.6961509812248081
20260818-194920,1787082587735,-0.6961509812248081
20260818-194920,1787082587837,-0.6961509812248081
20260818-194920,1787082587725,-0.6961509812248081
20260818-194920,1787082587939,-0.6961509812248081
20260818-194920,1787082588041,-0.6961509812248081
20260818-194920,1787082588143,-0.6961509812248081
20260818-194920,1787082588066,0.6961509812248081
20260818-194920,1787082588245,0.6961509812248081
20260818-194920,1787082588347,0.6961509812248081
20260818-194920,1787082588449,0.6961509812248081
20260818-194920,1787082588551,-0.6961509812248081
20260818-194920,1787082588653,-0.6961509812248081
20260818-194920,1787082588755,-0.6961509812248081
20260818-194920,1787082588857,-0.6961509812248081
20260818-194920,1787082588959,-0.6961509812248081
20260818-194920,1787082589061,-0.6961509812248081
20260818-194920,1787082589163,-0.6961509812248081
20260818-194920,1787082589265,-0.6961509812248081
20260818-194920,1787082589367,-0.6961509812248081
20260818-194920,1787082589469,-0.6961509812248081
20260818-194920,1787082589571,0.6961509812248081
20260818-194920,1787082589492,-0.6961509812248081
20260818-194920,1787082589673,-0.6961509812248081
20260818-194920,1787082589775,-0.6961509812248081
20260818-194920,1787082589877,-0.6961509812248081
20260818-194920,1787082589979,-0.6961509812248081
20260818-194920,1787082590081,-0.6961509812248081
20260818-194920,1787082590183,-0.6961509812248081
20260818-194920,1787082590070,-0.6961509812248081
20260818-194920,1787082590285,-0.6961509812248081
20260818-194920,1787082590387,-0.6961509812248081
20260818-194920,1787082590489,-0.6961509812248081
20260818-194920,1787082590591,-0.6961509812248081
20260818-194920,1787082590693,-0.6961509812248081
20260818-194920,1787082590539,-0.6961509812248081
20260818-194920,1787082590795,-0.6961509812248081
20260818-194920,1787082590897,-0.6961509812248081
20260818-194920,1787082590999,-0.6961509812248081
20260818-194920,1787082591101,-0.6961509812248081
20260818-194920,1787082591006,-0.6961509812248081
20260818-194920,1787082591203,-0.6961509812248081
20260818-194920,1787082591305,-0.6961509812248081
20260818-194920,1787082591407,-0.6961509812248081
20260818-194920,1787082591509,-0.6961509812248081
20260818-194920,1787082591611,-0.6961509812248081
20260818-194920,1787082591524,0.6961509812248081
20260818-194920,1787082591713,-0.6961509812248081
20260818-194920,1787082591815,0.6961509812248081
20260818-194920,1787082591917,-0.6961509812248081
20260818-194920,1787082592019,0.6961509812248081
20260818-194920,1787082592121,-0.6961509812248081
20260818-194920,1787082592223,-0.6961509812248081
20260818-194920,1787082592070,0.6961509812248081
20260818-194920,1787082592325,-0.6961509812248081
20260818-194920,1787082592427,-0.6961509812248081
20260818-194920,1787082592529,-0.6961509812248081
20260818-194920,1787082592465,-0.6961509812248081
20260818-194920,1787082592631,-0.6961509812248081
20260818-194920,1787082592733,-0.6961509812248081
20260818-194920,1787082592835,0.6961509812248081
20260818-194920,1787082592762,-0.6961509812248081
20260818-194920,1787082592937,-0.6961509812248081
20260818-194920,1787082593039,-0.6961509812248081
20260818-194920,1787082593141,-0.6961509812248081
20260818-194920,1787082593243,-0.6961509812248081
20260818-194920,1787082593345,-0.6961509812248081
20260818-194920,1787082593447,-0.6961509812248081
20260818-194920,1787082593549,-0.6961509812248081
20260818-194920,1787082593651,-0.6961509812248081
20260818-194920,1787082593753,0.6961509812248081
20260818-194920,1787082593855,-0.6961509812248081
20260818-194920,1787082593957,-0.6961509812248081
20260818-194920,1787082594059,-0.6961509812248081
20260818-194920,1787082594161,-0.6961509812248081
20260818-194920,1787082594071,-0.6961509812248081
20260818-194920,1787082594263,-0.6961509812248081
20260818-194920,1787082594365,-0.6961509812248081
20260818-194920,1787082594224,-0.6961509812248081
20260818-194920,1787082594467,-0.6961509812248081
20260818-194920,1787082594569,-0.6961509812248081
20260818-194920,1787082594671,-0.6961509812248081
20260818-194920,1787082594773,-0.6961509812248081
20260818-194920,1787082597833,-0.6961509812248081
20260818-194920,1787082597935,-0.6961509812248081
20260818-194920,1787082598037,-0.6961509812248081
20260818-194920,1787082598139,0.6961509812248081
20260818-194920,1787082598241,0.6961509812248081
20260818-194920,1787082598343,-0.6961509812248081
20260818-194920,1787082598445,-0.6961509812248081
20260818-194920,1787082598547,-0.6961509812248081
20260818-194920,1787082598649,-0.6961509812248081
20260818-194920,1787082598751,-0.6961509812248081
20260818-194920,1787082598853,-0.6961509812248081
20260818-194920,1787082598955,-0.6961509812248081
20260818-194920,1787082599057,-0.6961509812248081
20260818-194920,1787082599159,-0.6961509812248081
20260818-194920,1787082599261,-0.6961509812248081
20260818-194920,1787082599363,-0.6961509812248081
20260818-194920,1787082599465,-0.6961509812248081
20260818-194920,1787082599567,-0.6961509812248081
20260818-194920,1787082599669,-0.6961509812248081
20260818-194920,1787082599625,-0.6961509812248081
20260818-194920,1787082599771,-0.6961509812248081
20260818-194920,1787082599708,-0.6961509812248081
20260818-194920,1787082599873,-0.6961509812248081
20260818-194920,1787082599975,-0.6961509812248081
20260818-194920,1787082600077,-0.6961509812248081
20260818-194920,1787082600179,0.6961509812248081
20260818-194920,1787082600281,0.6961509812248081
20260818-194920,1787082602117,-1.3458044546145453
20260818-194920,1787082601812,-1.3458044546145453
20260818-194920,1787082602033,-1.3458044546145453
20260818-194920,1787082602089,-1.3458044546145453
20260818-194920,1787082602089,-1.3458044546145453
20260818-194920,1787082602090,-1.3458044546145453
20260818-194920,1787082602090,-1.3458044546145453
20260818-194920,1787082602090,-1.3458044546145453
20260818-194920,1787082602090,1.3458044546145453
20260818-194920,1787082602090,1.3458044546145453
20260818-194920,1787082602093,1.3458044546145453
20260818-194920,1787082602093,-1.3458044546145453
20260818-194920,1787082602093,-1.3458044546145453
20260818-194920,1787082602093,-1.3458044546145453
20260818-194920,1787082602093,-1.3458044546145453
20260818-194920,1787082602093,-1.3458044546145453
20260818-194920,1787082602093,1.3458044546145453
20260818-194920,1787082602093,-1.3458044546145453
20260818-194920,1787082602093,-1.3458044546145453
20260818-194920,1787082602093,-1.3458044546145453
20260818-194920,1787082602093,-1.3458044546145453
20260818-194920,1787082602097,-1.3458044546145453
20260818-194920,1787082602097,-1.3458044546145453
20260818-194920,1787082602097,-1.3458044546145453
20260818-194920,1787082602097,-1.3458044546145453
20260818-194920,1787082602097,-1.3458044546145453
20260818-194920,1787082602097,-1.3458044546145453
20260818-194920,1787082602097,-1.3458044546145453
20260818-194920,1787082602097,-1.3458044546145453
20260818-194920,1787082602097,-1.3458044546145453
20260818-194920,1787082602097,-1.3458044546145453
20260818-194920,1787082602097,-1.3458044546145453
20260818-194920,1787082602097,-1.3458044546145453
20260818-194920,1787082602114,1.3458044546145453
20260818-194920,1787082602114,-1.3458044546145453
20260818-194920,1787082602114,1.3458044546145453
20260818-194920,1787082602114,-1.3458044546145453
20260818-194920,1787082602114,1.3458044546145453
20260818-194920,1787082602114,-1.3458044546145453
20260818-194920,1787082602152,1.3458044546145453
20260818-194920,1787082602152,-1.3458044546145453
20260818-194920,1787082602167,-1.3458044546145453
20260818-194920,1787082602173,-1.3458044546145453
20260818-194920,1787082602219,-1.4695384025189435
20260818-194920,1787082602184,-1.4695384025189435
20260818-194920,1787082602199,-1.4695384025189435
20260818-194920,1787082602321,-1.4695384025189435
20260818-194920,1787082656177,1.2995723014742768
20260818-194920,1787082656279,1.2995723014742768
20260818-194920,1787082656381,1.2995723014742768
20260818-194920,1787082658829,-1.2995723014742768
20260818-194920,1787082658730,-1.2995723014742768
20260818-194920,1787082658931,1.2995723014742768
20260818-194920,1787082659033,1.2995723014742768
20260818-194920,1787082659135,1.2995723014742768
20260818-194920,1787082659237,1.2995723014742768
20260818-194920,1787082659339,1.2995723014742768
20260818-194920,1787082659441,1.2995723014742768
20260818-194920,1787082659543,1.2995723014742768
20260818-194920,1787082659645,1.2995723014742768
20260818-194920,1787082659747,1.2995723014742768
20260818-194920,1787082659849,1.2995723014742768
20260818-194920,1787082659951,1.2995723014742768
20260818-194920,1787082660053,1.2995723014742768
20260818-194920,1787082660155,1.2995723014742768
20260818-194920,1787082660257,1.2995723014742768
20260818-194920,1787082660359,1.2995723014742768
20260818-194920,1787082660461,1.2995723014742768
20260818-194920,1787082660563,1.2995723014742768
20260818-194920,1787082660665,1.2995723014742768
20260818-194920,1787082660663,1.2995723014742768
20260818-194920,1787082660767,1.2995723014742768
20260818-194920,1787082660700,1.2995723014742768
20260818-194920,1787082660869,1.2995723014742768
20260818-194920,1787082660971,1.2995723014742768
20260818-194920,1787082660821,1.2995723014742768
20260818-194920,1787082661073,1.2995723014742768
20260818-194920,1787082661175,1.2995723014742768
20260818-194920,1787082661277,1.2995723014742768
20260818-194920,1787082661379,-1.2995723014742768
20260818-194920,1787082661481,1.2995723014742768
20260818-194920,1787082661583,1.2995723014742768
20260818-194920,1787082661685,1.2995723014742768
20260818-194920,1787082661787,1.2995723014742768
20260818-194920,1787082661889,1.2995723014742768
20260818-194920,1787082661991,1.2995723014742768
20260818-194920,1787082662093,1.2995723014742768
20260818-194920,1787082662195,1.2995723014742768
20260818-194920,1787082662297,1.2995723014742768
20260818-194920,1787082662399,-1.2995723014742768
20260818-194920,1787082662501,1.2995723014742768
20260818-194920,1787082662603,1.2995723014742768
20260818-194920,1787082662705,1.2995723014742768
20260818-194920,1787082662807,1.2995723014742768
20260818-194920,1787082662909,1.2995723014742768
20260818-194920,1787082663011,1.2995723014742768
20260818-194920,1787082663113,1.2995723014742768
20260818-194920,1787082663215,1.2995723014742768
20260818-194920,1787082663317,1.2995723014742768
20260818-194920,1787082663419,1.2995723014742768
20260818-194920,1787082663521,1.2995723014742768
20260818-194920,1787082663488,1.2995723014742768
20260818-194920,1787082663623,-1.2995723014742768
20260818-194920,1787082663725,1.2995723014742768
20260818-194920,1787082663570,1.2995723014742768
20260818-194920,1787082663827,-1.2995723014742768
20260818-194920,1787082663929,1.2995723014742768
20260818-194920,1787082664031,1.2995723014742768
20260818-194920,1787082664133,1.2995723014742768
20260818-194920,1787082664235,1.2995723014742768
20260818-194920,1787082664337,1.2995723014742768
20260818-194920,1787082664439,1.2995723014742768
20260818-194920,1787082664541,1.2995723014742768
20260818-194920,1787082664643,1.2995723014742768
20260818-194920,1787082664745,1.2995723014742768
20260818-194920,1787082664847,1.2995723014742768
20260818-194920,1787082664896,1.2995723014742768
20260818-194920,1787082664949,1.2995723014742768
20260818-194920,1787082665051,1.2995723014742768
20260818-194920,1787082664939,1.2995723014742768
20260818-194920,1787082665109,1.2995723014742768
20260818-194920,1787082665115,1.2995723014742768
20260818-194920,1787082665115,1.2995723014742768
20260818-194920,1787082665118,1.2995723014742768
20260818-194920,1787082665118,-1.2995723014742768
20260818-194920,1787082665119,1.2995723014742768
20260818-194920,1787082665119,1.2995723014742768
20260818-194920,1787082665121,-1.2995723014742768
20260818-194920,1787082665121,1.2995723014742768
20260818-194920,1787082665153,1.0520086790720526
20260818-194920,1787082665255,1.0520086790720526
20260818-194920,1787082665164,-1.0520086790720526
20260818-194920,1787082665357,1.0520086790720526
20260818-194920,1787082665459,1.0520086790720526
20260818-194920,1787082665561,1.0520086790720526
20260818-194920,1787082665663,1.0520086790720526
20260818-194920,1787082665765,1.0520086790720526
20260818-194920,1787082665867,1.0520086790720526
20260818-194920,1787082665969,1.0520086790720526
20260818-194920,1787082665878,1.0520086790720526
20260818-194920,1787082666071,1.0520086790720526
20260818-194920,1787082666173,1.0520086790720526
20260818-194920,1787082666275,1.0520086790720526
20260818-194920,1787082666377,1.0520086790720526
20260818-194920,1787082666479,1.0520086790720526
20260818-194920,1787082666581,1.0520086790720526
20260818-194920,1787082666683,1.0520086790720526
20260818-194920,1787082666785,1.0520086790720526
20260818-194920,1787082666887,1.0520086790720526
20260818-194920,1787082666989,-1.0520086790720526
20260818-194920,1787082667091,1.0520086790720526
20260818-194920,1787082667193,1.0520086790720526
20260818-194920,1787082667070,1.0520086790720526
20260818-194920,1787082667229,1.0520086790720526
20260818-194920,1787082667295,1.0520086790720526
20260818-194920,1787082667397,1.0520086790720526
20260818-194920,1787082667248,1.0520086790720526
20260818-194920,1787082667499,1.0520086790720526
20260818-194920,1787082667601,1.0520086790720526
20260818-194920,1787082667703,1.0520086790720526
20260818-194920,1787082667805,-1.0520086790720526
20260818-194920,1787082667907,1.0520086790720526
20260818-194920,1787082668009,1.0520086790720526
20260818-194920,1787082668111,1.0520086790720526
20260818-194920,1787082668213,1.0520086790720526
20260818-194920,1787082668078,1.0520086790720526
20260818-194920,1787082668315,1.0520086790720526
20260818-194920,1787082668417,1.0520086790720526
20260818-194920,1787082668519,1.500659439263453
20260818-194920,1787082668376,1.0520086790720526
20260818-194920,1787082668621,1.500659439263453
20260818-194920,1787082668723,1.500659439263453
20260818-194920,1787082668825,1.500659439263453
20260818-194920,1787082668927,1.500659439263453
20260818-194920,1787082669029,1.500659439263453
20260818-194920,1787082669131,1.500659439263453
20260818-194920,1787082669233,1.500659439263453
20260818-194920,1787082669335,1.500659439263453
20260818-194920,1787082669437,1.500659439263453
20260818-194920,1787082669539,-1.500659439263453
20260818-194920,1787082669641,1.500659439263453
20260818-194920,1787082669743,-1.500659439263453
20260818-194920,1787082669845,1.500659439263453
20260818-194920,1787082669947,1.500659439263453
20260818-194920,1787082670049,1.500659439263453
20260818-194920,1787082670096,1.500659439263453
20260818-194920,1787082670097,1.500659439263453
20260818-194920,1787082670101,1.500659439263453
20260818-194920,1787082670102,1.500659439263453
20260818-194920,1787082670106,1.500659439263453
20260818-194920,1787082670106,1.500659439263453
20260818-194920,1787082670106,1.500659439263453
20260818-194920,1787082670106,1.500659439263453
20260818-194920,1787082670106,1.500659439263453
20260818-194920,1787082670151,1.1293203270701813
20260818-194920,1787082670253,-1.1293203270701813
20260818-194920,1787082670108,1.1293203270701813
20260818-194920,1787082670355,1.1293203270701813
20260818-194920,1787082670457,1.1293203270701813
20260818-194920,1787082670559,1.1293203270701813
20260818-194920,1787082670661,-1.1293203270701813
20260818-194920,1787082670763,1.1293203270701813
20260818-194920,1787082670865,1.1293203270701813
20260818-194920,1787082670967,1.1293203270701813
20260818-194920,1787082671069,1.1293203270701813
20260818-194920,1787082670917,1.1293203270701813
20260818-194920,1787082671171,1.1293203270701813
20260818-194920,1787082671273,1.1293203270701813
20260818-194920,1787082671375,1.1293203270701813
20260818-194920,1787082671477,1.1293203270701813
20260818-194920,1787082671579,1.1293203270701813
20260818-194920,1787082671681,1.1293203270701813
20260818-194920,1787082671623,1.1293203270701813
20260818-194920,1787082671783,1.1293203270701813
20260818-194920,1787082671885,-1.1293203270701813
20260818-194920,1787082671987,1.1293203270701813
20260818-194920,1787082672089,1.1293203270701813
20260818-194920,1787082672191,1.1293203270701813
20260818-194920,1787082672293,-1.1293203270701813
20260818-194920,1787082672183,1.1293203270701813
20260818-194920,1787082672395,-1.1293203270701813
20260818-194920,1787082672497,-1.1293203270701813
20260818-194920,1787082672599,1.1293203270701813
20260818-194920,1787082672701,1.1293203270701813
20260818-194920,1787082672803,-1.1293203270701813
20260818-194920,1787082672905,1.1293203270701813
20260818-194920,1787082672791,1.1293203270701813
20260818-194920,1787082673007,1.1293203270701813
20260818-194920,1787082673109,-1.1293203270701813
20260818-194920,1787082673211,1.1293203270701813
20260818-194920,1787082673313,1.1293203270701813
20260818-194920,1787082673415,1.1293203270701813
20260818-194920,1787082673517,-1.1293203270701813
20260818-194920,1787082673576,1.1293203270701813
20260818-194920,1787082673619,-1.1293203270701813
20260818-194920,1787082673721,1.1293203270701813
20260818-194920,1787082673594,1.1293203270701813
20260818-194920,1787082673823,1.1293203270701813
20260818-194920,1787082673925,-1.1293203270701813
20260818-194920,1787082674027,1.1293203270701813
20260818-194920,1787082674129,1.1293203270701813
20260818-194920,1787082674231,1.1293203270701813
20260818-194920,1787082674333,-1.1293203270701813
20260818-194920,1787082674435,1.1293203270701813
20260818-194920,1787082674366,1.1293203270701813
20260818-194920,1787082674537,1.1293203270701813
20260818-194920,1787082674639,-1.1293203270701813
20260818-194920,1787082674741,1.1293203270701813
20260818-194920,1787082674843,1.1293203270701813
20260818-194920,1787082674945,1.1293203270701813
20260818-194920,1787082675047,-1.1293203270701813
20260818-194920,1787082675149,1.1293203270701813
20260818-194920,1787082675024,-1.1293203270701813
20260818-194920,1787082675251,1.1293203270701813
20260818-194920,1787082675353,1.1293203270701813
20260818-194920,1787082675455,1.1293203270701813
20260818-194920,1787082675557,1.1293203270701813
20260818-194920,1787082675659,1.1293203270701813
20260818-194920,1787082675761,1.1293203270701813
20260818-194920,1787082675863,-1.1293203270701813
20260818-194920,1787082675965,1.1293203270701813
20260818-194920,1787082676067,1.1293203270701813
20260818-194920,1787082676169,1.1293203270701813
20260818-194920,1787082676271,-1.1293203270701813
20260818-194920,1787082676373,1.1293203270701813
20260818-194920,1787082676475,-1.1293203270701813
20260818-194920,1787082676577,1.1293203270701813
20260818-194920,1787082676679,1.1293203270701813
20260818-194920,1787082676781,1.1293203270701813
20260818-194920,1787082676883,1.1293203270701813
20260818-194920,1787082676985,1.1293203270701813
20260818-194920,1787082677087,1.1293203270701813
20260818-194920,1787082677022,1.1293203270701813
20260818-194920,1787082677189,1.1293203270701813
20260818-194920,1787082677230,1.1293203270701813
20260818-194920,1787082677278,1.1293203270701813
20260818-194920,1787082677278,1.1293203270701813
20260818-194920,1787082677278,1.1293203270701813
20260818-194920,1787082677278,1.1293203270701813
20260818-194920,1787082677278,1.1293203270701813
20260818-194920,1787082677278,1.1293203270701813
20260818-194920,1787082677278,1.1293203270701813
20260818-194920,1787082677278,1.1293203270701813
20260818-194920,1787082677278,1.1293203270701813
20260818-194920,1787082677278,-1.1293203270701813
20260818-194920,1787082677278,1.1293203270701813
20260818-194920,1787082677278,1.1293203270701813
20260818-194920,1787082677278,1.1293203270701813
20260818-194920,1787082677278,1.1293203270701813
20260818-194920,1787082677278,1.1293203270701813
20260818-194920,1787082677278,1.1293203270701813
20260818-194920,1787082677278,1.1293203270701813
20260818-194920,1787082677278,-1.1293203270701813
20260818-194920,1787082677278,1.1293203270701813
20260818-194920,1787082677278,1.1293203270701813
20260818-194920,1787082677278,1.1293203270701813
20260818-194920,1787082677278,1.1293203270701813
20260818-194920,1787082677278,1.1293203270701813
20260818-194920,1787082677278,1.1293203270701813
20260818-194920,1787082677278,-1.1293203270701813
20260818-194920,1787082677278,1.1293203270701813
20260818-194920,1787082677279,1.1293203270701813
20260818-194920,1787082677279,1.1293203270701813
20260818-194920,1787082677279,1.1293203270701813
20260818-194920,1787082677279,1.1293203270701813
20260818-194920,1787082677279,1.1293203270701813
20260818-194920,1787082677279,1.1293203270701813
20260818-194920,1787082677279,1.1293203270701813
20260818-194920,1787082677279,1.1293203270701813
20260818-194920,1787082677279,1.1293203270701813
20260818-194920,1787082677279,-1.1293203270701813
20260818-194920,1787082677279,1.1293203270701813
20260818-194920,1787082677279,1.1293203270701813
20260818-194920,1787082677279,1.1293203270701813
20260818-194920,1787082677279,1.1293203270701813
20260818-194920,1787082677279,1.1293203270701813
20260818-194920,1787082677279,1.1293203270701813
20260818-194920,1787082677279,1.1293203270701813
20260818-194920,1787082677279,1.1293203270701813
20260818-194920,1787082677279,-1.1293203270701813
20260818-194920,1787082677279,1.1293203270701813
20260818-194920,1787082677279,1.1293203270701813
20260818-194920,1787082677279,1.1293203270701813
20260818-194920,1787082677280,1.1293203270701813
20260818-194920,1787082677280,-1.1293203270701813
20260818-194920,1787082677280,1.1293203270701813
20260818-194920,1787082677284,1.1293203270701813
20260818-194920,1787082677284,-1.1293203270701813
20260818-194920,1787082677284,1.1293203270701813
20260818-194920,1787082677284,1.1293203270701813
20260818-194920,1787082677284,1.1293203270701813
20260818-194920,1787082677284,1.1293203270701813
20260818-194920,1787082677284,-1.1293203270701813
20260818-194920,1787082677284,1.1293203270701813
20260818-194920,1787082677284,1.1293203270701813
20260818-194920,1787082677285,-1.1293203270701813
20260818-194920,1787082677285,1.1293203270701813
20260818-194920,1787082677285,1.1293203270701813
20260818-194920,1787082677291,-0.13921361323654344
20260818-194920,1787082677286,0.13921361323654344
20260818-194920,1787082677286,-0.13921361323654344
20260818-194920,1787082677286,-0.13921361323654344
20260818-194920,1787082677286,-0.13921361323654344
20260818-194920,1787082677286,0.13921361323654344
20260818-194920,1787082677286,-0.13921361323654344
20260818-194920,1787082677286,-0.13921361323654344
20260818-194920,1787082677286,-0.13921361323654344
20260818-194920,1787082677286,-0.13921361323654344
20260818-194920,1787082677286,-0.13921361323654344
20260818-194920,1787082677286,-0.13921361323654344
20260818-194920,1787082677286,-0.13921361323654344
20260818-194920,1787082677288,-0.13921361323654344
20260818-194920,1787082677290,-0.13921361323654344
20260818-194920,1787082677292,-0.13921361323654344
20260818-194920,1787082677296,-0.13921361323654344
20260818-194920,1787082677296,-0.13921361323654344
20260818-194920,1787082677296,-0.13921361323654344
20260818-194920,1787082677296,-0.13921361323654344
20260818-194920,1787082677308,-0.13921361323654344
20260818-194920,1787082677312,0.13921361323654344
20260818-194920,1787082677312,-0.13921361323654344
20260818-194920,1787082677312,-0.13921361323654344
20260818-194920,1787082677312,0.13921361323654344
20260818-194920,1787082677325,-0.13921361323654344
20260818-194920,1787082677326,0.13921361323654344
20260818-195221,1787082743374,0.5104570214527933
20260818-195221,1787082743591,0.5104570214527933
20260818-195221,1787082743607,0.5104570214527933
20260818-195221,1787082743610,0.5104570214527933
20260818-195221,1787082743610,0.5104570214527933
20260818-195221,1787082743610,0.5104570214527933
20260818-195221,1787082743611,0.5104570214527933
20260818-195221,1787082743611,0.5104570214527933
20260818-195221,1787082743611,0.5104570214527933
20260818-195221,1787082743611,0.5104570214527933
20260818-195221,1787082743611,0.5104570214527933
20260818-195221,1787082743611,0.5104570214527933
20260818-195221,1787082743611,0.5104570214527933
20260818-195221,1787082743611,0.5104570214527933
20260818-195221,1787082743611,0.5104570214527933
20260818-195221,1787082743611,0.5104570214527933
20260818-195221,1787082743693,0.20108290880393728
20260818-195221,1787082743645,0.20108290880393728
20260818-195221,1787082743795,0.20108290880393728
20260818-195221,1787082743897,0.20108290880393728
20260818-195221,1787082743999,0.20108290880393728
20260818-195221,1787082744101,0.20108290880393728
20260818-195221,1787082743980,0.20108290880393728
20260818-195221,1787082744203,0.20108290880393728
20260818-195221,1787082744305,0.20108290880393728
20260818-195221,1787082744232,0.20108290880393728
20260818-195221,1787082744407,0.20108290880393728
20260818-195221,1787082744509,0.20108290880393728
20260818-195221,1787082744611,0.20108290880393728
20260818-195221,1787082744713,0.20108290880393728
20260818-195221,1787082744815,0.20108290880393728
20260818-195221,1787082744917,0.20108290880393728
20260818-195221,1787082745019,0.20108290880393728
20260818-195221,1787082745121,0.20108290880393728
20260818-195221,1787082745223,0.20108290880393728
20260818-195221,1787082745325,0.20108290880393728
20260818-195221,1787082745427,0.20108290880393728
20260818-195221,1787082745529,0.20108290880393728
20260818-195221,1787082745631,0.20108290880393728
20260818-195221,1787082745733,0.20108290880393728
20260818-195221,1787082745835,0.20108290880393728
20260818-195221,1787082745937,0.20108290880393728
20260818-195221,1787082746039,0.20108290880393728
20260818-195221,1787082746141,0.20108290880393728
20260818-195221,1787082746243,0.20108290880393728
20260818-195221,1787082746345,0.20108290880393728
20260818-195221,1787082746447,0.20108290880393728
20260818-195221,1787082746549,0.20108290880393728
20260818-195221,1787082746651,0.20108290880393728
20260818-195221,1787082746753,0.20108290880393728
20260818-195221,1787082746855,0.20108290880393728
20260818-195221,1787082746957,0.20108290880393728
20260818-195221,1787082747059,0.20108290880393728
20260818-195221,1787082747161,0.20108290880393728
20260818-195221,1787082747263,0.20108290880393728
20260818-195221,1787082747365,0.20108290880393728
20260818-195221,1787082747467,0.20108290880393728
20260818-195221,1787082747569,0.20108290880393728
20260818-195221,1787082747671,0.20108290880393728
20260818-195221,1787082747773,0.20108290880393728
20260818-195221,1787082747875,0.20108290880393728
20260818-195221,1787082747977,0.20108290880393728
20260818-195221,1787082748079,0.20108290880393728
20260818-195221,1787082748181,0.20108290880393728
20260818-195221,1787082748283,0.20108290880393728
20260818-195221,1787082748385,0.20108290880393728
20260818-195221,1787082748487,0.20108290880393728
20260818-195221,1787082748589,0.20108290880393728
20260818-195221,1787082748691,0.20108290880393728
20260818-195221,1787082748793,0.20108290880393728
20260818-195221,1787082748895,0.20108290880393728
20260818-195221,1787082748997,0.20108290880393728
20260818-195221,1787082749099,0.20108290880393728
20260818-195221,1787082749201,0.20108290880393728
20260818-195221,1787082749205,0.20108290880393728
20260818-195221,1787082749205,0.20108290880393728
20260818-195221,1787082749205,0.20108290880393728
20260818-195221,1787082749205,0.20108290880393728
20260818-195221,1787082749205,0.20108290880393728
20260818-195221,1787082749205,0.20108290880393728
20260818-195221,1787082749205,0.20108290880393728
20260818-195221,1787082749205,0.20108290880393728
20260818-195221,1787082749205,0.20108290880393728
20260818-195221,1787082749205,0.20108290880393728
20260818-195221,1787082749205,0.20108290880393728
20260818-195221,1787082749205,0.20108290880393728
20260818-195221,1787082749205,0.20108290880393728
20260818-195221,1787082749205,0.20108290880393728
20260818-195221,1787082749206,0.20108290880393728
20260818-195221,1787082749209,0.20108290880393728
20260818-195221,1787082749209,0.20108290880393728
20260818-195221,1787082749209,0.20108290880393728
20260818-195221,1787082749209,0.20108290880393728
20260818-195221,1787082749209,0.20108290880393728
20260818-195221,1787082749216,0.20108290880393728
20260818-195221,1787082749216,0.20108290880393728
20260818-195221,1787082749216,0.20108290880393728
20260818-195221,1787082749216,0.20108290880393728
20260818-195221,1787082749221,0.20108290880393728
20260818-195221,1787082749221,0.20108290880393728
20260818-195221,1787082749221,0.20108290880393728
20260818-195221,1787082749221,0.20108290880393728
20260818-195221,1787082749221,0.20108290880393728
20260818-195221,1787082749221,0.20108290880393728
20260818-195221,1787082749221,0.20108290880393728
20260818-195221,1787082749221,0.20108290880393728
20260818-195221,1787082749229,0.20108290880393728
20260818-195221,1787082749229,0.20108290880393728
20260818-195221,1787082749229,0.20108290880393728
20260818-195221,1787082749229,0.20108290880393728
20260818-195221,1787082749229,0.20108290880393728
20260818-195221,1787082749229,0.20108290880393728
20260818-195221,1787082749229,0.20108290880393728
20260818-195221,1787082749229,0.20108290880393728
20260818-195221,1787082749229,0.20108290880393728
20260818-195221,1787082749229,0.20108290880393728
20260818-195221,1787082749229,0.20108290880393728
20260818-195221,1787082749229,0.20108290880393728
20260818-195221,1787082749229,0.20108290880393728
20260818-195221,1787082749246,0.20108290880393728
20260818-195221,1787082749263,0.20108290880393728
20260818-195221,1787082749263,0.20108290880393728
20260818-195221,1787082749263,0.20108290880393728
20260818-195221,1787082749263,0.20108290880393728
20260818-195221,1787082749263,0.20108290880393728
20260818-195221,1787082749303,-0.9279701812248433
20260818-195221,1787082749417,-0.9279701812248433
20260818-195221,1787082749405,-0.9279701812248433
20260818-195221,1787082749507,-0.9279701812248433
20260818-195221,1787082749609,-0.9279701812248433
20260818-195221,1787082749466,-0.9279701812248433
20260818-195221,1787082749711,-0.9279701812248433
20260818-195221,1787082749813,-0.9279701812248433
20260818-195221,1787082749915,-0.9279701812248433
20260818-195221,1787082750017,-0.9279701812248433
20260818-195221,1787082750119,-0.9279701812248433
20260818-195221,1787082750173,-0.9279701812248433
20260818-195221,1787082750173,-0.9279701812248433
20260818-195221,1787082750173,-0.9279701812248433
20260818-195221,1787082750173,-0.9279701812248433
20260818-195221,1787082750173,-0.9279701812248433
20260818-195221,1787082750175,-1.1908637551332166
20260818-195221,1787082750221,-1.1908637551332166
20260818-195221,1787082750323,-1.1908637551332166
20260818-195221,1787082750175,-1.1908637551332166
20260818-195221,1787082750425,-1.1908637551332166
20260818-195221,1787082750527,-1.1908637551332166
20260818-195221,1787082750629,-1.1908637551332166
20260818-195221,1787082750527,-1.1908637551332166
20260818-195221,1787082750731,-1.1908637551332166
20260818-195221,1787082750833,-1.1908637551332166
20260818-195221,1787082750935,-1.1908637551332166
20260818-195221,1787082751037,-1.1908637551332166
20260818-195221,1787082751139,-1.1908637551332166
20260818-195221,1787082751241,-1.1908637551332166
20260818-195221,1787082751343,-1.1908637551332166
20260818-195221,1787082751445,-1.1908637551332166
20260818-195221,1787082751547,-1.1908637551332166
20260818-195221,1787082751413,-1.1908637551332166
20260818-195221,1787082751649,-1.1908637551332166
20260818-195221,1787082751751,-1.1908637551332166
20260818-195221,1787082751671,-1.1908637551332166
20260818-195221,1787082751853,-1.1908637551332166
20260818-195221,1787082751955,-1.1908637551332166
20260818-195221,1787082752057,-1.1908637551332166
20260818-195221,1787082752159,-1.1908637551332166
20260818-195221,1787082752261,-1.1908637551332166
20260818-195221,1787082752363,-1.1908637551332166
20260818-195221,1787082752465,-1.1908637551332166
20260818-195221,1787082752567,-1.1908637551332166
20260818-195221,1787082752669,-1.1908637551332166
20260818-195221,1787082752771,-1.1908637551332166
20260818-195221,1787082752873,-1.1908637551332166
20260818-195221,1787082752750,-1.1908637551332166
20260818-195221,1787082752975,-1.1908637551332166
20260818-195221,1787082753077,-1.1908637551332166
20260818-195221,1787082753179,-1.1908637551332166
20260818-195221,1787082753281,-1.1908637551332166
20260818-195221,1787082753139,-1.1908637551332166
20260818-195221,1787082753383,-1.1908637551332166
20260818-195221,1787082753485,-1.1908637551332166
20260818-195221,1787082753587,-1.1908637551332166
20260818-195221,1787082753689,-1.1908637551332166
20260818-195221,1787082753791,-1.1908637551332166
20260818-195221,1787082753893,-1.1908637551332166
20260818-195221,1787082753995,-1.1908637551332166
20260818-195221,1787082754097,-1.1908637551332166
20260818-195221,1787082754199,-1.1908637551332166
20260818-195221,1787082754301,-1.1908637551332166
20260818-195221,1787082754403,-1.1908637551332166
20260818-195221,1787082754505,-1.1908637551332166
20260818-195221,1787082754607,-1.1908637551332166
20260818-195221,1787082754709,-1.1908637551332166
20260818-195221,1787082754811,-1.1908637551332166
20260818-195221,1787082754913,-1.1908637551332166
20260818-195221,1787082755015,-1.1908637551332166
20260818-195221,1787082755117,-1.1908637551332166
20260818-195221,1787082755219,-1.1908637551332166
20260818-195221,1787082755321,-1.1908637551332166
20260818-195221,1787082755423,-1.1908637551332166
20260818-195221,1787082755525,-1.1908637551332166
20260818-195221,1787082755627,-1.1908637551332166
20260818-195221,1787082755729,-1.1908637551332166
20260818-195221,1787082755629,-1.1908637551332166
20260818-195221,1787082755831,-1.1908637551332166
20260818-195221,1787082755933,-1.1908637551332166
20260818-195221,1787082756035,-1.1908637551332166
20260818-195221,1787082756137,-1.1908637551332166
20260818-195221,1787082756239,-1.1908637551332166
20260818-195221,1787082756341,-1.1908637551332166
20260818-195221,1787082756443,-1.1908637551332166
20260818-195221,1787082756545,-1.1908637551332166
20260818-195221,1787082756647,-1.1908637551332166
20260818-195221,1787082756749,-1.1908637551332166
20260818-195221,1787082756851,-1.1908637551332166
20260818-195221,1787082756953,-1.1908637551332166
20260818-195221,1787082757055,-1.1908637551332166
20260818-195221,1787082756993,-1.1908637551332166
20260818-195221,1787082757157,-1.1908637551332166
20260818-195221,1787082757259,-1.1908637551332166
20260818-195221,1787082757361,-1.1908637551332166
20260818-195221,1787082757463,-1.1908637551332166
20260818-195221,1787082757565,-1.1908637551332166
20260818-195221,1787082757457,-1.1908637551332166
20260818-195221,1787082757667,-1.1908637551332166
20260818-195221,1787082757769,-1.1908637551332166
20260818-195221,1787082757871,-1.1908637551332166
20260818-195221,1787082757973,-1.1908637551332166
20260818-195221,1787082758075,-1.1908637551332166
20260818-195221,1787082758177,-1.1908637551332166
20260818-195221,1787082758279,-1.1908637551332166
20260818-195221,1787082758381,-1.1908637551332166
20260818-195221,1787082758483,-1.1908637551332166
20260818-195221,1787082758585,-1.1908637551332166
20260818-195221,1787082758687,-1.1908637551332166
20260818-195221,1787082758789,-1.1908637551332166
20260818-195221,1787082758891,-1.1908637551332166
20260818-195221,1787082758775,-1.1908637551332166
20260818-195221,1787082758993,-1.1908637551332166
20260818-195221,1787082759095,-1.1908637551332166
20260818-195221,1787082759197,-1.1908637551332166
20260818-195221,1787082759299,-1.1908637551332166
20260818-195221,1787082759401,-1.1908637551332166
20260818-195221,1787082759503,-1.1908637551332166
20260818-195221,1787082759605,-1.1908637551332166
20260818-195221,1787082759707,-1.1908637551332166
20260818-195221,1787082759809,-1.1908637551332166
20260818-195221,1787082759911,-1.1908637551332166
20260818-195221,1787082760013,-1.1908637551332166
20260818-195221,1787082760115,-1.1908637551332166
20260818-195221,1787082760039,-1.1908637551332166
20260818-195221,1787082760217,-1.1908637551332166
20260818-195221,1787082760319,-1.1908637551332166
20260818-195221,1787082760421,-1.1908637551332166
20260818-195221,1787082760523,-1.1908637551332166
20260818-195221,1787082760625,-1.1908637551332166
20260818-195221,1787082760727,-1.1908637551332166
20260818-195221,1787082760829,-1.1908637551332166
20260818-195221,1787082760931,-1.1908637551332166
20260818-195221,1787082761033,-1.1908637551332166
20260818-195221,1787082761135,-1.1908637551332166
20260818-195221,1787082761237,-1.1908637551332166
20260818-195221,1787082761339,-1.1908637551332166
20260818-195221,1787082761441,-1.1908637551332166
20260818-195221,1787082761543,-1.1908637551332166
20260818-195221,1787082761645,-1.1908637551332166
20260818-195221,1787082761747,-1.1908637551332166
20260818-195221,1787082761849,-1.1908637551332166
20260818-195221,1787082761951,-1.1908637551332166
20260818-195221,1787082762053,-1.1908637551332166
20260818-195221,1787082762155,-1.1908637551332166
20260818-195221,1787082762040,-1.1908637551332166
20260818-195221,1787082762257,-1.1908637551332166
20260818-195221,1787082762149,-1.1908637551332166
20260818-195221,1787082762359,-1.1908637551332166
20260818-195221,1787082762461,-1.1908637551332166
20260818-195221,1787082762563,-1.1908637551332166
20260818-195221,1787082762665,-1.1908637551332166
20260818-195221,1787082762767,-1.1908637551332166
20260818-195221,1787082762869,-1.1908637551332166
20260818-195221,1787082762971,-1.1908637551332166
20260818-195221,1787082763073,-1.1908637551332166
20260818-195221,1787082763175,-1.1908637551332166
20260818-195221,1787082763277,-1.1908637551332166
20260818-195221,1787082763379,-1.1908637551332166
20260818-195221,1787082763481,-1.1908637551332166
20260818-195221,1787082763583,-1.1908637551332166
20260818-195221,1787082763685,-1.1908637551332166
20260818-195221,1787082763787,-1.1908637551332166
20260818-195221,1787082763889,-1.1908637551332166
20260818-195221,1787082763991,-1.1908637551332166
20260818-195221,1787082764093,-1.1908637551332166
20260818-195221,1787082764195,-1.1908637551332166
20260818-195221,1787082764040,-1.1908637551332166
20260818-195221,1787082764297,-1.1908637551332166
20260818-195221,1787082764399,-1.1908637551332166
20260818-195221,1787082764501,-1.1908637551332166
20260818-195221,1787082764603,-1.1908637551332166
20260818-195221,1787082764705,-1.1908637551332166
20260818-195221,1787082764807,-1.1908637551332166
20260818-195221,1787082764688,-1.1908637551332166
20260818-195221,1787082764909,-1.1908637551332166
20260818-195221,1787082765011,-1.1908637551332166
20260818-195221,1787082765113,-1.1908637551332166
20260818-195221,1787082765215,-1.1908637551332166
20260818-195221,1787082765317,-1.1908637551332166
20260818-195221,1787082765419,-1.1908637551332166
20260818-195221,1787082765521,-1.1908637551332166
20260818-195221,1787082765623,-1.1908637551332166
20260818-195221,1787082765725,-1.1908637551332166
20260818-195221,1787082765590,-1.1908637551332166
20260818-195221,1787082765827,-1.1908637551332166
20260818-195221,1787082765929,-1.1908637551332166
20260818-195221,1787082766031,-1.1908637551332166
20260818-195221,1787082766133,-1.1908637551332166
20260818-195221,1787082766235,-1.1908637551332166
20260818-195221,1787082766040,-1.1908637551332166
20260818-195221,1787082766337,-1.1908637551332166
20260818-195221,1787082766347,-1.1908637551332166
20260818-195221,1787082766439,-1.1908637551332166
20260818-195221,1787082766377,-1.1908637551332166
20260818-195221,1787082766541,-1.1908637551332166
20260818-195221,1787082766643,-1.1908637551332166
20260818-195221,1787082766745,-1.1908637551332166
20260818-195221,1787082766847,-1.1908637551332166
20260818-195221,1787082766949,-1.1908637551332166
20260818-195221,1787082767051,-1.1908637551332166
20260818-195221,1787082767153,-1.1908637551332166
20260818-195221,1787082767255,-1.1908637551332166
20260818-195221,1787082767357,-1.1908637551332166
20260818-195221,1787082767459,-1.1908637551332166
20260818-195221,1787082767365,-1.1908637551332166
20260818-195221,1787082767561,-1.1908637551332166
20260818-195221,1787082767663,-1.1908637551332166
20260818-195221,1787082767765,-1.1908637551332166
20260818-195221,1787082767811,-1.1908637551332166
20260818-195221,1787082767867,-1.1908637551332166
20260818-195221,1787082767969,-1.1908637551332166
20260818-195221,1787082767814,-1.1908637551332166
20260818-195221,1787082768071,-1.1908637551332166
20260818-195221,1787082768173,-1.1908637551332166
20260818-195221,1787082768041,-1.1908637551332166
20260818-195221,1787082768275,-1.1908637551332166
20260818-195221,1787082768377,-1.1908637551332166
20260818-195221,1787082768479,-1.1908637551332166
20260818-195221,1787082768581,-1.1908637551332166
20260818-195221,1787082768683,-1.1908637551332166
20260818-195221,1787082768785,-1.1908637551332166
20260818-195221,1787082768637,-1.1908637551332166
20260818-195221,1787082768887,-1.1908637551332166
20260818-195221,1787082768989,-1.1908637551332166
20260818-195221,1787082769091,-1.1908637551332166
20260818-195221,1787082768958,-1.1908637551332166
20260818-195221,1787082769193,-1.1908637551332166
20260818-195221,1787082769098,-1.1908637551332166
20260818-195221,1787082769295,-1.1908637551332166
20260818-195221,1787082769397,-1.1908637551332166
20260818-195221,1787082769499,-1.1908637551332166
20260818-195221,1787082769601,-1.1908637551332166
20260818-195221,1787082769703,-1.1908637551332166
20260818-195221,1787082769805,-1.1908637551332166
20260818-195221,1787082769907,-1.1908637551332166
20260818-195221,1787082770009,-1.1908637551332166
20260818-195221,1787082770111,-1.1908637551332166
20260818-195221,1787082770042,-1.1908637551332166
20260818-195221,1787082770213,-1.1908637551332166
20260818-195221,1787082770315,-1.1908637551332166
20260818-195221,1787082770417,-1.1908637551332166
20260818-195221,1787082773783,-1.1908637551332166
20260818-195221,1787082773885,-1.1908637551332166
20260818-195221,1787082773987,-1.1908637551332166
20260818-195221,1787082774089,-1.1908637551332166
20260818-195221,1787082774013,-1.1908637551332166
20260818-195221,1787082774191,-1.1908637551332166
20260818-195221,1787082799489,-0.5104309661457296
20260818-195221,1787082800407,-0.5104309661457296
20260818-195221,1787082800509,-0.5104309661457296
20260818-195221,1787082800394,-0.5104309661457296
20260818-195221,1787082800611,-0.5104309661457296
20260818-195221,1787082800713,-0.5104309661457296
20260818-195221,1787082800815,-0.5104309661457296
20260818-195221,1787082800917,-0.5104309661457296
20260818-195221,1787082801019,-0.5104309661457296
20260818-195221,1787082801121,-0.5104309661457296
20260818-195221,1787082801017,-0.5104309661457296
20260818-195221,1787082801223,-0.5104309661457296
20260818-195221,1787082801325,-0.5104309661457296
20260818-195221,1787082801427,-0.5104309661457296
20260818-195221,1787082801529,-0.5104309661457296
20260818-195221,1787082801631,-0.5104309661457296
20260818-195221,1787082801733,-0.5104309661457296
20260818-195221,1787082801835,-0.5104309661457296
20260818-195221,1787082801937,-0.5104309661457296
20260818-195221,1787082802039,-0.5104309661457296
20260818-195221,1787082801963,-0.5104309661457296
20260818-195221,1787082802141,-0.5104309661457296
20260818-195221,1787082802243,-0.5104309661457296
20260818-195221,1787082802345,-0.5104309661457296
20260818-195221,1787082802447,-0.5104309661457296
20260818-195221,1787082802549,-0.5104309661457296
20260818-195221,1787082802489,-0.5104309661457296
20260818-195221,1787082802651,-0.5104309661457296
20260818-195221,1787082802753,-0.5104309661457296
20260818-195221,1787082802855,-0.5104309661457296
20260818-195221,1787082802957,-0.5104309661457296
20260818-195221,1787082803059,-0.5104309661457296
20260818-195221,1787082803161,-0.5104309661457296
20260818-195221,1787082803263,-0.5104309661457296
20260818-195221,1787082803365,-0.5104309661457296
20260818-195221,1787082803467,-0.5104309661457296
20260818-195221,1787082803569,-0.5104309661457296
20260818-195221,1787082803671,-0.5104309661457296
20260818-195221,1787082803773,-0.5104309661457296
20260818-195221,1787082803710,-0.5104309661457296
20260818-195221,1787082803875,-0.5104309661457296
20260818-195221,1787082803977,-0.5104309661457296
20260818-195221,1787082804079,-0.5104309661457296
20260818-195221,1787082804181,-0.5104309661457296
20260818-195221,1787082804283,-0.5104309661457296
20260818-195221,1787082804224,-0.5104309661457296
20260818-195221,1787082804385,-0.5104309661457296
20260818-195221,1787082804487,-0.5104309661457296
20260818-195221,1787082804589,-0.5104309661457296
20260818-195221,1787082804691,-0.5104309661457296
20260818-195221,1787082804793,-0.5104309661457296
20260818-195221,1787082804895,-0.5104309661457296
20260818-195221,1787082804761,-0.5104309661457296
20260818-195221,1787082804997,-0.5104309661457296
20260818-195221,1787082805099,-0.5104309661457296
20260818-195221,1787082805201,-0.5104309661457296
20260818-195221,1787082805303,-0.5104309661457296
20260818-195221,1787082805232,-0.5104309661457296
20260818-195221,1787082805405,-0.5104309661457296
20260818-195221,1787082805507,-0.5104309661457296
20260818-195221,1787082805609,-0.5104309661457296
20260818-195221,1787082805711,-0.5104309661457296
20260818-195221,1787082805632,-0.5104309661457296
20260818-195221,1787082805813,-0.5104309661457296
20260818-195221,1787082805915,-0.5104309661457296
20260818-195221,1787082806017,-0.5104309661457296
20260818-195221,1787082805883,-0.5104309661457296
20260818-195221,1787082806119,-0.5104309661457296
20260818-195221,1787082806221,-0.5104309661457296
20260818-195221,1787082806323,-0.5104309661457296
20260818-195221,1787082806425,-0.5104309661457296
20260818-195221,1787082806527,-0.5104309661457296
20260818-195221,1787082806629,-0.5104309661457296
20260818-195221,1787082806731,-0.5104309661457296
20260818-195221,1787082806833,-0.5104309661457296
20260818-195221,1787082806935,-0.5104309661457296
20260818-195221,1787082807037,-0.5104309661457296
20260818-195221,1787082806891,-0.5104309661457296
20260818-195221,1787082807139,-0.5104309661457296
20260818-195221,1787082807241,-0.5104309661457296
20260818-195221,1787082807343,-0.5104309661457296
20260818-195221,1787082807445,-0.5104309661457296
20260818-195221,1787082807297,-0.5104309661457296
20260818-195221,1787082807547,-0.5104309661457296
20260818-195221,1787082807649,-0.5104309661457296
20260818-195221,1787082807538,-0.5104309661457296
20260818-195221,1787082807751,-0.5104309661457296
20260818-195221,1787082807853,-0.5104309661457296
20260818-195221,1787082807955,-0.5104309661457296
20260818-195221,1787082808057,-0.5104309661457296
20260818-195221,1787082808159,-0.5104309661457296
20260818-195221,1787082808001,-0.5104309661457296
20260818-195221,1787082808261,-0.5104309661457296
20260818-195221,1787082808363,-0.5104309661457296
20260818-195221,1787082808465,-0.5104309661457296
20260818-195221,1787082808567,-0.5104309661457296
20260818-195221,1787082808669,-0.5104309661457296
20260818-195221,1787082808771,-0.5104309661457296
20260818-195221,1787082808873,-0.5104309661457296
20260818-195221,1787082808975,-0.5104309661457296
20260818-195221,1787082809077,-0.5104309661457296
20260818-195221,1787082809179,-0.5104309661457296
20260818-195221,1787082809281,-0.5104309661457296
20260818-195221,1787082809383,-0.5104309661457296
20260818-195221,1787082809485,-0.5104309661457296
20260818-195221,1787082809350,-0.5104309661457296
20260818-195221,1787082809587,-0.5104309661457296
20260818-195221,1787082809689,-0.5104309661457296
20260818-195221,1787082809791,-0.5104309661457296
20260818-195221,1787082809893,-0.5104309661457296
20260818-195221,1787082809995,-0.5104309661457296
20260818-195221,1787082810097,-0.5104309661457296
20260818-195221,1787082810199,-0.5104309661457296
20260818-195221,1787082810301,-0.5104309661457296
20260818-195221,1787082810403,-0.5104309661457296
20260818-195221,1787082810505,-0.5104309661457296
20260818-195221,1787082810607,-0.5104309661457296
20260818-195221,1787082810709,-0.5104309661457296
20260818-195221,1787082810811,-0.5104309661457296
20260818-195221,1787082810913,-0.5104309661457296
20260818-195221,1787082811015,-0.5104309661457296
20260818-195221,1787082811117,-0.5104309661457296
20260818-195221,1787082811219,-0.5104309661457296
20260818-195221,1787082811321,-0.5104309661457296
20260818-195221,1787082811423,-0.5104309661457296
20260818-195221,1787082811525,-0.5104309661457296
20260818-195221,1787082811627,-0.5104309661457296
20260818-195221,1787082811729,-0.5104309661457296
20260818-195221,1787082811831,-0.5104309661457296
20260818-195221,1787082811933,-0.5104309661457296
20260818-195221,1787082812035,-0.5104309661457296
20260818-195221,1787082812137,-2.211867519963328
20260818-195221,1787082812239,-2.211867519963328
20260818-195221,1787082812341,-2.211867519963328
20260818-195221,1787082812443,-2.211867519963328
20260818-195221,1787082812351,-2.211867519963328
20260818-195221,1787082812545,-2.211867519963328
20260818-195221,1787082812647,-2.211867519963328
20260818-195221,1787082812749,-2.211867519963328
20260818-195221,1787082812851,-2.211867519963328
20260818-195221,1787082812953,-2.211867519963328
20260818-195221,1787082813055,-2.211867519963328
20260818-195221,1787082813157,-2.211867519963328
20260818-195221,1787082813259,-2.211867519963328
20260818-195221,1787082813361,-2.211867519963328
20260818-195221,1787082813463,-2.211867519963328
20260818-195221,1787082813565,-2.211867519963328
20260818-195221,1787082813667,-2.211867519963328
20260818-195221,1787082813769,-2.211867519963328
20260818-195221,1787082813871,-2.211867519963328
20260818-195221,1787082813973,-2.211867519963328
20260818-195221,1787082814075,-2.211867519963328
20260818-195221,1787082814177,-2.211867519963328
20260818-195221,1787082814279,-2.211867519963328
20260818-195221,1787082814381,-2.211867519963328
20260818-195221,1787082814483,-2.211867519963328
20260818-195221,1787082814585,-2.211867519963328
20260818-195221,1787082814687,-2.211867519963328
20260818-195221,1787082814789,-2.211867519963328
20260818-195221,1787082814891,-2.211867519963328
20260818-195221,1787082814827,-2.211867519963328
20260818-195221,1787082814993,-2.211867519963328
20260818-195221,1787082815095,-2.211867519963328
20260818-195221,1787082815197,-2.211867519963328
20260818-195221,1787082815299,-2.211867519963328
20260818-195221,1787082815401,-2.211867519963328
20260818-195221,1787082815503,-2.211867519963328
20260818-195221,1787082815605,-2.211867519963328
20260818-195221,1787082815572,-2.211867519963328
20260818-195221,1787082815707,-2.211867519963328
20260818-195221,1787082815809,-2.211867519963328
20260818-195221,1787082815669,-2.211867519963328
20260818-195221,1787082815911,-2.211867519963328
20260818-195221,1787082816013,-2.211867519963328
20260818-195221,1787082816115,-2.211867519963328
20260818-195221,1787082816217,-2.211867519963328
20260818-195221,1787082816319,-2.211867519963328
20260818-195221,1787082816185,-2.211867519963328
20260818-195221,1787082816421,-2.211867519963328
20260818-195221,1787082816523,-2.211867519963328
20260818-195221,1787082816625,-2.211867519963328
20260818-195221,1787082816727,-2.211867519963328
20260818-195221,1787082816829,-2.211867519963328
20260818-195221,1787082816931,-2.211867519963328
20260818-195221,1787082817033,-2.211867519963328
20260818-195221,1787082817135,-2.211867519963328
20260818-195221,1787082817237,-2.211867519963328
20260818-195221,1787082817339,-2.211867519963328
20260818-195221,1787082817441,-2.211867519963328
20260818-195221,1787082817543,-2.211867519963328
20260818-195221,1787082817645,-2.211867519963328
20260818-195221,1787082817747,-2.211867519963328
20260818-195221,1787082817849,-2.211867519963328
20260818-195221,1787082817951,-2.211867519963328
20260818-195221,1787082818053,-2.211867519963328
20260818-195221,1787082818155,-2.211867519963328
20260818-195221,1787082818257,-2.211867519963328
20260818-195221,1787082818359,-2.211867519963328
20260818-195221,1787082818461,-2.211867519963328
20260818-195221,1787082818563,-2.211867519963328
20260818-195221,1787082818665,-2.211867519963328
20260818-195221,1787082818767,-2.211867519963328
20260818-195221,1787082818869,-2.211867519963328
20260818-195221,1787082818971,-2.211867519963328
20260818-195221,1787082819073,-2.211867519963328
20260818-195221,1787082819056,-2.211867519963328
20260818-195221,1787082819175,-2.211867519963328
20260818-195221,1787082819103,-2.211867519963328
20260818-195221,1787082819277,-2.211867519963328
20260818-195221,1787082819379,-2.211867519963328
20260818-195221,1787082819481,-2.211867519963328
20260818-195221,1787082819583,-2.211867519963328
20260818-195221,1787082819685,-2.211867519963328
20260818-195221,1787082819787,-2.211867519963328
20260818-195221,1787082819889,-2.211867519963328
20260818-195221,1787082819991,-2.211867519963328
20260818-195221,1787082820093,-2.211867519963328
20260818-195221,1787082820195,-2.211867519963328
20260818-195221,1787082820297,-2.211867519963328
20260818-195221,1787082820399,-2.211867519963328
20260818-195221,1787082820501,-2.211867519963328
20260818-195221,1787082820603,-2.211867519963328
20260818-195221,1787082820705,-2.211867519963328
20260818-195221,1787082820807,-2.211867519963328
20260818-195221,1787082820909,-2.211867519963328
20260818-195221,1787082821011,-2.2582703350678943
20260818-195221,1787082821057,-2.2582703350678943
20260818-195221,1787082821113,-2.2582703350678943
20260818-195221,1787082821100,-2.2582703350678943
20260818-195221,1787082821215,-2.2582703350678943
20260818-195221,1787082821317,-2.2582703350678943
20260818-195221,1787082821161,-2.2582703350678943
20260818-195221,1787082821419,-2.2582703350678943
20260818-195221,1787082821521,-2.2582703350678943
20260818-195221,1787082821623,-2.2582703350678943
20260818-195221,1787082821725,-2.2582703350678943
20260818-195221,1787082821827,-2.2582703350678943
20260818-195221,1787082821929,-2.2582703350678943
20260818-195221,1787082822031,-2.2582703350678943
20260818-195221,1787082821882,-2.2582703350678943
20260818-195221,1787082822133,-2.2582703350678943
20260818-195221,1787082822235,-2.2582703350678943
20260818-195221,1787082822337,-2.2582703350678943
20260818-195221,1787082822439,-2.2582703350678943
20260818-195221,1787082822541,-2.2582703350678943
20260818-195221,1787082822643,-2.2582703350678943
20260818-195221,1787082822745,-2.2582703350678943
20260818-195221,1787082822847,-2.2582703350678943
20260818-195221,1787082822949,-2.2582703350678943
20260818-195221,1787082823051,-2.2582703350678943
20260818-195221,1787082823153,-2.2582703350678943
20260818-195221,1787082823059,-2.2582703350678943
20260818-195221,1787082823255,-2.2582703350678943
20260818-195221,1787082823357,-2.2582703350678943
20260818-195221,1787082823459,-2.2582703350678943
20260818-195221,1787082823561,-2.2582703350678943
20260818-195221,1787082823663,-2.2582703350678943
20260818-195221,1787082823765,-2.2582703350678943
20260818-195221,1787082823867,-2.2582703350678943
20260818-195221,1787082823969,-2.2582703350678943
20260818-195221,1787082824071,-2.2582703350678943
20260818-195221,1787082824173,-2.2582703350678943
20260818-195221,1787082824275,-2.2582703350678943
20260818-195221,1787082824377,-2.2582703350678943
20260818-195221,1787082824479,-2.2582703350678943
20260818-195221,1787082824581,-2.2582703350678943
20260818-195221,1787082824683,-2.2582703350678943
20260818-195221,1787082824785,-2.2582703350678943
20260818-195221,1787082824887,-2.2582703350678943
20260818-195221,1787082824989,-2.2582703350678943
20260818-195221,1787082825091,-2.2582703350678943
20260818-195221,1787082825193,-2.2582703350678943
20260818-195221,1787082825059,-2.2582703350678943
20260818-195221,1787082825295,-2.2582703350678943
20260818-195221,1787082825397,-2.2582703350678943
20260818-195221,1787082825499,-2.2582703350678943
20260818-195221,1787082825601,-2.2582703350678943
20260818-195221,1787082825703,-2.2582703350678943
20260818-195221,1787082825805,-2.2582703350678943
20260818-195221,1787082825907,-2.2582703350678943
20260818-195221,1787082825813,-2.2582703350678943
20260818-195221,1787082826009,-2.2582703350678943
20260818-195221,1787082826111,-2.2582703350678943
20260818-195221,1787082826213,-2.2582703350678943
20260818-195221,1787082826174,-2.2582703350678943
20260818-195221,1787082826315,-2.2582703350678943
20260818-195221,1787082826417,-2.2582703350678943
20260818-195221,1787082826306,-2.2582703350678943
20260818-195221,1787082826519,-2.2582703350678943
20260818-195221,1787082826621,-2.2582703350678943
20260818-195221,1787082826723,-2.2582703350678943
20260818-195221,1787082826825,-2.2582703350678943
20260818-195221,1787082826927,-2.2582703350678943
20260818-195221,1787082827029,-2.2582703350678943
20260818-195221,1787082827060,-2.2582703350678943
20260818-195221,1787082827131,-2.2582703350678943
20260818-195221,1787082827233,-2.2582703350678943
20260818-195221,1787082827103,-2.2582703350678943
20260818-195221,1787082827335,-2.2582703350678943
20260818-195221,1787082827437,-2.2582703350678943
20260818-195221,1787082827539,-2.2582703350678943
20260818-195221,1787082827425,-2.2582703350678943
20260818-195221,1787082827641,-2.2582703350678943
20260818-195221,1787082827743,-2.2582703350678943
20260818-195221,1787082827845,-2.2582703350678943
20260818-195221,1787082827947,-2.2582703350678943
20260818-195221,1787082828049,-2.2582703350678943
20260818-195221,1787082828151,-2.2582703350678943
20260818-195221,1787082828253,-2.2582703350678943
20260818-195221,1787082828355,-2.2582703350678943
20260818-195221,1787082828457,-2.2582703350678943
20260818-195221,1787082828331,-2.2582703350678943
20260818-195221,1787082828559,-2.2582703350678943
20260818-195221,1787082828661,-2.2582703350678943
20260818-195221,1787082828763,-2.2582703350678943
20260818-195221,1787082828865,-2.2582703350678943
20260818-195221,1787082828967,-2.2582703350678943
20260818-195221,1787082829069,-2.289205545136855
20260818-195221,1787082829171,-2.289205545136855
20260818-195221,1787082829063,-2.289205545136855
20260818-195221,1787082829273,-2.289205545136855
20260818-195221,1787082829375,-2.289205545136855
20260818-195221,1787082829247,-2.289205545136855
20260818-195221,1787082829477,-2.289205545136855
20260818-195221,1787082829579,-2.289205545136855
20260818-195221,1787082829681,-2.289205545136855
20260818-195221,1787082829783,-2.289205545136855
20260818-195221,1787082829686,-2.289205545136855
20260818-195221,1787082829885,-2.289205545136855
20260818-195221,1787082829987,-2.289205545136855
20260818-195221,1787082830089,-2.289205545136855
20260818-195221,1787082830191,-2.289205545136855
20260818-195221,1787082830293,-2.289205545136855
20260818-195221,1787082830395,-2.289205545136855
20260818-195221,1787082830497,-2.289205545136855
20260818-195221,1787082830599,-2.289205545136855
20260818-195221,1787082830701,-2.289205545136855
20260818-195221,1787082830803,-2.289205545136855
20260818-195221,1787082830905,-2.289205545136855
20260818-195221,1787082831007,-2.289205545136855
20260818-195221,1787082831042,-2.289205545136855
20260818-195221,1787082831109,-2.289205545136855
20260818-195221,1787082831211,-2.289205545136855
20260818-195221,1787082831062,-2.289205545136855
20260818-195221,1787082831313,-2.289205545136855
20260818-195221,1787082831415,-2.289205545136855
20260818-195221,1787082831517,-2.289205545136855
20260818-195221,1787082831619,-2.289205545136855
20260818-195221,1787082831501,-2.289205545136855
20260818-195221,1787082831721,-2.289205545136855
20260818-195221,1787082831823,-2.289205545136855
20260818-195221,1787082831925,-2.289205545136855
20260818-195221,1787082831849,-2.289205545136855
20260818-195221,1787082832027,-2.289205545136855
20260818-195221,1787082832129,-2.289205545136855
20260818-195221,1787082832231,-2.289205545136855
20260818-195221,1787082832333,-2.289205545136855
20260818-195221,1787082832435,-2.289205545136855
20260818-195221,1787082832537,-2.289205545136855
20260818-195221,1787082832396,-2.289205545136855
20260818-195221,1787082832639,-2.289205545136855
20260818-195221,1787082832741,-2.289205545136855
20260818-195221,1787082832843,-2.289205545136855
20260818-195221,1787082832945,-2.289205545136855
20260818-195221,1787082832806,-2.289205545136855
20260818-195221,1787082833047,-2.289205545136855
20260818-212451,1787088300033,2.307035451701931
20260818-212451,1787088300178,2.307035451701931
20260818-212451,1787088300180,2.307035451701931
20260818-212451,1787088300181,2.307035451701931
20260818-212451,1787088300181,2.307035451701931
20260818-212451,1787088300181,2.307035451701931
20260818-212451,1787088300181,2.307035451701931
20260818-212451,1787088300181,2.307035451701931
20260818-212451,1787088300181,2.307035451701931
20260818-212451,1787088300182,2.307035451701931
20260818-212451,1787088300182,2.307035451701931
20260818-212451,1787088300182,2.307035451701931
20260818-212451,1787088300182,2.307035451701931
20260818-212451,1787088300182,2.307035451701931
20260818-212451,1787088300182,2.307035451701931
20260818-212451,1787088300183,2.307035451701931
20260818-212451,1787088300189,2.307035451701931
20260818-212451,1787088300190,2.307035451701931
20260818-212451,1787088300190,2.307035451701931
20260818-212451,1787088300190,2.307035451701931
20260818-212451,1787088300190,2.307035451701931
20260818-212451,1787088300190,2.307035451701931
20260818-212451,1787088300190,2.307035451701931
20260818-212451,1787088300191,2.307035451701931
20260818-212451,1787088300192,2.307035451701931
20260818-212451,1787088300192,2.307035451701931
20260818-212451,1787088300192,2.307035451701931
20260818-212451,1787088300192,2.307035451701931
20260818-212451,1787088300192,2.307035451701931
20260818-212451,1787088300193,2.307035451701931
20260818-212451,1787088300193,2.307035451701931
20260818-212451,1787088300198,2.307035451701931
20260818-212451,1787088300221,1.7650187223577831
20260818-212451,1787088300232,1.7650187223577831
20260818-212451,1787088300232,1.7650187223577831
20260818-212451,1787088300237,1.7650187223577831
20260818-212451,1787088300238,1.7650187223577831
20260818-212451,1787088300247,1.7650187223577831
20260818-212451,1787088300323,1.6875925563225003
20260818-212451,1787088300425,1.6875925563225003
20260818-212451,1787088300293,1.6875925563225003
20260818-212451,1787088300527,1.6875925563225003
20260818-212451,1787088300629,1.6875925563225003
20260818-212451,1787088300731,1.6875925563225003
20260818-212451,1787088300833,1.6875925563225003
20260818-212451,1787088300935,1.6875925563225003
20260818-212451,1787088301037,1.6875925563225003
20260818-212451,1787088301139,1.6875925563225003
20260818-212451,1787088301241,1.6875925563225003
20260818-212451,1787088301125,1.6875925563225003
20260818-212451,1787088301343,1.6875925563225003
20260818-212451,1787088301265,1.6875925563225003
20260818-212451,1787088301445,1.6875925563225003
20260818-212451,1787088301547,1.6875925563225003
20260818-212451,1787088301462,1.6875925563225003
20260818-212451,1787088301649,1.6875925563225003
20260818-212451,1787088301751,1.6875925563225003
20260818-212451,1787088301853,1.6875925563225003
20260818-212451,1787088301955,1.6875925563225003
20260818-212451,1787088302057,1.6875925563225003
20260818-212451,1787088302057,1.6875925563225003
20260818-212451,1787088302066,1.6875925563225003
20260818-212451,1787088302066,1.6875925563225003
20260818-212451,1787088302066,1.6875925563225003
20260818-212451,1787088302066,1.6875925563225003
20260818-212451,1787088302066,1.6875925563225003
20260818-212451,1787088302066,1.6875925563225003
20260818-212451,1787088302066,1.6875925563225003
20260818-212451,1787088302069,1.6875925563225003
20260818-212451,1787088302069,1.6875925563225003
20260818-212451,1787088302069,1.6875925563225003
20260818-212451,1787088302069,1.6875925563225003
20260818-212451,1787088302069,1.6875925563225003
20260818-212451,1787088302070,1.6875925563225003
20260818-212451,1787088302070,1.6875925563225003
20260818-212451,1787088302070,1.6875925563225003
20260818-212451,1787088302070,1.6875925563225003
20260818-212451,1787088302072,1.6875925563225003
20260818-212451,1787088302072,1.6875925563225003
20260818-212451,1787088302072,1.6875925563225003
20260818-212451,1787088302072,1.6875925563225003
20260818-212451,1787088302072,1.6875925563225003
20260818-212451,1787088302072,1.6875925563225003
20260818-212451,1787088302072,1.6875925563225003
20260818-212451,1787088302072,1.6875925563225003
20260818-212451,1787088302072,1.6875925563225003
20260818-212451,1787088302072,1.6875925563225003
20260818-212451,1787088302072,1.6875925563225003
20260818-212451,1787088302072,1.6875925563225003
20260818-212451,1787088302072,1.6875925563225003
20260818-212451,1787088302072,1.6875925563225003
20260818-212451,1787088302072,1.6875925563225003
20260818-212451,1787088302072,1.6875925563225003
20260818-212451,1787088302159,0.9443623502843178
20260818-212451,1787088302075,0.9443623502843178
20260818-212451,1787088302261,0.9443623502843178
20260818-212451,1787088302363,0.9443623502843178
20260818-212451,1787088302251,0.9443623502843178
20260818-212451,1787088302465,0.9443623502843178
20260818-212451,1787088302567,0.9443623502843178
20260818-212451,1787088302669,0.9443623502843178
20260818-212451,1787088302517,0.9443623502843178
20260818-212451,1787088302771,0.9443623502843178
20260818-212451,1787088302873,0.9443623502843178
20260818-212451,1787088302975,0.9443623502843178
20260818-212451,1787088303077,0.9443623502843178
20260818-212451,1787088303179,0.9443623502843178
20260818-212451,1787088303281,0.9443623502843178
20260818-212451,1787088303192,0.9443623502843178
20260818-212451,1787088303383,0.9443623502843178
20260818-212451,1787088303485,0.9443623502843178
20260818-212451,1787088303587,0.6347353501906557
20260818-212451,1787088303689,0.6347353501906557
20260818-212451,1787088303791,0.6347353501906557
20260818-212451,1787088303893,0.6347353501906557
20260818-212451,1787088303995,0.6347353501906557
20260818-212451,1787088304097,0.6347353501906557
20260818-212451,1787088304199,0.6347353501906557
20260818-212451,1787088304301,0.6347353501906557
20260818-212451,1787088304403,0.6347353501906557
20260818-212451,1787088304505,0.6347353501906557
20260818-212451,1787088304607,0.6347353501906557
20260818-212451,1787088304709,0.6347353501906557
20260818-212451,1787088304811,0.6347353501906557
20260818-212451,1787088304913,0.6347353501906557
20260818-212451,1787088305015,0.6347353501906557
20260818-212451,1787088305117,0.6347353501906557
20260818-212451,1787088305219,0.6347353501906557
20260818-212451,1787088305101,0.6347353501906557
20260818-212451,1787088305321,0.6347353501906557
20260818-212451,1787088305423,0.6347353501906557
20260818-212451,1787088305305,0.6347353501906557
20260818-212451,1787088305525,0.6347353501906557
20260818-212451,1787088305627,0.6347353501906557
20260818-212451,1787088305729,0.6347353501906557
20260818-212451,1787088305831,0.6347353501906557
20260818-212451,1787088305933,0.6347353501906557
20260818-212451,1787088306035,0.6347353501906557
20260818-212451,1787088306137,0.6347353501906557
20260818-212451,1787088306239,0.6347353501906557
20260818-212451,1787088306341,0.6347353501906557
20260818-212451,1787088306227,0.6347353501906557
20260818-212451,1787088306443,0.6347353501906557
20260818-212451,1787088306545,0.6347353501906557
20260818-212451,1787088306647,0.6347353501906557
20260818-212451,1787088306749,0.6347353501906557
20260818-212451,1787088306851,0.6347353501906557
20260818-212451,1787088306783,0.6347353501906557
20260818-212451,1787088306953,0.6347353501906557
20260818-212451,1787088307055,0.6347353501906557
20260818-212451,1787088312563,0.015481350003331408
20260818-212451,1787088312483,0.015481350003331408
20260818-212451,1787088312665,0.015481350003331408
20260818-212451,1787088312767,0.015481350003331408
20260818-212451,1787088312869,0.015481350003331408
20260818-212451,1787088312971,0.015481350003331408
20260818-212451,1787088313073,0.015481350003331408
20260818-212451,1787088313175,0.015481350003331408
20260818-212451,1787088313277,0.015481350003331408
20260818-212451,1787088313379,0.015481350003331408
20260818-212451,1787088313481,0.015481350003331408
20260818-212451,1787088313583,0.015481350003331408
20260818-212451,1787088313685,0.015481350003331408
20260818-212451,1787088313787,0.015481350003331408
20260818-212451,1787088313889,0.015481350003331408
20260818-212451,1787088313991,0.015481350003331408
20260818-212451,1787088314093,0.015481350003331408
20260818-212451,1787088314154,0.015481350003331408
20260818-212451,1787088314156,0.015481350003331408
20260818-212451,1787088314156,0.015481350003331408
20260818-212451,1787088314156,0.015481350003331408
20260818-212451,1787088314156,0.015481350003331408
20260818-212451,1787088314156,0.015481350003331408
20260818-212451,1787088314156,0.015481350003331408
20260818-212451,1787088314156,0.015481350003331408
20260818-212451,1787088314156,0.015481350003331408
20260818-212451,1787088314156,0.015481350003331408
20260818-212451,1787088314156,0.015481350003331408
20260818-212451,1787088314166,-0.5727762542440924
20260818-212451,1787088314166,-0.5727762542440924
20260818-212451,1787088314166,-0.5727762542440924
20260818-212451,1787088314166,-0.5727762542440924
20260818-212451,1787088314166,-0.5727762542440924
20260818-212451,1787088314166,-0.5727762542440924
20260818-212451,1787088314166,-0.5727762542440924
20260818-212451,1787088314166,-0.5727762542440924
20260818-212451,1787088314166,-0.5727762542440924
20260818-212451,1787088314166,-0.5727762542440924
20260818-212451,1787088314166,-0.5727762542440924
20260818-212451,1787088314166,-0.5727762542440924
20260818-212451,1787088314166,-0.5727762542440924
20260818-212451,1787088314195,-0.5727762542440924
20260818-212451,1787088314166,-0.5727762542440924
20260818-212451,1787088314297,-0.5727762542440924
20260818-212451,1787088314399,-0.5727762542440924
20260818-212451,1787088314230,-0.5727762542440924
20260818-212451,1787088314501,-0.5727762542440924
20260818-212451,1787088314603,-0.5727762542440924
20260818-212451,1787088314648,-0.5727762542440924
20260818-212451,1787088314661,-0.5727762542440924
20260818-212451,1787088314662,-0.9287932885396971
20260818-212451,1787088314662,-0.9287932885396971
20260818-212451,1787088314662,-0.9287932885396971
20260818-212451,1787088314662,-0.9287932885396971
20260818-212451,1787088314662,-0.9287932885396971
20260818-212451,1787088314662,-0.9287932885396971
20260818-212451,1787088314662,-0.9287932885396971
20260818-212451,1787088314662,-0.9287932885396971
20260818-212451,1787088314662,-0.9287932885396971
20260818-212451,1787088314662,-0.9287932885396971
20260818-212451,1787088314662,-0.9287932885396971
20260818-212451,1787088314662,-0.9287932885396971
20260818-212451,1787088314705,-0.9287932885396971
20260818-212451,1787088314662,-0.9287932885396971
20260818-212451,1787088314807,-0.9287932885396971
20260818-212451,1787088314704,-0.9287932885396971
20260818-212451,1787088314909,-0.9287932885396971
20260818-212451,1787088315011,-0.9287932885396971
20260818-212451,1787088315113,-0.9287932885396971
20260818-212451,1787088314957,-0.9287932885396971
20260818-212451,1787088315215,-0.9287932885396971
20260818-212451,1787088315317,-0.9287932885396971
20260818-212752,1787088481579,-0.0
20260818-212752,1787088481681,-0.0
20260818-212752,1787088481568,-0.0
20260818-212752,1787088481783,-0.0
20260818-212752,1787088481885,-0.0
20260818-212752,1787088481987,-0.0
20260818-212752,1787088484639,-0.0
20260818-212752,1787088484741,-0.0
20260818-212752,1787088484843,-0.0
20260818-212752,1787088484945,-0.0
20260818-212752,1787088485047,-0.0
20260818-212752,1787088485149,-0.0
20260818-212752,1787088485251,-0.0
20260818-212752,1787088485353,-0.0
20260818-212752,1787088485455,-0.0
20260818-212752,1787088485557,-0.0
20260818-212752,1787088485659,-0.0
20260818-212752,1787088485578,-0.0
20260818-212752,1787088485761,-0.0
20260818-212752,1787088485863,-0.0
20260818-212752,1787088485965,-0.0
20260818-212752,1787088486067,-0.0
20260818-212752,1787088486169,-0.0
20260818-212752,1787088486062,-0.0
20260818-212752,1787088486271,-0.0
20260818-212752,1787088486373,-0.0
20260818-212752,1787088486475,-0.0
20260818-212752,1787088486577,-0.0
20260818-212752,1787088486679,-0.0
20260818-212752,1787088486781,-0.0
20260818-212752,1787088486778,-0.0
20260818-212752,1787088486883,-0.0
20260818-212752,1787088486985,-0.0
20260818-212752,1787088486842,-0.0
20260818-212752,1787088487087,-0.0
20260818-212752,1787088487189,-0.0
20260818-212752,1787088487291,-0.0
20260818-212752,1787088487190,-0.0
20260818-212752,1787088487393,-0.0
20260818-212752,1787088487495,-0.0
20260818-212752,1787088487597,-0.0
20260818-212752,1787088487478,-0.0
20260818-212752,1787088487699,-0.0
20260818-212752,1787088487801,-0.0
20260818-212752,1787088487903,-0.0
20260818-212752,1787088488005,-0.0
20260818-212752,1787088488107,-0.0
20260818-212752,1787088488209,-0.0
20260818-212752,1787088488311,-0.0
20260818-212752,1787088488413,-0.0
20260818-212752,1787088488515,-0.0
20260818-212752,1787088488617,-0.0
20260818-212752,1787088488719,-0.0
20260818-212752,1787088488821,-0.0
20260818-212752,1787088488923,-0.0
20260818-212752,1787088489025,-0.0
20260818-212752,1787088489127,-0.0
20260818-212752,1787088489229,-0.0
20260818-212752,1787088489331,-0.0
20260818-212752,1787088489433,-0.0
20260818-212752,1787088489535,-0.0
20260818-212752,1787088489637,-0.0
20260818-212752,1787088489739,-0.0
20260818-212752,1787088489841,-0.0
20260818-212752,1787088489943,-0.0
20260818-212752,1787088490045,-0.0
20260818-212752,1787088490147,-0.0
20260818-212752,1787088490249,-0.0
20260818-212752,1787088490351,-0.0
20260818-212752,1787088490453,-0.0
20260818-212752,1787088490555,-0.0
20260818-212752,1787088490657,-0.0
20260818-212752,1787088490759,-0.0
20260818-212752,1787088490861,-0.0
20260818-212752,1787088490963,-0.0
20260818-212752,1787088490896,-0.0
20260818-212752,1787088491065,-0.0
20260818-212752,1787088491167,-0.0
20260818-212752,1787088491062,-0.0
20260818-212752,1787088491269,-0.0
20260818-212752,1787088491371,-0.0
20260818-212752,1787088522481,-0.0
20260818-212752,1787088522583,-0.0
20260818-212752,1787088522468,-0.0
20260818-212752,1787088522685,-0.0
20260818-212752,1787088522787,-0.0
20260818-212752,1787088522889,-0.0
20260818-212752,1787088522991,-0.0
20260818-212752,1787088522915,-0.0
20260818-212752,1787088523093,-0.0
20260818-212752,1787088523195,-0.0
20260818-212752,1787088523297,-0.0
20260818-212752,1787088523399,-0.0
20260818-212752,1787088523501,-0.0
20260818-212752,1787088523603,-0.0
20260818-212752,1787088523705,-0.0
20260818-212752,1787088523807,-0.0
20260818-212752,1787088523909,-0.0
20260818-212752,1787088524011,-0.0
20260818-212752,1787088524113,-0.0
20260818-212752,1787088524026,-0.0
20260818-212752,1787088524215,-0.0
20260818-212752,1787088524317,-0.0
20260818-212752,1787088524419,-0.0
20260818-212752,1787088524623,-0.0
20260818-212752,1787088524725,-0.0
20260818-212752,1787088524827,-0.0
20260818-212752,1787088524929,-0.0
20260818-212752,1787088525031,-0.0
20260818-212752,1787088525133,-0.0
20260818-212752,1787088527479,-0.0
20260818-212752,1787088527387,-0.0
20260818-212752,1787088527581,-0.0
20260818-212752,1787088527683,-0.0
20260818-212752,1787088527785,-0.0
20260818-212752,1787088527887,-0.0
20260818-212752,1787088527748,-0.0
20260818-212752,1787088527989,-0.0
20260818-212752,1787088528091,-0.0
20260818-212752,1787088528193,-0.0
20260818-212752,1787088528295,-0.0
20260818-212752,1787088528397,-0.0
20260818-212752,1787088528499,-0.0
20260818-212752,1787088528601,-0.0
20260818-212752,1787088528703,-0.0
20260818-212752,1787088528805,-0.0
20260818-212752,1787088528907,-0.0
20260818-212752,1787088529009,-0.0
20260818-212752,1787088529111,-0.0
20260818-212752,1787088529213,-0.0
20260818-212752,1787088529095,-0.0
20260818-212752,1787088529825,-0.0
20260818-212752,1787088529736,-0.0
20260818-212752,1787088529927,-0.0
20260818-212752,1787088530029,-0.0
20260818-212752,1787088530131,-0.0
20260818-212752,1787088530233,-0.0
20260818-212752,1787088530335,-0.0
20260818-212752,1787088530437,-0.0
20260818-212752,1787088530539,-0.0
20260818-212752,1787088530413,-0.0
20260818-212752,1787088530641,-0.0
20260818-212752,1787088530743,-0.0
20260818-212752,1787088530845,-0.0
20260818-212752,1787088530947,-0.0
20260818-212752,1787088531049,-0.0
20260818-212752,1787088531151,-0.0
20260818-212752,1787088531253,-0.0
20260818-212752,1787088531355,-0.0
20260818-212752,1787088531457,-0.0
20260818-212752,1787088531559,-0.0
20260818-212752,1787088531661,-0.0
20260818-212752,1787088531763,-0.0
20260818-212752,1787088531865,-0.0
20260818-212752,1787088531967,-0.0
20260818-212752,1787088532069,-0.0
20260818-212752,1787088532131,-0.0
20260818-212752,1787088532171,-0.0
20260818-212752,1787088532273,-0.0
20260818-212752,1787088532139,-0.0
20260818-212752,1787088532375,-0.0
20260818-212752,1787088532477,-0.0
20260818-212752,1787088532579,-0.0
20260818-212752,1787088532681,-0.0
20260818-212752,1787088532597,-0.0
20260818-212752,1787088532783,-0.0
20260818-212752,1787088532885,-0.0
20260818-212752,1787088532987,-0.0
20260818-212752,1787088533089,-0.0
20260818-212752,1787088533191,-0.0
20260818-212752,1787088533293,-0.0
20260818-212752,1787088533395,-0.0
20260818-212752,1787088533497,-0.0
20260818-212752,1787088533347,-0.0
20260818-212752,1787088533599,-0.0
20260818-212752,1787088533701,-0.0
20260818-212752,1787088533803,-0.0
20260818-212752,1787088533905,-0.0
20260818-212752,1787088533821,-0.0
20260818-212752,1787088534007,-0.0
20260818-212752,1787088534109,-0.0
20260818-212752,1787088534056,-0.0
20260818-212752,1787088534211,-0.0
20260818-212752,1787088534313,-0.0
20260818-212752,1787088534230,-0.0
20260818-212752,1787088534415,-0.0
20260818-212752,1787088534517,-0.0
20260818-212752,1787088534619,-0.0
20260818-212752,1787088534721,-0.0
20260818-212752,1787088534823,-0.0
20260818-212752,1787088534925,-0.0
20260818-212752,1787088535027,-0.0
20260818-212752,1787088535129,-0.0
20260818-212752,1787088535231,-0.0
20260818-212752,1787088535333,-0.0
20260818-212752,1787088535435,-0.0
20260818-212752,1787088535537,-0.0
20260818-212752,1787088535639,-0.0
20260818-212752,1787088535741,-0.0
20260818-212752,1787088535620,-0.0
20260818-212752,1787088535843,-0.0
20260818-212752,1787088535945,-0.0
20260818-212752,1787088536047,-0.0
20260818-212752,1787088536149,-0.0
20260818-212752,1787088536251,-0.0
20260818-212752,1787088536353,-0.0
20260818-212752,1787088536455,-0.0
20260818-212752,1787088536557,-0.0
20260818-212752,1787088537271,-0.0
20260818-212752,1787088537373,-0.0
20260818-212752,1787088537475,-0.0
20260818-212752,1787088538393,-0.0
20260818-212752,1787088538495,-0.0
20260818-212752,1787088538431,-0.0
20260818-212752,1787088538597,-0.0
20260818-212752,1787088538699,-0.0
20260818-212752,1787088538801,-0.0
20260818-212752,1787088538903,-0.0
20260818-212752,1787088539005,-0.0
20260818-212752,1787088539107,-0.0
20260818-212752,1787088539209,-0.0
20260818-212752,1787088539311,-0.0
20260818-212752,1787088539413,-0.0
20260818-212752,1787088539515,-0.0
20260818-212752,1787088539617,-0.0
20260818-212752,1787088539719,-0.0
20260818-212752,1787088539821,-0.0
20260818-212752,1787088539923,-0.0
20260818-212752,1787088540025,-0.0
20260818-212752,1787088540127,-0.0
20260818-212752,1787088540007,-0.0
20260818-212752,1787088540229,-0.0
20260818-212752,1787088540331,-0.0
20260818-212752,1787088540211,-0.0
20260818-212752,1787088540433,-0.0
20260818-212752,1787088540535,-0.0
20260818-212752,1787088540637,-0.0
20260818-212752,1787088540514,-0.0
20260818-212752,1787088540739,-0.0
20260818-212752,1787088541147,-0.0
20260818-212752,1787088541249,-0.0
20260818-212752,1787088541351,-0.0
20260818-212752,1787088541453,-0.0
20260818-212752,1787088541555,-0.0
20260818-212752,1787088541657,-0.0
20260818-212752,1787088541759,-0.0
20260818-212752,1787088541861,-0.0
20260818-212752,1787088541963,-0.0
20260818-212752,1787088542065,-0.0
20260818-212752,1787088542167,-0.0
20260818-212752,1787088542269,-0.0
20260818-212752,1787088542184,-0.0
20260818-212752,1787088542371,-0.0
20260818-212752,1787088542473,-0.0
20260818-212752,1787088542575,-0.0
20260818-212752,1787088542677,-0.0
20260818-212752,1787088542779,-0.0
20260818-212752,1787088542881,-0.0
20260818-212752,1787088542983,-0.0
20260818-212752,1787088543085,-0.0
20260818-212752,1787088543187,-0.0
20260818-212752,1787088543289,-0.0
20260818-212752,1787088543391,-0.0
20260818-212752,1787088543493,-0.0
20260818-212752,1787088543595,-0.0
20260818-212752,1787088543697,-0.0
20260818-212752,1787088543799,-0.0
20260818-212752,1787088543901,-0.0
20260818-212752,1787088544003,-0.0
20260818-212752,1787088544105,-0.0
20260818-212752,1787088544207,-0.0
20260818-212752,1787088544309,-0.0
20260818-212752,1787088544411,-0.0
20260818-212752,1787088544513,-0.0
20260818-212752,1787088544615,-0.0
20260818-212752,1787088544717,-0.0
20260818-212752,1787088544819,-0.0
20260818-212752,1787088544921,-0.0
20260818-212752,1787088545023,-0.0
20260818-212752,1787088545125,-0.0
20260818-212752,1787088545227,-0.0
20260818-212752,1787088545329,-0.0
20260818-212752,1787088545431,-0.0
20260818-212752,1787088545533,-0.0
20260818-212752,1787088545635,-0.0
20260818-212752,1787088545737,-0.0
20260818-212752,1787088545839,-0.0
20260818-212752,1787088545723,-0.0
20260818-212752,1787088545941,-0.0
20260818-212752,1787088546043,-0.0
20260818-212752,1787088546145,-0.0
20260818-212752,1787088546247,-0.0
20260818-212752,1787088546349,-0.0
20260818-212752,1787088546451,-0.0
20260818-212752,1787088546553,-0.0
20260818-212752,1787088546655,-0.0
20260818-212752,1787088546757,-0.0
20260818-212752,1787088546859,-0.0
20260818-212752,1787088546961,-0.0
20260818-212752,1787088546882,-0.0
20260818-212752,1787088547063,-0.0
20260818-212752,1787088547165,-0.0
20260818-212752,1787088547267,-0.0
20260818-212752,1787088547369,-0.0
20260818-212752,1787088547471,-0.0
20260818-212752,1787088547573,-0.0
20260818-212752,1787088547675,-0.0
20260818-212752,1787088547777,-0.0
20260818-212752,1787088547879,-0.0
20260818-212752,1787088547981,-0.0
20260818-212752,1787088548083,-0.0
20260818-212752,1787088548185,-0.0
20260818-212752,1787088548287,-0.0
20260818-212752,1787088548389,-0.0
20260818-212752,1787088548491,-0.0
20260818-212752,1787088548593,-0.0
20260818-212752,1787088548695,-0.0
20260818-212752,1787088548797,-0.0
20260818-212752,1787088548648,-0.0
20260818-212752,1787088548899,-0.0
20260818-212752,1787088549001,-0.0
20260818-212752,1787088549103,-0.0
20260818-212752,1787088548953,-0.0
20260818-212752,1787088549205,-0.0
20260818-212752,1787088549307,-0.0
20260818-212752,1787088549409,-0.0
20260818-212752,1787088549511,-0.0
20260818-212752,1787088549613,-0.0
20260818-212752,1787088549715,-0.0
20260818-212752,1787088549817,-0.0
20260818-212752,1787088549919,-0.0
20260818-212752,1787088550021,-0.0
20260818-212752,1787088550123,-0.0
20260818-212752,1787088550225,-0.0
20260818-212752,1787088550327,-0.0
20260818-212752,1787088550429,-0.0
20260818-212752,1787088550531,-0.0
20260818-212752,1787088550633,-0.0
20260818-212752,1787088550735,-0.0
20260818-212752,1787088550837,-0.0
20260818-212752,1787088550939,-0.0
20260818-212752,1787088551041,-0.0
20260818-212752,1787088551143,0.015481326036148718
20260818-212752,1787088551245,0.015481326036148718
20260818-212752,1787088551347,0.015481326036148718
20260818-212752,1787088551449,0.015481326036148718
20260818-212752,1787088551551,0.015481326036148718
20260818-212752,1787088551653,0.015481326036148718
20260818-212752,1787088551560,0.015481326036148718
20260818-212752,1787088551755,0.015481326036148718
20260818-212752,1787088551857,0.015481326036148718
20260818-212752,1787088551959,0.015481326036148718
20260818-212752,1787088552061,0.015481326036148718
20260818-212752,1787088552163,0.015481326036148718
20260818-212752,1787088552265,0.015481326036148718
20260818-212752,1787088552367,0.015481326036148718
20260818-212752,1787088552252,0.015481326036148718
20260818-212752,1787088552469,0.015481326036148718
20260818-212752,1787088552571,0.015481326036148718
20260818-212752,1787088552492,0.015481326036148718
20260818-212752,1787088552673,0.015481326036148718
20260818-212752,1787088552775,0.015481326036148718
20260818-212752,1787088552877,0.015481326036148718
20260818-212752,1787088552979,0.015481326036148718
20260818-212752,1787088553081,0.015481326036148718
20260818-212752,1787088553183,0.015481326036148718
20260818-212752,1787088553285,0.015481326036148718
20260818-212752,1787088553387,0.015481326036148718
20260818-212752,1787088553489,0.015481326036148718
20260818-212752,1787088553591,0.015481326036148718
20260818-212752,1787088553693,0.015481326036148718
20260818-212752,1787088553795,0.015481326036148718
20260818-212752,1787088553897,0.015481326036148718
20260818-212752,1787088553999,0.015481326036148718
20260818-212752,1787088554101,0.015481326036148718
20260818-212752,1787088554203,0.015481326036148718
20260818-212752,1787088554141,0.015481326036148718
20260818-212752,1787088554305,0.015481326036148718
20260818-212752,1787088554407,0.015481326036148718
20260818-212752,1787088554276,0.015481326036148718
20260818-212752,1787088554509,0.015481326036148718
20260818-212752,1787088554611,0.015481326036148718
20260818-212752,1787088554713,0.015481326036148718
20260818-212752,1787088554815,0.015481326036148718
20260818-212752,1787088554917,0.015481326036148718
20260818-212752,1787088555019,0.015481326036148718
20260818-212752,1787088555121,0.015481326036148718
20260818-212752,1787088555223,0.015481326036148718
20260818-212752,1787088555325,0.015481326036148718
20260818-212752,1787088555427,0.015481326036148718
20260818-212752,1787088555529,0.015481326036148718
20260818-212752,1787088555397,0.015481326036148718
20260818-212752,1787088555631,0.015481326036148718
20260818-212752,1787088555733,0.015481326036148718
20260818-212752,1787088555835,0.015481326036148718
20260818-212752,1787088555937,0.015481326036148718
20260818-212752,1787088556039,0.015481326036148718
20260818-212752,1787088556141,0.015481326036148718
20260818-212752,1787088556243,0.015481326036148718
20260818-212752,1787088556345,0.015481326036148718
20260818-212752,1787088556447,0.015481326036148718
20260818-212752,1787088556549,0.015481326036148718
20260818-212752,1787088556651,0.015481326036148718
20260818-212752,1787088556753,0.015481326036148718
20260818-212752,1787088556855,0.015481326036148718
20260818-212752,1787088556957,0.015481326036148718
20260818-212752,1787088557059,0.015481326036148718
20260818-212752,1787088557161,0.015481326036148718
20260818-212752,1787088557263,0.015481326036148718
20260818-212752,1787088557365,0.015481326036148718
20260818-212752,1787088557467,0.015481326036148718
20260818-212752,1787088557569,0.015481326036148718
20260818-212752,1787088557671,0.015481326036148718
20260818-212752,1787088557773,0.015481326036148718
20260818-212752,1787088557875,0.015481326036148718
20260818-212752,1787088557977,0.015481326036148718
20260818-212752,1787088558079,0.015481326036148718
20260818-212752,1787088558181,0.015481326036148718
20260818-212752,1787088558283,0.015481326036148718
20260818-212752,1787088558385,0.015481326036148718
20260818-212752,1787088558487,0.015481326036148718
20260818-212752,1787088558589,0.015481326036148718
20260818-212752,1787088558691,0.015481326036148718
20260818-212752,1787088558793,0.015481326036148718
20260818-212752,1787088558895,0.015481326036148718
20260818-212752,1787088558997,0.015481326036148718
20260818-212752,1787088559099,0.015481326036148718
20260818-212752,1787088559201,0.015481326036148718
20260818-212752,1787088559303,0.015481326036148718
20260818-212752,1787088559405,0.015481326036148718
20260818-212752,1787088559507,0.015481326036148718
20260818-212752,1787088559609,0.015481326036148718
20260818-212752,1787088559711,0.015481326036148718
20260818-212752,1787088559813,0.015481326036148718
20260818-212752,1787088559915,0.015481326036148718
20260818-212752,1787088560017,0.015481326036148718
20260818-212752,1787088560119,0.015481326036148718
20260818-212752,1787088560221,0.015481326036148718
20260818-212752,1787088560323,0.015481326036148718
20260818-212752,1787088560425,0.015481326036148718
20260818-212752,1787088560527,0.015481326036148718
20260818-212752,1787088560629,0.015481326036148718
20260818-212752,1787088560523,0.015481326036148718
20260818-212752,1787088560731,0.015481326036148718
20260818-212752,1787088560833,0.015481326036148718
20260818-212752,1787088560935,0.015481326036148718
20260818-212752,1787088561037,0.015481326036148718
20260818-212752,1787088561139,0.015481326036148718
20260818-212752,1787088561241,0.015481326036148718
20260818-212752,1787088561343,0.015481326036148718
20260818-212752,1787088561445,0.015481326036148718
20260818-212752,1787088561547,0.015481326036148718
20260818-212752,1787088561649,0.015481326036148718
20260818-212752,1787088561751,0.015481326036148718
20260818-212752,1787088561853,0.015481326036148718
20260818-212752,1787088561955,0.015481326036148718
20260818-212752,1787088562057,0.015481326036148718
20260818-212752,1787088562159,0.015481326036148718
20260818-212752,1787088562261,0.015481326036148718
20260818-212752,1787088562363,0.015481326036148718
20260818-212752,1787088562281,0.015481326036148718
20260818-212752,1787088562465,0.015481326036148718
20260818-212752,1787088562567,0.015481326036148718
20260818-212752,1787088562669,0.015481326036148718
20260818-212752,1787088562771,0.015481326036148718
20260818-212752,1787088562873,0.015481326036148718
20260818-212752,1787088562975,0.015481326036148718
20260818-212752,1787088563077,0.015481326036148718
20260818-212752,1787088563179,0.015481326036148718
20260818-212752,1787088563281,0.015481326036148718
20260818-212752,1787088563383,0.015481326036148718
20260818-212752,1787088563485,0.015481326036148718
20260818-212752,1787088563587,0.015481326036148718
20260818-212752,1787088563689,0.015481326036148718
20260818-212752,1787088563791,0.015481326036148718
20260818-212752,1787088563893,0.015481326036148718
20260818-212752,1787088563995,0.015481326036148718
20260818-212752,1787088564097,0.015481326036148718
20260818-212752,1787088564199,0.015481326036148718
20260818-212752,1787088564301,0.015481326036148718
20260818-212752,1787088564230,0.015481326036148718
20260818-212752,1787088564403,0.015481326036148718
20260818-212752,1787088564505,0.015481326036148718
20260818-212752,1787088564607,0.015481326036148718
20260818-212752,1787088564709,0.015481326036148718
20260818-212752,1787088564811,0.015481326036148718
20260818-212752,1787088564913,0.015481326036148718
20260818-212752,1787088565015,0.015481326036148718
20260818-212752,1787088565117,0.015481326036148718
20260818-212752,1787088565219,0.015481326036148718
20260818-212752,1787088565321,0.015481326036148718
20260818-212752,1787088565423,0.015481326036148718
20260818-212752,1787088565525,0.015481326036148718
20260818-212752,1787088565627,0.015481326036148718
20260818-212752,1787088565729,0.015481326036148718
20260818-212752,1787088565831,0.015481326036148718
20260818-212752,1787088565933,0.015481326036148718
20260818-212752,1787088566035,0.015481326036148718
20260818-212752,1787088566137,0.015481326036148718
20260818-212752,1787088566020,0.015481326036148718
20260818-212752,1787088566239,0.015481326036148718
20260818-212752,1787088566341,0.015481326036148718
20260818-212752,1787088566443,0.015481326036148718
20260818-212752,1787088566545,0.015481326036148718
20260818-212752,1787088566435,0.015481326036148718
20260818-213053,1787088657110,2.0435382006199725
20260818-213053,1787088657325,2.0435382006199725
20260818-213053,1787088657427,2.0435382006199725
20260818-213053,1787088657366,2.0435382006199725
20260818-213053,1787088657529,2.0435382006199725
20260818-213053,1787088657631,2.0435382006199725
20260818-213053,1787088657733,2.0435382006199725
20260818-213053,1787088657639,2.0435382006199725
20260818-213053,1787088657835,2.0435382006199725
20260818-213053,1787088657937,2.0435382006199725
20260818-213053,1787088658039,2.0435382006199725
20260818-213053,1787088658141,2.0435382006199725
20260818-213053,1787088658243,2.0435382006199725
20260818-213053,1787088658345,2.0435382006199725
20260818-213053,1787088658447,2.0435382006199725
20260818-213053,1787088658549,2.0435382006199725
20260818-213053,1787088658651,2.0435382006199725
20260818-213053,1787088658753,2.0435382006199725
20260818-213053,1787088658855,2.0435382006199725
20260818-213053,1787088658957,2.0435382006199725
20260818-213053,1787088658852,2.0435382006199725
20260818-213053,1787088659059,2.0435382006199725
20260818-213053,1787088659161,2.0435382006199725
20260818-213053,1787088659263,2.0435382006199725
20260818-213053,1787088659365,2.0435382006199725
20260818-213053,1787088659467,2.0435382006199725
20260818-213053,1787088659569,2.0435382006199725
20260818-213053,1787088659671,2.0435382006199725
20260818-213053,1787088659773,2.0435382006199725
20260818-213053,1787088659875,2.0435382006199725
20260818-213053,1787088659977,2.0435382006199725
20260818-213053,1787088660079,2.0435382006199725
20260818-213053,1787088660181,2.0435382006199725
20260818-213053,1787088660283,2.0435382006199725
20260818-213053,1787088660385,2.0435382006199725
20260818-213053,1787088660259,2.0435382006199725
20260818-213053,1787088660487,2.0435382006199725
20260818-213053,1787088660589,2.0435382006199725
20260818-213053,1787088660691,2.0435382006199725
20260818-213053,1787088660566,2.0435382006199725
20260818-213053,1787088660793,2.0435382006199725
20260818-213053,1787088660895,2.0435382006199725
20260818-213053,1787088660997,2.0435382006199725
20260818-213053,1787088661099,2.0435382006199725
20260818-213053,1787088661009,2.0435382006199725
20260818-213053,1787088661201,2.0435382006199725
20260818-213053,1787088661303,2.0435382006199725
20260818-213053,1787088661405,2.0435382006199725
20260818-213053,1787088661507,2.0435382006199725
20260818-213053,1787088661609,2.0435382006199725
20260818-213053,1787088661711,2.0435382006199725
20260818-213053,1787088661813,2.0435382006199725
20260818-213053,1787088661915,2.0435382006199725
20260818-213053,1787088662017,2.0435382006199725
20260818-213053,1787088662119,2.0435382006199725
20260818-213053,1787088662221,2.0435382006199725
20260818-213053,1787088662323,2.0435382006199725
20260818-213053,1787088662425,2.0435382006199725
20260818-213053,1787088662527,2.0435382006199725
20260818-213053,1787088662629,2.0435382006199725
20260818-213053,1787088662731,2.0435382006199725
20260818-213053,1787088662833,2.0435382006199725
20260818-213053,1787088662935,2.0435382006199725
20260818-213053,1787088663037,2.0435382006199725
20260818-213053,1787088663139,2.0435382006199725
20260818-213053,1787088663241,2.0435382006199725
20260818-213053,1787088663089,2.0435382006199725
20260818-213053,1787088663343,2.0435382006199725
20260818-213053,1787088663445,2.0435382006199725
20260818-213053,1787088663305,2.0435382006199725
20260818-213053,1787088663547,2.0435382006199725
20260818-213053,1787088663649,2.0435382006199725
20260818-213053,1787088663751,2.0435382006199725
20260818-213053,1787088663618,2.0435382006199725
20260818-213053,1787088663853,2.0435382006199725
20260818-213053,1787088663955,2.0435382006199725
20260818-213053,1787088664057,2.0435382006199725
20260818-213053,1787088664159,2.0435382006199725
20260818-213053,1787088664261,2.0435382006199725
20260818-213053,1787088664363,2.0435382006199725
20260818-213053,1787088664465,2.0435382006199725
20260818-213053,1787088664362,2.0435382006199725
20260818-213053,1787088664567,2.0435382006199725
20260818-213053,1787088664669,2.0435382006199725
20260818-213053,1787088664771,2.0435382006199725
20260818-213053,1787088664873,2.0435382006199725
20260818-213053,1787088664975,2.0435382006199725
20260818-213053,1787088665077,2.0435382006199725
20260818-213053,1787088665179,2.0435382006199725
20260818-213053,1787088665281,2.0435382006199725
20260818-213053,1787088665383,2.0435382006199725
20260818-213053,1787088665292,2.0435382006199725
20260818-213053,1787088665485,2.0435382006199725
20260818-213053,1787088665587,2.0435382006199725
20260818-213053,1787088665689,2.0435382006199725
20260818-213053,1787088665791,2.0435382006199725
20260818-213053,1787088665893,2.0435382006199725
20260818-213053,1787088665995,2.0435382006199725
20260818-213053,1787088666097,2.0435382006199725
20260818-213053,1787088666199,2.0435382006199725
20260818-213053,1787088666301,2.0435382006199725
20260818-213053,1787088666403,2.0435382006199725
20260818-213053,1787088666505,2.0435382006199725
20260818-213053,1787088666607,2.0435382006199725
20260818-213053,1787088666709,2.0435382006199725
20260818-213053,1787088666811,2.0435382006199725
20260818-213053,1787088666660,2.0435382006199725
20260818-213053,1787088666913,2.0435382006199725
20260818-213053,1787088667015,2.0435382006199725
20260818-213053,1787088667117,2.0435382006199725
20260818-213053,1787088667219,2.0435382006199725
20260818-213053,1787088667321,2.0435382006199725
20260818-213053,1787088667423,2.0435382006199725
20260818-213053,1787088667525,2.0435382006199725
20260818-213053,1787088667627,2.0435382006199725
20260818-213053,1787088667729,2.0435382006199725
20260818-213053,1787088667831,2.0435382006199725
20260818-213053,1787088667690,2.0435382006199725
20260818-213053,1787088667933,2.0435382006199725
20260818-213053,1787088668035,2.0435382006199725
20260818-213053,1787088668137,2.0435382006199725
20260818-213053,1787088668239,2.0435382006199725
20260818-213053,1787088668341,2.0435382006199725
20260818-213053,1787088668443,2.0435382006199725
20260818-213053,1787088668545,2.0435382006199725
20260818-213053,1787088668647,2.0435382006199725
20260818-213053,1787088668555,2.0435382006199725
20260818-213053,1787088668749,2.0435382006199725
20260818-213053,1787088668851,2.0435382006199725
20260818-213053,1787088668953,2.0435382006199725
20260818-213053,1787088669055,2.0435382006199725
20260818-213053,1787088669157,2.0435382006199725
20260818-213053,1787088669259,2.0435382006199725
20260818-213053,1787088669361,2.0435382006199725
20260818-213053,1787088669463,2.0435382006199725
20260818-213053,1787088669565,2.0435382006199725
20260818-213053,1787088669667,2.0435382006199725
20260818-213053,1787088669557,2.0435382006199725
20260818-213053,1787088669769,2.0435382006199725
20260818-213053,1787088669871,2.0435382006199725
20260818-213053,1787088669973,2.0435382006199725
20260818-213053,1787088670075,2.0435382006199725
20260818-213053,1787088670177,2.0435382006199725
20260818-213053,1787088670279,2.0435382006199725
20260818-213053,1787088670381,2.0435382006199725
20260818-213053,1787088670483,2.0435382006199725
20260818-213053,1787088670585,2.0435382006199725
20260818-213053,1787088670687,2.0435382006199725
20260818-213053,1787088670575,2.0435382006199725
20260818-213053,1787088670789,2.0435382006199725
20260818-213053,1787088670891,2.0435382006199725
20260818-213053,1787088670993,2.0435382006199725
20260818-213053,1787088671095,2.0435382006199725
20260818-213053,1787088671197,2.0435382006199725
20260818-213053,1787088671050,2.0435382006199725
20260818-213053,1787088671299,2.0435382006199725
20260818-213053,1787088671401,2.0435382006199725
20260818-213053,1787088671503,2.0435382006199725
20260818-213053,1787088671412,2.0435382006199725
20260818-213053,1787088671605,2.0435382006199725
20260818-213053,1787088671707,2.0435382006199725
20260818-213053,1787088671583,2.0435382006199725
20260818-213053,1787088671809,2.0435382006199725
20260818-213053,1787088671911,2.0435382006199725
20260818-213053,1787088672013,2.0435382006199725
20260818-213053,1787088672115,2.0435382006199725
20260818-213053,1787088672217,2.0435382006199725
20260818-213053,1787088672319,2.0435382006199725
20260818-213053,1787088672421,2.0435382006199725
20260818-213053,1787088672523,2.0435382006199725
20260818-213053,1787088672625,2.0435382006199725
20260818-213053,1787088672727,2.0435382006199725
20260818-213053,1787088672639,2.0435382006199725
20260818-213053,1787088672829,2.0435382006199725
20260818-213053,1787088672931,2.0435382006199725
20260818-213053,1787088672816,2.0435382006199725
20260818-213053,1787088673033,2.0435382006199725
20260818-213053,1787088673135,2.0435382006199725
20260818-213053,1787088673101,2.0435382006199725
20260818-213053,1787088673237,2.0435382006199725
20260818-213053,1787088673339,2.0435382006199725
20260818-213053,1787088675382,2.0435382006199725
20260818-213053,1787088675386,2.0435382006199725
20260818-213053,1787088675386,2.0435382006199725
20260818-213053,1787088675386,2.0435382006199725
20260818-213053,1787088675386,2.0435382006199725
20260818-213053,1787088675386,2.0435382006199725
20260818-213053,1787088675386,2.0435382006199725
20260818-213053,1787088675386,2.0435382006199725
20260818-213053,1787088675386,2.0435382006199725
20260818-213053,1787088675386,2.0435382006199725
20260818-213053,1787088675386,2.0435382006199725
20260818-213053,1787088675388,2.0435382006199725
20260818-213053,1787088675388,2.0435382006199725
20260818-213053,1787088675388,2.0435382006199725
20260818-213053,1787088675388,2.0435382006199725
20260818-213053,1787088675388,2.0435382006199725
20260818-213053,1787088675388,2.0435382006199725
20260818-213053,1787088675388,2.0435382006199725
20260818-213053,1787088675388,2.0435382006199725
20260818-213053,1787088675388,2.0435382006199725
20260818-213053,1787088675388,2.0435382006199725
20260818-213053,1787088675388,2.0435382006199725
20260818-213053,1787088675388,2.0435382006199725
20260818-213053,1787088675388,2.0435382006199725
20260818-213053,1787088675388,2.0435382006199725
20260818-213053,1787088675388,2.0435382006199725
20260818-213053,1787088675388,2.0435382006199725
20260818-213053,1787088675388,2.0435382006199725
20260818-213053,1787088675388,2.0435382006199725
20260818-213053,1787088675388,2.0435382006199725
20260818-213053,1787088675388,2.0435382006199725
20260818-213053,1787088675390,2.0435382006199725
20260818-213053,1787088675390,2.0435382006199725
20260818-213053,1787088675390,2.0435382006199725
20260818-213053,1787088675390,2.0435382006199725
20260818-213053,1787088675390,2.0435382006199725
20260818-213053,1787088675390,2.0435382006199725
20260818-213053,1787088675390,2.0435382006199725
20260818-213053,1787088675390,2.0435382006199725
20260818-213053,1787088675392,2.0435382006199725
20260818-213053,1787088675392,2.0435382006199725
20260818-213053,1787088675393,2.0435382006199725
20260818-213053,1787088675401,2.0435382006199725
20260818-213053,1787088675401,2.0435382006199725
20260818-213053,1787088675401,2.0435382006199725
20260818-213053,1787088675401,2.0435382006199725
20260818-213053,1787088675401,2.0435382006199725
20260818-213053,1787088675403,2.0435382006199725
20260818-213053,1787088675417,2.0435382006199725
20260818-213053,1787088675481,1.0683173459914073
20260818-213053,1787088675583,1.0683173459914073
20260818-213053,1787088675685,1.0683173459914073
20260818-213053,1787088675702,1.0683173459914073
20260818-213053,1787088675785,1.0683173459914073
20260818-213053,1787088675785,1.0683173459914073
20260818-213053,1787088675785,1.0683173459914073
20260818-213053,1787088675785,1.0683173459914073
20260818-213053,1787088675790,1.0683173459914073
20260818-213053,1787088675790,1.0683173459914073
20260818-213053,1787088675791,1.0683173459914073
20260818-213053,1787088675791,1.0683173459914073
20260818-213053,1787088675793,1.0683173459914073
20260818-213053,1787088675793,1.0683173459914073
20260818-213053,1787088675793,1.0683173459914073
20260818-213053,1787088675793,1.0683173459914073
20260818-213053,1787088675793,1.0683173459914073
20260818-213053,1787088675794,1.0683173459914073
20260818-213053,1787088675794,1.0683173459914073
20260818-213053,1787088675794,1.0683173459914073
20260818-213053,1787088675794,1.0683173459914073
20260818-213053,1787088675812,1.0683173459914073
20260818-213053,1787088675812,1.0683173459914073
20260818-213053,1787088675813,1.0683173459914073
20260818-213053,1787088675825,1.0683173459914073
20260818-213053,1787088675825,1.0683173459914073
20260818-213053,1787088675825,1.0683173459914073
20260818-213053,1787088675837,1.0683173459914073
20260818-213053,1787088675787,0.5032213910897299
20260818-213053,1787088675842,0.5032213910897299
20260818-213053,1787088675889,-0.0
20260818-213354,1787088836606,0.6658351469603325
20260818-213354,1787088836849,0.6658351469603325
20260818-213354,1787088836951,0.6658351469603325
20260818-213354,1787088837053,0.6658351469603325
20260818-213354,1787088837155,-0.6658351469603325
20260818-213354,1787088837257,0.6658351469603325
20260818-213354,1787088837359,0.6658351469603325
20260818-213354,1787088837461,0.6658351469603325
20260818-213354,1787088837563,0.6658351469603325
20260818-213354,1787088837665,0.6658351469603325
20260818-213354,1787088837767,0.6658351469603325
20260818-213354,1787088837869,0.6658351469603325
20260818-213354,1787088837761,0.6658351469603325
20260818-213354,1787088837971,0.6658351469603325
20260818-213354,1787088838073,0.6658351469603325
20260818-213354,1787088838175,0.6658351469603325
20260818-213354,1787088838277,0.6658351469603325
20260818-213354,1787088838379,0.6658351469603325
20260818-213354,1787088838481,0.6658351469603325
20260818-213354,1787088838583,0.6658351469603325
20260818-213354,1787088838467,0.6658351469603325
20260818-213354,1787088838685,0.6658351469603325
20260818-213354,1787088838787,0.6658351469603325
20260818-213354,1787088838889,0.6658351469603325
20260818-213354,1787088838991,0.6658351469603325
20260818-213354,1787088838855,0.6658351469603325
20260818-213354,1787088839093,0.6658351469603325
20260818-213354,1787088839195,0.6658351469603325
20260818-213354,1787088839062,0.6658351469603325
20260818-213354,1787088839297,0.6658351469603325
20260818-213354,1787088839399,0.6658351469603325
20260818-213354,1787088839501,0.6658351469603325
20260818-213354,1787088839603,0.6658351469603325
20260818-213354,1787088839705,0.6658351469603325
20260818-213354,1787088839807,0.6658351469603325
20260818-213354,1787088839909,-0.6658351469603325
20260818-213354,1787088840011,0.6658351469603325
20260818-213354,1787088840113,0.6658351469603325
20260818-213354,1787088840215,0.6658351469603325
20260818-213354,1787088840102,0.6658351469603325
20260818-213354,1787088840254,0.6658351469603325
20260818-213354,1787088840317,0.6658351469603325
20260818-213354,1787088840419,-0.6658351469603325
20260818-213354,1787088840310,0.6658351469603325
20260818-213354,1787088840521,0.6658351469603325
20260818-213354,1787088840623,0.6658351469603325
20260818-213354,1787088840725,0.6658351469603325
20260818-213354,1787088840589,0.6658351469603325
20260818-213354,1787088840827,0.6658351469603325
20260818-213354,1787088840733,0.6658351469603325
20260818-213354,1787088840929,0.6658351469603325
20260818-213354,1787088841031,0.6658351469603325
20260818-213354,1787088840964,0.6658351469603325
20260818-213354,1787088841133,0.6658351469603325
20260818-213354,1787088841235,0.6658351469603325
20260818-213354,1787088841337,0.6658351469603325
20260818-213354,1787088841439,0.6658351469603325
20260818-213354,1787088841541,0.6658351469603325
20260818-213354,1787088841643,0.6658351469603325
20260818-213354,1787088841745,0.6658351469603325
20260818-213354,1787088841847,0.6658351469603325
20260818-213354,1787088841949,0.6658351469603325
20260818-213354,1787088841858,0.6658351469603325
20260818-213354,1787088842051,-0.6658351469603325
20260818-213354,1787088842153,0.6658351469603325
20260818-213354,1787088842255,0.6658351469603325
20260818-213354,1787088842357,0.6658351469603325
20260818-213354,1787088842459,0.6658351469603325
20260818-213354,1787088842561,0.6658351469603325
20260818-213354,1787088842663,0.6658351469603325
20260818-213354,1787088842765,0.6658351469603325
20260818-213354,1787088842867,0.6658351469603325
20260818-213354,1787088842969,0.6658351469603325
20260818-213354,1787088842833,0.6658351469603325
20260818-213354,1787088843071,0.6658351469603325
20260818-213354,1787088843173,0.6658351469603325
20260818-213354,1787088843275,0.6658351469603325
20260818-213354,1787088843377,0.6658351469603325
20260818-213354,1787088843479,0.6658351469603325
20260818-213354,1787088843581,0.6658351469603325
20260818-213354,1787088843683,0.6658351469603325
20260818-213354,1787088843785,0.6658351469603325
20260818-213354,1787088843887,0.6658351469603325
20260818-213354,1787088843989,0.6658351469603325
20260818-213354,1787088844091,0.6658351469603325
20260818-213354,1787088844193,0.6658351469603325
20260818-213354,1787088844295,0.6658351469603325
20260818-213354,1787088844397,-0.6658351469603325
20260818-213354,1787088844499,0.6658351469603325
20260818-213354,1787088844601,0.6658351469603325
20260818-213354,1787088844703,0.6658351469603325
20260818-213354,1787088844805,0.6658351469603325
20260818-213354,1787088844907,0.6658351469603325
20260818-213354,1787088845009,0.6658351469603325
20260818-213354,1787088845111,0.6658351469603325
20260818-213354,1787088845213,0.6658351469603325
20260818-213354,1787088845315,-0.6658351469603325
20260818-213354,1787088845417,0.6658351469603325
20260818-213354,1787088845519,0.6658351469603325
20260818-213354,1787088845621,0.6658351469603325
20260818-213354,1787088845723,0.6658351469603325
20260818-213354,1787088845825,0.6658351469603325
20260818-213354,1787088845927,0.6658351469603325
20260818-213354,1787088846029,0.6658351469603325
20260818-213354,1787088846131,0.6658351469603325
20260818-213354,1787088846233,0.6658351469603325
20260818-213354,1787088846335,0.6658351469603325
20260818-213354,1787088846437,0.6658351469603325
20260818-213354,1787088846539,0.6658351469603325
20260818-213354,1787088846641,0.6658351469603325
20260818-213354,1787088846743,0.6658351469603325
20260818-213354,1787088846607,0.6658351469603325
20260818-213354,1787088846845,0.6658351469603325
20260818-213354,1787088846947,0.6658351469603325
20260818-213354,1787088847049,0.6658351469603325
20260818-213354,1787088847151,0.6658351469603325
20260818-213354,1787088847253,0.6658351469603325
20260818-213354,1787088847355,0.6658351469603325
20260818-213354,1787088847238,0.6658351469603325
20260818-213354,1787088847457,0.6658351469603325
20260818-213354,1787088847559,0.6658351469603325
20260818-213354,1787088847661,-0.6658351469603325
20260818-213354,1787088847763,0.6658351469603325
20260818-213354,1787088847865,0.6658351469603325
20260818-213354,1787088847751,0.6658351469603325
20260818-213354,1787088847967,0.6658351469603325
20260818-213354,1787088848069,0.6658351469603325
20260818-213354,1787088848171,0.6658351469603325
20260818-213354,1787088848273,0.6658351469603325
20260818-213354,1787088848375,0.6658351469603325
20260818-213354,1787088862084,0.2012989979185545
20260818-213354,1787088862086,0.2012989979185545
20260818-213354,1787088862086,0.2012989979185545
20260818-213354,1787088862086,0.2012989979185545
20260818-213354,1787088862086,-0.2012989979185545
20260818-213354,1787088862088,0.2012989979185545
20260818-213354,1787088862095,0.2012989979185545
20260818-213354,1787088862095,0.2012989979185545
20260818-213354,1787088862095,0.2012989979185545
20260818-213354,1787088862095,0.2012989979185545
20260818-213354,1787088862095,0.2012989979185545
20260818-213354,1787088862095,0.2012989979185545
20260818-213354,1787088862095,0.2012989979185545
20260818-213354,1787088862095,0.2012989979185545
20260818-213354,1787088862096,0.2012989979185545
20260818-213354,1787088862096,0.2012989979185545
20260818-213354,1787088862096,0.2012989979185545
20260818-213354,1787088862096,0.2012989979185545
20260818-213354,1787088862096,0.2012989979185545
20260818-213354,1787088862096,0.2012989979185545
20260818-213354,1787088862096,-0.2012989979185545
20260818-213354,1787088862096,0.2012989979185545
20260818-213354,1787088862096,0.2012989979185545
20260818-213354,1787088862096,0.2012989979185545
20260818-213354,1787088862097,0.2012989979185545
20260818-213354,1787088862097,0.2012989979185545
20260818-213354,1787088862097,0.2012989979185545
20260818-213354,1787088862097,0.2012989979185545
20260818-213354,1787088862097,0.2012989979185545
20260818-213354,1787088862097,0.2012989979185545
20260818-213354,1787088862097,0.2012989979185545
20260818-213354,1787088862097,0.2012989979185545
20260818-213354,1787088862097,0.2012989979185545
20260818-213354,1787088862097,0.2012989979185545
20260818-213354,1787088862097,0.2012989979185545
20260818-213354,1787088862102,0.2012989979185545
20260818-213354,1787088862145,-0.4645670815508798
20260818-213354,1787088862247,0.4645670815508798
20260818-213354,1787088862349,-0.4645670815508798
20260818-213354,1787088862204,-0.4645670815508798
20260818-213354,1787088862451,-0.4645670815508798
20260818-213354,1787088862370,-0.4645670815508798
20260818-213354,1787088862553,-0.4645670815508798
20260818-213354,1787088862655,-0.4645670815508798
20260818-213354,1787088862590,-0.4645670815508798
20260818-213354,1787088862757,-0.4645670815508798
20260818-213354,1787088862859,-0.4645670815508798
20260818-213354,1787088862961,-0.4645670815508798
20260818-213354,1787088863063,0.4645670815508798
20260818-213354,1787088863165,-0.4645670815508798
20260818-213354,1787088863267,-0.4645670815508798
20260818-213354,1787088863369,-0.4645670815508798
20260818-213354,1787088863257,-0.4645670815508798
20260818-213354,1787088863471,-0.4645670815508798
20260818-213354,1787088863573,-0.4645670815508798
20260818-213354,1787088863675,-0.4645670815508798
20260818-213354,1787088863777,-0.4645670815508798
20260818-213354,1787088863879,-0.4645670815508798
20260818-213354,1787088863981,-0.4645670815508798
20260818-213354,1787088863919,-0.4645670815508798
20260818-213354,1787088864083,-0.4645670815508798
20260818-213354,1787088864185,-0.4645670815508798
20260818-213354,1787088864287,-0.4645670815508798
20260818-213354,1787088864232,-0.4645670815508798
20260818-213354,1787088864389,-0.4645670815508798
20260818-213354,1787088864491,-0.4645670815508798
20260818-213354,1787088864593,-0.4645670815508798
20260818-213354,1787088864470,-0.4645670815508798
20260818-213354,1787088864695,-0.4645670815508798
20260818-213354,1787088864797,-0.4645670815508798
20260818-213354,1787088864899,-0.4645670815508798
20260818-213354,1787088865001,-0.4645670815508798
20260818-213354,1787088865103,-0.4645670815508798
20260818-213354,1787088865205,-0.4645670815508798
20260818-213354,1787088865307,-0.4645670815508798
20260818-213354,1787088865409,-0.4645670815508798
20260818-213354,1787088865511,-0.4645670815508798
20260818-213354,1787088865613,-0.4645670815508798
20260818-213354,1787088865715,-0.4645670815508798
20260818-213354,1787088865817,-0.4645670815508798
20260818-213354,1787088865919,-0.4645670815508798
20260818-213354,1787088866021,-0.4645670815508798
20260818-213354,1787088865919,-0.4645670815508798
20260818-213354,1787088866123,-0.4645670815508798
20260818-213354,1787088866225,-0.4645670815508798
20260818-213354,1787088866327,-0.4645670815508798
20260818-213354,1787088866429,-0.4645670815508798
20260818-213354,1787088866531,0.4645670815508798
20260818-213354,1787088866633,-0.4645670815508798
20260818-213354,1787088866735,-0.4645670815508798
20260818-213354,1787088866837,-0.4645670815508798
20260818-213354,1787088866772,-0.4645670815508798
20260818-213354,1787088866939,-0.4645670815508798
20260818-213354,1787088867041,-0.4645670815508798
20260818-213354,1787088867143,-0.4645670815508798
20260818-213354,1787088867245,-0.4645670815508798
20260818-213354,1787088867347,-0.4645670815508798
20260818-213354,1787088867449,-0.4645670815508798
20260818-213354,1787088867551,-0.4645670815508798
20260818-213354,1787088867653,-0.4645670815508798
20260818-213354,1787088867755,-0.4645670815508798
20260818-213354,1787088867857,-0.4645670815508798
20260818-213354,1787088867959,-0.4645670815508798
20260818-213354,1787088868061,-0.4645670815508798
20260818-213354,1787088868163,0.4645670815508798
20260818-213354,1787088868265,-0.4645670815508798
20260818-213354,1787088868367,-0.4645670815508798
20260818-213354,1787088868254,-0.4645670815508798
20260818-213354,1787088868469,-0.4645670815508798
20260818-213354,1787088868571,-0.4645670815508798
20260818-213354,1787088868673,0.4645670815508798
20260818-213354,1787088868775,-0.4645670815508798
20260818-213354,1787088868673,-0.4645670815508798
20260818-213354,1787088868877,-0.4645670815508798
20260818-213354,1787088868979,-0.4645670815508798
20260818-213354,1787088869081,-0.4645670815508798
20260818-213354,1787088869183,-0.4645670815508798
20260818-213354,1787088869285,-0.4645670815508798
20260818-213354,1787088869387,-0.4645670815508798
20260818-213354,1787088869320,-0.4645670815508798
20260818-213354,1787088869489,-0.4645670815508798
20260818-213354,1787088869591,-0.4645670815508798
20260818-213354,1787088869693,-0.4645670815508798
20260818-213354,1787088869795,-0.4645670815508798
20260818-213354,1787088869897,-0.4645670815508798
20260818-213354,1787088869999,-0.4645670815508798
20260818-213354,1787088870101,-0.4645670815508798
20260818-213354,1787088870203,-0.4645670815508798
20260818-213354,1787088870305,-0.4645670815508798
20260818-213354,1787088870407,-0.4645670815508798
20260818-213354,1787088870509,-0.4645670815508798
20260818-213354,1787088870611,-0.4645670815508798
20260818-213354,1787088870713,-0.4645670815508798
20260818-213354,1787088870815,-0.4645670815508798
20260818-213354,1787088870694,-0.4645670815508798
20260818-213354,1787088870917,-0.4645670815508798
20260818-213354,1787088871019,-0.4645670815508798
20260818-213354,1787088871121,-0.4645670815508798
20260818-213354,1787088871223,-0.4645670815508798
20260818-213354,1787088871325,-0.4645670815508798
20260818-213354,1787088871427,-0.4645670815508798
20260818-213354,1787088871529,-0.4645670815508798
20260818-213354,1787088871631,-0.4645670815508798
20260818-213354,1787088871733,-0.4645670815508798
20260818-213354,1787088871835,-0.4645670815508798
20260818-213354,1787088871937,-0.4645670815508798
20260818-213354,1787088872039,-0.4645670815508798
20260818-213354,1787088872141,-0.4645670815508798
20260818-213354,1787088872243,-0.4645670815508798
20260818-213354,1787088872345,-0.4645670815508798
20260818-213354,1787088872447,-0.4645670815508798
20260818-213354,1787088872549,-0.4645670815508798
20260818-213354,1787088872651,-0.4645670815508798
20260818-213354,1787088872753,-0.4645670815508798
20260818-213354,1787088872855,-0.4645670815508798
20260818-213354,1787088872957,-0.4645670815508798
20260818-213354,1787088873059,-0.4645670815508798
20260818-213354,1787088873161,-0.4645670815508798
20260818-213354,1787088873263,-0.4645670815508798
20260818-213354,1787088873365,-0.4645670815508798
20260818-213354,1787088873467,-0.4645670815508798
20260818-213354,1787088873515,-0.4645670815508798
20260818-213354,1787088873569,-0.4645670815508798
20260818-213354,1787088873671,-0.4645670815508798
20260818-213354,1787088873529,-0.4645670815508798
20260818-213354,1787088873773,-0.4645670815508798
20260818-213354,1787088873875,-0.4645670815508798
20260818-213354,1787088873977,-0.4645670815508798
20260818-213354,1787088873894,-0.4645670815508798
20260818-213354,1787088874079,-0.4645670815508798
20260818-213354,1787088874181,-0.4645670815508798
20260818-213354,1787088874283,-0.4645670815508798
20260818-213354,1787088874230,-0.4645670815508798
20260818-213354,1787088874385,-0.4645670815508798
20260818-213354,1787088874487,-0.4645670815508798
20260818-213354,1787088874589,-0.4645670815508798
20260818-213354,1787088874691,-0.4645670815508798
20260818-213354,1787088874588,-0.4645670815508798
20260818-213354,1787088874793,-0.4645670815508798
20260818-213354,1787088874895,-0.4645670815508798
20260818-213354,1787088874997,-0.4645670815508798
20260818-213354,1787088875099,-0.4645670815508798
20260818-213354,1787088875201,-0.4645670815508798
20260818-213354,1787088875303,-0.4645670815508798
20260818-213354,1787088875405,-0.4645670815508798
20260818-213354,1787088875507,0.4645670815508798
20260818-213354,1787088875609,-0.4645670815508798
20260818-213354,1787088875711,-0.4645670815508798
20260818-213354,1787088875813,-0.4645670815508798
20260818-213354,1787088875915,0.4645670815508798
20260818-213354,1787088876017,-0.4645670815508798
20260818-213354,1787088875868,-0.4645670815508798
20260818-213354,1787088876119,-0.4645670815508798
20260818-213354,1787088876221,-0.4645670815508798
20260818-213354,1787088876323,-0.4645670815508798
20260818-213354,1787088876425,-0.4645670815508798
20260818-213354,1787088876527,-0.4645670815508798
20260818-213354,1787088876629,-0.4645670815508798
20260818-213354,1787088876731,-0.4645670815508798
20260818-213354,1787088876833,-0.4645670815508798
20260818-213354,1787088876935,-0.4645670815508798
20260818-213354,1787088877037,-0.4645670815508798
20260818-213354,1787088877139,-0.4645670815508798
20260818-213354,1787088877241,-0.4645670815508798
20260818-213354,1787088877151,-0.4645670815508798
20260818-213354,1787088877343,-0.4645670815508798
20260818-213354,1787088877445,-0.4645670815508798
20260818-213354,1787088880199,-0.4645670815508798
20260818-213354,1787088880301,-0.4645670815508798
20260818-213354,1787088880403,-0.4645670815508798
20260818-213354,1787088880505,-0.4645670815508798
20260818-213354,1787088880607,-0.4645670815508798
20260818-213354,1787088880709,-0.4645670815508798
20260818-213354,1787088880811,-0.4645670815508798
20260818-213354,1787088880913,-0.4645670815508798
20260818-213354,1787088881015,-0.4645670815508798
20260818-213354,1787088881117,-0.4645670815508798
20260818-213354,1787088881219,-0.4645670815508798
20260818-213354,1787088881321,-0.4645670815508798
20260818-213354,1787088881423,-0.4645670815508798
20260818-213354,1787088881525,-0.4645670815508798
20260818-213354,1787088881627,-0.4645670815508798
20260818-213354,1787088881729,-0.4645670815508798
20260818-213354,1787088881831,-0.4645670815508798
20260818-213354,1787088881933,-0.4645670815508798
20260818-213354,1787088882035,-0.4645670815508798
20260818-213354,1787088882137,-0.4645670815508798
20260818-213354,1787088882239,-0.4645670815508798
20260818-213354,1787088882341,-0.4645670815508798
20260818-213354,1787088882443,-0.4645670815508798
20260818-213354,1787088882545,-0.4645670815508798
20260818-213354,1787088882647,-0.4645670815508798
20260818-213354,1787088882749,-0.4645670815508798
20260818-213354,1787088882851,-0.4645670815508798
20260818-213354,1787088882953,-0.4645670815508798
20260818-213354,1787088883055,-0.4645670815508798
20260818-213354,1787088883157,-0.4645670815508798
20260818-213354,1787088883259,-0.4645670815508798
20260818-213354,1787088883361,-0.4645670815508798
20260818-213354,1787088883463,-0.4645670815508798
20260818-213354,1787088883565,-0.4645670815508798
20260818-213354,1787088883667,-0.4645670815508798
20260818-213354,1787088883769,-0.4645670815508798
20260818-213354,1787088883871,-0.4645670815508798
20260818-213354,1787088883973,-0.4645670815508798
20260818-213354,1787088884075,-0.4645670815508798
20260818-213354,1787088884177,-0.4645670815508798
20260818-213354,1787088884038,0.4645670815508798
20260818-213354,1787088884279,-0.4645670815508798
20260818-213354,1787088884381,-0.4645670815508798
20260818-213354,1787088884483,-0.4645670815508798
20260818-213354,1787088884585,-0.4645670815508798
20260818-213354,1787088884687,-0.4645670815508798
20260818-213354,1787088884620,-0.4645670815508798
20260818-213354,1787088884789,0.4645670815508798
20260818-213354,1787088884891,-0.4645670815508798
20260818-213354,1787088884838,-0.4645670815508798
20260818-213354,1787088884993,-0.4645670815508798
20260818-213354,1787088885095,-0.4645670815508798
20260818-213354,1787088885197,-0.4645670815508798
20260818-213354,1787088885299,-0.4645670815508798
20260818-213354,1787088885401,-0.4645670815508798
20260818-213354,1787088885503,-0.4645670815508798
20260818-213354,1787088885419,-0.4645670815508798
20260818-213354,1787088885605,-0.4645670815508798
20260818-213354,1787088885707,-0.4645670815508798
20260818-213354,1787088885809,-0.4645670815508798
20260818-213354,1787088885911,-0.4645670815508798
20260818-213354,1787088886013,0.4645670815508798
20260818-213354,1787088886115,-0.4645670815508798
20260818-213354,1787088886217,-0.4645670815508798
20260818-213354,1787088886319,-0.4645670815508798
20260818-213354,1787088886421,-0.4645670815508798
20260818-213354,1787088886328,-0.4645670815508798
20260818-213354,1787088886523,-0.4645670815508798
20260818-213354,1787088886625,-0.4645670815508798
20260818-213354,1787088886727,-0.4645670815508798
20260818-213354,1787088886829,-0.4645670815508798
20260818-213354,1787088886931,-0.4645670815508798
20260818-213354,1787088887033,-0.4645670815508798
20260818-213354,1787088887135,-0.4645670815508798
20260818-213354,1787088887237,-0.4645670815508798
20260818-213354,1787088887339,-0.4645670815508798
20260818-213354,1787088887441,-0.4645670815508798
20260818-213354,1787088887543,-0.4645670815508798
20260818-213354,1787088887645,-0.4645670815508798
20260818-213354,1787088887747,-0.4645670815508798
20260818-213354,1787088887849,-0.4645670815508798
20260818-213354,1787088887951,-0.4645670815508798
20260818-213354,1787088888053,-0.4645670815508798
20260818-213354,1787088888155,-0.4645670815508798
20260818-213354,1787088888257,-0.4645670815508798
20260818-213354,1787088888359,-0.4645670815508798
20260818-213354,1787088888461,-0.4645670815508798
20260818-213354,1787088888563,-0.4645670815508798
20260818-213354,1787088888665,-0.4645670815508798
20260818-213354,1787088888548,-0.4645670815508798
20260818-213354,1787088888767,-0.4645670815508798
20260818-213354,1787088888869,-0.4645670815508798
20260818-213354,1787088888971,-0.4645670815508798
20260818-213354,1787088889073,-0.4645670815508798
20260818-213354,1787088889175,-0.4645670815508798
20260818-213354,1787088889043,-0.4645670815508798
20260818-213354,1787088889277,-0.4645670815508798
20260818-213354,1787088889379,-0.4645670815508798
20260818-213354,1787088889481,-0.4645670815508798
20260818-213354,1787088889583,-0.4645670815508798
20260818-213354,1787088889525,-0.4645670815508798
20260818-213354,1787088889685,-0.4645670815508798
20260818-213354,1787088889787,-0.4645670815508798
20260818-213354,1787088889889,-0.4645670815508798
20260818-213354,1787088889991,-0.4645670815508798
20260818-213354,1787088890093,-0.4645670815508798
20260818-213354,1787088890195,-0.4645670815508798
20260818-213354,1787088890297,-0.4645670815508798
20260818-213354,1787088890399,-0.4645670815508798
20260818-213354,1787088890501,-0.4645670815508798
20260818-213354,1787088890603,-0.4645670815508798
20260818-213354,1787088890705,-0.4645670815508798
20260818-213354,1787088890807,-0.4645670815508798
20260818-213354,1787088890909,-0.4645670815508798
20260818-213354,1787088890771,-0.4645670815508798
20260818-213354,1787088891011,-0.4645670815508798
20260818-213354,1787088891113,-0.4645670815508798
20260818-213354,1787088891012,-0.4645670815508798
20260818-213354,1787088891215,-0.4645670815508798
20260818-213354,1787088891317,-0.4645670815508798
20260818-213354,1787088891419,-0.4645670815508798
20260818-213354,1787088891521,0.4645670815508798
20260818-213354,1787088891623,-0.4645670815508798
20260818-213354,1787088891725,-0.4645670815508798
20260818-213354,1787088891827,-0.4645670815508798
20260818-213354,1787088891929,-0.4645670815508798
20260818-213354,1787088892031,-0.4645670815508798
20260818-213354,1787088892133,-0.4645670815508798
20260818-213354,1787088892235,0.4645670815508798
20260818-213354,1787088892337,-0.4645670815508798
20260818-213354,1787088892220,-0.4645670815508798
20260818-213354,1787088892439,-0.4645670815508798
20260818-213354,1787088892541,-0.4645670815508798
20260818-213354,1787088892643,-0.4645670815508798
20260818-213354,1787088892745,-0.4645670815508798
20260818-213354,1787088892847,-0.4645670815508798
20260818-213354,1787088892949,-0.4645670815508798
20260818-213354,1787088892802,-0.4645670815508798
20260818-213354,1787088894275,-0.4645670815508798
20260818-213354,1787088894377,-0.4645670815508798
20260818-213354,1787088894226,-0.4645670815508798
20260818-213354,1787088894479,-0.4645670815508798
20260818-213354,1787088894581,-0.4645670815508798
20260818-213354,1787088894683,-0.4645670815508798
20260818-213354,1787088894785,-0.4645670815508798
20260818-213354,1787088894887,-0.4645670815508798
20260818-213354,1787088894989,-0.4645670815508798
20260818-213354,1787088895091,-0.4645670815508798
20260818-213354,1787088895055,-0.4645670815508798
20260818-213354,1787088895193,-0.4645670815508798
20260818-213354,1787088895132,-0.4645670815508798
20260818-213354,1787088895295,-0.4645670815508798
20260818-213354,1787088895397,-0.4645670815508798
20260818-213354,1787088895499,-0.4645670815508798
20260818-213354,1787088895601,-0.4645670815508798
20260818-213354,1787088895703,-0.4645670815508798
20260818-213354,1787088895805,-0.4645670815508798
20260818-213354,1787088895907,-0.4645670815508798
20260818-213354,1787088895814,-0.4645670815508798
20260818-213354,1787088896009,-0.4645670815508798
20260818-213354,1787088896111,-0.4645670815508798
20260818-213354,1787088896213,-0.4645670815508798
20260818-213354,1787088896118,-0.4645670815508798
20260818-213354,1787088896315,-0.4645670815508798
20260818-213354,1787088896417,-0.4645670815508798
20260818-213354,1787088896293,-0.4645670815508798
20260818-213354,1787088896519,-0.4645670815508798
20260818-213354,1787088896621,-0.4645670815508798
20260818-213354,1787088896723,-0.4645670815508798
20260818-213354,1787088896825,-0.4645670815508798
20260818-213354,1787088896927,-0.4645670815508798
20260818-213354,1787088897029,-0.4645670815508798
20260818-213354,1787088897131,-0.4645670815508798
20260818-213354,1787088897233,-0.4645670815508798
20260818-213354,1787088897335,-0.4645670815508798
20260818-213354,1787088897437,-0.4645670815508798
20260818-213354,1787088897539,-0.4645670815508798
20260818-213354,1787088897641,-0.4645670815508798
20260818-213354,1787088897743,-0.4645670815508798
20260818-213354,1787088897607,-0.4645670815508798
20260818-213354,1787088897845,-0.4645670815508798
20260818-213354,1787088897947,-0.4645670815508798
20260818-213354,1787088897814,-0.4645670815508798
20260818-213354,1787088898049,-0.4645670815508798
20260818-213354,1787088898151,-0.4645670815508798
20260818-213354,1787088898253,-0.4645670815508798
20260818-213354,1787088898355,-0.4645670815508798
20260818-213354,1787088898457,-0.4645670815508798
20260818-213354,1787088898559,-0.4645670815508798
20260818-213354,1787088898661,-0.4645670815508798
20260818-213354,1787088898568,-0.4645670815508798
20260818-213354,1787088898763,-0.4645670815508798
20260818-213354,1787088898865,-0.4645670815508798
20260818-213354,1787088898967,-0.4645670815508798
20260818-213354,1787088899069,-0.4645670815508798
20260818-213354,1787088899171,-0.4645670815508798
20260818-213354,1787088899273,-0.4645670815508798
20260818-213354,1787088899375,-0.4645670815508798
20260818-213354,1787088899477,-0.4645670815508798
20260818-213354,1787088899335,-0.4645670815508798
20260818-213354,1787088899579,-0.4645670815508798
20260818-213354,1787088899681,-0.4645670815508798
20260818-213354,1787088899783,-0.4645670815508798
20260818-213354,1787088899885,-0.4645670815508798
20260818-213354,1787088899832,-0.4645670815508798
20260818-213354,1787088899987,-0.4645670815508798
20260818-213354,1787088900089,-0.4645670815508798
20260818-213354,1787088900191,-0.4645670815508798
20260818-213354,1787088900293,-0.4645670815508798
20260818-213354,1787088900220,-0.4645670815508798
20260818-213354,1787088900395,-0.4645670815508798
20260818-213354,1787088900497,-0.4645670815508798
20260818-213354,1787088900599,-0.4645670815508798
20260818-213354,1787088900701,-0.4645670815508798
20260818-213354,1787088900803,-0.4645670815508798
20260818-213354,1787088900905,-0.4645670815508798
20260818-213354,1787088901007,-0.4645670815508798
20260818-213354,1787088901109,-0.4645670815508798
20260818-213354,1787088901211,-0.4645670815508798
20260818-213354,1787088901313,0.4645670815508798
20260818-213354,1787088901207,-0.4645670815508798
20260818-213354,1787088901415,-0.4645670815508798
20260818-213354,1787088901517,-0.4645670815508798
20260818-213354,1787088901619,-0.4645670815508798
20260818-213354,1787088901721,-0.4645670815508798
20260818-213354,1787088901823,-0.4645670815508798
20260818-213354,1787088901925,-0.4645670815508798
20260818-213354,1787088902027,-0.4645670815508798
20260818-213354,1787088902129,-0.4645670815508798
20260818-213354,1787088902231,-0.4645670815508798
20260818-213354,1787088902333,-0.4645670815508798
20260818-213354,1787088902435,-0.4645670815508798
20260818-213354,1787088902537,-0.4645670815508798
20260818-213354,1787088902409,-0.4645670815508798
20260818-213354,1787088902639,-0.4645670815508798
20260818-213354,1787088902741,-0.4645670815508798
20260818-213354,1787088902843,-0.4645670815508798
20260818-213354,1787088902945,-0.4645670815508798
20260818-213354,1787088903047,-0.4645670815508798
20260818-213354,1787088903149,-0.4645670815508798
20260818-213354,1787088903251,-0.4645670815508798
20260818-213354,1787088903353,-0.4645670815508798
20260818-213354,1787088903455,-0.4645670815508798
20260818-213354,1787088903557,-0.4645670815508798
20260818-213354,1787088903659,-0.4645670815508798
20260818-213354,1787088903761,-0.4645670815508798
20260818-213354,1787088903863,-0.4645670815508798
20260818-213354,1787088903965,-0.4645670815508798
20260818-213354,1787088904067,-0.4645670815508798
20260818-213354,1787088904169,-0.4645670815508798
20260818-213354,1787088904095,-0.4645670815508798
20260818-213354,1787088904271,-0.4645670815508798
20260818-213354,1787088904373,-0.4645670815508798
20260818-213354,1787088904577,-0.4645670815508798
20260818-213354,1787088904446,-0.4645670815508798
20260818-213354,1787088904679,-0.4645670815508798
20260818-213354,1787088904781,-0.4645670815508798
20260818-213354,1787088904883,-0.4645670815508798
20260818-213354,1787088904736,-0.4645670815508798
20260818-213354,1787088904985,-0.4645670815508798
20260818-213354,1787088905087,0.4645670815508798
20260818-213354,1787088905189,-0.4645670815508798
20260818-213354,1787088905291,-0.4645670815508798
20260818-213354,1787088905393,-0.4645670815508798
20260818-213354,1787088905495,-0.4645670815508798
20260818-213354,1787088905597,-0.4645670815508798
20260818-213354,1787088905699,-0.4645670815508798
20260818-213354,1787088905801,-0.4645670815508798
20260818-213354,1787088905903,-0.4645670815508798
20260818-213354,1787088906005,-0.4645670815508798
20260818-213354,1787088906107,-0.4645670815508798
20260818-213354,1787088906029,-0.4645670815508798
20260818-213354,1787088906209,-0.4645670815508798
20260818-213354,1787088906311,-0.4645670815508798
20260818-213354,1787088906218,-0.4645670815508798
20260818-213354,1787088906413,-0.4645670815508798
20260818-213354,1787088906515,-0.4645670815508798
20260818-213354,1787088906617,-0.4645670815508798
20260818-213354,1787088906719,-0.4645670815508798
20260818-213354,1787088906821,-0.4645670815508798
20260818-213354,1787088906923,-0.4645670815508798
20260818-213354,1787088907025,-0.4645670815508798
20260818-213354,1787088907127,-0.4645670815508798
20260818-213354,1787088907229,-0.4645670815508798
20260818-213354,1787088907331,-0.4645670815508798
20260818-213354,1787088907433,-0.4645670815508798
20260818-213354,1787088907535,-0.4645670815508798
20260818-213354,1787088907637,-0.4645670815508798
20260818-213354,1787088907739,-0.4645670815508798
20260818-213354,1787088907841,-0.4645670815508798
20260818-213354,1787088907943,-0.4645670815508798
20260818-213354,1787088908045,-0.4645670815508798
20260818-213354,1787088908147,-0.4645670815508798
20260818-213354,1787088908249,-0.4645670815508798
20260818-213354,1787088908351,-0.4645670815508798
20260818-213354,1787088908453,-0.4645670815508798
20260818-213354,1787088908555,-0.4645670815508798
20260818-213354,1787088908438,-0.4645670815508798
20260818-213354,1787088908657,-0.4645670815508798
20260818-213354,1787088908759,-0.4645670815508798
20260818-213354,1787088908861,-0.4645670815508798
20260818-213354,1787088908963,-0.4645670815508798
20260818-213354,1787088909065,-0.4645670815508798
20260818-213354,1787088909135,-0.4645670815508798
20260818-213354,1787088909167,-0.4645670815508798
20260818-213354,1787088909269,-0.4645670815508798
20260818-213354,1787088909155,-0.4645670815508798
20260818-213354,1787088909371,0.4645670815508798
20260818-213354,1787088909272,-0.4645670815508798
20260818-213354,1787088909473,-0.4645670815508798
20260818-213354,1787088914981,-0.4645670815508798
20260818-213354,1787088914990,-0.4645670815508798
20260818-213354,1787088915002,-0.4645670815508798
20260818-213354,1787088915003,-0.4645670815508798
20260818-213354,1787088915003,-0.4645670815508798
20260818-213354,1787088915003,-0.4645670815508798
20260818-213354,1787088915003,-0.4645670815508798
20260818-213354,1787088915134,-0.3251924248756442
20260818-213354,1787088915134,-0.3251924248756442
20260818-213354,1787088915134,-0.3251924248756442
20260818-213354,1787088915134,-0.3251924248756442
20260818-213354,1787088915134,0.3251924248756442
20260818-213354,1787088915134,-0.3251924248756442
20260818-213354,1787088915134,-0.3251924248756442
20260818-213354,1787088915134,-0.3251924248756442
20260818-213354,1787088915134,-0.3251924248756442
20260818-213354,1787088915134,-0.3251924248756442
20260818-213354,1787088915134,-0.3251924248756442
20260818-213354,1787088915134,-0.3251924248756442
20260818-213354,1787088915134,-0.3251924248756442
20260818-213354,1787088915083,-0.3251924248756442
20260818-213354,1787088915134,-0.3251924248756442
20260818-213354,1787088915287,-0.0
20260818-213354,1787088915167,-0.0
20260818-213354,1787088915389,0.0
20260818-213354,1787088915491,-0.0
20260818-213354,1787088915593,-0.0
20260818-213354,1787088935075,-0.0
20260818-213354,1787088935177,-0.0
20260818-213354,1787088935279,-0.0
20260818-213354,1787088935381,-0.0
20260818-213354,1787088935483,-0.0
20260818-213354,1787088935585,-0.0
20260818-213354,1787088935687,-0.0
20260818-213354,1787088935578,-0.0
20260818-213354,1787088935789,-0.0
20260818-213354,1787088935891,-0.0
20260818-213354,1787088935827,-0.0
20260818-213354,1787088935993,-0.0
20260818-213354,1787088935888,-0.0
20260818-213354,1787088936095,-0.0
20260818-213354,1787088936197,-0.0
20260818-213354,1787088936299,-0.0
20260818-213354,1787088936401,-0.0
20260818-213354,1787088936809,-0.0
20260818-213354,1787088937013,-0.0
20260818-213354,1787088936906,-0.0
20260818-213354,1787088937115,-0.0
20260818-213354,1787088937217,-0.0
20260818-213354,1787088937319,-0.0
20260818-213354,1787088937421,-0.0
20260818-213354,1787088937523,-0.0
20260818-213354,1787088937625,-0.0
20260818-213354,1787088937727,0.0
20260818-213354,1787088937829,-0.0
20260818-213354,1787088937931,-0.0
20260818-213354,1787088938033,-0.0
20260818-213354,1787088938135,-0.0
20260818-213655,1787089016675,0.4955152003154403
20260818-213655,1787089016728,0.4955152003154403
20260818-213655,1787089016981,0.4955152003154403
20260818-213655,1787089017083,0.4955152003154403
20260818-213655,1787089017185,0.4955152003154403
20260818-213655,1787089017287,0.4955152003154403
20260818-213655,1787089017389,0.4955152003154403
20260818-213655,1787089017491,0.4955152003154403
20260818-213655,1787089017593,0.4955152003154403
20260818-213655,1787089017695,0.4955152003154403
20260818-213655,1787089017797,0.4955152003154403
20260818-213655,1787089017692,0.4955152003154403
20260818-213655,1787089017899,0.4955152003154403
20260818-213655,1787089018001,0.4955152003154403
20260818-213655,1787089018103,0.4955152003154403
20260818-213655,1787089018205,0.4955152003154403
20260818-213655,1787089018307,0.4955152003154403
20260818-213655,1787089018409,0.4955152003154403
20260818-213655,1787089018511,0.4955152003154403
20260818-213655,1787089018613,0.4955152003154403
20260818-213655,1787089018715,0.4955152003154403
20260818-213655,1787089018817,0.4955152003154403
20260818-213655,1787089018919,0.4955152003154403
20260818-213655,1787089019021,0.4955152003154403
20260818-213655,1787089019123,0.4955152003154403
20260818-213655,1787089019225,0.4955152003154403
20260818-213655,1787089019327,0.4955152003154403
20260818-213655,1787089019429,0.4955152003154403
20260818-213655,1787089019531,0.4955152003154403
20260818-213655,1787089019633,0.4955152003154403
20260818-213655,1787089019735,0.4955152003154403
20260818-213655,1787089019837,0.4955152003154403
20260818-213655,1787089019939,0.4955152003154403
20260818-213655,1787089020041,0.4955152003154403
20260818-213655,1787089019953,0.4955152003154403
20260818-213655,1787089020143,0.4955152003154403
20260818-213655,1787089020245,0.4955152003154403
20260818-213655,1787089020347,0.4955152003154403
20260818-213655,1787089020449,0.4955152003154403
20260818-213655,1787089020551,0.4955152003154403
20260818-213655,1787089020653,0.4955152003154403
20260818-213655,1787089020755,0.4955152003154403
20260818-213655,1787089020959,1.0220001006524264
20260818-213655,1787089021061,1.347181950858378
20260818-213655,1787089021163,1.347181950858378
20260818-213655,1787089021021,1.0220001006524264
20260818-213655,1787089021265,1.997545651272534
20260818-213655,1787089021367,2.771788151766114
20260818-213655,1787089021469,2.771788151766114
20260818-213655,1787089021571,2.771788151766114
20260818-213655,1787089021775,2.771788151766114
20260818-213655,1787089021877,2.771788151766114
20260818-213655,1787089021979,2.771788151766114
20260818-213655,1787089022081,2.771788151766114
20260818-213655,1787089022183,2.771788151766114
20260818-213655,1787089022489,2.771788151766114
20260818-213655,1787089022591,2.771788151766114
20260818-213655,1787089022693,2.771788151766114
20260818-213655,1787089022795,2.771788151766114
20260818-213655,1787089022999,2.771788151766114
20260818-213655,1787089028507,2.771788151766114
20260818-213655,1787089028609,2.771788151766114
20260818-213655,1787089028711,2.771788151766114
20260818-213655,1787089028813,2.771788151766114
20260818-213655,1787089028915,2.771788151766114
20260818-213655,1787089029017,2.771788151766114
20260818-213655,1787089029119,2.771788151766114
20260818-213655,1787089029221,2.771788151766114
20260818-213655,1787089029323,2.771788151766114
20260818-213655,1787089029425,2.771788151766114
20260818-213655,1787089029527,2.771788151766114
20260818-213655,1787089029629,2.771788151766114
20260818-213655,1787089029731,2.771788151766114
20260818-213655,1787089029833,2.771788151766114
20260818-213655,1787089029935,2.771788151766114
20260818-213655,1787089030037,2.771788151766114
20260818-213655,1787089030139,2.771788151766114
20260818-213655,1787089030241,2.771788151766114
20260818-213655,1787089030343,2.771788151766114
20260818-213655,1787089030445,2.771788151766114
20260818-213655,1787089030547,2.771788151766114
20260818-213655,1787089030649,2.771788151766114
20260818-213655,1787089030751,2.771788151766114
20260818-213655,1787089030853,2.771788151766114
20260818-213655,1787089030955,2.771788151766114
20260818-213655,1787089031057,2.771788151766114
20260818-213655,1787089031159,2.771788151766114
20260818-213655,1787089031261,2.771788151766114
20260818-213655,1787089031363,2.771788151766114
20260818-213655,1787089031465,2.771788151766114
20260818-213655,1787089031567,2.771788151766114
20260818-213655,1787089035035,2.771788151766114
20260818-213655,1787089035072,2.771788151766114
20260818-213655,1787089035137,2.771788151766114
20260818-213655,1787089035239,2.771788151766114
20260818-213655,1787089035094,2.771788151766114
20260818-213655,1787089035341,2.771788151766114
20260818-213655,1787089035443,2.771788151766114
20260818-213655,1787089035545,2.771788151766114
20260818-213655,1787089035647,2.771788151766114
20260818-213655,1787089035749,2.771788151766114
20260818-213655,1787089035851,2.771788151766114
20260818-213655,1787089035794,2.771788151766114
20260818-213655,1787089035953,2.771788151766114
20260818-213655,1787089036055,2.771788151766114
20260818-213655,1787089036157,2.771788151766114
20260818-213655,1787089036259,2.771788151766114
20260818-213655,1787089036155,2.771788151766114
20260818-213655,1787089036361,2.771788151766114
20260818-213655,1787089036463,2.771788151766114
20260818-213655,1787089036565,2.771788151766114
20260818-213655,1787089036494,2.771788151766114
20260818-213655,1787089036667,2.771788151766114
20260818-213655,1787089036769,2.771788151766114
20260818-213655,1787089036656,2.771788151766114
20260818-213655,1787089036871,2.771788151766114
20260818-213655,1787089036973,2.771788151766114
20260818-213655,1787089037075,2.771788151766114
20260818-213655,1787089037177,2.771788151766114
20260818-213655,1787089037279,2.771788151766114
20260818-213655,1787089037198,2.771788151766114
20260818-213655,1787089037381,2.771788151766114
20260818-213655,1787089037483,2.771788151766114
20260818-213655,1787089037585,2.771788151766114
20260818-213655,1787089037687,2.771788151766114
20260818-213655,1787089037789,2.771788151766114
20260818-213655,1787089037891,2.771788151766114
20260818-213655,1787089037993,2.771788151766114
20260818-213655,1787089037898,2.771788151766114
20260818-213655,1787089038095,2.771788151766114
20260818-213655,1787089038197,2.771788151766114
20260818-213655,1787089038299,2.771788151766114
20260818-213655,1787089038401,2.771788151766114
20260818-213655,1787089038503,2.771788151766114
20260818-213655,1787089038605,2.771788151766114
20260818-213655,1787089038707,2.771788151766114
20260818-213655,1787089038602,2.771788151766114
20260818-213655,1787089038809,2.771788151766114
20260818-213655,1787089038911,2.771788151766114
20260818-213655,1787089039013,2.771788151766114
20260818-213655,1787089039115,2.771788151766114
20260818-213655,1787089039015,2.771788151766114
20260818-213655,1787089039217,2.771788151766114
20260818-213655,1787089039319,2.771788151766114
20260818-213655,1787089039421,2.771788151766114
20260818-213655,1787089039302,2.771788151766114
20260818-213655,1787089039523,2.771788151766114
20260818-213655,1787089039625,2.771788151766114
20260818-213655,1787089039727,2.771788151766114
20260818-213655,1787089039829,2.771788151766114
20260818-213655,1787089039931,2.771788151766114
20260818-213655,1787089040033,2.771788151766114
20260818-213655,1787089040135,2.771788151766114
20260818-213655,1787089040002,2.771788151766114
20260818-213655,1787089040237,2.771788151766114
20260818-213655,1787089040339,2.771788151766114
20260818-213655,1787089040441,2.771788151766114
20260818-213655,1787089040543,2.771788151766114
20260818-213655,1787089040645,2.771788151766114
20260818-213655,1787089040747,2.771788151766114
20260818-213655,1787089040849,2.771788151766114
20260818-213655,1787089040705,2.771788151766114
20260818-213655,1787089040951,2.771788151766114
20260818-213655,1787089041053,2.771788151766114
20260818-213655,1787089041155,2.771788151766114
20260818-213655,1787089041257,2.771788151766114
20260818-213655,1787089041123,2.771788151766114
20260818-213655,1787089041359,2.771788151766114
20260818-213655,1787089041461,2.771788151766114
20260818-213655,1787089041563,2.771788151766114
20260818-213655,1787089041415,2.771788151766114
20260818-213655,1787089041665,2.771788151766114
20260818-213655,1787089041767,2.771788151766114
20260818-213655,1787089041643,2.771788151766114
20260818-213655,1787089041869,2.771788151766114
20260818-213655,1787089041971,2.771788151766114
20260818-213655,1787089042073,2.771788151766114
20260818-213655,1787089042175,2.771788151766114
20260818-213655,1787089042115,2.771788151766114
20260818-213655,1787089042277,2.771788151766114
20260818-213655,1787089042379,2.771788151766114
20260818-213655,1787089042481,2.771788151766114
20260818-213655,1787089042583,2.771788151766114
20260818-213655,1787089042685,2.771788151766114
20260818-213655,1787089042787,2.771788151766114
20260818-213655,1787089042889,2.771788151766114
20260818-213655,1787089042815,2.771788151766114
20260818-213655,1787089042991,2.771788151766114
20260818-213655,1787089043093,2.771788151766114
20260818-213655,1787089043195,2.771788151766114
20260818-213655,1787089043297,2.771788151766114
20260818-213655,1787089043158,2.771788151766114
20260818-213655,1787089043399,2.771788151766114
20260818-213655,1787089043501,2.771788151766114
20260818-213655,1787089043603,2.771788151766114
20260818-213655,1787089043515,2.771788151766114
20260818-213655,1787089043705,2.771788151766114
20260818-213655,1787089043807,2.771788151766114
20260818-213655,1787089043909,2.771788151766114
20260818-213655,1787089044011,2.771788151766114
20260818-213655,1787089044113,2.771788151766114
20260818-213655,1787089044215,2.771788151766114
20260818-213655,1787089044317,2.771788151766114
20260818-213655,1787089044215,2.771788151766114
20260818-213655,1787089044419,2.771788151766114
20260818-213655,1787089044521,2.771788151766114
20260818-213655,1787089044623,2.771788151766114
20260818-213655,1787089044725,2.771788151766114
20260818-213655,1787089044827,2.771788151766114
20260818-213655,1787089044929,2.771788151766114
20260818-213655,1787089045031,2.771788151766114
20260818-213655,1787089044914,2.771788151766114
20260818-213655,1787089045133,2.771788151766114
20260818-213655,1787089045072,2.771788151766114
20260818-213655,1787089045235,2.771788151766114
20260818-213655,1787089045541,2.771788151766114
20260818-213655,1787089045847,2.771788151766114
20260818-213655,1787089046561,2.771788151766114
20260818-213655,1787089048193,2.771788151766114
20260818-213655,1787089048044,2.771788151766114
20260818-213655,1787089059789,2.771788151766114
20260818-213655,1787089059799,2.771788151766114
20260818-213655,1787089059801,2.771788151766114
20260818-213655,1787089059806,2.771788151766114
20260818-213655,1787089059809,2.771788151766114
20260818-213655,1787089059809,2.771788151766114
20260818-213655,1787089059809,2.771788151766114
20260818-213655,1787089059809,2.771788151766114
20260818-213655,1787089059812,2.771788151766114
20260818-213655,1787089059819,2.771788151766114
20260818-213655,1787089059819,2.771788151766114
20260818-213655,1787089059819,2.771788151766114
20260818-213655,1787089059822,2.771788151766114
20260818-213655,1787089059866,2.771788151766114
20260818-213655,1787089059866,2.771788151766114
20260818-213655,1787089059866,2.771788151766114
20260818-213655,1787089059866,2.771788151766114
20260818-213655,1787089059866,2.771788151766114
20260818-213655,1787089059821,2.446685863341501
20260818-213655,1787089059923,2.2763857498247555
20260818-213655,1787089060025,2.2763857498247555
20260818-213655,1787089060127,2.2763857498247555
20260818-213655,1787089060229,2.2763857498247555
20260818-213655,1787089060331,2.2763857498247555
20260818-213655,1787089060433,2.2763857498247555
20260818-213655,1787089060535,2.2763857498247555
20260818-213655,1787089060637,2.2763857498247555
20260818-213655,1787089060739,2.2763857498247555
20260818-213655,1787089060841,2.2763857498247555
20260818-213655,1787089060806,2.2763857498247555
20260818-213655,1787089060943,2.2763857498247555
20260818-213655,1787089061045,2.2763857498247555
20260818-213655,1787089060933,2.2763857498247555
20260818-213655,1787089061147,2.2763857498247555
20260818-213655,1787089061249,2.2763857498247555
20260818-213655,1787089061351,2.2763857498247555
20260818-213655,1787089061453,2.2763857498247555
20260818-213655,1787089061555,2.2763857498247555
20260818-213655,1787089061657,2.2763857498247555
20260818-213655,1787089061759,2.2763857498247555
20260818-213655,1787089061611,2.2763857498247555
20260818-213655,1787089061861,2.2763857498247555
20260818-213655,1787089061963,2.2763857498247555
20260818-213655,1787089062065,2.2763857498247555
20260818-213655,1787089062167,2.2763857498247555
20260818-213655,1787089062269,2.2763857498247555
20260818-213655,1787089062371,2.2763857498247555
20260818-213655,1787089062473,2.2763857498247555
20260818-213655,1787089062575,2.2763857498247555
20260818-213655,1787089062677,2.2763857498247555
20260818-213655,1787089062779,2.2763857498247555
20260818-213655,1787089062881,2.2763857498247555
20260818-213655,1787089062983,2.2763857498247555
20260818-213655,1787089063085,2.2763857498247555
20260818-213655,1787089063187,2.2763857498247555
20260818-213655,1787089063289,2.2763857498247555
20260818-213655,1787089063391,2.2763857498247555
20260818-213655,1787089063493,2.2763857498247555
20260818-213655,1787089063595,2.2763857498247555
20260818-213655,1787089063697,2.2763857498247555
20260818-213655,1787089063799,2.338328219209106
20260818-213655,1787089063901,2.338328219209106
20260818-213655,1787089064003,2.338328219209106
20260818-213655,1787089063908,2.338328219209106
20260818-213655,1787089064105,2.338328219209106
20260818-213655,1787089064207,2.338328219209106
20260818-213655,1787089064055,2.338328219209106
20260818-213655,1787089064309,2.338328219209106
20260818-213655,1787089064215,2.338328219209106
20260818-213655,1787089064411,2.338328219209106
20260818-213655,1787089064513,2.338328219209106
20260818-213655,1787089064615,2.338328219209106
20260818-213655,1787089064717,2.338328219209106
20260818-213655,1787089064819,2.338328219209106
20260818-213655,1787089064921,2.338328219209106
20260818-213655,1787089065023,2.338328219209106
20260818-213655,1787089065125,2.338328219209106
20260818-213655,1787089065227,2.338328219209106
20260818-213655,1787089065130,2.338328219209106
20260818-213655,1787089065329,2.338328219209106
20260818-213655,1787089065431,2.338328219209106
20260818-213655,1787089065533,2.338328219209106
20260818-213655,1787089065635,2.338328219209106
20260818-213655,1787089065737,2.338328219209106
20260818-213655,1787089065596,2.338328219209106
20260818-213655,1787089065839,2.338328219209106
20260818-213655,1787089065941,2.338328219209106
20260818-213655,1787089066043,2.338328219209106
20260818-213655,1787089065952,2.338328219209106
20260818-213655,1787089066145,2.338328219209106
20260818-213655,1787089066247,2.338328219209106
20260818-213655,1787089066349,2.338328219209106
20260818-213655,1787089066451,2.338328219209106
20260818-213655,1787089066553,2.338328219209106
20260818-213655,1787089066655,2.338328219209106
20260818-213655,1787089066757,2.338328219209106
20260818-213655,1787089066859,2.338328219209106
20260818-213655,1787089066961,2.338328219209106
20260818-213655,1787089067063,2.338328219209106
20260818-213655,1787089067165,2.338328219209106
20260818-213655,1787089067114,2.338328219209106
20260818-213655,1787089067267,2.338328219209106
20260818-213655,1787089067369,2.338328219209106
20260818-213655,1787089067471,2.338328219209106
20260818-213655,1787089067573,2.338328219209106
20260818-213655,1787089067675,2.338328219209106
20260818-213655,1787089067777,2.338328219209106
20260818-213655,1787089067879,2.338328219209106
20260818-213655,1787089067981,2.338328219209106
20260818-213655,1787089068083,2.338328219209106
20260818-213655,1787089068185,2.338328219209106
20260818-213655,1787089068287,2.338328219209106
20260818-213655,1787089068389,2.338328219209106
20260818-213655,1787089068491,2.338328219209106
20260818-213655,1787089068593,2.338328219209106
20260818-213655,1787089068695,2.338328219209106
20260818-213655,1787089068797,2.338328219209106
20260818-213655,1787089068899,2.338328219209106
20260818-213655,1787089069001,2.338328219209106
20260818-213655,1787089069016,2.338328219209106
20260818-213655,1787089069103,2.338328219209106
20260818-213655,1787089069205,2.338328219209106
20260818-213655,1787089069074,2.338328219209106
20260818-213655,1787089069307,2.338328219209106
20260818-213655,1787089069409,2.338328219209106
20260818-213655,1787089069511,2.338328219209106
20260818-213655,1787089069372,2.338328219209106
20260818-213655,1787089069613,2.338328219209106
20260818-213655,1787089069715,2.338328219209106
20260818-213655,1787089069565,2.338328219209106
20260818-213655,1787089069817,3.0971234691499405
20260818-213655,1787089069919,3.0971234691499405
20260818-213655,1787089070021,3.0971234691499405
20260818-213655,1787089070123,3.0971234691499405
20260818-213655,1787089070225,3.0971234691499405
20260818-213655,1787089070327,3.0971234691499405
20260818-213655,1787089070429,3.0971234691499405
20260818-213655,1787089070531,3.0971234691499405
20260818-213655,1787089070633,3.0971234691499405
20260818-213655,1787089070735,3.0971234691499405
20260818-213655,1787089070837,3.0971234691499405
20260818-213655,1787089070939,3.0971234691499405
20260818-213655,1787089071041,3.0971234691499405
20260818-213655,1787089071143,3.0971234691499405
20260818-213655,1787089071245,3.0971234691499405
20260818-213655,1787089071347,3.0971234691499405
20260818-213655,1787089071449,3.0971234691499405
20260818-213655,1787089071551,3.0971234691499405
20260818-213655,1787089071653,3.0971234691499405
20260818-213655,1787089071755,3.0971234691499405
20260818-213655,1787089071857,3.0971234691499405
20260818-213655,1787089071959,3.0971234691499405
20260818-213655,1787089072061,3.0971234691499405
20260818-213655,1787089072163,3.0971234691499405
20260818-213655,1787089072265,3.0971234691499405
20260818-213655,1787089072367,3.0971234691499405
20260818-213655,1787089072469,3.0971234691499405
20260818-213655,1787089072571,3.2519796426074374
20260818-213655,1787089072673,3.2519796426074374
20260818-213655,1787089072531,3.0971234691499405
20260818-213655,1787089072775,3.2674652599540885
20260818-213655,1787089072877,3.2674652599540885
20260818-213655,1787089072979,3.2674652599540885
20260818-213655,1787089073081,3.2674652599540885
20260818-213655,1787089073183,3.2674652599540885
20260818-213655,1787089073285,3.2674652599540885
20260818-213655,1787089073139,3.2674652599540885
20260818-213655,1787089073387,3.2674652599540885
20260818-213655,1787089073489,3.2674652599540885
20260818-213655,1787089073591,3.2674652599540885
20260818-213655,1787089073693,3.2674652599540885
20260818-213655,1787089073795,3.2674652599540885
20260818-213655,1787089073897,3.2674652599540885
20260818-213655,1787089073999,3.2674652599540885
20260818-213655,1787089073940,3.2674652599540885
20260818-213655,1787089074101,3.2674652599540885
20260818-213655,1787089074203,3.2674652599540885
20260818-213655,1787089074305,3.2674652599540885
20260818-213655,1787089074407,3.2674652599540885
20260818-213655,1787089074509,3.2674652599540885
20260818-213655,1787089074547,3.2674652599540885
20260818-213655,1787089074611,3.2674652599540885
20260818-213655,1787089074713,3.2674652599540885
20260818-213655,1787089074603,3.2674652599540885
20260818-213655,1787089074815,3.2674652599540885
20260818-213655,1787089074917,3.2674652599540885
20260818-213655,1787089074945,3.2674652599540885
20260818-213655,1787089075019,3.2674652599540885
20260818-213655,1787089075121,3.2674652599540885
20260818-213655,1787089075015,3.2674652599540885
20260818-213655,1787089075223,3.2674652599540885
20260818-213655,1787089075325,3.2674652599540885
20260818-213655,1787089075427,3.2674652599540885
20260818-213655,1787089075529,3.5307207548313824
20260818-213655,1787089075631,3.5307207548313824
20260818-213655,1787089075733,3.5307207548313824
20260818-213655,1787089075835,3.5307207548313824
20260818-213655,1787089075937,3.5307207548313824
20260818-213655,1787089076039,3.5307207548313824
20260818-213655,1787089076141,3.5462063721780335
20260818-213655,1787089076243,3.5462063721780335
20260818-213655,1787089076345,3.5462063721780335
20260818-213655,1787089076447,3.5462063721780335
20260818-213655,1787089076549,3.5462063721780335
20260818-213655,1787089076470,3.5462063721780335
20260818-213655,1787089076651,3.5462063721780335
20260818-213655,1787089076753,3.5462063721780335
20260818-213655,1787089076855,3.5462063721780335
20260818-213655,1787089076957,3.5462063721780335
20260818-213655,1787089077059,3.5462063721780335
20260818-213655,1787089077161,3.5462063721780335
20260818-213655,1787089077263,3.5462063721780335
20260818-213655,1787089077365,3.5462063721780335
20260818-213655,1787089077467,3.5462063721780335
20260818-213655,1787089077569,3.5462063721780335
20260818-213655,1787089077671,3.5462063721780335
20260818-213655,1787089077773,3.5462063721780335
20260818-213655,1787089077875,3.5462063721780335
20260818-213655,1787089077977,3.5462063721780335
20260818-213655,1787089078079,3.5462063721780335
20260818-213655,1787089078181,3.5462063721780335
20260818-213655,1787089078283,3.5462063721780335
20260818-213655,1787089078385,3.5462063721780335
20260818-213655,1787089078487,3.5462063721780335
20260818-213655,1787089078589,3.5462063721780335
20260818-213655,1787089078691,3.5462063721780335
20260818-213655,1787089078793,3.5462063721780335
20260818-213655,1787089078895,3.5462063721780335
20260818-213655,1787089078830,3.5462063721780335
20260818-213655,1787089078997,3.5462063721780335
20260818-213655,1787089079099,3.5462063721780335
20260818-213655,1787089079201,3.5462063721780335
20260818-213655,1787089079303,3.5462063721780335
20260818-213655,1787089079405,3.5462063721780335
20260818-213655,1787089079507,3.5462063721780335
20260818-213655,1787089079609,3.5462063721780335
20260818-213655,1787089079711,3.5462063721780335
20260818-213655,1787089079813,3.5462063721780335
20260818-213655,1787089079915,3.5462063721780335
20260818-213655,1787089079861,3.5462063721780335
20260818-213655,1787089080017,3.5462063721780335
20260818-213655,1787089079952,3.5462063721780335
20260818-213655,1787089080119,3.5462063721780335
20260818-213655,1787089080221,3.5462063721780335
20260818-213655,1787089080323,3.5462063721780335
20260818-213655,1787089080425,3.5462063721780335
20260818-213655,1787089080323,3.5462063721780335
20260818-213655,1787089080527,3.5462063721780335
20260818-213655,1787089080629,3.5462063721780335
20260818-213655,1787089080571,3.5462063721780335
20260818-213655,1787089080731,3.5462063721780335
20260818-213655,1787089080820,3.5462063721780335
20260818-213655,1787089080822,3.5462063721780335
20260818-213655,1787089080822,3.5462063721780335
20260818-213655,1787089080822,3.5462063721780335
20260818-213655,1787089080825,3.5462063721780335
20260818-213655,1787089080826,3.5462063721780335
20260818-213655,1787089080826,3.5462063721780335
20260818-213655,1787089080826,3.5462063721780335
20260818-213655,1787089080826,3.5462063721780335
20260818-213655,1787089080827,3.5462063721780335
20260818-213655,1787089080827,3.5462063721780335
20260818-213655,1787089080829,3.5462063721780335
20260818-213655,1787089080830,3.5462063721780335
20260818-213655,1787089080831,3.5462063721780335
20260818-213655,1787089080831,3.5462063721780335
20260818-213655,1787089080833,3.2211131578605476
20260818-213655,1787089080833,3.2211131578605476
20260818-213655,1787089080837,3.2211131578605476
20260818-213655,1787089080837,3.2211131578605476
20260818-213655,1787089080837,3.2211131578605476
20260818-213655,1787089080837,3.2211131578605476
20260818-213655,1787089080837,3.2211131578605476
20260818-213655,1787089080833,3.2211131578605476
20260818-213655,1787089080837,3.2211131578605476
20260818-213655,1787089080934,3.2211131578605476
20260818-213655,1787089080935,3.0198543810731016
20260818-213655,1787089080937,3.2211131578605476
20260818-213655,1787089080937,3.2211131578605476
20260818-213655,1787089080937,3.2211131578605476
20260818-213655,1787089080935,3.0198543810731016
20260818-213655,1787089080958,3.0198543810731016
20260818-213655,1787089081028,3.0198543810731016
20260818-213655,1787089081028,3.0198543810731016
20260818-213655,1787089081031,3.0198543810731016
20260818-213655,1787089081031,3.0198543810731016
20260818-213655,1787089081031,3.0198543810731016
20260818-213655,1787089081031,3.0198543810731016
20260818-213655,1787089081033,3.0198543810731016
20260818-213655,1787089081037,2.6947269304673305
20260818-213655,1787089081139,2.6947269304673305
20260818-213655,1787089081107,2.6947269304673305
20260818-213655,1787089081197,2.6947269304673305
20260818-213655,1787089081197,2.6947269304673305
20260818-213655,1787089081197,2.6947269304673305
20260818-213655,1787089081197,2.6947269304673305
20260818-213655,1787089081197,2.6947269304673305
20260818-213655,1787089081197,2.6947269304673305
20260818-213655,1787089081197,2.6947269304673305
20260818-213655,1787089081197,2.6947269304673305
20260818-213655,1787089081197,2.6947269304673305
20260818-213655,1787089081197,2.6947269304673305
20260818-213655,1787089081197,2.6947269304673305
20260818-213655,1787089081197,2.6947269304673305
20260818-213655,1787089081197,2.6947269304673305
20260818-213655,1787089081197,2.6947269304673305
20260818-213655,1787089081197,2.6947269304673305
20260818-213655,1787089081197,2.6947269304673305
20260818-213655,1787089081197,2.6947269304673305
20260818-213655,1787089081197,2.6947269304673305
20260818-213655,1787089081197,2.6947269304673305
20260818-213655,1787089081197,2.6947269304673305
20260818-213655,1787089081197,2.6947269304673305
20260818-213655,1787089081197,2.6947269304673305
20260818-213655,1787089081197,2.6947269304673305
20260818-213655,1787089081197,2.6947269304673305
20260818-213655,1787089081197,2.6947269304673305
20260818-213655,1787089081197,2.6947269304673305
20260818-213655,1787089081197,2.6947269304673305
20260818-213655,1787089081197,2.6947269304673305
20260818-213655,1787089081197,2.6947269304673305
20260818-213655,1787089081197,2.6947269304673305
20260818-213655,1787089081197,2.6947269304673305
20260818-213655,1787089081197,2.6947269304673305
20260818-213655,1787089081241,2.0444085812519432
20260818-213655,1787089081204,2.0444085812519432
20260818-213655,1787089081308,2.0444085812519432
20260818-213655,1787089081308,2.0444085812519432
20260818-213655,1787089081309,2.0444085812519432
20260818-213655,1787089081309,2.0444085812519432
20260818-213655,1787089081309,2.0444085812519432
20260818-213655,1787089081309,2.0444085812519432
20260818-213655,1787089081309,2.0444085812519432
20260818-213655,1787089081309,2.0444085812519432
20260818-213655,1787089081309,2.0444085812519432
20260818-213655,1787089081309,2.0444085812519432
20260818-213655,1787089081318,2.0444085812519432
20260818-213655,1787089081318,2.0444085812519432
20260818-213655,1787089081318,2.0444085812519432
20260818-213655,1787089081318,2.0444085812519432
20260818-213655,1787089081318,2.0444085812519432
20260818-213655,1787089081318,2.0444085812519432
20260818-213655,1787089081318,2.0444085812519432
20260818-213655,1787089081318,2.0444085812519432
20260818-213655,1787089081318,2.0444085812519432
20260818-213655,1787089081318,2.0444085812519432
20260818-213655,1787089081319,2.0444085812519432
20260818-213655,1787089081319,2.0444085812519432
20260818-213655,1787089081319,2.0444085812519432
20260818-213655,1787089081319,2.0444085812519432
20260818-213655,1787089081319,2.0444085812519432
20260818-213655,1787089081319,2.0444085812519432
20260818-213655,1787089081319,2.0444085812519432
20260818-213655,1787089081319,2.0444085812519432
20260818-213655,1787089081319,2.0444085812519432
20260818-213655,1787089081319,2.0444085812519432
20260818-213655,1787089081319,2.0444085812519432
20260818-213655,1787089081322,1.2701097483264585
20260818-213655,1787089081322,1.2701097483264585
20260818-213655,1787089081343,1.2701097483264585
20260818-213655,1787089081445,1.2701097483264585
20260818-213655,1787089081322,1.2701097483264585
20260818-213655,1787089081547,1.2701097483264585
20260818-213655,1787089081649,1.2701097483264585
20260818-213655,1787089081751,1.2701097483264585
20260818-213655,1787089081853,1.2701097483264585
20260818-213655,1787089081955,1.2701097483264585
20260818-213655,1787089082057,1.2701097483264585
20260818-213655,1787089082159,1.2701097483264585
20260818-213655,1787089082261,1.2701097483264585
20260818-213655,1787089082363,1.2701097483264585
20260818-213655,1787089082325,1.2701097483264585
20260818-213655,1787089082465,1.2701097483264585
20260818-213655,1787089082380,1.2701097483264585
20260818-213655,1787089082567,1.2701097483264585
20260818-213655,1787089082505,1.2701097483264585
20260818-213655,1787089082669,1.2701097483264585
20260818-213655,1787089082771,1.2701097483264585
20260818-213655,1787089082873,1.2701097483264585
20260818-213655,1787089082975,1.2701097483264585
20260818-213655,1787089083077,1.2701097483264585
20260818-213655,1787089083179,1.2701097483264585
20260818-213655,1787089083281,1.6108709003155497
20260818-213655,1787089083383,1.6108709003155497
20260818-213655,1787089083485,1.6108709003155497
20260818-213655,1787089083587,1.750273189764915
20260818-213655,1787089083689,1.750273189764915
20260818-213655,1787089083623,1.750273189764915
20260818-213655,1787089083791,1.750273189764915
20260818-213655,1787089083893,1.750273189764915
20260818-213655,1787089083995,1.750273189764915
20260818-213655,1787089084097,1.750273189764915
20260818-213655,1787089084199,1.750273189764915
20260818-213655,1787089084301,1.750273189764915
20260818-213655,1787089084403,1.750273189764915
20260818-213655,1787089084505,1.750273189764915
20260818-213655,1787089084607,1.750273189764915
20260818-213655,1787089084709,1.750273189764915
20260818-213655,1787089084811,1.750273189764915
20260818-213655,1787089084711,1.750273189764915
20260818-213655,1787089084913,1.750273189764915
20260818-213655,1787089085015,1.750273189764915
20260818-213655,1787089085117,1.750273189764915
20260818-213655,1787089085016,1.750273189764915
20260818-213655,1787089085219,1.750273189764915
20260818-213655,1787089085118,1.750273189764915
20260818-213655,1787089085321,1.750273189764915
20260818-213655,1787089085423,1.750273189764915
20260818-213655,1787089085324,1.750273189764915
20260818-213655,1787089085525,1.750273189764915
20260818-213655,1787089085450,1.750273189764915
20260818-213655,1787089085627,1.750273189764915
20260818-213655,1787089085729,1.750273189764915
20260818-213655,1787089085831,1.750273189764915
20260818-213655,1787089085692,1.750273189764915
20260818-213655,1787089085933,1.750273189764915
20260818-213655,1787089086035,1.750273189764915
20260818-213655,1787089085940,1.750273189764915
20260818-213655,1787089086137,1.750273189764915
20260818-213655,1787089086239,1.750273189764915
20260818-213655,1787089086341,1.750273189764915
20260818-213655,1787089086443,1.9516320523046404
20260818-213655,1787089086545,2.0290777686659
20260818-213655,1787089086647,2.0290777686659
20260818-213655,1787089086749,2.6796217861000287
20260818-213655,1787089086851,2.6796217861000287
20260818-213655,1787089086953,2.7106000726440813
20260818-213655,1787089087055,2.7106000726440813
20260818-213655,1787089087157,2.7106000726440813
20260818-213655,1787089087007,2.7106000726440813
20260818-213655,1787089087259,2.7106000726440813
20260818-213655,1787089087361,2.7106000726440813
20260818-213655,1787089087463,2.7106000726440813
20260818-213655,1787089087319,2.7106000726440813
20260818-213655,1787089087565,2.7106000726440813
20260818-213655,1787089087667,2.7106000726440813
20260818-213655,1787089087769,2.7106000726440813
20260818-213655,1787089087871,2.7106000726440813
20260818-213655,1787089087973,2.7106000726440813
20260818-213655,1787089088075,2.7106000726440813
20260818-213655,1787089088003,2.7106000726440813
20260818-213655,1787089088177,2.7106000726440813
20260818-213655,1787089088279,2.7106000726440813
20260818-213655,1787089088152,2.7106000726440813
20260818-213655,1787089088381,2.7106000726440813
20260818-213655,1787089088483,2.7106000726440813
20260818-213655,1787089088585,2.7106000726440813
20260818-213655,1787089088687,2.7106000726440813
20260818-213655,1787089088789,2.7106000726440813
20260818-213655,1787089088891,2.7106000726440813
20260818-213655,1787089088993,2.7106000726440813
20260818-213655,1787089089095,2.5324749250140863
20260818-213655,1787089089197,2.5324749250140863
20260818-213655,1787089089299,-0.4646742981675569
20260818-213655,1787089089230,2.5324749250140863
20260818-213655,1787089089401,-0.4646742981675569
20260818-213655,1787089089503,-0.4646742981675569
20260818-213655,1787089089605,-0.4646742981675569
20260818-213655,1787089089707,-0.4646742981675569
20260818-213655,1787089089569,-0.4646742981675569
20260818-213655,1787089089809,-0.4646742981675569
20260818-213655,1787089089911,-0.4646742981675569
20260818-213655,1787089090013,-0.4646742981675569
20260818-213655,1787089090115,-0.4646742981675569
20260818-213655,1787089090217,-0.4646742981675569
20260818-213655,1787089090319,-0.4646742981675569
20260818-213655,1787089090421,-0.4646742981675569
20260818-213655,1787089090523,-0.4646742981675569
20260818-213655,1787089090625,-0.4646742981675569
20260818-213655,1787089090727,-0.4646742981675569
20260818-213655,1787089090829,-0.4646742981675569
20260818-213655,1787089090931,0.6505440174363828
20260818-213655,1787089091033,0.6505440174363828
20260818-213655,1787089090957,0.6505440174363828
20260818-213655,1787089091135,0.6505440174363828
20260818-213655,1787089091081,0.6505440174363828
20260818-213655,1787089091237,0.6505440174363828
20260818-213655,1787089091339,0.6505440174363828
20260818-213655,1787089091318,0.6505440174363828
20260818-213655,1787089091441,0.6505440174363828
20260818-213655,1787089091368,0.6505440174363828
20260818-213655,1787089091543,0.6505440174363828
20260818-213655,1787089091493,0.6505440174363828
20260818-213655,1787089091645,0.6505440174363828
20260818-213655,1787089091747,0.6505440174363828
20260818-213655,1787089091707,0.6505440174363828
20260818-213655,1787089091849,0.6505440174363828
20260818-213655,1787089091846,0.6505440174363828
20260818-213655,1787089091951,0.6505440174363828
20260818-213655,1787089092053,0.6505440174363828
20260818-213655,1787089091930,0.6505440174363828
20260818-213655,1787089092155,0.6505440174363828
20260818-213655,1787089092257,0.6505440174363828
20260818-213655,1787089092359,0.6505440174363828
20260818-213655,1787089092305,0.6505440174363828
20260818-213655,1787089092461,0.6505440174363828
20260818-213655,1787089092563,0.6505440174363828
20260818-213655,1787089092665,0.6505440174363828
20260818-213655,1787089092555,0.6505440174363828
20260818-213655,1787089092767,0.6505440174363828
20260818-213655,1787089092869,0.6505440174363828
20260818-213655,1787089092796,0.6505440174363828
20260818-213655,1787089092971,0.6505440174363828
20260818-213655,1787089093073,0.6505440174363828
20260818-213655,1787089093008,0.6505440174363828
20260818-213655,1787089093175,0.6505440174363828
20260818-213655,1787089093277,0.6505440174363828
20260818-213655,1787089093379,0.6505440174363828
20260818-213655,1787089093296,0.6505440174363828
20260818-213655,1787089093481,0.6505440174363828
20260818-213655,1787089093583,0.6505440174363828
20260818-213655,1787089093685,0.6505440174363828
20260818-213655,1787089093623,0.6505440174363828
20260818-213655,1787089093787,0.6505440174363828
20260818-213655,1787089093733,0.6505440174363828
20260818-213655,1787089093889,0.6505440174363828
20260818-213655,1787089093991,0.6505440174363828
20260818-213655,1787089094093,0.6505440174363828
20260818-213655,1787089094008,0.6505440174363828
20260818-213655,1787089094195,0.6505440174363828
20260818-213655,1787089094297,0.6505440174363828
20260818-213655,1787089094399,0.6505440174363828
20260818-213655,1787089094296,0.6505440174363828
20260818-213655,1787089094501,0.6505440174363828
20260818-213655,1787089094603,0.6505440174363828
20260818-213655,1787089094705,0.6505440174363828
20260818-213655,1787089094807,0.6505440174363828
20260818-213655,1787089094909,0.6505440174363828
20260818-213655,1787089094806,0.6505440174363828
20260818-213655,1787089095011,0.6505440174363828
20260818-213655,1787089095113,0.6505440174363828
20260818-213655,1787089095215,0.6505440174363828
20260818-213655,1787089095100,0.6505440174363828
20260818-213655,1787089095317,0.6505440174363828
20260818-213655,1787089095419,0.6505440174363828
20260818-213655,1787089095296,0.6505440174363828
20260818-213655,1787089095521,0.6505440174363828
20260818-213655,1787089095623,0.6505440174363828
20260818-213655,1787089095725,0.6505440174363828
20260818-213655,1787089095827,0.6505440174363828
20260818-213655,1787089095929,0.6505440174363828
20260818-213655,1787089095795,0.6505440174363828
20260818-213655,1787089096031,0.6505440174363828
20260818-213655,1787089096133,0.6505440174363828
20260818-213655,1787089096235,0.6505440174363828
20260818-213655,1787089096337,0.6505440174363828
20260818-213655,1787089096439,0.6505440174363828
20260818-213655,1787089096296,0.6505440174363828
20260818-213655,1787089096541,0.6505440174363828
20260818-213655,1787089096643,0.6505440174363828
20260818-213655,1787089096745,0.6505440174363828
20260818-213655,1787089096847,0.6505440174363828
20260818-213655,1787089096797,0.6505440174363828
20260818-213655,1787089096949,0.6505440174363828
20260818-213655,1787089097051,0.6505440174363828
20260818-213655,1787089096917,0.6505440174363828
20260818-213655,1787089097153,0.6505440174363828
20260818-213655,1787089097255,0.6505440174363828
20260818-213655,1787089097239,0.6505440174363828
20260818-213655,1787089097357,0.6505440174363828
20260818-213655,1787089097307,0.6505440174363828
20260818-213655,1787089097459,0.6505440174363828
20260818-213655,1787089097561,0.6505440174363828
20260818-213655,1787089097663,0.6505440174363828
20260818-213655,1787089097765,0.6505440174363828
20260818-213655,1787089097867,0.6505440174363828
20260818-213655,1787089097740,0.6505440174363828
20260818-213655,1787089097969,0.6505440174363828
20260818-213655,1787089097871,0.6505440174363828
20260818-213655,1787089098071,0.6505440174363828
20260818-213655,1787089098173,0.6505440174363828
20260818-213655,1787089098275,0.6505440174363828
20260818-213655,1787089098377,0.6505440174363828
20260818-213655,1787089098296,0.6505440174363828
20260818-213655,1787089098479,0.6505440174363828
20260818-213655,1787089098581,0.6505440174363828
20260818-213655,1787089098683,0.6505440174363828
20260818-213655,1787089098785,0.6505440174363828
20260818-213655,1787089098887,0.6505440174363828
20260818-213655,1787089098795,0.6505440174363828
20260818-213655,1787089098989,0.6505440174363828
20260818-213655,1787089099091,0.6505440174363828
20260818-213655,1787089099006,0.6505440174363828
20260818-213655,1787089099193,0.6505440174363828
20260818-213655,1787089099295,0.6505440174363828
20260818-213655,1787089099397,0.6505440174363828
20260818-213655,1787089099296,0.6505440174363828
20260818-213655,1787089099499,0.6505440174363828
20260818-213655,1787089099601,0.6505440174363828
20260818-213655,1787089099703,0.6505440174363828
20260818-213655,1787089099805,0.6505440174363828
20260818-213655,1787089099907,0.6505440174363828
20260818-213655,1787089099805,0.6505440174363828
20260818-213655,1787089100009,0.6505440174363828
20260818-213655,1787089100111,0.6505440174363828
20260818-213655,1787089100213,0.6505440174363828
20260818-213655,1787089100315,0.6505440174363828
20260818-213655,1787089100417,0.6505440174363828
20260818-213655,1787089100297,0.6505440174363828
20260818-213655,1787089100519,0.6505440174363828
20260818-213655,1787089100621,0.6505440174363828
20260818-213655,1787089100510,0.6505440174363828
20260818-213655,1787089100723,0.6505440174363828
20260818-213655,1787089100825,0.6505440174363828
20260818-213655,1787089100927,0.6505440174363828
20260818-213655,1787089101029,0.6505440174363828
20260818-213655,1787089101131,0.6505440174363828
20260818-213655,1787089101233,0.6505440174363828
20260818-213655,1787089101335,0.6505440174363828
20260818-213655,1787089101437,0.6505440174363828
20260818-213655,1787089101539,0.6505440174363828
20260818-213655,1787089101641,0.6505440174363828
20260818-213655,1787089101743,0.6505440174363828
20260818-213655,1787089101845,0.6505440174363828
20260818-213655,1787089101947,0.6505440174363828
20260818-213655,1787089102049,0.6505440174363828
20260818-213655,1787089102151,0.6505440174363828
20260818-213655,1787089102253,0.6505440174363828
20260818-213655,1787089102355,0.6505440174363828
20260818-213655,1787089102457,0.6505440174363828
20260818-213655,1787089102559,0.6505440174363828
20260818-213655,1787089102661,0.6505440174363828
20260818-213655,1787089102763,0.6505440174363828
20260818-213655,1787089102865,0.6505440174363828
20260818-213655,1787089102967,0.6505440174363828
20260818-213655,1787089102883,0.6505440174363828
20260818-213655,1787089103069,0.6505440174363828
20260818-213655,1787089103171,0.6505440174363828
20260818-213655,1787089103273,0.6505440174363828
20260818-213655,1787089103375,0.6505440174363828
20260818-213655,1787089103477,0.6505440174363828
20260818-213655,1787089103579,0.6505440174363828
20260818-213655,1787089103681,0.6505440174363828
20260818-213655,1787089103594,0.6505440174363828
20260818-213655,1787089103783,0.6505440174363828
20260818-213655,1787089103885,0.6505440174363828
20260818-213655,1787089103987,0.6505440174363828
20260818-213655,1787089104089,0.6505440174363828
20260818-213655,1787089104191,0.6505440174363828
20260818-213655,1787089104293,0.6505440174363828
20260818-213655,1787089104214,0.6505440174363828
20260818-213655,1787089104395,0.6505440174363828
20260818-213655,1787089104497,0.6505440174363828
20260818-213655,1787089104599,0.6505440174363828
20260818-213655,1787089104701,0.6505440174363828
20260818-213655,1787089104803,0.6505440174363828
20260818-213655,1787089104905,0.6505440174363828
20260818-213655,1787089105007,0.6505440174363828
20260818-213655,1787089105109,0.6505440174363828
20260818-213655,1787089105211,0.6505440174363828
20260818-213655,1787089105116,0.6505440174363828
20260818-213655,1787089105313,0.6505440174363828
20260818-213655,1787089105415,0.6505440174363828
20260818-213655,1787089105517,0.6505440174363828
20260818-213655,1787089105619,0.6505440174363828
20260818-213655,1787089105721,0.6505440174363828
20260818-213655,1787089105823,0.6505440174363828
20260818-213655,1787089105925,0.6505440174363828
20260818-213655,1787089106027,0.6505440174363828
20260818-213655,1787089105912,0.6505440174363828
20260818-213655,1787089106129,0.6505440174363828
20260818-213655,1787089106231,0.6505440174363828
20260818-213655,1787089106333,0.6505440174363828
20260818-213655,1787089106435,0.6505440174363828
20260818-213655,1787089106537,0.6505440174363828
20260818-213655,1787089106639,0.6505440174363828
20260818-213655,1787089106556,0.6505440174363828
20260818-213655,1787089106741,0.6505440174363828
20260818-213655,1787089106843,0.6505440174363828
20260818-213655,1787089106945,0.6505440174363828
20260818-213655,1787089107047,0.6505440174363828
20260818-213655,1787089107149,0.6505440174363828
20260818-213655,1787089107251,0.6505440174363828
20260818-213655,1787089107186,0.6505440174363828
20260818-213655,1787089107353,0.6505440174363828
20260818-213655,1787089107455,0.6505440174363828
20260818-213655,1787089107557,0.6505440174363828
20260818-213655,1787089107659,0.6505440174363828
20260818-213655,1787089107761,0.6505440174363828
20260818-213655,1787089107863,0.6505440174363828
20260818-213655,1787089107965,0.6505440174363828
20260818-213655,1787089108067,0.6505440174363828
20260818-213655,1787089108169,0.6505440174363828
20260818-213655,1787089108271,0.6505440174363828
20260818-213655,1787089108373,0.6505440174363828
20260818-213655,1787089108475,0.6505440174363828
20260818-213655,1787089108384,0.6505440174363828
20260818-213655,1787089108577,0.6505440174363828
20260818-213655,1787089108679,0.6505440174363828
20260818-213655,1787089108781,0.6505440174363828
20260818-213655,1787089108883,0.6505440174363828
20260818-213655,1787089108985,0.6505440174363828
20260818-213655,1787089109087,0.6505440174363828
20260818-213655,1787089109189,0.6505440174363828
20260818-213655,1787089109291,0.6505440174363828
20260818-213655,1787089109393,0.6505440174363828
20260818-213655,1787089109495,0.6505440174363828
20260818-213655,1787089109597,0.6505440174363828
20260818-213655,1787089109699,0.6505440174363828
20260818-213655,1787089109801,0.6505440174363828
20260818-213655,1787089109903,0.6505440174363828
20260818-213655,1787089110005,0.6505440174363828
20260818-213655,1787089110107,0.6505440174363828
20260818-213655,1787089110209,0.6505440174363828
20260818-213655,1787089110311,0.6505440174363828
20260818-213655,1787089110200,0.6505440174363828
20260818-213655,1787089110413,0.6505440174363828
20260818-213655,1787089110515,0.6505440174363828
20260818-213655,1787089110617,0.6505440174363828
20260818-213655,1787089110719,0.6505440174363828
20260818-213655,1787089110821,0.6505440174363828
20260818-213655,1787089110923,0.6505440174363828
20260818-213655,1787089111025,0.6505440174363828
20260818-213655,1787089111127,0.6505440174363828
20260818-213655,1787089111229,0.6505440174363828
20260818-213655,1787089111331,0.6505440174363828
20260818-213655,1787089111194,0.6505440174363828
20260818-213655,1787089111433,0.6505440174363828
20260818-213655,1787089111535,0.6505440174363828
20260818-213655,1787089111637,0.6505440174363828
20260818-213655,1787089111529,0.6505440174363828
20260818-213655,1787089111739,0.6505440174363828
20260818-213655,1787089111841,0.6505440174363828
20260818-213655,1787089111714,0.6505440174363828
20260818-213655,1787089111943,0.6505440174363828
20260818-213655,1787089112045,0.6505440174363828
20260818-213655,1787089112147,0.6505440174363828
20260818-213655,1787089112249,0.6505440174363828
20260818-213655,1787089112351,0.6505440174363828
20260818-213655,1787089112453,0.6505440174363828
20260818-213655,1787089112555,0.6505440174363828
20260818-213655,1787089112657,0.6505440174363828
20260818-213655,1787089112759,0.6505440174363828
20260818-213655,1787089112861,0.6505440174363828
20260818-213655,1787089112963,0.6505440174363828
20260818-213655,1787089113065,0.6505440174363828
20260818-213655,1787089113167,0.6505440174363828
20260818-213655,1787089113269,0.6505440174363828
20260818-213655,1787089113371,0.6505440174363828
20260818-213655,1787089113473,0.6505440174363828
20260818-213655,1787089113575,0.6505440174363828
20260818-213655,1787089113677,0.6505440174363828
20260818-213655,1787089113779,0.6505440174363828
20260818-213655,1787089113881,0.6505440174363828
20260818-213655,1787089113983,0.6505440174363828
20260818-213655,1787089114085,0.6505440174363828
20260818-213655,1787089114187,0.6505440174363828
20260818-213655,1787089114289,0.6505440174363828
20260818-213655,1787089114391,0.6505440174363828
20260818-213655,1787089114493,0.6505440174363828
20260818-213655,1787089114595,0.6505440174363828
20260818-213655,1787089114445,0.6505440174363828
20260818-213655,1787089114697,0.6505440174363828
20260818-213655,1787089114799,0.6505440174363828
20260818-213655,1787089114901,0.6505440174363828
20260818-213655,1787089115003,0.6505440174363828
20260818-213655,1787089115105,0.6505440174363828
20260818-213655,1787089115207,0.6505440174363828
20260818-213655,1787089115309,0.6505440174363828
20260818-213655,1787089115411,0.6505440174363828
20260818-213655,1787089115513,0.6505440174363828
20260818-213655,1787089115615,0.6505440174363828
20260818-213655,1787089115494,0.6505440174363828
20260818-213655,1787089115717,0.6505440174363828
20260818-213655,1787089115819,0.6505440174363828
20260818-213655,1787089115921,0.6505440174363828
20260818-213655,1787089115791,0.6505440174363828
20260818-213655,1787089116023,0.6505440174363828
20260818-213655,1787089116125,0.6505440174363828
20260818-213655,1787089116227,0.6505440174363828
20260818-213655,1787089116329,0.6505440174363828
20260818-213655,1787089116431,0.6505440174363828
20260818-213655,1787089116533,0.6505440174363828
20260818-213655,1787089116635,0.6505440174363828
20260818-213655,1787089116737,0.6505440174363828
20260818-213655,1787089116839,0.6505440174363828
20260818-213655,1787089116766,0.6505440174363828
20260818-213655,1787089116941,0.6505440174363828
20260818-213655,1787089117043,0.6505440174363828
20260818-213655,1787089117145,0.6505440174363828
20260818-213655,1787089117247,0.6505440174363828
20260818-213655,1787089117349,0.6505440174363828
20260818-213655,1787089117451,0.6505440174363828
20260818-213655,1787089117553,0.6505440174363828
20260818-213655,1787089117655,0.6505440174363828
20260818-213655,1787089117757,0.6505440174363828
20260818-213655,1787089117859,0.6505440174363828
20260818-213655,1787089117961,0.6505440174363828
20260818-213655,1787089118063,0.6505440174363828
20260818-213655,1787089118165,0.6505440174363828
20260818-213655,1787089118267,0.6505440174363828
20260818-213655,1787089118369,0.6505440174363828
20260818-213655,1787089118471,0.6505440174363828
20260818-213655,1787089118573,0.6505440174363828
20260818-213655,1787089118675,0.6505440174363828
20260818-213655,1787089118777,0.6505440174363828
20260818-213655,1787089118879,0.6505440174363828
20260818-213655,1787089118981,0.6505440174363828
20260818-213655,1787089119083,0.6505440174363828
20260818-213655,1787089119185,0.6505440174363828
20260818-213655,1787089119287,0.6505440174363828
20260818-213655,1787089119389,0.6505440174363828
20260818-213655,1787089119491,0.6505440174363828
20260818-213655,1787089119593,0.6505440174363828
20260818-213655,1787089119695,0.6505440174363828
20260818-213655,1787089119797,0.6505440174363828
20260818-213655,1787089119715,0.6505440174363828
20260818-213655,1787089119899,0.6505440174363828
20260818-213655,1787089120001,0.6505440174363828
20260818-213655,1787089120103,0.6505440174363828
20260818-213655,1787089120205,0.6505440174363828
20260818-213655,1787089120307,0.6505440174363828
20260818-213655,1787089120409,0.6505440174363828
20260818-213655,1787089120511,0.6505440174363828
20260818-213655,1787089120613,0.6505440174363828
20260818-213655,1787089120525,0.6505440174363828
20260818-213655,1787089120715,0.6505440174363828
20260818-213655,1787089120817,0.6505440174363828
20260818-213655,1787089120919,0.6505440174363828
20260818-213655,1787089121021,0.6505440174363828
20260818-213655,1787089121123,0.6505440174363828
20260818-213655,1787089121225,0.6505440174363828
20260818-213655,1787089121327,0.6505440174363828
20260818-213655,1787089121429,0.6505440174363828
20260818-213655,1787089121531,0.6505440174363828
20260818-213655,1787089121633,0.6505440174363828
20260818-213655,1787089121735,0.6505440174363828
20260818-213655,1787089121837,0.6505440174363828
20260818-213655,1787089121939,0.6505440174363828
20260818-213655,1787089122041,0.6505440174363828
20260818-213655,1787089122143,0.6505440174363828
20260818-213655,1787089122245,0.6505440174363828
20260818-213655,1787089122118,0.6505440174363828
20260818-213655,1787089122347,0.6505440174363828
20260818-213655,1787089122449,0.6505440174363828
20260818-213655,1787089122551,0.6505440174363828
20260818-213655,1787089122653,0.6505440174363828
20260818-213655,1787089122755,0.6505440174363828
20260818-213655,1787089122857,0.6505440174363828
20260818-213655,1787089122708,0.6505440174363828
20260818-213655,1787089122959,0.6505440174363828
20260818-213655,1787089123061,0.6505440174363828
20260818-213655,1787089123163,0.6505440174363828
20260818-213655,1787089123265,0.6505440174363828
20260818-213655,1787089123367,0.6505440174363828
20260818-213655,1787089123469,0.6505440174363828
20260818-213655,1787089123377,0.6505440174363828
20260818-213655,1787089123571,0.6505440174363828
20260818-213655,1787089123673,0.6505440174363828
20260818-213655,1787089123771,0.5885910910547182
20260818-213655,1787089123771,0.5885910910547182
20260818-213655,1787089123775,0.5885910910547182
20260818-213655,1787089123877,0.5885910910547182
20260818-213655,1787089123771,0.5885910910547182
20260818-213655,1787089123979,0.5885910910547182
20260818-213655,1787089124081,0.5885910910547182
20260818-213655,1787089124183,0.5885910910547182
20260818-213655,1787089124285,0.5885910910547182
20260818-213655,1787089124387,0.5885910910547182
20260818-213655,1787089124489,0.5885910910547182
20260818-213655,1787089124591,0.5885910910547182
20260818-213655,1787089124693,0.5885910910547182
20260818-213655,1787089124795,0.5885910910547182
20260818-213655,1787089124897,0.5885910910547182
20260818-213655,1787089124999,0.5885910910547182
20260818-213655,1787089125101,0.5885910910547182
20260818-213655,1787089125003,0.5885910910547182
20260818-213655,1787089125203,0.5885910910547182
20260818-213655,1787089125305,0.5885910910547182
20260818-213655,1787089125407,0.5885910910547182
20260818-213655,1787089125395,0.5885910910547182
20260818-213655,1787089125509,0.5885910910547182
20260818-213655,1787089125417,0.5885910910547182
20260818-213655,1787089125611,0.5885910910547182
20260818-213655,1787089125713,0.5885910910547182
20260818-213655,1787089125815,0.5885910910547182
20260818-213655,1787089125917,0.5885910910547182
20260818-213655,1787089126019,0.5885910910547182
20260818-213655,1787089126121,0.5885910910547182
20260818-213655,1787089126223,0.5885910910547182
20260818-213655,1787089126325,0.5885910910547182
20260818-213655,1787089126427,0.5885910910547182
20260818-213655,1787089126529,0.5885910910547182
20260818-213655,1787089126631,0.5885910910547182
20260818-213655,1787089126733,0.5885910910547182
20260818-213655,1787089126835,0.5885910910547182
20260818-213655,1787089126937,0.5885910910547182
20260818-213655,1787089127039,0.5885910910547182
20260818-213655,1787089127141,0.5885910910547182
20260818-213655,1787089127051,0.5885910910547182
20260818-213655,1787089127243,0.5885910910547182
20260818-213655,1787089127345,0.5885910910547182
20260818-213655,1787089127447,0.5885910910547182
20260818-213655,1787089127549,0.5885910910547182
20260818-213655,1787089127651,0.5885910910547182
20260818-213655,1787089127706,0.5885910910547182
20260818-213655,1787089127753,0.5885910910547182
20260818-213655,1787089127855,0.5885910910547182
20260818-213655,1787089127742,0.5885910910547182
20260818-213655,1787089127957,0.5885910910547182
20260818-213655,1787089128059,0.5885910910547182
20260818-213655,1787089128161,0.5885910910547182
20260818-213655,1787089128048,0.5885910910547182
20260818-213655,1787089128263,0.5885910910547182
20260818-213655,1787089128365,0.5885910910547182
20260818-213655,1787089128467,0.5885910910547182
20260818-213655,1787089128315,0.5885910910547182
20260818-213655,1787089128569,0.5885910910547182
20260818-213655,1787089128671,0.5885910910547182
20260818-213655,1787089128773,0.5885910910547182
20260818-213655,1787089128875,0.5885910910547182
20260818-213655,1787089128977,0.5885910910547182
20260818-213655,1787089129045,0.5885910910547182
20260818-213655,1787089129079,0.5885910910547182
20260818-213655,1787089129181,0.5885910910547182
20260818-213655,1787089129058,0.5885910910547182
20260818-213655,1787089129283,0.5885910910547182
20260818-213655,1787089129385,0.5885910910547182
20260818-213655,1787089129487,0.5885910910547182
20260818-213655,1787089129589,0.5885910910547182
20260818-213655,1787089129691,0.5885910910547182
20260818-213655,1787089129769,0.5885910910547182
20260818-213655,1787089129769,0.5885910910547182
20260818-213655,1787089129769,0.5885910910547182
20260818-213655,1787089129769,0.5885910910547182
20260818-213655,1787089129769,0.5885910910547182
20260818-213655,1787089129769,0.5885910910547182
20260818-213655,1787089129769,0.5885910910547182
20260818-213655,1787089129769,0.5885910910547182
20260818-213655,1787089129770,0.5885910910547182
20260818-213655,1787089129770,0.5885910910547182
20260818-213655,1787089129770,0.5885910910547182
20260818-213655,1787089129770,0.5885910910547182
20260818-213655,1787089129770,0.5885910910547182
20260818-213655,1787089129771,0.5885910910547182
20260818-213655,1787089129771,0.5885910910547182
20260818-213655,1787089129771,0.5885910910547182
20260818-213655,1787089129772,0.5885910910547182
20260818-213655,1787089129772,0.5885910910547182
20260818-213655,1787089129772,0.5885910910547182
20260818-213655,1787089129772,0.5885910910547182
20260818-213655,1787089129772,0.5885910910547182
20260818-213655,1787089129772,0.5885910910547182
20260818-213655,1787089129772,0.5885910910547182
20260818-213655,1787089129773,0.5885910910547182
20260818-213655,1787089129773,0.5885910910547182
20260818-213655,1787089129773,0.5885910910547182
20260818-213655,1787089129773,0.5885910910547182
20260818-213655,1787089129773,0.5885910910547182
20260818-213655,1787089129773,0.5885910910547182
20260818-213655,1787089129773,0.5885910910547182
20260818-213655,1787089129773,0.5885910910547182
20260818-213655,1787089129773,0.5885910910547182
20260818-213655,1787089129774,0.5885910910547182
20260818-213655,1787089129775,0.5885910910547182
20260818-213655,1787089129775,0.5885910910547182
20260818-213655,1787089129798,0.5885910910547182
20260818-213655,1787089129798,0.5885910910547182
20260818-213655,1787089129798,0.5885910910547182
20260818-213655,1787089129793,-0.07745135474037144
20260818-213655,1787089129895,-0.1703945641022443
20260818-213655,1787089129803,-0.1703945641022443
20260818-213655,1787089129997,-0.1703945641022443
20260818-213655,1787089130099,-0.1703945641022443
20260818-213655,1787089130201,-0.1703945641022443
20260818-213655,1787089130303,-0.1703945641022443
20260818-213655,1787089130405,-0.1703945641022443
20260818-213655,1787089130609,-0.1703945641022443
20260818-213655,1787089130711,-0.1703945641022443
20260818-213655,1787089130813,-0.1703945641022443
20260818-213655,1787089130915,-0.1703945641022443
20260818-213655,1787089131017,-0.1703945641022443
20260818-213655,1787089131119,-0.1703945641022443
20260818-213655,1787089131221,-0.1703945641022443
20260818-213655,1787089131323,-0.1703945641022443
20260818-213655,1787089131425,-0.1703945641022443
20260818-213655,1787089131527,-0.1703945641022443
20260818-213655,1787089131629,-0.1703945641022443
20260818-213655,1787089131731,-0.1703945641022443
20260818-213655,1787089131620,-0.1703945641022443
20260818-213655,1787089131833,-0.1703945641022443
20260818-213655,1787089131935,-0.1703945641022443
20260818-213655,1787089132037,-0.1703945641022443
20260818-213655,1787089132139,-0.1703945641022443
20260818-213655,1787089132241,-0.1703945641022443
20260818-213655,1787089132184,-0.1703945641022443
20260818-213655,1787089132343,-0.1703945641022443
20260818-213655,1787089132445,-0.1703945641022443
20260818-213655,1787089132547,-0.1703945641022443
20260818-213655,1787089132545,-0.1703945641022443
20260818-213655,1787089132557,-0.1703945641022443
20260818-213655,1787089132564,-0.32530375237743114
20260818-213655,1787089132564,-0.32530375237743114
20260818-213655,1787089132649,-0.32530375237743114
20260818-213655,1787089132564,-0.32530375237743114
20260818-213655,1787089132681,-0.32530375237743114
20260818-213655,1787089132751,-0.34079493516718545
20260818-213655,1787089132682,-0.34079493516718545
20260818-213655,1787089132853,-0.34079493516718545
20260818-213655,1787089132955,-0.34079493516718545
20260818-213655,1787089132906,-0.34079493516718545
20260818-213655,1787089133057,-0.34079493516718545
20260818-213655,1787089133159,-0.34079493516718545
20260818-213655,1787089133261,-0.34079493516718545
20260818-213655,1787089133121,-0.34079493516718545
20260818-213655,1787089133363,-0.34079493516718545
20260818-213655,1787089133465,-0.34079493516718545
20260818-213655,1787089133567,-0.34079493516718545
20260818-213655,1787089133669,-0.34079493516718545
20260818-213655,1787089133771,-0.34079493516718545
20260818-213655,1787089133873,-0.34079493516718545
20260818-213655,1787089133975,-0.34079493516718545
20260818-213655,1787089134077,-0.34079493516718545
20260818-213655,1787089134179,-0.34079493516718545
20260818-213655,1787089134085,-0.34079493516718545
20260818-213655,1787089134281,-0.34079493516718545
20260818-213655,1787089134383,-0.34079493516718545
20260818-213655,1787089134276,-0.34079493516718545
20260818-213655,1787089134485,-0.34079493516718545
20260818-213655,1787089134587,-0.34079493516718545
20260818-213655,1787089134689,-0.34079493516718545
20260818-213655,1787089134584,-0.34079493516718545
20260818-213655,1787089134791,-0.34079493516718545
20260818-213655,1787089134893,-0.34079493516718545
20260818-213655,1787089134995,-0.34079493516718545
20260818-213655,1787089135097,-0.34079493516718545
20260818-213655,1787089135199,-0.34079493516718545
20260818-213655,1787089135301,-0.34079493516718545
20260818-213655,1787089135403,-0.34079493516718545
20260818-213655,1787089135334,-0.34079493516718545
20260818-213655,1787089135492,-0.34079493516718545
20260818-213655,1787089135492,-0.34079493516718545
20260818-213655,1787089135492,-0.34079493516718545
20260818-213655,1787089135492,-0.34079493516718545
20260818-213655,1787089135492,-0.34079493516718545
20260818-213655,1787089135492,-0.34079493516718545
20260818-213655,1787089135492,-0.34079493516718545
20260818-213655,1787089135492,-0.34079493516718545
20260818-213655,1787089135492,-0.34079493516718545
20260818-213655,1787089135492,-0.34079493516718545
20260818-213655,1787089135492,-0.34079493516718545
20260818-213655,1787089135492,-0.34079493516718545
20260818-213655,1787089135492,-0.34079493516718545
20260818-213655,1787089135505,-0.6041523858201066
20260818-213655,1787089135607,-0.6041523858201066
20260818-213655,1787089135497,-0.6041523858201066
20260818-213655,1787089135709,-0.6041523858201066
20260818-213956,1787089200078,0.6970567938640415
20260818-213956,1787089200275,0.6970567938640415
20260818-213956,1787089200377,0.6970567938640415
20260818-213956,1787089200479,0.6970567938640415
20260818-213956,1787089200432,0.6970567938640415
20260818-213956,1787089200581,0.6970567938640415
20260818-213956,1787089200683,-0.6970567938640415
20260818-213956,1787089200550,0.6970567938640415
20260818-213956,1787089200785,0.6970567938640415
20260818-213956,1787089200887,0.6970567938640415
20260818-213956,1787089200989,0.6970567938640415
20260818-213956,1787089200929,0.6970567938640415
20260818-213956,1787089201091,0.6970567938640415
20260818-213956,1787089201193,0.6970567938640415
20260818-213956,1787089201295,0.6970567938640415
20260818-213956,1787089201213,0.6970567938640415
20260818-213956,1787089201397,0.6970567938640415
20260818-213956,1787089201499,0.6970567938640415
20260818-213956,1787089201601,0.6970567938640415
20260818-213956,1787089201703,0.6970567938640415
20260818-213956,1787089201805,-0.6970567938640415
20260818-213956,1787089201907,0.6970567938640415
20260818-213956,1787089202009,0.6970567938640415
20260818-213956,1787089202111,0.6970567938640415
20260818-213956,1787089202213,0.6970567938640415
20260818-213956,1787089202315,-0.6970567938640415
20260818-213956,1787089202417,0.6970567938640415
20260818-213956,1787089202519,0.6970567938640415
20260818-213956,1787089202621,0.6970567938640415
20260818-213956,1787089202723,0.6970567938640415
20260818-213956,1787089202825,0.6970567938640415
20260818-213956,1787089202927,-0.6970567938640415
20260818-213956,1787089203029,0.6970567938640415
20260818-213956,1787089203131,-0.6970567938640415
20260818-213956,1787089203233,0.6970567938640415
20260818-213956,1787089203335,0.6970567938640415
20260818-213956,1787089203437,0.6970567938640415
20260818-213956,1787089203539,0.6970567938640415
20260818-213956,1787089203641,-0.6970567938640415
20260818-213956,1787089203743,-0.6970567938640415
20260818-213956,1787089203845,0.6970567938640415
20260818-213956,1787089203947,0.6970567938640415
20260818-213956,1787089203836,0.6970567938640415
20260818-213956,1787089204049,0.6970567938640415
20260818-213956,1787089204151,0.6970567938640415
20260818-213956,1787089204253,0.6970567938640415
20260818-213956,1787089204355,0.6970567938640415
20260818-213956,1787089204457,-0.6970567938640415
20260818-213956,1787089204559,0.6970567938640415
20260818-213956,1787089204661,0.6970567938640415
20260818-213956,1787089204763,0.6970567938640415
20260818-213956,1787089204865,0.6970567938640415
20260818-213956,1787089204967,0.6970567938640415
20260818-213956,1787089205069,0.6970567938640415
20260818-213956,1787089205002,0.6970567938640415
20260818-213956,1787089205171,0.6970567938640415
20260818-213956,1787089205273,0.6970567938640415
20260818-213956,1787089205375,0.6970567938640415
20260818-213956,1787089205477,0.6970567938640415
20260818-213956,1787089205579,0.6970567938640415
20260818-213956,1787089205681,0.6970567938640415
20260818-213956,1787089205783,0.6970567938640415
20260818-213956,1787089205885,0.6970567938640415
20260818-213956,1787089205987,0.6970567938640415
20260818-213956,1787089206089,0.6970567938640415
20260818-213956,1787089206191,-0.6970567938640415
20260818-213956,1787089206293,0.6970567938640415
20260818-213956,1787089206395,0.6970567938640415
20260818-213956,1787089206497,0.6970567938640415
20260818-213956,1787089206599,0.6970567938640415
20260818-213956,1787089206701,0.6970567938640415
20260818-213956,1787089206803,0.6970567938640415
20260818-213956,1787089206905,-0.6970567938640415
20260818-213956,1787089207007,0.6970567938640415
20260818-213956,1787089207109,-0.6970567938640415
20260818-213956,1787089207211,0.6970567938640415
20260818-213956,1787089207313,0.6970567938640415
20260818-213956,1787089207415,0.6970567938640415
20260818-213956,1787089207517,0.6970567938640415
20260818-213956,1787089207619,-0.6970567938640415
20260818-213956,1787089207721,-0.6970567938640415
20260818-213956,1787089207823,0.6970567938640415
20260818-213956,1787089207752,0.6970567938640415
20260818-213956,1787089207925,0.6970567938640415
20260818-213956,1787089207971,-0.6970567938640415
20260818-213956,1787089208027,0.6815676986492926
20260818-213956,1787089208129,0.6815676986492926
20260818-213956,1787089208007,-0.6815676986492926
20260818-213956,1787089208231,0.6815676986492926
20260818-213956,1787089208333,0.6815676986492926
20260818-213956,1787089208435,0.6815676986492926
20260818-213956,1787089208537,0.6815676986492926
20260818-213956,1787089208639,0.6815676986492926
20260818-213956,1787089208741,0.6815676986492926
20260818-213956,1787089208843,0.6815676986492926
20260818-213956,1787089208945,0.6815676986492926
20260818-213956,1787089209047,0.6815676986492926
20260818-213956,1787089209149,0.6815676986492926
20260818-213956,1787089209251,0.6815676986492926
20260818-213956,1787089209353,0.6815676986492926
20260818-213956,1787089209230,0.6815676986492926
20260818-213956,1787089209455,0.6815676986492926
20260818-213956,1787089209557,0.6815676986492926
20260818-213956,1787089209659,-0.6815676986492926
20260818-213956,1787089209761,0.6815676986492926
20260818-213956,1787089209863,0.6815676986492926
20260818-213956,1787089209965,0.6815676986492926
20260818-213956,1787089210067,0.6815676986492926
20260818-213956,1787089210169,0.6815676986492926
20260818-213956,1787089210271,0.6815676986492926
20260818-213956,1787089210373,0.6815676986492926
20260818-213956,1787089210475,0.6815676986492926
20260818-213956,1787089210577,-0.6815676986492926
20260818-213956,1787089210679,0.6815676986492926
20260818-213956,1787089210781,0.6815676986492926
20260818-213956,1787089210843,0.6815676986492926
20260818-213956,1787089210883,0.6505893642598177
20260818-213956,1787089210845,0.6505893642598177
20260818-213956,1787089210985,0.6505893642598177
20260818-213956,1787089211087,0.6505893642598177
20260818-213956,1787089210977,-0.6505893642598177
20260818-213956,1787089211189,0.6505893642598177
20260818-213956,1787089211291,0.6505893642598177
20260818-213956,1787089211393,0.6505893642598177
20260818-213956,1787089211495,0.6505893642598177
20260818-213956,1787089211597,0.6505893642598177
20260818-213956,1787089211699,-0.6505893642598177
20260818-213956,1787089211801,-0.6505893642598177
20260818-213956,1787089211903,-0.6505893642598177
20260818-213956,1787089212005,0.6505893642598177
20260818-213956,1787089212107,0.6505893642598177
20260818-213956,1787089212209,-0.6505893642598177
20260818-213956,1787089212311,0.6505893642598177
20260818-213956,1787089212413,0.6505893642598177
20260818-213956,1787089212515,0.6505893642598177
20260818-213956,1787089212617,0.6505893642598177
20260818-213956,1787089212719,0.6505893642598177
20260818-213956,1787089212821,0.6505893642598177
20260818-213956,1787089212694,0.6505893642598177
20260818-213956,1787089212923,0.6505893642598177
20260818-213956,1787089213025,0.6505893642598177
20260818-213956,1787089213127,0.6505893642598177
20260818-213956,1787089213229,-0.6505893642598177
20260818-213956,1787089213331,-0.6505893642598177
20260818-213956,1787089213199,0.6505893642598177
20260818-213956,1787089213433,0.6505893642598177
20260818-213956,1787089213535,0.6505893642598177
20260818-213956,1787089213637,0.6505893642598177
20260818-213956,1787089213739,0.6505893642598177
20260818-213956,1787089213841,0.6505893642598177
20260818-213956,1787089213720,0.6505893642598177
20260818-213956,1787089213943,0.6505893642598177
20260818-213956,1787089214045,0.6505893642598177
20260818-213956,1787089213912,0.6505893642598177
20260818-213956,1787089214147,0.6505893642598177
20260818-213956,1787089214249,0.6505893642598177
20260818-213956,1787089214351,0.6505893642598177
20260818-213956,1787089214453,0.6505893642598177
20260818-213956,1787089214555,0.6505893642598177
20260818-213956,1787089214657,0.6505893642598177
20260818-213956,1787089214759,0.6505893642598177
20260818-213956,1787089214861,0.6505893642598177
20260818-213956,1787089224250,0.6505893642598177
20260818-213956,1787089224252,0.6505893642598177
20260818-213956,1787089224252,0.6505893642598177
20260818-213956,1787089224252,0.6505893642598177
20260818-213956,1787089224252,0.6505893642598177
20260818-213956,1787089224252,0.6505893642598177
20260818-213956,1787089224252,0.6505893642598177
20260818-213956,1787089224252,0.6505893642598177
20260818-213956,1787089224252,0.6505893642598177
20260818-213956,1787089224254,0.6505893642598177
20260818-213956,1787089224254,0.6505893642598177
20260818-213956,1787089224254,-0.6505893642598177
20260818-213956,1787089224254,0.6505893642598177
20260818-213956,1787089224254,0.6505893642598177
20260818-213956,1787089224256,0.6505893642598177
20260818-213956,1787089224256,0.6505893642598177
20260818-213956,1787089224263,0.6505893642598177
20260818-213956,1787089224274,0.6505893642598177
20260818-213956,1787089224274,0.6505893642598177
20260818-213956,1787089224274,0.6505893642598177
20260818-213956,1787089224274,0.6505893642598177
20260818-213956,1787089224347,-0.0
20260818-213956,1787089224288,-0.0
20260818-213956,1787089224449,0.0
20260818-213956,1787089224551,-0.0
20260818-213956,1787089224653,-0.0
20260818-213956,1787089224755,-0.0
20260818-213956,1787089224644,-0.0
20260818-213956,1787089224857,-0.0
20260818-213956,1787089224959,-0.0
20260818-213956,1787089225061,-0.0
20260818-213956,1787089225163,-0.0
20260818-213956,1787089225265,-0.0
20260818-213956,1787089225367,-0.0
20260818-213956,1787089225469,-0.0
20260818-213956,1787089225571,-0.0
20260818-213956,1787089225673,-0.0
20260818-213956,1787089225775,-0.0
20260818-213956,1787089225625,-0.0
20260818-213956,1787089225877,-0.0
20260818-213956,1787089225979,-0.0
20260818-213956,1787089225899,0.0
20260818-213956,1787089226081,0.0
20260818-213956,1787089226183,-0.0
20260818-213956,1787089226285,-0.0
20260818-213956,1787089226387,-0.0
20260818-213956,1787089226489,-0.0
20260818-213956,1787089226591,-0.0
20260818-213956,1787089226693,-0.0
20260818-213956,1787089226795,-0.0
20260818-213956,1787089226897,-0.0
20260818-213956,1787089226999,-0.0
20260818-213956,1787089227101,-0.0
20260818-213956,1787089227203,0.0
20260818-213956,1787089227305,-0.0
20260818-213956,1787089227407,-0.0
20260818-213956,1787089227509,-0.0
20260818-213956,1787089227611,-0.0
20260818-213956,1787089227650,-0.0
20260818-213956,1787089227713,-0.0
20260818-213956,1787089227657,-0.0
20260818-213956,1787089227815,-0.0
20260818-213956,1787089227917,0.0
20260818-213956,1787089228019,-0.0
20260818-213956,1787089228121,-0.0
20260818-213956,1787089274939,-0.7435790784736042
20260818-213956,1787089274840,-0.7435790784736042
20260818-213956,1787089275041,-0.7435790784736042
20260818-213956,1787089275143,0.7435790784736042
20260818-213956,1787089275245,-0.7435790784736042
20260818-213956,1787089275347,-0.7435790784736042
20260818-213956,1787089275449,-0.7435790784736042
20260818-213956,1787089275551,-0.7435790784736042
20260818-213956,1787089275653,-0.7435790784736042
20260818-213956,1787089275755,-0.030982461604851474
20260818-213956,1787089275857,-0.030982461604851474
20260818-213956,1787089275782,-0.030982461604851474
20260818-213956,1787089275959,-0.030982461604851474
20260818-213956,1787089276061,-0.0
20260818-213956,1787089276163,-0.0
20260818-213956,1787089276265,-0.0
20260818-213956,1787089276367,-0.0
20260818-213956,1787089276469,-0.0
20260818-213956,1787089276571,-0.0
20260818-213956,1787089276673,-0.0
20260818-213956,1787089276775,-0.0
20260818-213956,1787089276634,-0.0
20260818-213956,1787089276877,-0.0
20260818-213956,1787089276979,-0.0
20260818-213956,1787089277081,-0.0
20260818-213956,1787089277183,-0.0
20260818-213956,1787089277285,-0.0
20260818-213956,1787089277387,0.0
20260818-213956,1787089277489,0.0
20260818-213956,1787089277591,-0.0
20260818-213956,1787089277693,-0.0
20260818-213956,1787089277795,0.0
20260818-213956,1787089277897,-0.0
20260818-213956,1787089277999,-0.0
20260818-213956,1787089278101,-0.0
20260818-213956,1787089278203,-0.0
20260818-213956,1787089278305,-0.0
20260818-213956,1787089278407,-0.0
20260818-213956,1787089278509,-0.0
20260818-213956,1787089278611,-0.0
20260818-213956,1787089278713,-0.0
20260818-213956,1787089278815,-0.0
20260818-213956,1787089278917,-0.0
20260818-213956,1787089279019,-0.0
20260818-213956,1787089279121,-0.0
20260818-213956,1787089279223,-0.0
20260818-213956,1787089279325,-0.0
20260818-213956,1787089279427,-0.0
20260818-213956,1787089279529,-0.0
20260818-213956,1787089279631,-0.0
20260818-213956,1787089279733,-0.0
20260818-213956,1787089279835,0.0
20260818-213956,1787089279937,-0.0
20260818-213956,1787089280039,-0.0
20260818-213956,1787089280141,-0.0
20260818-213956,1787089280243,-0.0
20260818-213956,1787089280091,-0.0
20260818-213956,1787089280345,-0.0
20260818-213956,1787089280447,-0.0
20260818-213956,1787089280549,-0.0
20260818-213956,1787089280651,-0.0
20260818-213956,1787089280517,-0.0
20260818-213956,1787089280753,-0.0
20260818-213956,1787089280855,-0.0
20260818-213956,1787089280957,-0.0
20260818-213956,1787089281059,-0.0
20260818-213956,1787089281161,-0.0
20260818-213956,1787089281263,-0.0
20260818-213956,1787089281365,-0.0
20260818-213956,1787089281467,-0.0
20260818-213956,1787089281569,-0.0
20260818-213956,1787089281671,-0.0
20260818-213956,1787089281591,-0.0
20260818-213956,1787089281773,-0.0
20260818-213956,1787089281875,-0.0
20260818-213956,1787089281977,-0.0
20260818-213956,1787089282079,-0.0
20260818-213956,1787089282181,-0.0
20260818-213956,1787089282283,-0.0
20260818-213956,1787089282385,0.0
20260818-213956,1787089282487,0.0
20260818-213956,1787089282589,0.0
20260818-213956,1787089282453,-0.0
20260818-213956,1787089282691,0.0
20260818-213956,1787089282793,-0.0
20260818-213956,1787089282895,-0.0
20260818-213956,1787089282997,-0.0
20260818-213956,1787089283099,-0.0
20260818-213956,1787089282982,-0.0
20260818-213956,1787089283201,-0.0
20260818-213956,1787089283303,0.4027720008382722
20260818-213956,1787089283405,-0.4027720008382722
20260818-213956,1787089283507,0.4027720008382722
20260818-213956,1787089283609,0.4027720008382722
20260818-213956,1787089283711,0.4027720008382722
20260818-213956,1787089283813,0.4027720008382722
20260818-213956,1787089283915,0.4027720008382722
20260818-213956,1787089284017,0.4027720008382722
20260818-213956,1787089284119,0.4027720008382722
20260818-213956,1787089284020,0.4027720008382722
20260818-213956,1787089284221,0.4027720008382722
20260818-213956,1787089284323,0.4027720008382722
20260818-213956,1787089284425,-0.4027720008382722
20260818-213956,1787089284527,0.4027720008382722
20260818-213956,1787089284629,0.4027720008382722
20260818-213956,1787089284731,0.4027720008382722
20260818-213956,1787089284833,0.4027720008382722
20260818-213956,1787089284736,0.4027720008382722
20260818-213956,1787089284935,0.4027720008382722
20260818-213956,1787089285037,0.4027720008382722
20260818-213956,1787089285139,0.4027720008382722
20260818-213956,1787089285241,0.4027720008382722
20260818-213956,1787089285343,0.4027720008382722
20260818-213956,1787089285445,0.4027720008382722
20260818-213956,1787089285547,0.4027720008382722
20260818-213956,1787089285649,0.4027720008382722
20260818-213956,1787089285751,0.4027720008382722
20260818-213956,1787089285687,0.4027720008382722
20260818-213956,1787089285853,0.4027720008382722
20260818-213956,1787089285955,0.4027720008382722
20260818-213956,1787089286057,0.4027720008382722
20260818-213956,1787089285942,0.4027720008382722
20260818-213956,1787089286159,0.4027720008382722
20260818-213956,1787089286261,0.4027720008382722
20260818-213956,1787089286363,0.4027720008382722
20260818-213956,1787089286465,0.4027720008382722
20260818-213956,1787089286567,0.4027720008382722
20260818-213956,1787089286669,0.4027720008382722
20260818-213956,1787089286771,0.4027720008382722
20260818-213956,1787089286873,-0.4027720008382722
20260818-213956,1787089286975,0.4027720008382722
20260818-213956,1787089287077,0.4027720008382722
20260818-213956,1787089287179,0.4027720008382722
20260818-213956,1787089287102,0.4027720008382722
20260818-213956,1787089287281,0.4027720008382722
20260818-213956,1787089287383,0.4027720008382722
20260818-213956,1787089287485,0.4027720008382722
20260818-213956,1787089287587,0.4027720008382722
20260818-213956,1787089287487,0.4027720008382722
20260818-213956,1787089287689,-0.4027720008382722
20260818-213956,1787089287791,0.4027720008382722
20260818-213956,1787089287893,0.4027720008382722
20260818-213956,1787089287995,0.4027720008382722
20260818-213956,1787089288097,0.4027720008382722
20260818-213956,1787089287966,0.4027720008382722
20260818-213956,1787089288199,0.4027720008382722
20260818-213956,1787089288301,0.4027720008382722
20260818-213956,1787089288403,0.4027720008382722
20260818-213956,1787089288505,0.4027720008382722
20260818-213956,1787089288607,0.4027720008382722
20260818-213956,1787089303499,1.6883323071671534
20260818-213956,1787089303601,1.6883323071671534
20260818-213956,1787089303531,1.6883323071671534
20260818-213956,1787089304315,1.6883323071671534
20260818-213956,1787089311965,2.245821416927453
20260818-213956,1787089312067,2.245821416927453
20260818-213956,1787089311954,2.245821416927453
20260818-213956,1787089312169,2.245821416927453
20260818-213956,1787089312271,2.245821416927453
20260818-213956,1787089312156,2.245821416927453
20260818-213956,1787089312373,2.245821416927453
20260818-213956,1787089312475,2.245821416927453
20260818-213956,1787089312577,2.245821416927453
20260818-213956,1787089312679,2.245821416927453
20260818-213956,1787089312781,2.245821416927453
20260818-213956,1787089312713,2.245821416927453
20260818-213956,1787089312883,2.245821416927453
20260818-213956,1787089312985,2.245821416927453
20260818-213956,1787089313087,2.245821416927453
20260818-213956,1787089313189,2.245821416927453
20260818-213956,1787089313050,2.245821416927453
20260818-213956,1787089313801,-2.245821416927453
20260818-213956,1787089313903,2.245821416927453
20260818-213956,1787089314005,-2.245821416927453
20260818-213956,1787089314107,2.245821416927453
20260818-213956,1787089314209,2.245821416927453
20260818-213956,1787089314104,2.245821416927453
20260818-213956,1787089314311,2.245821416927453
20260818-213956,1787089314413,2.245821416927453
20260818-213956,1787089314313,2.245821416927453
20260818-213956,1787089314515,2.245821416927453
20260818-213956,1787089314617,2.245821416927453
20260818-213956,1787089314719,2.245821416927453
20260818-213956,1787089314821,2.245821416927453
20260818-213956,1787089314676,2.245821416927453
20260818-213956,1787089314923,-2.245821416927453
20260818-213956,1787089315025,2.245821416927453
20260818-213956,1787089315127,2.245821416927453
20260818-213956,1787089315229,-2.245821416927453
20260818-213956,1787089315331,2.245821416927453
20260818-213956,1787089315433,2.245821416927453
20260818-213956,1787089315535,2.245821416927453
20260818-213956,1787089315404,2.245821416927453
20260818-213956,1787089315637,2.245821416927453
20260818-213956,1787089315739,2.245821416927453
20260818-213956,1787089315841,2.245821416927453
20260818-213956,1787089315943,2.245821416927453
20260818-214257,1787089378400,0.23237854154579754
20260818-214257,1787089378571,0.2478704443164191
20260818-214257,1787089378673,0.2478704443164191
20260818-214257,1787089378775,0.2478704443164191
20260818-214257,1787089378877,0.2478704443164191
20260818-214257,1787089378979,0.2478704443164191
20260818-214257,1787089379081,0.2478704443164191
20260818-214257,1787089379183,0.2478704443164191
20260818-214257,1787089379192,0.2478704443164191
20260818-214257,1787089379192,0.2478704443164191
20260818-214257,1787089379193,0.2478704443164191
20260818-214257,1787089379193,0.2478704443164191
20260818-214257,1787089379193,0.2478704443164191
20260818-214257,1787089379285,0.1704122504728275
20260818-214257,1787089379387,0.18590427324390432
20260818-214257,1787089379489,0.18590427324390432
20260818-214257,1787089379591,0.18590427324390432
20260818-214257,1787089379693,0.18590427324390432
20260818-214257,1787089379795,0.18590427324390432
20260818-214257,1787089379897,0.18590427324390432
20260818-214257,1787089379999,0.18590427324390432
20260818-214257,1787089380101,0.18590427324390432
20260818-214257,1787089380203,0.18590427324390432
20260818-214257,1787089380305,0.18590427324390432
20260818-214257,1787089380214,0.18590427324390432
20260818-214257,1787089380407,0.18590427324390432
20260818-214257,1787089380509,0.18590427324390432
20260818-214257,1787089380611,0.18590427324390432
20260818-214257,1787089380536,0.18590427324390432
20260818-214257,1787089380713,0.18590427324390432
20260818-214257,1787089380815,0.18590427324390432
20260818-214257,1787089380917,0.18590427324390432
20260818-214257,1787089381019,0.18590427324390432
20260818-214257,1787089381121,0.18590427324390432
20260818-214257,1787089381223,0.18590427324390432
20260818-214257,1787089381325,0.18590427324390432
20260818-214257,1787089381427,0.18590427324390432
20260818-214257,1787089381529,0.18590427324390432
20260818-214257,1787089381631,0.18590427324390432
20260818-214257,1787089381733,0.18590427324390432
20260818-214257,1787089381835,0.18590427324390432
20260818-214257,1787089381937,0.18590427324390432
20260818-214257,1787089381856,0.18590427324390432
20260818-214257,1787089382039,0.18590427324390432
20260818-214257,1787089382141,0.18590427324390432
20260818-214257,1787089382243,0.18590427324390432
20260818-214257,1787089382345,0.18590427324390432
20260818-214257,1787089382447,0.18590427324390432
20260818-214257,1787089382549,0.18590427324390432
20260818-214257,1787089382651,0.18590427324390432
20260818-214257,1787089382753,0.18590427324390432
20260818-214257,1787089382855,0.18590427324390432
20260818-214257,1787089382957,0.18590427324390432
20260818-214257,1787089383059,0.18590427324390432
20260818-214257,1787089383161,0.18590427324390432
20260818-214257,1787089383263,0.18590427324390432
20260818-214257,1787089383365,0.18590427324390432
20260818-214257,1787089383467,0.18590427324390432
20260818-214257,1787089383569,0.18590427324390432
20260818-214257,1787089383671,0.18590427324390432
20260818-214257,1787089383596,0.18590427324390432
20260818-214257,1787089383773,0.18590427324390432
20260818-214257,1787089383875,0.18590427324390432
20260818-214257,1787089383977,0.18590427324390432
20260818-214257,1787089383861,0.18590427324390432
20260818-214257,1787089384079,0.18590427324390432
20260818-214257,1787089384181,0.18590427324390432
20260818-214257,1787089384283,0.18590427324390432
20260818-214257,1787089384385,0.18590427324390432
20260818-214257,1787089384487,0.18590427324390432
20260818-214257,1787089384589,0.18590427324390432
20260818-214257,1787089384691,0.18590427324390432
20260818-214257,1787089384793,0.18590427324390432
20260818-214257,1787089384895,0.18590427324390432
20260818-214257,1787089384997,0.18590427324390432
20260818-214257,1787089385099,0.18590427324390432
20260818-214257,1787089384965,0.18590427324390432
20260818-214257,1787089385201,0.18590427324390432
20260818-214257,1787089385282,0.18590427324390432
20260818-214257,1787089385303,0.18590427324390432
20260818-214257,1787089385295,0.18590427324390432
20260818-214257,1787089385405,0.1394288529434176
20260818-214257,1787089385343,0.1394288529434176
20260818-214257,1787089385507,0.1394288529434176
20260818-214257,1787089385609,0.1394288529434176
20260818-214257,1787089385711,0.1394288529434176
20260818-214257,1787089385813,0.1394288529434176
20260818-214257,1787089385915,0.1394288529434176
20260818-214257,1787089386017,0.1394288529434176
20260818-214257,1787089386119,0.1394288529434176
20260818-214257,1787089386221,0.1394288529434176
20260818-214257,1787089386323,0.1394288529434176
20260818-214257,1787089386425,0.1394288529434176
20260818-214257,1787089386527,0.1394288529434176
20260818-214257,1787089386629,0.1394288529434176
20260818-214257,1787089386731,0.1394288529434176
20260818-214257,1787089386833,0.1394288529434176
20260818-214257,1787089386935,0.1394288529434176
20260818-214257,1787089386790,0.1394288529434176
20260818-214257,1787089387037,0.1394288529434176
20260818-214257,1787089387139,0.1394288529434176
20260818-214257,1787089387241,0.1394288529434176
20260818-214257,1787089387096,0.1394288529434176
20260818-214257,1787089387343,0.1394288529434176
20260818-214257,1787089387445,0.1394288529434176
20260818-214257,1787089387547,0.1394288529434176
20260818-214257,1787089387649,0.1394288529434176
20260818-214257,1787089387751,0.1394288529434176
20260818-214257,1787089387853,0.1394288529434176
20260818-214257,1787089387955,0.1394288529434176
20260818-214257,1787089388057,0.1394288529434176
20260818-214257,1787089388159,0.1394288529434176
20260818-214257,1787089388261,0.1394288529434176
20260818-214257,1787089388363,0.1394288529434176
20260818-214257,1787089388465,0.1394288529434176
20260818-214257,1787089388567,0.1394288529434176
20260818-214257,1787089388669,0.1394288529434176
20260818-214257,1787089388771,0.1394288529434176
20260818-214257,1787089388873,0.1394288529434176
20260818-214257,1787089388975,0.1394288529434176
20260818-214257,1787089389077,0.1394288529434176
20260818-214257,1787089389179,0.1394288529434176
20260818-214257,1787089389281,0.1394288529434176
20260818-214257,1787089389383,0.1394288529434176
20260818-214257,1787089389485,0.1394288529434176
20260818-214257,1787089389587,0.1394288529434176
20260818-214257,1787089389689,0.1394288529434176
20260818-214257,1787089389598,0.1394288529434176
20260818-214257,1787089389791,0.1394288529434176
20260818-214257,1787089389893,0.1394288529434176
20260818-214257,1787089389995,0.1394288529434176
20260818-214257,1787089390097,0.1394288529434176
20260818-214257,1787089390199,0.1394288529434176
20260818-214257,1787089390301,0.1394288529434176
20260818-214257,1787089390403,0.1394288529434176
20260818-214257,1787089390505,0.1394288529434176
20260818-214257,1787089390607,0.1394288529434176
20260818-214257,1787089390709,0.1394288529434176
20260818-214257,1787089390811,0.1394288529434176
20260818-214257,1787089390913,0.1394288529434176
20260818-214257,1787089391015,0.1394288529434176
20260818-214257,1787089391117,0.1394288529434176
20260818-214257,1787089391219,0.1394288529434176
20260818-214257,1787089391321,0.1394288529434176
20260818-214257,1787089391251,0.1394288529434176
20260818-214257,1787089391423,0.1394288529434176
20260818-214257,1787089391525,0.1394288529434176
20260818-214257,1787089391627,0.1394288529434176
20260818-214257,1787089391729,0.1394288529434176
20260818-214257,1787089391831,0.1394288529434176
20260818-214257,1787089391933,0.1394288529434176
20260818-214257,1787089392035,0.1394288529434176
20260818-214257,1787089392137,0.1394288529434176
20260818-214257,1787089392239,0.1394288529434176
20260818-214257,1787089392341,0.1394288529434176
20260818-214257,1787089392443,0.1394288529434176
20260818-214257,1787089392545,0.1394288529434176
20260818-214257,1787089392647,0.1394288529434176
20260818-214257,1787089392545,0.1394288529434176
20260818-214257,1787089392749,0.1394288529434176
20260818-214257,1787089392851,0.1394288529434176
20260818-214257,1787089392953,0.1394288529434176
20260818-214257,1787089393055,0.1394288529434176
20260818-214257,1787089393157,0.1394288529434176
20260818-214257,1787089393259,0.1394288529434176
20260818-214257,1787089393361,0.1394288529434176
20260818-214257,1787089393287,0.1394288529434176
20260818-214257,1787089393463,0.1394288529434176
20260818-214257,1787089393565,0.1394288529434176
20260818-214257,1787089393667,0.1394288529434176
20260818-214257,1787089393589,0.1394288529434176
20260818-214257,1787089393769,0.1394288529434176
20260818-214257,1787089393871,0.1394288529434176
20260818-214257,1787089393767,0.1394288529434176
20260818-214257,1787089393973,0.1394288529434176
20260818-214257,1787089394075,0.1394288529434176
20260818-214257,1787089394177,0.1394288529434176
20260818-214257,1787089394279,0.1394288529434176
20260818-214257,1787089394381,0.1394288529434176
20260818-214257,1787089394483,0.1394288529434176
20260818-214257,1787089394585,0.1394288529434176
20260818-214257,1787089394687,0.1394288529434176
20260818-214257,1787089394789,0.1394288529434176
20260818-214257,1787089394891,0.1394288529434176
20260818-214257,1787089394993,0.1394288529434176
20260818-214257,1787089395095,0.1394288529434176
20260818-214257,1787089395197,0.1394288529434176
20260818-214257,1787089395299,0.1394288529434176
20260818-214257,1787089395401,0.1394288529434176
20260818-214257,1787089395503,0.1394288529434176
20260818-214257,1787089395605,0.1394288529434176
20260818-214257,1787089395707,0.1394288529434176
20260818-214257,1787089395809,0.1394288529434176
20260818-214257,1787089395911,0.1394288529434176
20260818-214257,1787089396013,0.1394288529434176
20260818-214257,1787089396115,0.1394288529434176
20260818-214257,1787089396217,0.1394288529434176
20260818-214257,1787089396135,0.1394288529434176
20260818-214257,1787089396319,0.1394288529434176
20260818-214257,1787089396421,0.1394288529434176
20260818-214257,1787089396523,0.1394288529434176
20260818-214257,1787089396625,0.1394288529434176
20260818-214257,1787089396727,0.1394288529434176
20260818-214257,1787089396829,0.1394288529434176
20260818-214257,1787089396931,0.1394288529434176
20260818-214257,1787089397033,0.1394288529434176
20260818-214257,1787089397135,0.1394288529434176
20260818-214257,1787089397022,0.1394288529434176
20260818-214257,1787089397237,0.1394288529434176
20260818-214257,1787089397339,0.1394288529434176
20260818-214257,1787089397441,0.1394288529434176
20260818-214257,1787089397543,0.1394288529434176
20260818-214257,1787089397503,0.1394288529434176
20260818-214257,1787089397645,0.1394288529434176
20260818-214257,1787089397747,0.1394288529434176
20260818-214257,1787089397616,0.1394288529434176
20260818-214257,1787089397849,0.1394288529434176
20260818-214257,1787089397951,0.1394288529434176
20260818-214257,1787089397812,0.1394288529434176
20260818-214257,1787089398053,0.1394288529434176
20260818-214257,1787089398155,0.1394288529434176
20260818-214257,1787089398257,0.1394288529434176
20260818-214257,1787089398359,0.1394288529434176
20260818-214257,1787089398461,0.1394288529434176
20260818-214257,1787089398563,0.1394288529434176
20260818-214257,1787089398665,0.1394288529434176
20260818-214257,1787089398767,0.1394288529434176
20260818-214257,1787089398869,0.1394288529434176
20260818-214257,1787089398971,0.1394288529434176
20260818-214257,1787089399073,0.1394288529434176
20260818-214257,1787089399175,0.1394288529434176
20260818-214257,1787089399277,0.1394288529434176
20260818-214257,1787089399379,0.1394288529434176
20260818-214257,1787089399481,0.1394288529434176
20260818-214257,1787089399583,0.1394288529434176
20260818-214257,1787089399685,0.1394288529434176
20260818-214257,1787089399625,0.1394288529434176
20260818-214257,1787089399787,0.1394288529434176
20260818-214257,1787089399889,0.1394288529434176
20260818-214257,1787089399991,0.1394288529434176
20260818-214257,1787089400093,0.1394288529434176
20260818-214257,1787089400006,0.1394288529434176
20260818-214257,1787089400195,0.1394288529434176
20260818-214257,1787089400297,0.1394288529434176
20260818-214257,1787089400399,0.1394288529434176
20260818-214257,1787089400501,0.1394288529434176
20260818-214257,1787089400513,0.1394288529434176
20260818-214257,1787089400603,0.1394288529434176
20260818-214257,1787089400523,0.1394288529434176
20260818-214257,1787089400705,0.1394288529434176
20260818-214257,1787089400807,0.1394288529434176
20260818-214257,1787089402508,-2.2618668612500876
20260818-214257,1787089402508,-2.2618668612500876
20260818-214257,1787089402508,-2.2618668612500876
20260818-214257,1787089402508,-2.2618668612500876
20260818-214257,1787089402541,-2.2618668612500876
20260818-214257,1787089402508,-2.2618668612500876
20260818-214257,1787089402643,-2.2618668612500876
20260818-214257,1787089402522,-2.2618668612500876
20260818-214257,1787089402745,-2.2618668612500876
20260818-214257,1787089402847,-2.2618668612500876
20260818-214257,1787089402949,-2.2618668612500876
20260818-214257,1787089403051,-2.2618668612500876
20260818-214257,1787089402953,-2.2618668612500876
20260818-214257,1787089403153,-2.2618668612500876
20260818-214257,1787089403255,-2.2618668612500876
20260818-214257,1787089403357,-2.2618668612500876
20260818-214257,1787089403459,-2.2618668612500876
20260818-214257,1787089403561,-2.2618668612500876
20260818-214257,1787089403663,-2.2618668612500876
20260818-214257,1787089403522,-2.2618668612500876
20260818-214257,1787089403765,-2.2618668612500876
20260818-214257,1787089403867,-2.2618668612500876
20260818-214257,1787089403969,-2.2618668612500876
20260818-214257,1787089404071,-2.2618668612500876
20260818-214257,1787089404173,-2.2618668612500876
20260818-214257,1787089404275,-2.2618668612500876
20260818-214257,1787089404377,-2.2618668612500876
20260818-214257,1787089404230,-2.2618668612500876
20260818-214257,1787089404479,-2.2618668612500876
20260818-214257,1787089404581,-2.2618668612500876
20260818-214257,1787089404603,-2.2618668612500876
20260818-214257,1787089404603,-2.2618668612500876
20260818-214257,1787089404603,-2.2618668612500876
20260818-214257,1787089404604,-2.2618668612500876
20260818-214257,1787089404605,-2.2618668612500876
20260818-214257,1787089404605,-2.2618668612500876
20260818-214257,1787089404609,-2.2618668612500876
20260818-214257,1787089404611,-2.6957664846521388
20260818-214257,1787089404611,-2.6957664846521388
20260818-214257,1787089404611,-2.6957664846521388
20260818-214257,1787089404611,-2.6957664846521388
20260818-214257,1787089404611,-2.6957664846521388
20260818-214257,1787089404611,-2.6957664846521388
20260818-214257,1787089404611,-2.6957664846521388
20260818-214257,1787089404683,-2.6957664846521388
20260818-214257,1787089404611,-2.6957664846521388
20260818-214257,1787089404785,-2.6957664846521388
20260818-214257,1787089404887,-2.6957664846521388
20260818-214257,1787089404989,-2.6957664846521388
20260818-214257,1787089405091,-2.6957664846521388
20260818-214257,1787089405193,-2.6957664846521388
20260818-214257,1787089405295,-2.6957664846521388
20260818-214257,1787089405397,-2.6957664846521388
20260818-214257,1787089405499,-2.6957664846521388
20260818-214257,1787089405601,-2.6957664846521388
20260818-214257,1787089405703,-2.6957664846521388
20260818-214257,1787089405805,-2.6957664846521388
20260818-214257,1787089405720,-2.6957664846521388
20260818-214257,1787089405907,-2.6957664846521388
20260818-214257,1787089406009,-2.6957664846521388
20260818-214257,1787089405936,-2.6957664846521388
20260818-214257,1787089406111,-2.6957664846521388
20260818-214257,1787089406213,-2.6957664846521388
20260818-214257,1787089406315,-2.6957664846521388
20260818-214257,1787089406417,-2.6957664846521388
20260818-214257,1787089406519,-2.6957664846521388
20260818-214257,1787089406426,-2.6957664846521388
20260818-214257,1787089406621,-2.6957664846521388
20260818-214257,1787089406723,-2.6957664846521388
20260818-214257,1787089406825,-2.6957664846521388
20260818-214257,1787089406927,-2.6957664846521388
20260818-214257,1787089407029,-2.6957664846521388
20260818-214257,1787089406962,-2.6957664846521388
20260818-214257,1787089407131,-2.6957664846521388
20260818-214257,1787089407233,-2.6957664846521388
20260818-214257,1787089407335,-2.6957664846521388
20260818-214257,1787089407437,-2.6957664846521388
20260818-214257,1787089407539,-2.6957664846521388
20260818-214257,1787089407580,-2.6957664846521388
20260818-214257,1787089407641,-2.6957664846521388
20260818-214257,1787089407743,-2.6957664846521388
20260818-214257,1787089407630,-2.6957664846521388
20260818-214257,1787089407845,-2.6957664846521388
20260818-214257,1787089407947,-2.6957664846521388
20260818-214257,1787089408049,-2.6957664846521388
20260818-214257,1787089408151,-3.1140750770974996
20260818-214257,1787089408253,-3.1140750770974996
20260818-214257,1787089408355,-3.4394262045562547
20260818-214257,1787089408457,-3.8422418861693877
20260818-214257,1787089408559,-3.8422418861693877
20260818-214257,1787089408661,-3.8422418861693877
20260818-214257,1787089408763,-3.8422418861693877
20260818-214257,1787089408865,-3.8422418861693877
20260818-214257,1787089408967,-3.8422418861693877
20260818-214257,1787089409069,-3.8422418861693877
20260818-214257,1787089408926,-3.8422418861693877
20260818-214257,1787089409171,-3.8422418861693877
20260818-214257,1787089409273,-3.8422418861693877
20260818-214257,1787089409375,-3.8422418861693877
20260818-214257,1787089409477,-3.8422418861693877
20260818-214257,1787089409407,-3.8422418861693877
20260818-214257,1787089409579,-3.8422418861693877
20260818-214257,1787089409681,-3.8422418861693877
20260818-214257,1787089409783,-3.8422418861693877
20260818-214257,1787089409885,-3.8422418861693877
20260818-214257,1787089409987,-3.8422418861693877
20260818-214257,1787089410089,-3.8422418861693877
20260818-214257,1787089410191,-3.8422418861693877
20260818-214257,1787089410293,-3.8422418861693877
20260818-214257,1787089410198,-3.8422418861693877
20260818-214257,1787089410395,-3.8422418861693877
20260818-214257,1787089410497,-3.8422418861693877
20260818-214257,1787089410599,-3.8422418861693877
20260818-214257,1787089410701,-3.8422418861693877
20260818-214257,1787089410803,-3.8422418861693877
20260818-214257,1787089410905,-3.8422418861693877
20260818-214257,1787089411007,-3.8422418861693877
20260818-214257,1787089411109,-3.8422418861693877
20260818-214257,1787089411211,-3.8422418861693877
20260818-214257,1787089411313,-3.8422418861693877
20260818-214257,1787089411415,-3.8422418861693877
20260818-214257,1787089411517,-3.8422418861693877
20260818-214257,1787089411619,-3.8422418861693877
20260818-214257,1787089411721,-3.8422418861693877
20260818-214257,1787089411823,-3.8422418861693877
20260818-214257,1787089411925,-3.8422418861693877
20260818-214257,1787089412027,-3.8422418861693877
20260818-214257,1787089412129,-3.8422418861693877
20260818-214257,1787089412231,-3.8422418861693877
20260818-214257,1787089412333,-3.8422418861693877
20260818-214257,1787089412435,-3.8422418861693877
20260818-214257,1787089412537,-3.8422418861693877
20260818-214257,1787089412639,-3.8422418861693877
20260818-214257,1787089412741,-3.8422418861693877
20260818-214257,1787089412843,-3.8422418861693877
20260818-214257,1787089412837,-3.8422418861693877
20260818-214257,1787089412945,-3.8422418861693877
20260818-214257,1787089413047,-3.8422418861693877
20260818-214257,1787089412925,-3.8422418861693877
20260818-214257,1787089413149,-3.8422418861693877
20260818-214257,1787089413251,-3.8422418861693877
20260818-214257,1787089413353,-3.8422418861693877
20260818-214257,1787089413455,-3.8422418861693877
20260818-214257,1787089413557,-3.8422418861693877
20260818-214257,1787089413659,-3.8422418861693877
20260818-214257,1787089413571,-3.8422418861693877
20260818-214257,1787089413761,-3.8422418861693877
20260818-214257,1787089413863,-3.8422418861693877
20260818-214257,1787089413730,-3.8422418861693877
20260818-214257,1787089413965,-3.8422418861693877
20260818-214257,1787089414067,-3.8422418861693877
20260818-214257,1787089414169,-3.8422418861693877
20260818-214257,1787089414093,-3.8422418861693877
20260818-214257,1787089414271,-3.8422418861693877
20260818-214257,1787089414373,-3.8422418861693877
20260818-214257,1787089414475,-3.8422418861693877
20260818-214257,1787089414577,-3.8422418861693877
20260818-214257,1787089414679,-3.8422418861693877
20260818-214257,1787089414542,-3.8422418861693877
20260818-214257,1787089414781,-3.8422418861693877
20260818-214257,1787089414883,-3.8422418861693877
20260818-214257,1787089414985,-3.8422418861693877
20260818-214257,1787089415087,-3.8422418861693877
20260818-214257,1787089415189,-3.8422418861693877
20260818-214257,1787089415291,-3.8422418861693877
20260818-214257,1787089415393,-3.8422418861693877
20260818-214257,1787089415495,-3.8422418861693877
20260818-214257,1787089415597,-3.8422418861693877
20260818-214257,1787089415469,-3.8422418861693877
20260818-214257,1787089415699,-3.8422418861693877
20260818-214257,1787089415801,-3.8577407737627425
20260818-214257,1787089415903,-3.8577407737627425
20260818-214257,1787089415775,-3.8577407737627425
20260818-214257,1787089416005,-3.8577407737627425
20260818-214257,1787089416107,-3.8577407737627425
20260818-214257,1787089416209,-3.8577407737627425
20260818-214257,1787089416311,-3.8577407737627425
20260818-214257,1787089416413,-3.8577407737627425
20260818-214257,1787089416515,-3.8577407737627425
20260818-214257,1787089416617,-3.8577407737627425
20260818-214257,1787089416719,-3.8577407737627425
20260818-214257,1787089416821,-3.8577407737627425
20260818-214257,1787089416923,-3.8577407737627425
20260818-214257,1787089417025,-3.8577407737627425
20260818-214257,1787089417127,-3.8577407737627425
20260818-214257,1787089417229,-3.8577407737627425
20260818-214257,1787089417121,-3.8577407737627425
20260818-214257,1787089417331,-3.8577407737627425
20260818-214257,1787089417433,-3.8577407737627425
20260818-214257,1787089417535,-3.8577407737627425
20260818-214257,1787089417637,-3.8577407737627425
20260818-214257,1787089417739,-3.8577407737627425
20260818-214257,1787089417841,-3.8577407737627425
20260818-214257,1787089417943,-3.8577407737627425
20260818-214257,1787089417859,-3.8577407737627425
20260818-214257,1787089418045,-3.8577407737627425
20260818-214257,1787089418147,-3.8577407737627425
20260818-214257,1787089418003,-3.8577407737627425
20260818-214257,1787089418249,-3.8577407737627425
20260818-214257,1787089418307,-3.8577407737627425
20260818-214257,1787089418351,-3.8577407737627425
20260818-214257,1787089418453,-3.8577407737627425
20260818-214257,1787089418318,-3.8577407737627425
20260818-214257,1787089418555,-3.8577407737627425
20260818-214257,1787089418657,-3.8577407737627425
20260818-214257,1787089418759,-3.8577407737627425
20260818-214257,1787089418635,-3.8577407737627425
20260818-214257,1787089418861,-3.8577407737627425
20260818-214257,1787089418963,-3.8577407737627425
20260818-214257,1787089419065,-3.8577407737627425
20260818-214257,1787089419167,-3.8577407737627425
20260818-214257,1787089419269,-3.8577407737627425
20260818-214257,1787089419371,-3.8577407737627425
20260818-214257,1787089419473,-3.8577407737627425
20260818-214257,1787089419575,-3.8577407737627425
20260818-214257,1787089419677,-3.8577407737627425
20260818-214257,1787089419779,-3.8577407737627425
20260818-214257,1787089419881,-3.8577407737627425
20260818-214257,1787089419983,-3.8577407737627425
20260818-214257,1787089420085,-3.8577407737627425
20260818-214257,1787089420187,-3.8577407737627425
20260818-214257,1787089420042,-3.8577407737627425
20260818-214257,1787089420289,-3.8577407737627425
20260818-214257,1787089420391,-3.8577407737627425
20260818-214257,1787089420493,-3.8577407737627425
20260818-214257,1787089420595,-3.8577407737627425
20260818-214257,1787089420697,-3.8577407737627425
20260818-214257,1787089420799,-3.8577407737627425
20260818-214257,1787089420901,-3.8577407737627425
20260818-214257,1787089421003,-3.8577407737627425
20260818-214257,1787089420855,-3.8577407737627425
20260818-214257,1787089421105,-3.8577407737627425
20260818-214257,1787089421207,-3.8577407737627425
20260818-214257,1787089421309,-3.8577407737627425
20260818-214257,1787089421411,-3.8577407737627425
20260818-214257,1787089421513,-3.8577407737627425
20260818-214257,1787089421464,-3.8577407737627425
20260818-214257,1787089421615,-3.8577407737627425
20260818-214257,1787089421717,-3.8577407737627425
20260818-214257,1787089421654,-3.8577407737627425
20260818-214257,1787089421819,-3.8577407737627425
20260818-214257,1787089421921,-3.8577407737627425
20260818-214257,1787089421795,-3.8577407737627425
20260818-214257,1787089422023,-3.8577407737627425
20260818-214257,1787089422125,-3.8577407737627425
20260818-214257,1787089422227,-3.8577407737627425
20260818-214257,1787089422329,-3.8577407737627425
20260818-214257,1787089422431,-3.8577407737627425
20260818-214257,1787089422533,-3.8577407737627425
20260818-214257,1787089422635,-3.8577407737627425
20260818-214257,1787089422737,-3.8577407737627425
20260818-214257,1787089422839,-3.8577407737627425
20260818-214257,1787089422941,-3.8577407737627425
20260818-214257,1787089423043,-3.8577407737627425
20260818-214257,1787089423145,-3.8577407737627425
20260818-214257,1787089423247,-3.8577407737627425
20260818-214257,1787089423349,-3.8577407737627425
20260818-214257,1787089423451,-3.8577407737627425
20260818-214257,1787089423553,-3.8577407737627425
20260818-214257,1787089423655,-3.8577407737627425
20260818-214257,1787089423757,-3.8577407737627425
20260818-214257,1787089423859,-3.8577407737627425
20260818-214257,1787089423961,-3.8577407737627425
20260818-214257,1787089424063,-3.8577407737627425
20260818-214257,1787089424165,-3.8577407737627425
20260818-214257,1787089424267,-3.8577407737627425
20260818-214257,1787089424369,-3.8577407737627425
20260818-214257,1787089424471,-3.8577407737627425
20260818-214257,1787089424378,-3.8577407737627425
20260818-214257,1787089424573,-3.8577407737627425
20260818-214257,1787089424675,-3.8577407737627425
20260818-214257,1787089424528,-3.8577407737627425
20260818-214257,1787089424777,-3.8577407737627425
20260818-214257,1787089424689,-3.8577407737627425
20260818-214257,1787089424879,-3.8577407737627425
20260818-214257,1787089424981,-3.8577407737627425
20260818-214257,1787089425083,-3.8577407737627425
20260818-214257,1787089425185,-3.8577407737627425
20260818-214257,1787089425287,-3.8577407737627425
20260818-214257,1787089425389,-3.8577407737627425
20260818-214257,1787089425491,-3.8577407737627425
20260818-214257,1787089425593,-3.8577407737627425
20260818-214257,1787089425695,-3.8577407737627425
20260818-214257,1787089425797,-3.8577407737627425
20260818-214257,1787089425899,-3.8577407737627425
20260818-214257,1787089426001,-3.8577407737627425
20260818-214257,1787089426103,-3.8577407737627425
20260818-214257,1787089426205,-3.8577407737627425
20260818-214257,1787089426307,-3.8577407737627425
20260818-214257,1787089426409,-4.678866319985977
20260818-214257,1787089426511,-4.678866319985977
20260818-214257,1787089426613,-4.678866319985977
20260818-214257,1787089426715,-4.678866319985977
20260818-214257,1787089426639,-4.678866319985977
20260818-214257,1787089426817,-4.678866319985977
20260818-214257,1787089426919,-4.678866319985977
20260818-214257,1787089427021,-4.678866319985977
20260818-214257,1787089427123,-4.678866319985977
20260818-214257,1787089427225,-4.678866319985977
20260818-214257,1787089427327,-4.678866319985977
20260818-214257,1787089427429,-4.678866319985977
20260818-214257,1787089427531,-4.678866319985977
20260818-214257,1787089427633,-4.678866319985977
20260818-214257,1787089427735,-4.678866319985977
20260818-214257,1787089427837,-4.678866319985977
20260818-214257,1787089427939,-4.678866319985977
20260818-214257,1787089428041,-4.678866319985977
20260818-214257,1787089427951,-4.678866319985977
20260818-214257,1787089428143,-4.678866319985977
20260818-214257,1787089428093,-4.678866319985977
20260818-214257,1787089428245,-4.678866319985977
20260818-214257,1787089428347,-4.678866319985977
20260818-214257,1787089428449,-4.678866319985977
20260818-214257,1787089428551,-4.678866319985977
20260818-214257,1787089428653,-4.678866319985977
20260818-214257,1787089428514,-4.678866319985977
20260818-214257,1787089428755,-4.678866319985977
20260818-214257,1787089428857,-4.678866319985977
20260818-214257,1787089428731,-4.678866319985977
20260818-214257,1787089428959,-4.678866319985977
20260818-214257,1787089429061,-4.678866319985977
20260818-214257,1787089429163,-4.678866319985977
20260818-214257,1787089429065,-4.678866319985977
20260818-214257,1787089429265,-4.678866319985977
20260818-214257,1787089429367,-4.678866319985977
20260818-214257,1787089429469,-4.678866319985977
20260818-214257,1787089429571,-4.678866319985977
20260818-214257,1787089429673,-4.678866319985977
20260818-214257,1787089429775,-4.678866319985977
20260818-214257,1787089429877,-4.678866319985977
20260818-214257,1787089429979,-4.678866319985977
20260818-214257,1787089430081,-4.074641861445585
20260818-214257,1787089430183,-3.207037510718723
20260818-214257,1787089430285,-2.850700009527253
20260818-214257,1787089430387,-2.3549260948271553
20260818-214257,1787089430249,-2.850700009527253
20260818-214257,1787089430489,-2.3549260948271553
20260818-214257,1787089430591,-2.3549260948271553
20260818-214257,1787089430693,-2.3549260948271553
20260818-214257,1787089430795,-2.3549260948271553
20260818-214257,1787089430897,-2.3549260948271553
20260818-214257,1787089430999,-2.3549260948271553
20260818-214257,1787089431101,-2.3549260948271553
20260818-214257,1787089431203,-2.3549260948271553
20260818-214257,1787089431305,-2.3549260948271553
20260818-214257,1787089431407,-2.3549260948271553
20260818-214257,1787089431509,-2.3549260948271553
20260818-214257,1787089431611,-2.3549260948271553
20260818-214257,1787089431713,-2.3549260948271553
20260818-214257,1787089431815,-2.3549260948271553
20260818-214257,1787089431712,-2.3549260948271553
20260818-214257,1787089431917,-2.3549260948271553
20260818-214257,1787089432019,-2.3549260948271553
20260818-214257,1787089432121,-2.3549260948271553
20260818-214257,1787089432223,-2.3549260948271553
20260818-214257,1787089432325,-2.3549260948271553
20260818-214257,1787089432427,-2.3549260948271553
20260818-214257,1787089432529,-2.3549260948271553
20260818-214257,1787089432631,-2.3549260948271553
20260818-214257,1787089432733,-2.3549260948271553
20260818-214257,1787089432835,-2.3549260948271553
20260818-214257,1787089432937,-2.3549260948271553
20260818-214257,1787089433039,-2.3549260948271553
20260818-214257,1787089432998,-2.3549260948271553
20260818-214257,1787089433133,-2.773351347204869
20260818-214257,1787089433133,-2.773351347204869
20260818-214257,1787089433133,-2.773351347204869
20260818-214257,1787089433133,-2.773351347204869
20260818-214257,1787089433133,-2.773351347204869
20260818-214257,1787089433133,-2.773351347204869
20260818-214257,1787089433133,-2.773351347204869
20260818-214257,1787089433133,-2.773351347204869
20260818-214257,1787089433133,-2.773351347204869
20260818-214257,1787089433133,-2.773351347204869
20260818-214257,1787089433133,-2.773351347204869
20260818-214257,1787089433133,-2.773351347204869
20260818-214257,1787089433133,-2.773351347204869
20260818-214257,1787089433133,-2.773351347204869
20260818-214257,1787089433141,-2.4944668541893127
20260818-214257,1787089433133,-2.773351347204869
20260818-214257,1787089433208,-1.8747235363779673
20260818-214257,1787089433208,-1.8747235363779673
20260818-214257,1787089433208,-1.8747235363779673
20260818-214257,1787089433208,-1.8747235363779673
20260818-214257,1787089433208,-1.8747235363779673
20260818-214257,1787089433208,-1.8747235363779673
20260818-214257,1787089433208,-1.8747235363779673
20260818-214257,1787089433208,-1.8747235363779673
20260818-214257,1787089433208,-1.8747235363779673
20260818-214257,1787089433208,-1.8747235363779673
20260818-214257,1787089433208,-1.8747235363779673
20260818-214257,1787089433208,-1.8747235363779673
20260818-214257,1787089433221,-2.184662891795083
20260818-214257,1787089433221,-2.184662891795083
20260818-214257,1787089433221,-2.184662891795083
20260818-214257,1787089433243,-2.184662891795083
20260818-214257,1787089433345,-2.184662891795083
20260818-214257,1787089433221,-2.184662891795083
20260818-214257,1787089433447,-2.184662891795083
20260818-214257,1787089433549,-2.184662891795083
20260818-214257,1787089433651,-2.4791230721912894
20260818-214257,1787089433626,-2.4791230721912894
20260818-214257,1787089433626,-2.4791230721912894
20260818-214257,1787089433626,-2.4791230721912894
20260818-214257,1787089433626,-2.4791230721912894
20260818-214257,1787089433626,-2.4791230721912894
20260818-214257,1787089433626,-2.4791230721912894
20260818-214257,1787089433626,-2.4791230721912894
20260818-214257,1787089433627,-2.4791230721912894
20260818-214257,1787089433627,-2.4791230721912894
20260818-214257,1787089433627,-2.4791230721912894
20260818-214257,1787089433627,-2.4791230721912894
20260818-214257,1787089433627,-2.4791230721912894
20260818-214257,1787089433627,-2.4791230721912894
20260818-214257,1787089433627,-2.4791230721912894
20260818-214257,1787089433753,-2.7581013416308147
20260818-214257,1787089433701,-2.7581013416308147
20260818-214257,1787089433746,-2.7581013416308147
20260818-214257,1787089433746,-2.7581013416308147
20260818-214257,1787089433746,-2.7581013416308147
20260818-214257,1787089433746,-2.7581013416308147
20260818-214257,1787089433746,-2.7581013416308147
20260818-214257,1787089433746,-2.7581013416308147
20260818-214257,1787089433746,-2.7581013416308147
20260818-214257,1787089433746,-2.7581013416308147
20260818-214257,1787089433746,-2.7581013416308147
20260818-214257,1787089433746,-2.7581013416308147
20260818-214257,1787089433855,-2.7581013416308147
20260818-214257,1787089433746,-2.7581013416308147
20260818-214257,1787089433957,-3.3471065735764944
20260818-214257,1787089433785,-3.3471065735764944
20260818-214257,1787089433946,-3.3471065735764944
20260818-214257,1787089433946,-3.3471065735764944
20260818-214257,1787089433946,-3.3471065735764944
20260818-214257,1787089433946,-3.3471065735764944
20260818-214257,1787089433946,-3.3471065735764944
20260818-214257,1787089433946,-3.3471065735764944
20260818-214257,1787089433946,-3.3471065735764944
20260818-214257,1787089433946,-3.3471065735764944
20260818-214257,1787089433946,-3.3471065735764944
20260818-214257,1787089433946,-3.3471065735764944
20260818-214257,1787089433946,-3.3471065735764944
20260818-214257,1787089433946,-3.3471065735764944
20260818-214257,1787089433946,-3.3471065735764944
20260818-214257,1787089433946,-3.3471065735764944
20260818-214257,1787089433946,-3.3471065735764944
20260818-214257,1787089433946,-3.3471065735764944
20260818-214257,1787089433946,-3.3471065735764944
20260818-214257,1787089433946,-3.3471065735764944
20260818-214257,1787089433946,-3.3471065735764944
20260818-214257,1787089433946,-3.3471065735764944
20260818-214257,1787089433946,-3.3471065735764944
20260818-214257,1787089433946,-3.3471065735764944
20260818-214257,1787089433946,-3.3471065735764944
20260818-214257,1787089433946,-3.3471065735764944
20260818-214257,1787089433946,-3.3471065735764944
20260818-214257,1787089433946,-3.3471065735764944
20260818-214257,1787089433946,-3.3471065735764944
20260818-214257,1787089433946,-3.3471065735764944
20260818-214257,1787089433946,-3.3471065735764944
20260818-214257,1787089433946,-3.3471065735764944
20260818-214257,1787089433946,-3.3471065735764944
20260818-214257,1787089433946,-3.3471065735764944
20260818-214257,1787089433946,-3.3471065735764944
20260818-214257,1787089433946,-3.3471065735764944
20260818-214257,1787089433946,-3.3471065735764944
20260818-214257,1787089433946,-3.3471065735764944
20260818-214257,1787089433946,-3.3471065735764944
20260818-214257,1787089433946,-3.3471065735764944
20260818-214257,1787089433946,-3.3471065735764944
20260818-214257,1787089433956,-3.3471065735764944
20260818-214257,1787089437731,-0.20138288075157804
20260818-214257,1787089437688,-0.20138288075157804
20260818-214257,1787089437833,-0.2168742075368712
20260818-214257,1787089437739,-0.2168742075368712
20260818-214257,1787089437935,-0.2168742075368712
20260818-214257,1787089437900,-0.2168742075368712
20260818-214257,1787089437965,-0.2168742075368712
20260818-214257,1787089437967,-0.2168742075368712
20260818-214257,1787089437967,-0.2168742075368712
20260818-214257,1787089437967,-0.2168742075368712
20260818-214257,1787089437969,-0.6506508444901244
20260818-214257,1787089437969,-0.6506508444901244
20260818-214257,1787089437969,-0.6506508444901244
20260818-214257,1787089437969,-0.6506508444901244
20260818-214257,1787089437969,-0.6506508444901244
20260818-214257,1787089437969,-0.6506508444901244
20260818-214257,1787089437969,-0.6506508444901244
20260818-214257,1787089437969,-0.6506508444901244
20260818-214257,1787089438037,-0.6506508444901244
20260818-214257,1787089437969,-0.6506508444901244
20260818-214257,1787089438139,-0.6506508444901244
20260818-214257,1787089438241,-0.6506508444901244
20260818-214257,1787089438234,-0.6506508444901244
20260818-214257,1787089438303,-0.6506508444901244
20260818-214257,1787089438303,-0.6506508444901244
20260818-214257,1787089438303,-0.6506508444901244
20260818-214257,1787089438303,-0.6506508444901244
20260818-214257,1787089438303,-0.6506508444901244
20260818-214257,1787089438303,-0.6506508444901244
20260818-214257,1787089438303,-0.6506508444901244
20260818-214257,1787089438308,-1.0224893432583897
20260818-214257,1787089438308,-1.0224893432583897
20260818-214257,1787089438308,-1.0224893432583897
20260818-214257,1787089438308,-1.0224893432583897
20260818-214257,1787089438343,-1.0224893432583897
20260818-214257,1787089438445,-1.0224893432583897
20260818-214257,1787089438308,-1.0224893432583897
20260818-214257,1787089438547,-1.0224893432583897
20260818-214257,1787089438550,-1.0224893432583897
20260818-214257,1787089438649,-1.0379832141068255
20260818-214257,1787089438558,-1.0379832141068255
20260818-214257,1787089438751,-1.0379832141068255
20260818-214257,1787089438853,-1.0379832141068255
20260818-214257,1787089438955,-1.0379832141068255
20260818-214257,1787089439057,-1.0379832141068255
20260818-214257,1787089439159,-1.0379832141068255
20260818-214257,1787089439261,-1.0379832141068255
20260818-214257,1787089439363,-1.0379832141068255
20260818-214257,1787089439465,-1.0534771329624337
20260818-214257,1787089439446,-1.0534771329624337
20260818-214257,1787089439567,-1.0534771329624337
20260818-214257,1787089439669,-1.0534771329624337
20260818-214257,1787089439527,-1.0534771329624337
20260818-214257,1787089439771,-1.0534771329624337
20260818-214257,1787089439873,-1.0534771329624337
20260818-214257,1787089439975,-1.0534771329624337
20260818-214257,1787089440077,-1.0534771329624337
20260818-214257,1787089440179,-1.0534771329624337
20260818-214257,1787089440091,-1.0534771329624337
20260818-214257,1787089440281,-1.0534771329624337
20260818-214257,1787089440383,-1.0534771329624337
20260818-214257,1787089440231,-1.0534771329624337
20260818-214257,1787089440485,-1.0534771329624337
20260818-214257,1787089440587,-1.0534771329624337
20260818-214257,1787089440689,-1.0534771329624337
20260818-214257,1787089440791,-1.0534771329624337
20260818-214257,1787089440893,-1.0534771329624337
20260818-214257,1787089440835,-1.0534771329624337
20260818-214257,1787089440995,-1.0534771329624337
20260818-214257,1787089441097,-1.0534771329624337
20260818-214257,1787089441199,-1.0534771329624337
20260818-214257,1787089441301,-1.0534771329624337
20260818-214257,1787089441403,-1.0534771329624337
20260818-214257,1787089441505,-0.1549231077885269
20260818-214257,1787089441398,-1.0534771329624337
20260818-214257,1787089441607,-0.1549231077885269
20260818-214257,1787089441709,-0.1549231077885269
20260818-214257,1787089441811,-0.1549231077885269
20260818-214257,1787089441698,-0.1549231077885269
20260818-214257,1787089441913,-0.1549231077885269
20260818-214257,1787089442015,-0.1549231077885269
20260818-214257,1787089442117,-0.1549231077885269
20260818-214257,1787089442049,-0.1549231077885269
20260818-214257,1787089442219,-0.1549231077885269
20260818-214257,1787089442123,-0.1549231077885269
20260818-214257,1787089442321,-0.1549231077885269
20260818-214257,1787089442423,-0.1549231077885269
20260818-214257,1787089442330,-0.1549231077885269
20260818-214257,1787089442525,-0.1549231077885269
20260818-214257,1787089442627,-0.1549231077885269
20260818-214257,1787089442729,-0.1549231077885269
20260818-214257,1787089442831,-0.1549231077885269
20260818-214257,1787089442933,-0.1549231077885269
20260818-214257,1787089442790,-0.1549231077885269
20260818-214257,1787089443035,-0.1549231077885269
20260818-214257,1787089443137,-0.1549231077885269
20260818-214257,1787089443018,-0.1549231077885269
20260818-214257,1787089443239,-0.1549231077885269
20260818-214257,1787089443341,-0.0
20260818-214257,1787089443443,-0.0
20260818-214257,1787089443545,0.2943539047972993
20260818-214257,1787089443647,0.2943539047972993
20260818-214257,1787089443749,0.2943539047972993
20260818-214257,1787089443851,0.2943539047972993
20260818-214257,1787089443953,0.2943539047972993
20260818-214257,1787089444055,0.2943539047972993
20260818-214257,1787089444157,0.2943539047972993
20260818-214257,1787089444259,0.2943539047972993
20260818-214257,1787089444361,0.2943539047972993
20260818-214257,1787089444463,0.2943539047972993
20260818-214257,1787089444565,0.2943539047972993
20260818-214257,1787089444667,0.2943539047972993
20260818-214257,1787089444769,0.2943539047972993
20260818-214257,1787089444871,0.2943539047972993
20260818-214257,1787089444973,0.2943539047972993
20260818-214257,1787089445075,0.2943539047972993
20260818-214257,1787089445177,0.2943539047972993
20260818-214257,1787089445279,0.2943539047972993
20260818-214257,1787089445381,0.2943539047972993
20260818-214257,1787089445483,0.2943539047972993
20260818-214257,1787089445585,0.2943539047972993
20260818-214257,1787089445687,0.2943539047972993
20260818-214257,1787089445789,0.2943539047972993
20260818-214257,1787089445653,0.2943539047972993
20260818-214257,1787089445891,0.2943539047972993
20260818-214257,1787089445830,0.2943539047972993
20260818-214257,1787089445993,0.2943539047972993
20260818-214257,1787089446095,0.2943539047972993
20260818-214257,1787089446197,0.2943539047972993
20260818-214257,1787089446299,0.2943539047972993
20260818-214257,1787089446401,0.2943539047972993
20260818-214257,1787089446503,0.2943539047972993
20260818-214257,1787089446605,-0.32533852635680816
20260818-214257,1787089446707,-0.32533852635680816
20260818-214257,1787089446809,-0.573215498819353
20260818-214257,1787089446911,-0.573215498819353
20260818-214257,1787089447013,-2.8815698048675014
20260818-214257,1787089447115,-3.997016180944444
20260818-214257,1787089447217,-4.043493113281453
20260818-214257,1787089447319,-2.5097543461759386
20260818-214257,1787089447421,-2.5097543461759386
20260818-214257,1787089447523,-2.5097543461759386
20260818-214257,1787089447625,-2.5097543461759386
20260818-214257,1787089447727,-2.5097543461759386
20260818-214257,1787089447629,-2.5097543461759386
20260818-214257,1787089447829,-2.5097543461759386
20260818-214257,1787089447771,-2.5097543461759386
20260818-214257,1787089447931,-2.5097543461759386
20260818-214257,1787089448033,-2.5097543461759386
20260818-214257,1787089448135,-2.5097543461759386
20260818-214257,1787089448237,-2.5097543461759386
20260818-214257,1787089448339,-2.5097543461759386
20260818-214257,1787089448441,-2.5097543461759386
20260818-214257,1787089448543,-2.5097543461759386
20260818-214257,1787089448645,-2.5097543461759386
20260818-214257,1787089448747,-2.5097543461759386
20260818-214257,1787089448849,-2.5097543461759386
20260818-214257,1787089448951,-2.5097543461759386
20260818-214257,1787089449053,-2.5097543461759386
20260818-214257,1787089449155,-2.5097543461759386
20260818-214257,1787089449100,-2.5097543461759386
20260818-214257,1787089449257,-2.5097543461759386
20260818-214257,1787089449359,-2.5097543461759386
20260818-214257,1787089449461,-2.5097543461759386
20260818-214257,1787089449563,-2.5097543461759386
20260818-214257,1787089449461,-2.5097543461759386
20260818-214257,1787089449665,-2.5097543461759386
20260818-214257,1787089449767,-2.5097543461759386
20260818-214257,1787089449869,-2.5097543461759386
20260818-214257,1787089449971,-2.5097543461759386
20260818-214257,1787089450073,-2.5097543461759386
20260818-214257,1787089449994,-2.5097543461759386
20260818-214257,1787089450175,-2.5097543461759386
20260818-214257,1787089450277,-2.5097543461759386
20260818-214257,1787089450379,-2.5097543461759386
20260818-214257,1787089450481,-2.5097543461759386
20260818-214257,1787089450583,-2.5097543461759386
20260818-214257,1787089450685,-2.5097543461759386
20260818-214257,1787089450631,-2.5097543461759386
20260818-214257,1787089450787,-2.5097543461759386
20260818-214257,1787089450889,-2.5097543461759386
20260818-214257,1787089450991,-2.5097543461759386
20260818-214257,1787089450872,-2.5097543461759386
20260818-214257,1787089451093,-2.5097543461759386
20260818-214257,1787089451195,-2.5097543461759386
20260818-214257,1787089451297,-2.5097543461759386
20260818-214257,1787089451399,-2.5097543461759386
20260818-214257,1787089451501,-2.5097543461759386
20260818-214257,1787089451603,-2.5097543461759386
20260818-214257,1787089451705,-2.5097543461759386
20260818-214257,1787089451807,-2.5097543461759386
20260818-214257,1787089451909,-2.5097543461759386
20260818-214257,1787089452011,-2.5097543461759386
20260818-214257,1787089452113,-2.5097543461759386
20260818-214257,1787089452215,-2.5097543461759386
20260818-214257,1787089452317,-2.5097543461759386
20260818-214257,1787089452419,-2.5097543461759386
20260818-214257,1787089452521,-2.5097543461759386
20260818-214257,1787089452623,-2.5097543461759386
20260818-214257,1787089452725,-2.5097543461759386
20260818-214257,1787089452827,-2.5097543461759386
20260818-214257,1787089452929,-2.5097543461759386
20260818-214257,1787089453031,-2.5097543461759386
20260818-214257,1787089453133,-2.5097543461759386
20260818-214257,1787089453235,-1.8435849826848225
20260818-214257,1787089453337,-1.270369483867724
20260818-214257,1787089453439,-1.270369483867724
20260818-214257,1787089453541,-1.130938686856697
20260818-214257,1787089453643,-0.37181545869381716
20260818-214257,1787089453745,-0.37181545869381716
20260818-214257,1787089453605,-0.37181545869381716
20260818-214257,1787089453847,-0.37181545869381716
20260818-214257,1787089453949,-0.37181545869381716
20260818-214257,1787089454051,-0.37181545869381716
20260818-214257,1787089454153,-0.37181545869381716
20260818-214257,1787089454255,-0.37181545869381716
20260818-214257,1787089454145,-0.37181545869381716
20260818-214257,1787089454357,-0.37181545869381716
20260818-214257,1787089454459,-0.37181545869381716
20260818-214257,1787089454561,-0.37181545869381716
20260818-214257,1787089454503,-0.37181545869381716
20260818-214257,1787089454663,-0.37181545869381716
20260818-214257,1787089454765,-0.37181545869381716
20260818-214257,1787089454668,-0.37181545869381716
20260818-214257,1787089454867,-0.37181545869381716
20260818-214257,1787089454969,-0.37181545869381716
20260818-214257,1787089455071,-0.37181545869381716
20260818-214257,1787089455173,-0.37181545869381716
20260818-214257,1787089455080,-0.37181545869381716
20260818-214257,1787089455275,-0.37181545869381716
20260818-214257,1787089455377,-0.37181545869381716
20260818-214257,1787089455479,-0.37181545869381716
20260818-214257,1787089455581,-0.37181545869381716
20260818-214257,1787089455530,-0.37181545869381716
20260818-214257,1787089455683,-0.37181545869381716
20260818-214257,1787089455785,-0.37181545869381716
20260818-214257,1787089455887,-0.37181545869381716
20260818-214257,1787089455989,-0.37181545869381716
20260818-214257,1787089456091,-0.37181545869381716
20260818-214257,1787089456193,-0.37181545869381716
20260818-214257,1787089456295,-0.37181545869381716
20260818-214257,1787089456397,-0.37181545869381716
20260818-214257,1787089456499,-0.37181545869381716
20260818-214257,1787089456601,-0.37181545869381716
20260818-214257,1787089456703,-0.37181545869381716
20260818-214257,1787089456805,-0.37181545869381716
20260818-214257,1787089456907,-0.37181545869381716
20260818-214257,1787089456779,-0.37181545869381716
20260818-214257,1787089457009,-0.37181545869381716
20260818-214257,1787089457111,-0.37181545869381716
20260818-214257,1787089457213,-0.37181545869381716
20260818-214257,1787089457315,-0.37181545869381716
20260818-214257,1787089457417,-0.37181545869381716
20260818-214257,1787089457519,-0.37181545869381716
20260818-214257,1787089457621,-0.37181545869381716
20260818-214257,1787089457723,-0.37181545869381716
20260818-214257,1787089457622,-0.37181545869381716
20260818-214257,1787089457825,-0.37181545869381716
20260818-214257,1787089457927,-0.37181545869381716
20260818-214257,1787089458029,-0.37181545869381716
20260818-214257,1787089458131,-0.37181545869381716
20260818-214257,1787089458233,-0.37181545869381716
20260818-214257,1787089458335,-0.37181545869381716
20260818-214257,1787089458437,-0.37181545869381716
20260818-214257,1787089458539,-0.37181545869381716
20260818-214257,1787089458641,-0.37181545869381716
20260818-214257,1787089458743,-0.37181545869381716
20260818-214257,1787089458845,-0.37181545869381716
20260818-214257,1787089458947,-0.37181545869381716
20260818-214257,1787089459049,-0.37181545869381716
20260818-214257,1787089459151,-0.37181545869381716
20260818-214257,1787089459253,-0.37181545869381716
20260818-214257,1787089459355,-0.37181545869381716
20260818-214257,1787089459457,-0.37181545869381716
20260818-214257,1787089459559,-0.37181545869381716
20260818-214257,1787089459661,-0.37181545869381716
20260818-214257,1787089459763,-0.37181545869381716
20260818-214257,1787089459865,-0.37181545869381716
20260818-214257,1787089459967,-0.37181545869381716
20260818-214257,1787089460069,-0.37181545869381716
20260818-214257,1787089460171,-0.37181545869381716
20260818-214257,1787089460273,-0.37181545869381716
20260818-214257,1787089460375,-0.37181545869381716
20260818-214257,1787089460477,-0.37181545869381716
20260818-214257,1787089460579,-0.37181545869381716
20260818-214257,1787089460512,-0.37181545869381716
20260818-214257,1787089460681,-0.37181545869381716
20260818-214257,1787089460783,-0.37181545869381716
20260818-214257,1787089460885,-0.37181545869381716
20260818-214257,1787089460891,-0.37181545869381716
20260818-214257,1787089460899,-0.37181545869381716
20260818-214257,1787089460902,-0.37181545869381716
20260818-214257,1787089460902,-0.37181545869381716
20260818-214257,1787089460902,-0.37181545869381716
20260818-214257,1787089460911,-0.37181545869381716
20260818-214257,1787089460911,-0.37181545869381716
20260818-214257,1787089460911,-0.37181545869381716
20260818-214257,1787089460911,-0.37181545869381716
20260818-214257,1787089460911,-0.37181545869381716
20260818-214257,1787089460911,-0.37181545869381716
20260818-214257,1787089460911,-0.37181545869381716
20260818-214257,1787089460911,-0.37181545869381716
20260818-214257,1787089460911,-0.37181545869381716
20260818-214257,1787089460920,-0.37181545869381716
20260818-214257,1787089460920,-0.37181545869381716
20260818-214257,1787089460924,-0.37181545869381716
20260818-214257,1787089490057,1.5641490835411747
20260818-214257,1787089490059,1.5641490835411747
20260818-214257,1787089490088,1.5641490835411747
20260818-214257,1787089490094,1.5641490835411747
20260818-214257,1787089490094,1.5641490835411747
20260818-214257,1787089490094,1.5641490835411747
20260818-214257,1787089490094,1.5641490835411747
20260818-214257,1787089490094,1.5641490835411747
20260818-214257,1787089490094,1.5641490835411747
20260818-214257,1787089490103,1.5641490835411747
20260818-214257,1787089490113,1.5641490835411747
20260818-214257,1787089490113,1.5641490835411747
20260818-214257,1787089490113,1.5641490835411747
20260818-214257,1787089490135,1.5641490835411747
20260818-214257,1787089490138,1.5641490835411747
20260818-214257,1787089490142,1.5641490835411747
20260818-214257,1787089490142,1.5641490835411747
20260818-214257,1787089490142,1.5641490835411747
20260818-214257,1787089490142,1.5641490835411747
20260818-214257,1787089490142,1.5641490835411747
20260818-214257,1787089490142,1.5641490835411747
20260818-214257,1787089490142,1.5641490835411747
20260818-214257,1787089490142,1.5641490835411747
20260818-214257,1787089490147,1.5641490835411747
20260818-214257,1787089490149,1.5641490835411747
20260818-214257,1787089490151,1.5641490835411747
20260818-214257,1787089490151,1.5641490835411747
20260818-214257,1787089490154,1.5641490835411747
20260818-214257,1787089490155,1.5641490835411747
20260818-214257,1787089490159,0.6969585503262153
20260818-214257,1787089490159,0.6969585503262153
20260818-214257,1787089490193,0.6969585503262153
20260818-214257,1787089490200,0.6969585503262153
20260818-214257,1787089490202,0.6969585503262153
20260818-214257,1787089490205,0.6969585503262153
20260818-214257,1787089490206,0.6969585503262153
20260818-214257,1787089490209,0.6969585503262153
20260818-214257,1787089490209,0.6969585503262153
20260818-214257,1787089490213,0.6969585503262153
20260818-214257,1787089490213,0.6969585503262153
20260818-214257,1787089490218,0.6969585503262153
20260818-214257,1787089490218,0.6969585503262153
20260818-214257,1787089490218,0.6969585503262153
20260818-214257,1787089490219,0.6969585503262153
20260818-214257,1787089490219,0.6969585503262153
20260818-214257,1787089490261,0.3407474294861281
20260818-214257,1787089490222,0.3407474294861281
20260818-214257,1787089490319,0.3407474294861281
20260818-214257,1787089490319,0.3407474294861281
20260818-214257,1787089490328,0.3407474294861281
20260818-214257,1787089490328,0.3407474294861281
20260818-214257,1787089490328,0.3407474294861281
20260818-214257,1787089490328,0.3407474294861281
20260818-214257,1787089490328,0.3407474294861281
20260818-214257,1787089490328,0.3407474294861281
20260818-214257,1787089490331,0.3407474294861281
20260818-214257,1787089490337,0.3407474294861281
20260818-214257,1787089490337,0.3407474294861281
20260818-214257,1787089490337,0.3407474294861281
20260818-214257,1787089490337,0.3407474294861281
20260818-214257,1787089490337,0.3407474294861281
20260818-214257,1787089490337,0.3407474294861281
20260818-214257,1787089490337,0.3407474294861281
20260818-214257,1787089490337,0.3407474294861281
20260818-214257,1787089490337,0.3407474294861281
20260818-214257,1787089490337,0.3407474294861281
20260818-214257,1787089490337,0.3407474294861281
20260818-214257,1787089490340,0.3407474294861281
20260818-214257,1787089490340,0.3407474294861281
20260818-214257,1787089490342,0.3407474294861281
20260818-214257,1787089490363,-0.15489287221725276
20260818-214257,1787089490465,-0.15489287221725276
20260818-214257,1787089490344,-0.15489287221725276
20260818-214257,1787089493117,-2.044642919377885
20260818-214257,1787089493135,-2.044642919377885
20260818-214257,1787089493145,-2.044642919377885
20260818-214257,1787089493146,-2.044642919377885
20260818-214257,1787089493148,-2.044642919377885
20260818-214257,1787089493148,-2.044642919377885
20260818-214257,1787089493150,-2.044642919377885
20260818-214257,1787089493150,-2.044642919377885
20260818-214257,1787089493150,-2.044642919377885
20260818-214257,1787089493150,-2.044642919377885
20260818-214257,1787089493155,-2.044642919377885
20260818-214257,1787089493157,-2.044642919377885
20260818-214257,1787089493159,-2.6643967658556145
20260818-214257,1787089493219,-2.6643967658556145
20260818-214257,1787089493159,-2.6643967658556145
20260818-214257,1787089493321,-2.6643967658556145
20260818-214257,1787089493423,-2.6643967658556145
20260818-214257,1787089493525,-2.6643967658556145
20260818-214257,1787089493627,-2.6643967658556145
20260818-214257,1787089493729,-2.6643967658556145
20260818-214257,1787089493831,-2.6643967658556145
20260818-214257,1787089493933,-2.6643967658556145
20260818-214257,1787089494035,-2.6643967658556145
20260818-214257,1787089494137,-2.6643967658556145
20260818-214257,1787089494011,-2.6643967658556145
20260818-214257,1787089494239,-2.6643967658556145
20260818-214257,1787089494171,-2.6643967658556145
20260818-214257,1787089494341,-2.6643967658556145
20260818-214257,1787089494443,-2.6643967658556145
20260818-214257,1787089494376,-2.6643967658556145
20260818-214257,1787089494545,-2.6643967658556145
20260818-214257,1787089494480,-2.6643967658556145
20260818-214257,1787089494647,-2.6643967658556145
20260818-214257,1787089494749,-2.6643967658556145
20260818-214257,1787089494608,-2.6643967658556145
20260818-214257,1787089494851,-2.6643967658556145
20260818-214257,1787089494953,-2.6643967658556145
20260818-214257,1787089494899,-2.6643967658556145
20260818-214257,1787089495055,-2.6643967658556145
20260818-214257,1787089495157,-2.6643967658556145
20260818-214257,1787089495259,-2.6643967658556145
20260818-214257,1787089495361,-2.6643967658556145
20260818-214257,1787089495463,-2.6643967658556145
20260818-214257,1787089495565,-2.6643967658556145
20260818-214257,1787089495667,-2.6643967658556145
20260818-214257,1787089495769,-2.6643967658556145
20260818-214257,1787089495871,-2.6643967658556145
20260818-214257,1787089495743,-2.6643967658556145
20260818-214257,1787089495973,-2.6643967658556145
20260818-214257,1787089496075,-2.6643967658556145
20260818-214257,1787089496177,-2.6643967658556145
20260818-214257,1787089496041,-2.6643967658556145
20260818-214257,1787089496279,-2.6643967658556145
20260818-214257,1787089496381,-2.6643967658556145
20260818-214257,1787089496483,-2.6643967658556145
20260818-214257,1787089496585,-2.6643967658556145
20260818-214257,1787089496687,-2.6643967658556145
20260818-214257,1787089496789,-2.6643967658556145
20260818-214257,1787089496891,-2.6643967658556145
20260818-214257,1787089496993,-2.6643967658556145
20260818-214257,1787089496882,-2.6643967658556145
20260818-214257,1787089497095,-2.6643967658556145
20260818-214257,1787089497197,-2.6643967658556145
20260818-214257,1787089497299,-2.6643967658556145
20260818-214257,1787089497401,-2.6643967658556145
20260818-214257,1787089497302,-2.6643967658556145
20260818-214257,1787089497503,-2.6643967658556145
20260818-214257,1787089497403,-2.6643967658556145
20260818-214257,1787089497605,-2.6643967658556145
20260818-214257,1787089497560,-2.6643967658556145
20260818-214257,1787089497707,-2.6643967658556145
20260818-214257,1787089497631,-2.6643967658556145
20260818-214558,1787089560540,1.2853838690523565
20260818-214558,1787089560743,1.2853838690523565
20260818-214558,1787089560845,1.2853838690523565
20260818-214558,1787089560947,-1.2853838690523565
20260818-214558,1787089561049,1.2853838690523565
20260818-214558,1787089561151,1.2853838690523565
20260818-214558,1787089561253,-1.2853838690523565
20260818-214558,1787089561355,1.2853838690523565
20260818-214558,1787089561457,1.2853838690523565
20260818-214558,1787089561559,1.2853838690523565
20260818-214558,1787089561661,1.2853838690523565
20260818-214558,1787089561763,1.2853838690523565
20260818-214558,1787089561865,1.2853838690523565
20260818-214558,1787089561802,1.2853838690523565
20260818-214558,1787089561967,-1.2853838690523565
20260818-214558,1787089562069,-0.588489000289275
20260818-214558,1787089562171,-0.588489000289275
20260818-214558,1787089562036,-1.2853838690523565
20260818-214558,1787089562273,-0.6349486582050108
20260818-214558,1787089562375,0.6349486582050108
20260818-214558,1787089562235,-0.6349486582050108
20260818-214558,1787089562477,-0.6349486582050108
20260818-214558,1787089562579,-0.6349486582050108
20260818-214558,1787089562681,0.6349486582050108
20260818-214558,1787089562783,0.6349486582050108
20260818-214558,1787089562885,0.6349486582050108
20260818-214558,1787089562987,-0.6349486582050108
20260818-214558,1787089562863,0.6349486582050108
20260818-214558,1787089563089,0.6349486582050108
20260818-214558,1787089563191,0.6349486582050108
20260818-214558,1787089563293,-0.6349486582050108
20260818-214558,1787089563229,-0.6349486582050108
20260818-214558,1787089563395,-0.6349486582050108
20260818-214558,1787089563497,-0.6349486582050108
20260818-214558,1787089563599,-0.6349486582050108
20260818-214558,1787089563701,-0.6349486582050108
20260818-214558,1787089563803,-0.6349486582050108
20260818-214558,1787089563905,0.6349486582050108
20260818-214558,1787089564007,0.6349486582050108
20260818-214558,1787089564109,0.6349486582050108
20260818-214558,1787089564211,-0.6349486582050108
20260818-214558,1787089564313,-0.6349486582050108
20260818-214558,1787089564197,-0.6349486582050108
20260818-214558,1787089564415,-0.6349486582050108
20260818-214558,1787089564517,0.6349486582050108
20260818-214558,1787089564619,-0.6349486582050108
20260818-214558,1787089564721,-0.6349486582050108
20260818-214558,1787089564823,-0.6349486582050108
20260818-214558,1787089564925,-0.6349486582050108
20260818-214558,1787089565027,-0.6349486582050108
20260818-214558,1787089565129,0.6349486582050108
20260818-214558,1787089565231,-0.6349486582050108
20260818-214558,1787089565127,0.6349486582050108
20260818-214558,1787089565333,-0.6349486582050108
20260818-214558,1787089565435,-0.6349486582050108
20260818-214558,1787089565537,-0.6349486582050108
20260818-214558,1787089565639,-0.6349486582050108
20260818-214558,1787089565741,-0.6349486582050108
20260818-214558,1787089565843,0.6349486582050108
20260818-214558,1787089565945,-0.6349486582050108
20260818-214558,1787089566047,0.6349486582050108
20260818-214558,1787089566149,0.6349486582050108
20260818-214558,1787089566251,0.6349486582050108
20260818-214558,1787089566353,0.6349486582050108
20260818-214558,1787089566279,-0.6349486582050108
20260818-214558,1787089566455,-0.6349486582050108
20260818-214558,1787089566557,-0.6349486582050108
20260818-214558,1787089566659,-0.6349486582050108
20260818-214558,1787089566761,-0.6349486582050108
20260818-214558,1787089566863,0.6349486582050108
20260818-214558,1787089566965,0.6349486582050108
20260818-214558,1787089567067,-0.6349486582050108
20260818-214558,1787089567169,0.6349486582050108
20260818-214558,1787089567271,0.6349486582050108
20260818-214558,1787089567373,-0.6349486582050108
20260818-214558,1787089567277,-0.6349486582050108
20260818-214558,1787089567475,0.6349486582050108
20260818-214558,1787089567577,-0.6349486582050108
20260818-214558,1787089567499,-0.6349486582050108
20260818-214558,1787089567679,-0.6349486582050108
20260818-214558,1787089567781,-0.6349486582050108
20260818-214558,1787089567883,0.6349486582050108
20260818-214558,1787089567985,-0.6349486582050108
20260818-214558,1787089568087,0.6349486582050108
20260818-214558,1787089568189,-0.6349486582050108
20260818-214558,1787089568291,0.6349486582050108
20260818-214558,1787089568393,-0.6349486582050108
20260818-214558,1787089568495,-0.6349486582050108
20260818-214558,1787089568597,-0.6349486582050108
20260818-214558,1787089568699,0.6349486582050108
20260818-214558,1787089568801,-0.6349486582050108
20260818-214558,1787089568903,-0.6349486582050108
20260818-214558,1787089569005,-0.6349486582050108
20260818-214558,1787089569107,-0.6349486582050108
20260818-214558,1787089569209,-0.6349486582050108
20260818-214558,1787089569311,0.6349486582050108
20260818-214558,1787089569413,0.6349486582050108
20260818-214558,1787089569515,-0.6349486582050108
20260818-214558,1787089569617,0.6349486582050108
20260818-214558,1787089569719,-0.6349486582050108
20260818-214558,1787089569605,-0.6349486582050108
20260818-214558,1787089569821,-0.6349486582050108
20260818-214558,1787089569923,-0.6349486582050108
20260818-214558,1787089570025,-0.6349486582050108
20260818-214558,1787089569958,-0.6349486582050108
20260818-214558,1787089570127,0.6349486582050108
20260818-214558,1787089570229,0.6349486582050108
20260818-214558,1787089570331,0.6349486582050108
20260818-214558,1787089570433,0.6349486582050108
20260818-214558,1787089570535,0.6349486582050108
20260818-214558,1787089570637,0.6349486582050108
20260818-214558,1787089570739,-0.6349486582050108
20260818-214558,1787089570841,-0.6349486582050108
20260818-214558,1787089570943,-0.6349486582050108
20260818-214558,1787089571045,0.6349486582050108
20260818-214558,1787089571147,-0.6349486582050108
20260818-214558,1787089571249,-0.6349486582050108
20260818-214558,1787089571351,0.6349486582050108
20260818-214558,1787089571453,-0.6349486582050108
20260818-214558,1787089571555,-0.6349486582050108
20260818-214558,1787089571657,0.6349486582050108
20260818-214558,1787089571506,0.6349486582050108
20260818-214558,1787089571759,-0.6349486582050108
20260818-214558,1787089571861,0.6349486582050108
20260818-214558,1787089571963,0.6349486582050108
20260818-214558,1787089572065,-0.6349486582050108
20260818-214558,1787089571972,-0.6349486582050108
20260818-214558,1787089572167,0.6349486582050108
20260818-214558,1787089572269,0.6349486582050108
20260818-214558,1787089572371,0.6349486582050108
20260818-214558,1787089572473,-0.6349486582050108
20260818-214558,1787089572575,-0.6349486582050108
20260818-214558,1787089572677,-0.6349486582050108
20260818-214558,1787089572779,-0.6349486582050108
20260818-214558,1787089572881,-0.6349486582050108
20260818-214558,1787089572983,-1.130518342658307
20260818-214558,1787089573085,1.8738728693393778
20260818-214558,1787089573187,1.8738728693393778
20260818-214558,1787089573289,-1.8738728693393778
20260818-214558,1787089573391,1.8738728693393778
20260818-214558,1787089573493,1.8738728693393778
20260818-214558,1787089573595,1.8738728693393778
20260818-214558,1787089573697,-1.8738728693393778
20260818-214558,1787089573799,-1.8738728693393778
20260818-214558,1787089573901,-1.8738728693393778
20260818-214558,1787089574003,-1.8738728693393778
20260818-214558,1787089574105,-1.8738728693393778
20260818-214558,1787089574207,1.8738728693393778
20260818-214558,1787089574309,1.8738728693393778
20260818-214558,1787089574411,-1.8738728693393778
20260818-214558,1787089574513,-1.8738728693393778
20260818-214558,1787089574375,1.8738728693393778
20260818-214558,1787089574615,1.8738728693393778
20260818-214558,1787089574518,-1.8738728693393778
20260818-214558,1787089574717,1.8738728693393778
20260818-214558,1787089574819,-1.8738728693393778
20260818-214558,1787089574921,-1.8738728693393778
20260818-214558,1787089575023,-1.8738728693393778
20260818-214558,1787089575125,-1.8738728693393778
20260818-214558,1787089575227,-1.8738728693393778
20260818-214558,1787089575329,-1.8738728693393778
20260818-214558,1787089575431,-1.8738728693393778
20260818-214558,1787089575533,1.8738728693393778
20260818-214558,1787089575635,-1.8738728693393778
20260818-214558,1787089575635,-1.8738728693393778
20260818-214558,1787089575737,-1.8738728693393778
20260818-214558,1787089575839,-1.2544107637721942
20260818-214558,1787089575684,1.8738728693393778
20260818-214558,1787089575941,-0.6504352108450919
20260818-214558,1787089576043,0.6504352108450919
20260818-214558,1787089576145,0.43362347389747913
20260818-214558,1787089576247,0.6968948687630814
20260818-214558,1787089576349,0.6968948687630814
20260818-214558,1787089576451,-0.9291931583507752
20260818-214558,1787089576553,-1.3008704216924374
20260818-214558,1787089576655,1.3008704216924374
20260818-214558,1787089576757,-0.24778484222552122
20260818-214558,1787089576655,1.3008704216924374
20260818-214558,1787089576859,0.6349486582050108
20260818-214558,1787089576961,0.8517603951548772
20260818-214558,1787089577063,-1.6880342376696735
20260818-214558,1787089577165,-1.8738728693393778
20260818-214558,1787089577267,1.8738728693393778
20260818-214558,1787089577169,1.8738728693393778
20260818-214558,1787089577369,-1.8738728693393778
20260818-214558,1787089577471,-1.8738728693393778
20260818-214558,1787089577573,-1.8738728693393778
20260818-214558,1787089577675,1.8738728693393778
20260818-214558,1787089577777,-1.8738728693393778
20260818-214558,1787089577879,-1.8738728693393778
20260818-214558,1787089577981,-1.8738728693393778
20260818-214558,1787089578083,1.8738728693393778
20260818-214558,1787089577940,-1.8738728693393778
20260818-214558,1787089578185,-1.8738728693393778
20260818-214558,1787089578287,-1.8738728693393778
20260818-214558,1787089578389,-1.8738728693393778
20260818-214558,1787089578491,1.8738728693393778
20260818-214558,1787089578593,1.8738728693393778
20260818-214558,1787089578695,-1.8738728693393778
20260818-214558,1787089578797,-1.8738728693393778
20260818-214558,1787089578899,1.8738728693393778
20260818-214558,1787089579001,-1.8738728693393778
20260818-214558,1787089579103,1.8738728693393778
20260818-214558,1787089579205,-1.8738728693393778
20260818-214558,1787089579307,-1.8738728693393778
20260818-214558,1787089579409,-1.8738728693393778
20260818-214558,1787089579511,-1.8738728693393778
20260818-214558,1787089579613,1.8738728693393778
20260818-214558,1787089579715,1.8738728693393778
20260818-214558,1787089579594,1.8738728693393778
20260818-214558,1787089579817,-1.8738728693393778
20260818-214558,1787089579919,-1.8738728693393778
20260818-214558,1787089580021,-1.8738728693393778
20260818-214558,1787089580123,-1.8738728693393778
20260818-214558,1787089580225,-1.8738728693393778
20260818-214558,1787089580327,1.8738728693393778
20260818-214558,1787089580235,-1.8738728693393778
20260818-214558,1787089580429,1.8738728693393778
20260818-214558,1787089580531,-1.8738728693393778
20260818-214558,1787089580384,1.8738728693393778
20260818-214558,1787089580633,1.7035207903097545
20260818-214558,1787089580531,-1.8738728693393778
20260818-214558,1787089580735,0.6349486582050108
20260818-214558,1787089580837,-0.6349486582050108
20260818-214558,1787089580939,-0.6349486582050108
20260818-214558,1787089581041,0.6349486582050108
20260818-214558,1787089581143,0.6349486582050108
20260818-214558,1787089581245,0.6349486582050108
20260818-214558,1787089581347,0.6349486582050108
20260818-214558,1787089581449,-0.6349486582050108
20260818-214558,1787089581551,0.6349486582050108
20260818-214558,1787089581653,0.6349486582050108
20260818-214558,1787089581755,-0.6349486582050108
20260818-214558,1787089581857,-0.6349486582050108
20260818-214558,1787089581959,-0.6349486582050108
20260818-214558,1787089582061,-0.6349486582050108
20260818-214558,1787089582163,-0.6349486582050108
20260818-214558,1787089582265,-0.6349486582050108
20260818-214558,1787089582367,-0.6349486582050108
20260818-214558,1787089582469,0.6349486582050108
20260818-214558,1787089582393,-0.6349486582050108
20260818-214558,1787089582571,0.6349486582050108
20260818-214558,1787089582673,0.6349486582050108
20260818-214558,1787089582775,-0.6349486582050108
20260818-214558,1787089582877,0.6349486582050108
20260818-214558,1787089582979,-0.6349486582050108
20260818-214558,1787089583081,-0.6349486582050108
20260818-214558,1787089583016,0.6349486582050108
20260818-214558,1787089583183,0.6349486582050108
20260818-214558,1787089583285,0.6349486582050108
20260818-214558,1787089583227,-0.6349486582050108
20260818-214558,1787089583387,0.6349486582050108
20260818-214558,1787089583489,-0.6349486582050108
20260818-214558,1787089583591,-0.6349486582050108
20260818-214558,1787089583693,-0.6349486582050108
20260818-214558,1787089583795,-0.6349486582050108
20260818-214558,1787089583897,-0.6349486582050108
20260818-214558,1787089583999,-0.6349486582050108
20260818-214558,1787089584101,0.6349486582050108
20260818-214558,1787089584203,0.6349486582050108
20260818-214558,1787089584305,-0.6349486582050108
20260818-214558,1787089584407,-0.6349486582050108
20260818-214558,1787089584509,0.6349486582050108
20260818-214558,1787089584394,0.6349486582050108
20260818-214558,1787089584611,0.6349486582050108
20260818-214558,1787089584713,0.6349486582050108
20260818-214558,1787089584815,-0.6349486582050108
20260818-214558,1787089584917,-0.6349486582050108
20260818-214558,1787089585019,-0.6349486582050108
20260818-214558,1787089585121,-0.6349486582050108
20260818-214558,1787089585223,0.6349486582050108
20260818-214558,1787089585325,-0.6349486582050108
20260818-214558,1787089585427,0.6349486582050108
20260818-214558,1787089585529,0.6349486582050108
20260818-214558,1787089585631,-0.6349486582050108
20260818-214558,1787089585733,-0.6349486582050108
20260818-214558,1787089585835,-0.6349486582050108
20260818-214558,1787089585937,-0.6349486582050108
20260818-214558,1787089586039,-0.6349486582050108
20260818-214558,1787089585975,0.6349486582050108
20260818-214558,1787089586141,0.6349486582050108
20260818-214558,1787089586243,-0.6349486582050108
20260818-214558,1787089586345,0.6349486582050108
20260818-214558,1787089586447,-0.6349486582050108
20260818-214558,1787089586549,-0.6349486582050108
20260818-214558,1787089586651,0.6349486582050108
20260818-214558,1787089586753,0.6349486582050108
20260818-214558,1787089586855,-0.6349486582050108
20260818-214558,1787089586957,0.6349486582050108
20260818-214558,1787089587059,-0.6349486582050108
20260818-214558,1787089587004,-0.6349486582050108
20260818-214558,1787089587161,-0.6349486582050108
20260818-214558,1787089587263,-0.6349486582050108
20260818-214558,1787089587365,0.6349486582050108
20260818-214558,1787089587283,0.6349486582050108
20260818-214558,1787089587467,-0.6349486582050108
20260818-214558,1787089587569,-0.6349486582050108
20260818-214558,1787089587671,-0.6349486582050108
20260818-214558,1787089587773,-0.6349486582050108
20260818-214558,1787089587678,-0.6349486582050108
20260818-214558,1787089587875,-0.6349486582050108
20260818-214558,1787089587977,-0.6349486582050108
20260818-214558,1787089588079,-0.6349486582050108
20260818-214558,1787089588181,-0.6349486582050108
20260818-214558,1787089588283,-0.6349486582050108
20260818-214558,1787089588385,-0.6349486582050108
20260818-214558,1787089588487,-0.6349486582050108
20260818-214558,1787089588589,-0.6349486582050108
20260818-214558,1787089588691,0.6349486582050108
20260818-214558,1787089588793,-0.6349486582050108
20260818-214558,1787089588895,0.6349486582050108
20260818-214558,1787089588997,-0.6349486582050108
20260818-214558,1787089588877,0.6349486582050108
20260818-214558,1787089589099,-0.6349486582050108
20260818-214558,1787089589201,0.6349486582050108
20260818-214558,1787089589303,-0.6349486582050108
20260818-214558,1787089589178,0.6349486582050108
20260818-214558,1787089589405,-0.6349486582050108
20260818-214558,1787089589507,-0.6349486582050108
20260818-214558,1787089589609,-0.6349486582050108
20260818-214558,1787089589711,-0.6349486582050108
20260818-214558,1787089589588,-0.6349486582050108
20260818-214558,1787089589813,-0.6349486582050108
20260818-214558,1787089589915,0.6349486582050108
20260818-214558,1787089589953,0.6349486582050108
20260818-214558,1787089590017,-0.6349486582050108
20260818-214558,1787089590119,0.6349486582050108
20260818-214558,1787089589974,-0.6349486582050108
20260818-214558,1787089590221,-0.6349486582050108
20260818-214558,1787089590323,0.6349486582050108
20260818-214558,1787089590425,-0.6349486582050108
20260818-214558,1787089590527,0.6349486582050108
20260818-214558,1787089590629,-0.6349486582050108
20260818-214558,1787089590731,-0.6349486582050108
20260818-214558,1787089590668,0.6349486582050108
20260818-214558,1787089590833,0.6349486582050108
20260818-214558,1787089590935,0.6349486582050108
20260818-214558,1787089590878,-0.6349486582050108
20260818-214558,1787089591037,-0.6349486582050108
20260818-214558,1787089591139,-0.6349486582050108
20260818-214558,1787089591000,-0.6349486582050108
20260818-214558,1787089591241,-0.6349486582050108
20260818-214558,1787089591343,-0.6349486582050108
20260818-214558,1787089591445,0.6349486582050108
20260818-214558,1787089591350,-0.6349486582050108
20260818-214558,1787089591547,0.6349486582050108
20260818-214558,1787089591649,-0.6349486582050108
20260818-214558,1787089591751,-0.6349486582050108
20260818-214558,1787089591853,-0.6349486582050108
20260818-214558,1787089591955,0.6349486582050108
20260818-214558,1787089592057,-0.6349486582050108
20260818-214558,1787089592159,-0.6349486582050108
20260818-214558,1787089592261,-0.6349486582050108
20260818-214558,1787089592363,-0.6349486582050108
20260818-214558,1787089592465,-0.6349486582050108
20260818-214558,1787089592343,-0.6349486582050108
20260818-214558,1787089592567,-0.6349486582050108
20260818-214558,1787089592669,0.6349486582050108
20260818-214558,1787089592574,-0.6349486582050108
20260818-214558,1787089592771,-0.6349486582050108
20260818-214558,1787089592873,0.6349486582050108
20260818-214558,1787089592975,-0.6349486582050108
20260818-214558,1787089593077,-0.6349486582050108
20260818-214558,1787089593179,-0.6349486582050108
20260818-214558,1787089593072,-0.6349486582050108
20260818-214558,1787089593281,-0.6349486582050108
20260818-214558,1787089593383,-0.6349486582050108
20260818-214558,1787089593485,-0.6349486582050108
20260818-214558,1787089593359,0.6349486582050108
20260818-214558,1787089593587,-0.6349486582050108
20260818-214558,1787089593689,0.6349486582050108
20260818-214558,1787089593791,-0.6349486582050108
20260818-214558,1787089593893,-0.6349486582050108
20260818-214558,1787089593995,-0.6349486582050108
20260818-214558,1787089594011,0.6349486582050108
20260818-214558,1787089594036,-0.6349486582050108
20260818-214558,1787089594036,0.6349486582050108
20260818-214558,1787089594036,0.6349486582050108
20260818-214558,1787089594036,0.6349486582050108
20260818-214558,1787089594036,0.6349486582050108
20260818-214558,1787089594036,-0.6349486582050108
20260818-214558,1787089594036,-0.6349486582050108
20260818-214558,1787089594097,-0.7588316779695181
20260818-214558,1787089594199,-0.7588316779695181
20260818-214558,1787089594092,0.7588316779695181
20260818-214558,1787089594301,-0.7588316779695181
20260818-214558,1787089594403,-0.7588316779695181
20260818-214558,1787089594505,-0.7588316779695181
20260818-214558,1787089594607,-0.7588316779695181
20260818-214558,1787089594709,-0.7588316779695181
20260818-214558,1787089594811,-0.7588316779695181
20260818-214558,1787089594913,-0.7588316779695181
20260818-214558,1787089595015,0.7588316779695181
20260818-214558,1787089595117,0.7588316779695181
20260818-214558,1787089595219,0.7588316779695181
20260818-214558,1787089595321,-0.7588316779695181
20260818-214558,1787089595423,-0.7588316779695181
20260818-214558,1787089595326,0.7588316779695181
20260818-214558,1787089595525,-0.7588316779695181
20260818-214558,1787089595627,0.7588316779695181
20260818-214558,1787089595483,0.7588316779695181
20260818-214558,1787089595729,0.7588316779695181
20260818-214558,1787089595831,-0.7588316779695181
20260818-214558,1787089595933,-0.7588316779695181
20260818-214558,1787089596035,-0.7588316779695181
20260818-214558,1787089596137,-0.7588316779695181
20260818-214558,1787089596239,-0.7588316779695181
20260818-214558,1787089596341,-0.7588316779695181
20260818-214558,1787089596443,-0.7588316779695181
20260818-214558,1787089596545,-0.7588316779695181
20260818-214558,1787089596647,-0.7588316779695181
20260818-214558,1787089596749,-0.7588316779695181
20260818-214558,1787089596851,-0.7588316779695181
20260818-214558,1787089596953,0.7588316779695181
20260818-214558,1787089597055,0.7588316779695181
20260818-214558,1787089597157,0.7588316779695181
20260818-214558,1787089597259,-0.7588316779695181
20260818-214558,1787089597361,-0.7588316779695181
20260818-214558,1787089597463,-0.7588316779695181
20260818-214558,1787089597565,-0.7588316779695181
20260818-214558,1787089597667,-0.7588316779695181
20260818-214558,1787089597769,-0.7588316779695181
20260818-214558,1787089597871,0.7588316779695181
20260818-214558,1787089597973,0.7588316779695181
20260818-214558,1787089598075,-0.7588316779695181
20260818-214558,1787089598177,-0.7588316779695181
20260818-214558,1787089598279,-0.7588316779695181
20260818-214558,1787089598381,-0.7588316779695181
20260818-214558,1787089598483,-0.7588316779695181
20260818-214558,1787089598332,0.7588316779695181
20260818-214558,1787089598585,-0.7588316779695181
20260818-214558,1787089598687,-0.7588316779695181
20260818-214558,1787089598789,0.7588316779695181
20260818-214558,1787089598891,0.7588316779695181
20260818-214558,1787089598993,0.7588316779695181
20260818-214558,1787089599095,-0.7588316779695181
20260818-214558,1787089599197,-0.7588316779695181
20260818-214558,1787089599299,0.7588316779695181
20260818-214558,1787089599401,-0.7588316779695181
20260818-214558,1787089599503,0.7588316779695181
20260818-214558,1787089599605,-0.7588316779695181
20260818-214558,1787089599707,-0.7588316779695181
20260818-214558,1787089599809,-0.7588316779695181
20260818-214558,1787089599911,-0.7588316779695181
20260818-214558,1787089600013,0.7588316779695181
20260818-214558,1787089600115,-0.7588316779695181
20260818-214558,1787089600217,-0.7588316779695181
20260818-214558,1787089600319,0.7588316779695181
20260818-214558,1787089600421,0.7588316779695181
20260818-214558,1787089600523,0.7588316779695181
20260818-214558,1787089600625,0.7588316779695181
20260818-214558,1787089600727,0.7588316779695181
20260818-214558,1787089600651,-0.7588316779695181
20260818-214558,1787089600829,0.7588316779695181
20260818-214558,1787089600931,-0.7588316779695181
20260818-214558,1787089601033,0.7588316779695181
20260818-214558,1787089601135,0.7588316779695181
20260818-214558,1787089601237,-0.7588316779695181
20260818-214558,1787089601339,-0.7588316779695181
20260818-214558,1787089601441,-0.7588316779695181
20260818-214558,1787089601364,-0.7588316779695181
20260818-214558,1787089601543,-0.7588316779695181
20260818-214558,1787089601645,-0.7588316779695181
20260818-214558,1787089601747,0.7588316779695181
20260818-214558,1787089601849,-0.7588316779695181
20260818-214558,1787089601951,-0.7588316779695181
20260818-214558,1787089602053,0.7588316779695181
20260818-214558,1787089602155,0.7588316779695181
20260818-214558,1787089602257,-0.7588316779695181
20260818-214558,1787089602359,-0.7588316779695181
20260818-214558,1787089602224,-0.7588316779695181
20260818-214558,1787089602461,0.7588316779695181
20260818-214558,1787089602404,-0.7588316779695181
20260818-214558,1787089602563,0.7588316779695181
20260818-214558,1787089602665,-0.7588316779695181
20260818-214558,1787089602767,0.7588316779695181
20260818-214558,1787089602869,0.7588316779695181
20260818-214558,1787089602971,-0.7588316779695181
20260818-214558,1787089602846,-0.7588316779695181
20260818-214558,1787089603073,-0.7588316779695181
20260818-214558,1787089603175,-0.7588316779695181
20260818-214558,1787089603277,-0.7588316779695181
20260818-214558,1787089603379,0.7588316779695181
20260818-214558,1787089603481,-0.7588316779695181
20260818-214558,1787089603583,0.7588316779695181
20260818-214558,1787089603685,0.7588316779695181
20260818-214558,1787089603787,0.7588316779695181
20260818-214558,1787089603889,0.7588316779695181
20260818-214558,1787089603991,-0.7588316779695181
20260818-214558,1787089603923,0.7588316779695181
20260818-214558,1787089604093,-0.7588316779695181
20260818-214558,1787089604195,0.7588316779695181
20260818-214558,1787089604297,-0.7588316779695181
20260818-214558,1787089604399,-0.7588316779695181
20260818-214558,1787089604501,-0.7588316779695181
20260818-214558,1787089604603,-0.7588316779695181
20260818-214558,1787089604705,0.7588316779695181
20260818-214558,1787089604807,-0.7588316779695181
20260818-214558,1787089604909,-0.7588316779695181
20260818-214558,1787089605011,0.7588316779695181
20260818-214558,1787089605113,0.7588316779695181
20260818-214558,1787089604985,-0.7588316779695181
20260818-214558,1787089605215,0.7588316779695181
20260818-214558,1787089605317,-0.7588316779695181
20260818-214558,1787089605419,0.7588316779695181
20260818-214558,1787089605521,-0.7588316779695181
20260818-214558,1787089605429,-0.7588316779695181
20260818-214558,1787089605623,-0.7588316779695181
20260818-214558,1787089605725,-0.7588316779695181
20260818-214558,1787089605827,-0.7588316779695181
20260818-214558,1787089605690,-0.7588316779695181
20260818-214558,1787089605929,-0.7588316779695181
20260818-214558,1787089606031,-0.7588316779695181
20260818-214558,1787089606133,0.7588316779695181
20260818-214558,1787089606235,0.7588316779695181
20260818-214558,1787089606337,-0.7588316779695181
20260818-214558,1787089606439,0.7588316779695181
20260818-214558,1787089606541,0.7588316779695181
20260818-214558,1787089606643,-0.7588316779695181
20260818-214558,1787089606745,-0.7588316779695181
20260818-214558,1787089606847,-0.7588316779695181
20260818-214558,1787089606697,0.7588316779695181
20260818-214558,1787089606949,-0.7588316779695181
20260818-214558,1787089607051,-0.7588316779695181
20260818-214558,1787089607153,-0.7588316779695181
20260818-214558,1787089607042,0.7588316779695181
20260818-214558,1787089607255,-0.7588316779695181
20260818-214558,1787089607357,0.7588316779695181
20260818-214558,1787089607459,-0.7588316779695181
20260818-214558,1787089607366,-0.7588316779695181
20260818-214558,1787089607561,-0.7588316779695181
20260818-214558,1787089607663,0.7588316779695181
20260818-214558,1787089607600,0.7588316779695181
20260818-214558,1787089607765,0.7588316779695181
20260818-214558,1787089607867,-0.7588316779695181
20260818-214558,1787089607969,-0.7588316779695181
20260818-214558,1787089608071,-0.7588316779695181
20260818-214558,1787089608173,-0.7588316779695181
20260818-214558,1787089608275,0.7588316779695181
20260818-214558,1787089608377,-0.7588316779695181
20260818-214558,1787089608479,-0.7588316779695181
20260818-214558,1787089608380,-0.7588316779695181
20260818-214558,1787089608581,0.7588316779695181
20260818-214558,1787089608627,-0.7588316779695181
20260818-214558,1787089608683,0.7588316779695181
20260818-214558,1787089608785,-0.7588316779695181
20260818-214558,1787089608645,0.7588316779695181
20260818-214558,1787089608887,0.7588316779695181
20260818-214558,1787089608989,-0.7588316779695181
20260818-214558,1787089609091,-0.7588316779695181
20260818-214558,1787089609074,0.7588316779695181
20260818-214558,1787089609193,-0.7588316779695181
20260818-214558,1787089609101,-0.7588316779695181
20260818-214558,1787089609295,-0.7588316779695181
20260818-214558,1787089609397,0.7588316779695181
20260818-214558,1787089609499,-0.7588316779695181
20260818-214558,1787089609601,0.7588316779695181
20260818-214558,1787089609539,0.7588316779695181
20260818-214558,1787089609703,-0.7588316779695181
20260818-214558,1787089609805,-0.7588316779695181
20260818-214558,1787089609907,-0.7588316779695181
20260818-214558,1787089610009,-0.7588316779695181
20260818-214558,1787089610111,0.7588316779695181
20260818-214558,1787089610213,-0.7588316779695181
20260818-214558,1787089610315,0.7588316779695181
20260818-214558,1787089610215,-0.7588316779695181
20260818-214558,1787089610417,0.7588316779695181
20260818-214558,1787089610519,0.7588316779695181
20260818-214558,1787089610386,0.7588316779695181
20260818-214558,1787089610621,0.7588316779695181
20260818-214558,1787089610723,-0.7588316779695181
20260818-214558,1787089610825,-0.7588316779695181
20260818-214558,1787089610927,0.7588316779695181
20260818-214558,1787089611029,0.7588316779695181
20260818-214558,1787089611131,-0.7588316779695181
20260818-214558,1787089611063,-0.7588316779695181
20260818-214558,1787089611233,-0.7588316779695181
20260818-214558,1787089611335,0.7588316779695181
20260818-214558,1787089611186,0.7588316779695181
20260818-214558,1787089611437,-0.7588316779695181
20260818-214558,1787089611539,0.7588316779695181
20260818-214558,1787089611414,0.7588316779695181
20260818-214558,1787089611641,-0.7588316779695181
20260818-214558,1787089611743,-0.7588316779695181
20260818-214558,1787089611845,0.7588316779695181
20260818-214558,1787089611764,0.7588316779695181
20260818-214558,1787089611947,-0.7588316779695181
20260818-214558,1787089612049,-0.898196406130796
20260818-214558,1787089612048,-0.898196406130796
20260818-214558,1787089612048,-0.898196406130796
20260818-214558,1787089612048,-0.898196406130796
20260818-214558,1787089612048,-0.898196406130796
20260818-214558,1787089612050,0.898196406130796
20260818-214558,1787089612052,-0.898196406130796
20260818-214558,1787089612052,-0.898196406130796
20260818-214558,1787089612052,-0.898196406130796
20260818-214558,1787089612056,-0.898196406130796
20260818-214558,1787089612155,0.898196406130796
20260818-214558,1787089612155,-0.898196406130796
20260818-214558,1787089612155,-0.898196406130796
20260818-214558,1787089612155,-0.898196406130796
20260818-214558,1787089612155,0.898196406130796
20260818-214558,1787089612155,-0.898196406130796
20260818-214558,1787089612155,-0.898196406130796
20260818-214558,1787089612157,-0.898196406130796
20260818-214558,1787089612159,-0.898196406130796
20260818-214558,1787089612151,-1.0220729032199585
20260818-214558,1787089612169,-1.0220729032199585
20260818-214558,1787089612169,-1.0220729032199585
20260818-214558,1787089612169,-1.0220729032199585
20260818-214558,1787089612169,-1.0220729032199585
20260818-214558,1787089612169,1.0220729032199585
20260818-214558,1787089612169,-1.0220729032199585
20260818-214558,1787089612169,-1.0220729032199585
20260818-214558,1787089612169,-1.0220729032199585
20260818-214558,1787089612169,1.0220729032199585
20260818-214558,1787089612169,-1.0220729032199585
20260818-214558,1787089612169,-1.0220729032199585
20260818-214558,1787089612169,1.0220729032199585
20260818-214558,1787089612169,-1.0220729032199585
20260818-214558,1787089612169,-1.0220729032199585
20260818-214558,1787089612169,-1.0220729032199585
20260818-214558,1787089612169,-1.0220729032199585
20260818-214558,1787089612169,1.0220729032199585
20260818-214558,1787089612169,-1.0220729032199585
20260818-214558,1787089612169,1.0220729032199585
20260818-214558,1787089612169,1.0220729032199585
20260818-214558,1787089612169,1.0220729032199585
20260818-214558,1787089612169,-1.0220729032199585
20260818-214558,1787089612169,-1.0220729032199585
20260818-214558,1787089612169,-1.0220729032199585
20260818-214558,1787089612169,-1.0220729032199585
20260818-214558,1787089612169,1.0220729032199585
20260818-214558,1787089612169,-1.0220729032199585
20260818-214558,1787089612169,-1.0220729032199585
20260818-214558,1787089612169,-1.0220729032199585
20260818-214558,1787089612169,-1.0220729032199585
20260818-214558,1787089612169,1.0220729032199585
20260818-214558,1787089632937,0.8208394089651011
20260818-214558,1787089632937,-0.8208394089651011
20260818-214558,1787089632937,0.8208394089651011
20260818-214558,1787089632937,0.8208394089651011
20260818-214558,1787089632937,0.8208394089651011
20260818-214558,1787089632937,0.8208394089651011
20260818-214558,1787089632937,-0.8208394089651011
20260818-214558,1787089632937,0.8208394089651011
20260818-214558,1787089632937,0.8208394089651011
20260818-214558,1787089632937,0.8208394089651011
20260818-214558,1787089632937,-0.8208394089651011
20260818-214558,1787089632937,-0.8208394089651011
20260818-214558,1787089632937,0.8208394089651011
20260818-214558,1787089632937,0.8208394089651011
20260818-214558,1787089632937,0.8208394089651011
20260818-214558,1787089632952,0.8208394089651011
20260818-214558,1787089632952,-0.8208394089651011
20260818-214558,1787089632956,0.8208394089651011
20260818-214558,1787089632957,1.3165058077266498
20260818-214558,1787089632959,1.3165058077266498
20260818-214558,1787089632957,-1.3165058077266498
20260818-214558,1787089632967,1.3165058077266498
20260818-214558,1787089632967,1.3165058077266498
20260818-214558,1787089632967,1.3165058077266498
20260818-214558,1787089632967,1.3165058077266498
20260818-214558,1787089632967,1.3165058077266498
20260818-214558,1787089632967,1.3165058077266498
20260818-214558,1787089632967,1.3165058077266498
20260818-214558,1787089632967,-1.3165058077266498
20260818-214558,1787089632967,1.3165058077266498
20260818-214558,1787089632975,1.3165058077266498
20260818-214558,1787089632975,1.3165058077266498
20260818-214558,1787089632976,-1.3165058077266498
20260818-214558,1787089632978,-1.3165058077266498
20260818-214558,1787089632985,-1.3165058077266498
20260818-214558,1787089632985,-1.3165058077266498
20260818-214558,1787089632985,-1.3165058077266498
20260818-214558,1787089632985,-1.3165058077266498
20260818-214558,1787089632985,1.3165058077266498
20260818-214558,1787089632985,1.3165058077266498
20260818-214558,1787089632986,-1.3165058077266498
20260818-214558,1787089633026,1.3165058077266498
20260818-214558,1787089633026,-1.3165058077266498
20260818-214558,1787089633026,1.3165058077266498
20260818-214558,1787089633044,-1.3165058077266498
20260818-214558,1787089633044,1.3165058077266498
20260818-214558,1787089633053,-1.3165058077266498
20260818-214558,1787089633061,2.060097537099632
20260818-214558,1787089633163,2.060097537099632
20260818-214558,1787089633054,2.060097537099632
20260818-214558,1787089633265,2.060097537099632
20260818-214558,1787089635815,-1.4404300845444036
20260818-214558,1787089635774,-1.4404300845444036
20260818-214558,1787089635864,-1.4404300845444036
20260818-214558,1787089635865,1.4404300845444036
20260818-214558,1787089635865,1.4404300845444036
20260818-214558,1787089635865,-1.4404300845444036
20260818-214558,1787089635865,-1.4404300845444036
20260818-214558,1787089635865,1.4404300845444036
20260818-214558,1787089635865,1.4404300845444036
20260818-214558,1787089635872,1.4404300845444036
20260818-214558,1787089635872,-1.4404300845444036
20260818-214558,1787089635872,1.4404300845444036
20260818-214558,1787089635872,-1.4404300845444036
20260818-214558,1787089635872,-1.4404300845444036
20260818-214558,1787089635872,-1.4404300845444036
20260818-214558,1787089635872,-1.4404300845444036
20260818-214558,1787089635872,1.4404300845444036
20260818-214558,1787089635872,1.4404300845444036
20260818-214558,1787089635872,-1.4404300845444036
20260818-214558,1787089635872,1.4404300845444036
20260818-214558,1787089635872,-1.4404300845444036
20260818-214558,1787089635884,1.4404300845444036
20260818-214558,1787089635884,-1.4404300845444036
20260818-214558,1787089635884,1.4404300845444036
20260818-214558,1787089635886,1.4404300845444036
20260818-214558,1787089635886,-1.4404300845444036
20260818-214558,1787089635886,-1.4404300845444036
20260818-214558,1787089635889,-1.4404300845444036
20260818-214558,1787089635917,-0.8363282402505782
20260818-214558,1787089635921,-0.8363282402505782
20260818-214558,1787089635930,-0.8363282402505782
20260818-214558,1787089635930,0.8363282402505782
20260818-214558,1787089635956,-0.8363282402505782
20260818-214558,1787089635956,0.8363282402505782
20260818-214558,1787089635956,0.8363282402505782
20260818-214558,1787089635956,0.8363282402505782
20260818-214558,1787089635956,0.8363282402505782
20260818-214558,1787089635956,0.8363282402505782
20260818-214558,1787089635956,-0.8363282402505782
20260818-214558,1787089635956,0.8363282402505782
20260818-214558,1787089635958,-0.8363282402505782
20260818-214558,1787089635968,-0.8363282402505782
20260818-214558,1787089635971,-0.8363282402505782
20260818-214558,1787089635971,-0.8363282402505782
20260818-214558,1787089636026,0.8363282402505782
20260818-214558,1787089636026,0.8363282402505782
20260818-214558,1787089636026,-0.8363282402505782
20260818-214558,1787089636030,0.8363282402505782
20260818-214558,1787089636036,-0.8363282402505782
20260818-214558,1787089636036,0.8363282402505782
20260818-214558,1787089636036,0.8363282402505782
20260818-214558,1787089636036,-0.8363282402505782
20260818-214558,1787089636036,0.8363282402505782
20260818-214558,1787089636036,0.8363282402505782
20260818-214558,1787089636036,-0.8363282402505782
20260818-214558,1787089636036,-0.8363282402505782
20260818-214558,1787089636045,-0.8363282402505782
20260818-214558,1787089636045,0.8363282402505782
20260818-214558,1787089636045,-0.8363282402505782
20260818-214558,1787089636047,-0.5110728580824873
20260818-214558,1787089636047,0.5110728580824873
20260818-214558,1787089636019,0.5110728580824873
20260818-214558,1787089636047,0.5110728580824873
20260818-214558,1787089636129,0.5110728580824873
20260818-214558,1787089636130,0.5110728580824873
20260818-214558,1787089636131,-0.5110728580824873
20260818-214558,1787089636134,0.5110728580824873
20260818-214558,1787089636136,0.5110728580824873
20260818-214558,1787089636136,0.5110728580824873
20260818-214558,1787089636121,-0.030972433759192362
20260818-214558,1787089636138,-0.24777409815900267
20260818-214558,1787089636138,-0.24777409815900267
20260818-214558,1787089636138,0.24777409815900267
20260818-214558,1787089636223,0.24777409815900267
20260818-214558,1787089636138,0.24777409815900267
20260818-214558,1787089636226,0.24777409815900267
20260818-214558,1787089636226,-0.24777409815900267
20260818-214558,1787089636226,-0.24777409815900267
20260818-214558,1787089636226,-0.24777409815900267
20260818-214558,1787089636226,0.24777409815900267
20260818-214558,1787089636226,-0.24777409815900267
20260818-214558,1787089636226,-0.24777409815900267
20260818-214558,1787089636226,0.24777409815900267
20260818-214558,1787089636235,0.24777409815900267
20260818-214558,1787089636237,-0.24777409815900267
20260818-214558,1787089636325,0.5110206243260309
20260818-214558,1787089636239,0.5110206243260309
20260818-214558,1787089636346,0.5110206243260309
20260818-214558,1787089636348,0.5110206243260309
20260818-214558,1787089636348,-0.5110206243260309
20260818-214558,1787089636348,0.5110206243260309
20260818-214558,1787089636349,0.7432854611023014
20260818-214558,1787089636349,-0.7432854611023014
20260818-214558,1787089636349,0.7432854611023014
20260818-214558,1787089636427,-0.7432854611023014
20260818-214558,1787089636349,-0.7432854611023014
20260818-214558,1787089636455,-0.7432854611023014
20260818-214558,1787089636459,-0.7432854611023014
20260818-214558,1787089636459,0.7432854611023014
20260818-214558,1787089636459,-0.7432854611023014
20260818-214558,1787089636459,-0.7432854611023014
20260818-214558,1787089636459,-0.7432854611023014
20260818-214558,1787089636480,-0.7432854611023014
20260818-214558,1787089636480,-0.7432854611023014
20260818-214558,1787089636480,-0.7432854611023014
20260818-214558,1787089636480,-0.7432854611023014
20260818-214558,1787089636480,-0.7432854611023014
20260818-214558,1787089636480,-0.7432854611023014
20260818-214558,1787089636480,-0.7432854611023014
20260818-214558,1787089636480,-0.7432854611023014
20260818-214558,1787089636484,0.7432854611023014
20260818-214558,1787089636641,-1.1148867576998167
20260818-214558,1787089636644,-1.1148867576998167
20260818-214558,1787089636644,-1.1148867576998167
20260818-214558,1787089636644,-1.1148867576998167
20260818-214558,1787089636644,-1.1148867576998167
20260818-214558,1787089636644,1.1148867576998167
20260818-214558,1787089636644,-1.1148867576998167
20260818-214558,1787089636644,-1.1148867576998167
20260818-214558,1787089636644,1.1148867576998167
20260818-214558,1787089636644,1.1148867576998167
20260818-214558,1787089636651,-1.1148867576998167
20260818-214558,1787089636651,1.1148867576998167
20260818-214558,1787089636651,-1.1148867576998167
20260818-214558,1787089636651,-1.1148867576998167
20260818-214558,1787089636651,-1.1148867576998167
20260818-214558,1787089636651,-1.1148867576998167
20260818-214558,1787089636651,-1.1148867576998167
20260818-214558,1787089636651,1.1148867576998167
20260818-214558,1787089636653,1.1148867576998167
20260818-214558,1787089636653,-1.1148867576998167
20260818-214558,1787089636661,-1.1148867576998167
20260818-214558,1787089636663,-1.1148867576998167
20260818-214558,1787089636670,-1.1148867576998167
20260818-214558,1787089636670,-1.1148867576998167
20260818-214558,1787089636670,-1.1148867576998167
20260818-214558,1787089636670,-1.1148867576998167
20260818-214558,1787089636670,-1.1148867576998167
20260818-214558,1787089636670,1.1148867576998167
20260818-214558,1787089636670,-1.1148867576998167
20260818-214558,1787089636670,1.1148867576998167
20260818-214558,1787089636670,-1.1148867576998167
20260818-214558,1787089636670,-1.1148867576998167
20260818-214558,1787089636670,-1.1148867576998167
20260818-214558,1787089636670,-1.1148867576998167
20260818-214558,1787089636670,-1.1148867576998167
20260818-214558,1787089636670,-1.1148867576998167
20260818-214558,1787089636673,-1.1148867576998167
20260818-214558,1787089636675,1.1148867576998167
20260818-214558,1787089636675,-1.1148867576998167
20260818-214558,1787089636675,1.1148867576998167
20260818-214558,1787089636675,-1.1148867576998167
20260818-214558,1787089636678,-1.1148867576998167
20260818-214558,1787089636678,1.1148867576998167
20260818-214558,1787089636678,-1.1148867576998167
20260818-214558,1787089636679,-1.1148867576998167
20260818-214558,1787089636679,-1.1148867576998167
20260818-214558,1787089636681,-1.1148867576998167
20260818-214558,1787089636717,-1.1148867576998167
20260818-214558,1787089636718,-1.1148867576998167
20260818-214558,1787089636718,-1.1148867576998167
20260818-214558,1787089636718,-1.1148867576998167
20260818-214558,1787089636718,-1.1148867576998167
20260818-214558,1787089636718,-1.1148867576998167
20260818-214558,1787089636718,1.1148867576998167
20260818-214558,1787089636718,-1.1148867576998167
20260818-214558,1787089636718,1.1148867576998167
20260818-214558,1787089636733,0.43363421869612545
20260818-214558,1787089636722,-0.43363421869612545
20260818-214558,1787089636826,-0.43363421869612545
20260818-214558,1787089636826,-0.43363421869612545
20260818-214558,1787089636826,-0.43363421869612545
20260818-214558,1787089636826,-0.43363421869612545
20260818-214558,1787089636826,0.43363421869612545
20260818-214558,1787089636826,0.43363421869612545
20260818-214558,1787089636826,-0.43363421869612545
20260818-214558,1787089636826,0.43363421869612545
20260818-214558,1787089636826,-0.43363421869612545
20260818-214558,1787089636828,0.8208394089651011
20260818-214558,1787089636828,0.8208394089651011
20260818-214558,1787089636828,0.8208394089651011
20260818-214558,1787089636835,-0.8208394089651011
20260818-214558,1787089636828,0.8208394089651011
20260818-214558,1787089636932,1.0376874129309237
20260818-214558,1787089636932,1.0376874129309237
20260818-214558,1787089636932,1.0376874129309237
20260818-214558,1787089636937,1.0376874129309237
20260818-214558,1787089636932,-1.0376874129309237
20260818-214558,1787089636934,1.0376874129309237
20260818-214558,1787089636934,1.0376874129309237
20260818-214558,1787089636962,1.0376874129309237
20260818-214558,1787089636964,-1.0376874129309237
20260818-214558,1787089636964,1.0376874129309237
20260818-214558,1787089636964,-1.0376874129309237
20260818-214558,1787089637005,-1.0376874129309237
20260818-214558,1787089637007,1.0376874129309237
20260818-214558,1787089637007,1.0376874129309237
20260818-214558,1787089637007,-1.0376874129309237
20260818-214558,1787089637007,-1.0376874129309237
20260818-214558,1787089637007,1.0376874129309237
20260818-214558,1787089637007,1.0376874129309237
20260818-214558,1787089637007,1.0376874129309237
20260818-214558,1787089637013,1.0376874129309237
20260818-214558,1787089637039,1.874189238901945
20260818-214558,1787089637018,-1.874189238901945
20260818-214558,1787089637035,-1.874189238901945
20260818-214558,1787089637037,1.874189238901945
20260818-214558,1787089637037,1.874189238901945
20260818-214558,1787089637037,-1.874189238901945
20260818-214558,1787089637037,-1.874189238901945
20260818-214558,1787089637037,-1.874189238901945
20260818-214558,1787089637037,-1.874189238901945
20260818-214558,1787089637037,1.874189238901945
20260818-214558,1787089637037,1.874189238901945
20260818-214558,1787089637037,1.874189238901945
20260818-214558,1787089637037,-1.874189238901945
20260818-214558,1787089637037,1.874189238901945
20260818-214558,1787089637037,1.874189238901945
20260818-214558,1787089637037,-1.874189238901945
20260818-214558,1787089637037,1.874189238901945
20260818-214558,1787089637037,1.874189238901945
20260818-214558,1787089637037,1.874189238901945
20260818-214558,1787089637037,1.874189238901945
20260818-214558,1787089637042,1.874189238901945
20260818-214558,1787089637080,-2.060097537099632
20260818-214558,1787089637080,-2.060097537099632
20260818-214558,1787089637080,2.060097537099632
20260818-214558,1787089637080,2.060097537099632
20260818-214558,1787089637141,-2.060097537099632
20260818-214558,1787089637080,2.060097537099632
20260818-214558,1787089637243,2.060097537099632
20260818-214558,1787089637188,-2.060097537099632
20260818-214558,1787089637345,-2.060097537099632
20260818-214558,1787089637447,-2.060097537099632
20260818-214558,1787089637549,-2.060097537099632
20260818-214558,1787089637651,2.060097537099632
20260818-214558,1787089637753,2.060097537099632
20260818-214558,1787089637855,2.060097537099632
20260818-214558,1787089637801,2.060097537099632
20260818-214558,1787089637957,2.060097537099632
20260818-214558,1787089638059,-2.060097537099632
20260818-214558,1787089638161,2.060097537099632
20260818-214558,1787089638263,-2.060097537099632
20260818-214558,1787089638365,2.060097537099632
20260818-214558,1787089638467,2.060097537099632
20260818-214558,1787089638569,-2.060097537099632
20260818-214558,1787089638671,2.060097537099632
20260818-214558,1787089638773,-2.060097537099632
20260818-214558,1787089638875,-2.060097537099632
20260818-214558,1787089638977,2.060097537099632
20260818-214558,1787089638912,2.060097537099632
20260818-214558,1787089639079,2.060097537099632
20260818-214558,1787089639181,-2.060097537099632
20260818-214558,1787089639283,2.060097537099632
20260818-214558,1787089639385,2.060097537099632
20260818-214558,1787089639487,-2.060097537099632
20260818-214558,1787089639589,-2.060097537099632
20260818-214558,1787089639448,2.060097537099632
20260818-214558,1787089639691,-2.060097537099632
20260818-214558,1787089639793,2.060097537099632
20260818-214558,1787089639895,2.060097537099632
20260818-214558,1787089639997,-2.060097537099632
20260818-214558,1787089640099,2.060097537099632
20260818-214558,1787089640201,-2.060097537099632
20260818-214558,1787089640303,2.060097537099632
20260818-214558,1787089640405,-2.060097537099632
20260818-214558,1787089640507,2.060097537099632
20260818-214558,1787089640578,2.060097537099632
20260818-214558,1787089640586,2.060097537099632
20260818-214558,1787089640594,2.060097537099632
20260818-214558,1787089640604,2.060097537099632
20260818-214558,1787089640604,-2.060097537099632
20260818-214558,1787089640613,2.060097537099632
20260818-214558,1787089640613,2.060097537099632
20260818-214558,1787089640613,2.060097537099632
20260818-214558,1787089640614,2.060097537099632
20260818-214558,1787089640614,-2.060097537099632
20260818-214558,1787089640614,2.060097537099632
20260818-214558,1787089640614,2.060097537099632
20260818-214558,1787089640614,-2.060097537099632
20260818-214558,1787089640614,-2.060097537099632
20260818-214558,1787089640614,2.060097537099632
20260818-214558,1787089640614,-2.060097537099632
20260818-214558,1787089640614,-2.060097537099632
20260818-214558,1787089640622,-2.060097537099632
20260818-214558,1787089640622,-2.060097537099632
20260818-214558,1787089653971,-1.935942002275119
20260818-214558,1787089653948,-1.935942002275119
20260818-214558,1787089654073,1.935942002275119
20260818-214558,1787089654050,1.935942002275119
20260818-214558,1787089654175,-1.935942002275119
20260818-214558,1787089654277,1.935942002275119
20260818-214558,1787089654162,1.935942002275119
20260818-214558,1787089654379,1.935942002275119
20260818-214558,1787089654481,-1.935942002275119
20260818-214558,1787089654380,1.935942002275119
20260818-214558,1787089654583,-1.935942002275119
20260818-214558,1787089654685,-1.935942002275119
20260818-214558,1787089654590,1.935942002275119
20260818-214558,1787089654787,1.935942002275119
20260818-214558,1787089654889,-1.935942002275119
20260818-214558,1787089654991,1.935942002275119
20260818-214558,1787089655093,1.935942002275119
20260818-214558,1787089655195,-1.935942002275119
20260818-214558,1787089655297,-1.935942002275119
20260818-214558,1787089655216,-1.935942002275119
20260818-214558,1787089655399,-1.935942002275119
20260818-214558,1787089655501,-1.935942002275119
20260818-214558,1787089655603,-1.935942002275119
20260818-214558,1787089655705,-1.935942002275119
20260818-214558,1787089655807,1.935942002275119
20260818-214558,1787089655739,-1.935942002275119
20260818-214558,1787089655909,1.935942002275119
20260818-214558,1787089656011,-1.935942002275119
20260818-214558,1787089656113,1.935942002275119
20260818-214558,1787089656215,1.935942002275119
20260818-214558,1787089656317,-1.935942002275119
20260818-214558,1787089656419,1.935942002275119
20260818-214558,1787089656521,1.935942002275119
20260818-214558,1787089656623,1.935942002275119
20260818-214558,1787089656725,1.935942002275119
20260818-214558,1787089656827,-1.935942002275119
20260818-214558,1787089656929,1.935942002275119
20260818-214558,1787089657031,1.935942002275119
20260818-214558,1787089657133,-1.935942002275119
20260818-214558,1787089657235,-1.935942002275119
20260818-214558,1787089657142,1.935942002275119
20260818-214558,1787089657337,1.935942002275119
20260818-214558,1787089657439,1.935942002275119
20260818-214558,1787089657541,1.935942002275119
20260818-214558,1787089657643,-1.935942002275119
20260818-214558,1787089657574,-1.935942002275119
20260818-214558,1787089657745,1.935942002275119
20260818-214558,1787089657847,1.935942002275119
20260818-214558,1787089657949,-1.935942002275119
20260818-214558,1787089658051,1.935942002275119
20260818-214558,1787089658153,-1.935942002275119
20260818-214558,1787089658255,1.935942002275119
20260818-214558,1787089658357,-1.935942002275119
20260818-214558,1787089658459,1.935942002275119
20260818-214558,1787089658561,-1.935942002275119
20260818-214558,1787089658663,1.935942002275119
20260818-214558,1787089658765,-1.935942002275119
20260818-214558,1787089658867,1.935942002275119
20260818-214558,1787089658969,1.935942002275119
20260818-214558,1787089659071,1.935942002275119
20260818-214558,1787089659173,1.935942002275119
20260818-214558,1787089659275,1.935942002275119
20260818-214558,1787089659377,-1.935942002275119
20260818-214558,1787089659479,-1.935942002275119
20260818-214558,1787089659581,1.935942002275119
20260818-214558,1787089659683,-1.935942002275119
20260818-214558,1787089659785,1.935942002275119
20260818-214558,1787089659887,-1.935942002275119
20260818-214558,1787089659989,1.935942002275119
20260818-214558,1787089660091,1.935942002275119
20260818-214558,1787089660193,1.935942002275119
20260818-214558,1787089660295,1.935942002275119
20260818-214558,1787089660397,-1.935942002275119
20260818-214558,1787089660499,1.935942002275119
20260818-214558,1787089660601,-1.935942002275119
20260818-214558,1787089660703,-1.935942002275119
20260818-214558,1787089660805,1.935942002275119
20260818-214558,1787089660907,1.935942002275119
20260818-214558,1787089660773,1.935942002275119
20260818-214558,1787089661009,1.935942002275119
20260818-214558,1787089660919,1.935942002275119
20260818-214558,1787089661111,1.935942002275119
20260818-214558,1787089661213,-1.935942002275119
20260818-214558,1787089661315,-1.935942002275119
20260818-214558,1787089661241,-1.935942002275119
20260818-214558,1787089661417,1.935942002275119
20260818-214558,1787089661519,1.935942002275119
20260818-214558,1787089661459,-1.935942002275119
20260818-214558,1787089661621,1.935942002275119
20260818-214558,1787089661567,1.935942002275119
20260818-214558,1787089661723,-1.935942002275119
20260818-214558,1787089661825,1.935942002275119
20260818-214558,1787089661752,-1.935942002275119
20260818-214558,1787089661927,1.935942002275119
20260818-214558,1787089662029,1.935942002275119
20260818-214558,1787089661956,-1.935942002275119
20260818-214558,1787089662131,-1.935942002275119
20260818-214558,1787089662067,-1.935942002275119
20260818-214558,1787089662233,1.935942002275119
20260818-214558,1787089662335,1.935942002275119
20260818-214558,1787089662192,1.935942002275119
20260818-214558,1787089662437,-1.935942002275119
20260818-214558,1787089662342,1.935942002275119
20260818-214558,1787089662539,-1.935942002275119
20260818-214558,1787089662457,-1.935942002275119
20260818-214558,1787089662641,-1.935942002275119
20260818-214558,1787089662571,-1.935942002275119
20260818-214558,1787089662743,-1.935942002275119
20260818-214558,1787089662665,1.935942002275119
20260818-214558,1787089662845,1.935942002275119
20260818-214558,1787089662947,1.935942002275119
20260818-214558,1787089662894,1.935942002275119
20260818-214558,1787089663049,-1.935942002275119
20260818-214558,1787089663151,1.935942002275119
20260818-214558,1787089663253,-1.935942002275119
20260818-214558,1787089663355,1.935942002275119
20260818-214558,1787089663457,-1.935942002275119
20260818-214558,1787089663308,-1.935942002275119
20260818-214558,1787089663559,1.935942002275119
20260818-214558,1787089663661,-1.935942002275119
20260818-214558,1787089663763,1.935942002275119
20260818-214558,1787089663865,-1.935942002275119
20260818-214558,1787089663967,-1.935942002275119
20260818-214558,1787089664069,1.935942002275119
20260818-214558,1787089664171,1.935942002275119
20260818-214558,1787089664273,1.935942002275119
20260818-214558,1787089664375,-1.935942002275119
20260818-214558,1787089664477,1.935942002275119
20260818-214558,1787089664386,-1.935942002275119
20260818-214558,1787089664579,-1.935942002275119
20260818-214558,1787089664606,1.935942002275119
20260818-214558,1787089664681,-1.935942002275119
20260818-214558,1787089664606,1.935942002275119
20260818-214558,1787089664783,-1.935942002275119
20260818-214558,1787089664885,1.935942002275119
20260818-214558,1787089664987,1.935942002275119
20260818-214558,1787089665089,1.935942002275119
20260818-214558,1787089665191,1.935942002275119
20260818-214558,1787089665293,1.935942002275119
20260818-214558,1787089665166,-1.935942002275119
20260818-214558,1787089665395,-1.935942002275119
20260818-214558,1787089665497,-1.935942002275119
20260818-214558,1787089665408,1.935942002275119
20260818-214558,1787089665599,-1.935942002275119
20260818-214558,1787089665701,-1.935942002275119
20260818-214558,1787089665803,-1.935942002275119
20260818-214558,1787089665905,-1.935942002275119
20260818-214558,1787089666007,-1.935942002275119
20260818-214558,1787089666109,1.935942002275119
20260818-214558,1787089666211,-1.935942002275119
20260818-214558,1787089666313,-1.935942002275119
20260818-214558,1787089666415,-1.935942002275119
20260818-214558,1787089666517,-1.935942002275119
20260818-214558,1787089666619,1.935942002275119
20260818-214558,1787089666721,-1.935942002275119
20260818-214558,1787089666823,1.935942002275119
20260818-214558,1787089666925,-1.935942002275119
20260818-214558,1787089667027,1.935942002275119
20260818-214558,1787089667129,1.935942002275119
20260818-214558,1787089667231,-1.935942002275119
20260818-214558,1787089667333,-1.935942002275119
20260818-214558,1787089667435,1.935942002275119
20260818-214558,1787089667537,-1.935942002275119
20260818-214558,1787089667639,-1.935942002275119
20260818-214558,1787089667741,-1.935942002275119
20260818-214558,1787089667843,-1.935942002275119
20260818-214558,1787089667945,1.935942002275119
20260818-214558,1787089668047,-1.935942002275119
20260818-214558,1787089668149,-1.935942002275119
20260818-214558,1787089668050,1.935942002275119
20260818-214558,1787089668251,1.935942002275119
20260818-214558,1787089668353,1.935942002275119
20260818-214558,1787089668455,1.935942002275119
20260818-214558,1787089668557,1.935942002275119
20260818-214558,1787089668659,1.935942002275119
20260818-214558,1787089668761,1.935942002275119
20260818-214558,1787089668863,1.935942002275119
20260818-214558,1787089668965,1.935942002275119
20260818-214558,1787089669067,1.935942002275119
20260818-214558,1787089669169,1.935942002275119
20260818-214558,1787089669271,1.935942002275119
20260818-214558,1787089669373,1.935942002275119
20260818-214558,1787089669475,1.935942002275119
20260818-214558,1787089669577,-1.935942002275119
20260818-214558,1787089669679,1.935942002275119
20260818-214558,1787089669781,1.935942002275119
20260818-214558,1787089669883,1.935942002275119
20260818-214558,1787089669985,1.935942002275119
20260818-214558,1787089670087,1.935942002275119
20260818-214558,1787089670189,-1.935942002275119
20260818-214558,1787089670291,1.935942002275119
20260818-214558,1787089670393,-1.935942002275119
20260818-214558,1787089670495,1.935942002275119
20260818-214558,1787089670597,1.935942002275119
20260818-214558,1787089670699,-1.935942002275119
20260818-214558,1787089670801,1.935942002275119
20260818-214558,1787089670679,1.935942002275119
20260818-214558,1787089670903,1.935942002275119
20260818-214558,1787089671005,1.935942002275119
20260818-214558,1787089670920,1.935942002275119
20260818-214558,1787089671107,1.935942002275119
20260818-214558,1787089671209,-1.935942002275119
20260818-214558,1787089671311,1.935942002275119
20260818-214558,1787089671413,-1.935942002275119
20260818-214558,1787089671515,-1.935942002275119
20260818-214558,1787089671617,1.935942002275119
20260818-214558,1787089671719,1.935942002275119
20260818-214558,1787089671821,-1.935942002275119
20260818-214558,1787089671923,-1.935942002275119
20260818-214558,1787089671811,-1.935942002275119
20260818-214558,1787089672025,-1.935942002275119
20260818-214558,1787089672127,1.935942002275119
20260818-214558,1787089672229,1.935942002275119
20260818-214558,1787089672331,1.935942002275119
20260818-214558,1787089672433,1.935942002275119
20260818-214558,1787089672535,-1.935942002275119
20260818-214558,1787089672637,1.935942002275119
20260818-214558,1787089672554,-1.935942002275119
20260818-214558,1787089672739,-1.935942002275119
20260818-214558,1787089672841,-1.935942002275119
20260818-214558,1787089672943,-1.935942002275119
20260818-214558,1787089673045,1.935942002275119
20260818-214558,1787089672969,1.935942002275119
20260818-214558,1787089673147,1.935942002275119
20260818-214558,1787089673249,-1.935942002275119
20260818-214558,1787089673351,1.935942002275119
20260818-214558,1787089673453,-1.935942002275119
20260818-214558,1787089673555,1.935942002275119
20260818-214558,1787089673657,1.935942002275119
20260818-214558,1787089673507,1.935942002275119
20260818-214558,1787089673759,1.935942002275119
20260818-214558,1787089673861,1.935942002275119
20260818-214558,1787089673963,1.935942002275119
20260818-214558,1787089674065,-1.935942002275119
20260818-214558,1787089674069,1.935942002275119
20260818-214558,1787089674069,-1.935942002275119
20260818-214558,1787089674069,-1.935942002275119
20260818-214558,1787089674069,-1.935942002275119
20260818-214558,1787089674069,1.935942002275119
20260818-214558,1787089674069,1.935942002275119
20260818-214558,1787089674069,-1.935942002275119
20260818-214558,1787089674069,1.935942002275119
20260818-214558,1787089674072,-1.935942002275119
20260818-214558,1787089674073,-1.935942002275119
20260818-214558,1787089674073,1.935942002275119
20260818-214558,1787089674073,1.935942002275119
20260818-214558,1787089674073,1.935942002275119
20260818-214558,1787089674073,-1.935942002275119
20260818-214558,1787089674073,-1.935942002275119
20260818-214558,1787089674073,-1.935942002275119
20260818-214558,1787089674073,1.935942002275119
20260818-214558,1787089674073,1.935942002275119
20260818-214558,1787089674073,-1.935942002275119
20260818-214558,1787089674073,-1.935942002275119
20260818-214558,1787089674073,1.935942002275119
20260818-214558,1787089674088,1.935942002275119
20260818-214558,1787089674088,-1.935942002275119
20260818-214558,1787089674093,-1.935942002275119
20260818-214558,1787089674094,1.935942002275119
20260818-214558,1787089674094,1.935942002275119
20260818-214558,1787089674094,-1.935942002275119
20260818-214558,1787089674094,-1.935942002275119
20260818-214558,1787089674094,-1.935942002275119
20260818-214558,1787089674094,1.935942002275119
20260818-214558,1787089674094,1.935942002275119
20260818-214558,1787089674094,1.935942002275119
20260818-214558,1787089674094,1.935942002275119
20260818-214558,1787089674094,1.935942002275119
20260818-214558,1787089674094,-1.935942002275119
20260818-214558,1787089674094,1.935942002275119
20260818-214558,1787089674094,1.935942002275119
20260818-214558,1787089674099,-1.935942002275119
20260818-214558,1787089674111,-1.935942002275119
20260818-214558,1787089674111,-1.935942002275119
20260818-214558,1787089674111,-1.935942002275119
20260818-214558,1787089674111,1.935942002275119
20260818-214558,1787089674111,-1.935942002275119
20260818-214558,1787089674111,1.935942002275119
20260818-214558,1787089674167,3.175338309062648
20260818-214558,1787089674269,3.175338309062648
20260818-214558,1787089674155,-3.175338309062648
20260818-214558,1787089674371,3.175338309062648
20260818-214558,1787089674473,3.175338309062648
20260818-214558,1787089674575,3.175338309062648
20260818-214558,1787089674677,3.175338309062648
20260818-214558,1787089674779,3.175338309062648
20260818-214558,1787089674881,3.175338309062648
20260818-214558,1787089674983,3.175338309062648
20260818-214558,1787089675085,3.175338309062648
20260818-214558,1787089675187,2.749261184459162
20260818-214558,1787089675187,-2.749261184459162
20260818-214558,1787089675200,-2.749261184459162
20260818-214558,1787089675201,2.749261184459162
20260818-214558,1787089675201,-2.749261184459162
20260818-214558,1787089675201,2.749261184459162
20260818-214558,1787089675201,2.749261184459162
20260818-214558,1787089675201,-2.749261184459162
20260818-214558,1787089675201,2.749261184459162
20260818-214558,1787089675201,-2.749261184459162
20260818-214558,1787089675201,2.749261184459162
20260818-214558,1787089675201,-2.749261184459162
20260818-214558,1787089675201,-2.749261184459162
20260818-214558,1787089675201,2.749261184459162
20260818-214558,1787089675201,2.749261184459162
20260818-214558,1787089675201,2.749261184459162
20260818-214558,1787089675207,2.749261184459162
20260818-214558,1787089675207,2.749261184459162
20260818-214558,1787089675207,-2.749261184459162
20260818-214558,1787089675209,2.749261184459162
20260818-214558,1787089675209,-2.749261184459162
20260818-214558,1787089675214,2.749261184459162
20260818-214558,1787089675214,-2.749261184459162
20260818-214558,1787089675214,2.749261184459162
20260818-214558,1787089675214,-2.749261184459162
20260818-214558,1787089675214,2.749261184459162
20260818-214558,1787089675214,2.749261184459162
20260818-214558,1787089675214,2.749261184459162
20260818-214558,1787089675218,2.749261184459162
20260818-214558,1787089675226,1.935942002275119
20260818-214558,1787089675289,-1.935942002275119
20260818-214558,1787089675226,1.935942002275119
20260818-214558,1787089675391,-1.935942002275119
20260818-214558,1787089675493,-1.935942002275119
20260818-214558,1787089675595,-1.935942002275119
20260818-214558,1787089675697,1.935942002275119
20260818-214558,1787089675799,1.935942002275119
20260818-214558,1787089675649,1.935942002275119
20260818-214558,1787089675901,1.935942002275119
20260818-214558,1787089676003,1.935942002275119
20260818-214558,1787089676105,-1.5952162098751488
20260818-214558,1787089676021,-1.935942002275119
20260818-214558,1787089676207,1.5952162098751488
20260818-214558,1787089676195,-1.5952162098751488
20260818-214558,1787089676309,1.5952162098751488
20260818-214558,1787089676411,1.5952162098751488
20260818-214558,1787089676306,-1.5952162098751488
20260818-214558,1787089676513,1.5952162098751488
20260818-214558,1787089676409,1.5952162098751488
20260818-214558,1787089676615,-1.5952162098751488
20260818-214558,1787089676717,1.5952162098751488
20260818-214558,1787089676819,1.5952162098751488
20260818-214558,1787089676921,-1.5952162098751488
20260818-214558,1787089677023,1.5952162098751488
20260818-214558,1787089677127,1.5952162098751488
20260818-214558,1787089677229,1.5952162098751488
20260818-214558,1787089677331,1.5952162098751488
20260818-214558,1787089677433,-1.5952162098751488
20260818-214558,1787089677535,1.5952162098751488
20260818-214558,1787089677637,-1.5952162098751488
20260818-214558,1787089677739,-1.5952162098751488
20260818-214558,1787089677841,-1.5952162098751488
20260818-214558,1787089677943,-1.5952162098751488
20260818-214558,1787089678045,1.5952162098751488
20260818-214558,1787089677973,1.5952162098751488
20260818-214558,1787089678147,-1.5952162098751488
20260818-214558,1787089678249,1.5952162098751488
20260818-214558,1787089678351,1.5952162098751488
20260818-214558,1787089678453,-1.5952162098751488
20260818-214558,1787089678379,1.5952162098751488
20260818-214558,1787089678555,-1.5952162098751488
20260818-214558,1787089678657,1.5952162098751488
20260818-214558,1787089678759,1.5952162098751488
20260818-214558,1787089678654,1.5952162098751488
20260818-214859,1787089742409,0.015487104276348909
20260818-214859,1787089742611,-0.015487104276348909
20260818-214859,1787089742713,0.015487104276348909
20260818-214859,1787089742815,-0.015487104276348909
20260818-214859,1787089742917,-0.015487104276348909
20260818-214859,1787089743869,-1.6571201574724252
20260818-214859,1787089743869,1.6571201574724252
20260818-214859,1787089743937,2.0753587544143937
20260818-214859,1787089743881,-2.0753587544143937
20260818-214859,1787089744039,2.0753587544143937
20260818-214859,1787089744141,-2.0753587544143937
20260818-214859,1787089744243,-2.0753587544143937
20260818-214859,1787089744345,2.0753587544143937
20260818-214859,1787089744447,-2.0753587544143937
20260818-214859,1787089744549,2.0753587544143937
20260818-214859,1787089744651,2.0753587544143937
20260818-214859,1787089744753,-2.0753587544143937
20260818-214859,1787089744855,2.0753587544143937
20260818-214859,1787089744957,-2.0753587544143937
20260818-214859,1787089745059,2.0753587544143937
20260818-214859,1787089745161,-2.0753587544143937
20260818-214859,1787089745263,-2.0753587544143937
20260818-214859,1787089745365,2.0753587544143937
20260818-214859,1787089745467,2.0753587544143937
20260818-214859,1787089745569,2.0753587544143937
20260818-214859,1787089745671,-2.0753587544143937
20260818-214859,1787089745773,2.0753587544143937
20260818-214859,1787089745875,2.0753587544143937
20260818-214859,1787089745977,2.0753587544143937
20260818-214859,1787089746079,2.0753587544143937
20260818-214859,1787089746181,2.0753587544143937
20260818-214859,1787089746283,2.0753587544143937
20260818-214859,1787089746385,2.0753587544143937
20260818-214859,1787089746487,2.0753587544143937
20260818-214859,1787089746384,-2.0753587544143937
20260818-214859,1787089746589,2.0753587544143937
20260818-214859,1787089746691,2.0753587544143937
20260818-214859,1787089746793,2.0753587544143937
20260818-214859,1787089746895,2.0753587544143937
20260818-214859,1787089746997,2.0753587544143937
20260818-214859,1787089747099,-2.0753587544143937
20260818-214859,1787089747201,2.0753587544143937
20260818-214859,1787089747094,2.0753587544143937
20260818-214859,1787089747303,2.0753587544143937
20260818-214859,1787089747405,-2.0753587544143937
20260818-214859,1787089747507,2.0753587544143937
20260818-214859,1787089747609,-2.0753587544143937
20260818-214859,1787089747711,-2.0753587544143937
20260818-214859,1787089747813,2.0753587544143937
20260818-214859,1787089747915,2.0753587544143937
20260818-214859,1787089748017,2.0753587544143937
20260818-214859,1787089748119,-2.0753587544143937
20260818-214859,1787089748221,-2.0753587544143937
20260818-214859,1787089748074,-2.0753587544143937
20260818-214859,1787089748323,-2.0753587544143937
20260818-214859,1787089748425,2.0753587544143937
20260818-214859,1787089748527,-2.0753587544143937
20260818-214859,1787089748629,-2.0753587544143937
20260818-214859,1787089748731,-2.0753587544143937
20260818-214859,1787089748833,-2.0753587544143937
20260818-214859,1787089748774,2.0753587544143937
20260818-214859,1787089748935,2.0753587544143937
20260818-214859,1787089749037,2.0753587544143937
20260818-214859,1787089749139,2.0753587544143937
20260818-214859,1787089749241,-2.0753587544143937
20260818-214859,1787089749343,2.0753587544143937
20260818-214859,1787089749445,2.0753587544143937
20260818-214859,1787089749296,2.0753587544143937
20260818-214859,1787089749547,-2.0753587544143937
20260818-214859,1787089749649,2.0753587544143937
20260818-214859,1787089749751,-2.0753587544143937
20260818-214859,1787089749680,-2.0753587544143937
20260818-214859,1787089749853,-2.0753587544143937
20260818-214859,1787089749955,2.0753587544143937
20260818-214859,1787089750057,2.0753587544143937
20260818-214859,1787089750159,-2.0753587544143937
20260818-214859,1787089750261,2.0753587544143937
20260818-214859,1787089750164,-2.0753587544143937
20260818-214859,1787089750363,2.0753587544143937
20260818-214859,1787089750465,2.0753587544143937
20260818-214859,1787089750567,-2.0753587544143937
20260818-214859,1787089750669,2.0753587544143937
20260818-214859,1787089750771,2.0753587544143937
20260818-214859,1787089750873,2.0753587544143937
20260818-214859,1787089750785,2.0753587544143937
20260818-214859,1787089750975,-2.0753587544143937
20260818-214859,1787089751077,2.0753587544143937
20260818-214859,1787089751179,-2.0753587544143937
20260818-214859,1787089751281,2.0753587544143937
20260818-214859,1787089751383,2.0753587544143937
20260818-214859,1787089751485,2.0753587544143937
20260818-214859,1787089751467,-2.0753587544143937
20260818-214859,1787089751484,2.0753587544143937
20260818-214859,1787089751587,-2.0753587544143937
20260818-214859,1787089751560,2.0753587544143937
20260818-214859,1787089751689,2.0753587544143937
20260818-214859,1787089751791,2.0753587544143937
20260818-214859,1787089751667,2.0753587544143937
20260818-214859,1787089751893,-2.0753587544143937
20260818-214859,1787089751995,2.0753587544143937
20260818-214859,1787089752097,2.0753587544143937
20260818-214859,1787089752199,-2.0753587544143937
20260818-214859,1787089752301,-2.0753587544143937
20260818-214859,1787089752403,2.0753587544143937
20260818-214859,1787089752505,-2.0753587544143937
20260818-214859,1787089752607,2.0753587544143937
20260818-214859,1787089752709,2.0753587544143937
20260818-214859,1787089752798,-2.0753587544143937
20260818-214859,1787089752799,2.0753587544143937
20260818-214859,1787089752799,-2.0753587544143937
20260818-214859,1787089752799,2.0753587544143937
20260818-214859,1787089752799,2.0753587544143937
20260818-214859,1787089752799,-2.0753587544143937
20260818-214859,1787089752799,-2.0753587544143937
20260818-214859,1787089752799,2.0753587544143937
20260818-214859,1787089752799,-2.0753587544143937
20260818-214859,1787089752799,-2.0753587544143937
20260818-214859,1787089752799,2.0753587544143937
20260818-214859,1787089752799,2.0753587544143937
20260818-214859,1787089752799,-2.0753587544143937
20260818-214859,1787089752799,-2.0753587544143937
20260818-214859,1787089752799,2.0753587544143937
20260818-214859,1787089752799,2.0753587544143937
20260818-214859,1787089752799,-2.0753587544143937
20260818-214859,1787089752802,-2.0753587544143937
20260818-214859,1787089752809,2.4781400939060214
20260818-214859,1787089752811,2.4781400939060214
20260818-214859,1787089752809,-2.4781400939060214
20260818-214859,1787089752913,-2.4781400939060214
20260818-214859,1787089752835,-2.4781400939060214
20260818-214859,1787089753015,2.4781400939060214
20260818-214859,1787089753117,2.4781400939060214
20260818-214859,1787089753219,2.4781400939060214
20260818-214859,1787089753321,-2.4781400939060214
20260818-214859,1787089753423,-2.4781400939060214
20260818-214859,1787089754230,2.4781400939060214
20260818-214859,1787089754443,-2.4781400939060214
20260818-214859,1787089754376,2.4781400939060214
20260818-214859,1787089754545,2.4781400939060214
20260818-214859,1787089754647,-2.4781400939060214
20260818-214859,1787089754749,2.4781400939060214
20260818-214859,1787089754851,-2.4781400939060214
20260818-214859,1787089754758,-2.4781400939060214
20260818-214859,1787089754953,-2.4781400939060214
20260818-214859,1787089755055,2.4781400939060214
20260818-214859,1787089755157,-2.4781400939060214
20260818-214859,1787089755259,2.4781400939060214
20260818-214859,1787089755361,-2.4781400939060214
20260818-214859,1787089755463,-2.4781400939060214
20260818-214859,1787089755565,2.4781400939060214
20260818-214859,1787089755667,2.4781400939060214
20260818-214859,1787089755769,-2.4781400939060214
20260818-214859,1787089755871,2.4781400939060214
20260818-214859,1787089755915,-2.4781400939060214
20260818-214859,1787089755918,-2.4781400939060214
20260818-214859,1787089755918,2.4781400939060214
20260818-214859,1787089755918,2.4781400939060214
20260818-214859,1787089755918,2.4781400939060214
20260818-214859,1787089755918,2.4781400939060214
20260818-214859,1787089755918,2.4781400939060214
20260818-214859,1787089755918,-2.4781400939060214
20260818-214859,1787089755918,-2.4781400939060214
20260818-214859,1787089755918,2.4781400939060214
20260818-214859,1787089755921,-2.4781400939060214
20260818-214859,1787089755921,-2.4781400939060214
20260818-214859,1787089755921,2.4781400939060214
20260818-214859,1787089755924,2.8809538745353604
20260818-214859,1787089755924,-2.8809538745353604
20260818-214859,1787089755973,-2.8809538745353604
20260818-214859,1787089756075,-2.8809538745353604
20260818-214859,1787089755924,2.8809538745353604
20260818-214859,1787089756177,2.8809538745353604
20260818-214859,1787089756279,-2.8809538745353604
20260818-214859,1787089756381,2.8809538745353604
20260818-214859,1787089756483,-2.8809538745353604
20260818-214859,1787089756585,2.8809538745353604
20260818-214859,1787089756687,-2.8809538745353604
20260818-214859,1787089756789,2.8809538745353604
20260818-214859,1787089756891,2.8809538745353604
20260818-214859,1787089756993,2.8809538745353604
20260818-214859,1787089757095,2.8809538745353604
20260818-214859,1787089757197,2.8809538745353604
20260818-214859,1787089757299,2.8809538745353604
20260818-214859,1787089757401,-2.8809538745353604
20260818-214859,1787089757503,2.8809538745353604
20260818-214859,1787089757605,2.8809538745353604
20260818-214859,1787089757707,2.8809538745353604
20260818-214859,1787089757809,2.8809538745353604
20260818-214859,1787089757911,2.8809538745353604
20260818-214859,1787089758013,2.8809538745353604
20260818-214859,1787089758115,2.8809538745353604
20260818-214859,1787089758217,-2.8809538745353604
20260818-214859,1787089758319,-2.8809538745353604
20260818-214859,1787089758421,2.8809538745353604
20260818-214859,1787089758523,-2.8809538745353604
20260818-214859,1787089758625,-2.8809538745353604
20260818-214859,1787089758727,-2.8809538745353604
20260818-214859,1787089758829,2.8809538745353604
20260818-214859,1787089758931,-2.8809538745353604
20260818-214859,1787089759033,2.8809538745353604
20260818-214859,1787089759135,2.8809538745353604
20260818-214859,1787089759237,2.710528700239533
20260818-214859,1787089759239,2.710528700239533
20260818-214859,1787089759329,2.710528700239533
20260818-214859,1787089759330,2.710528700239533
20260818-214859,1787089759330,2.710528700239533
20260818-214859,1787089759330,-2.710528700239533
20260818-214859,1787089759335,-2.4936323317252485
20260818-214859,1787089759335,2.4936323317252485
20260818-214859,1787089759339,2.4936323317252485
20260818-214859,1787089759441,-2.4936323317252485
20260818-214859,1787089759335,2.4936323317252485
20260818-214859,1787089759543,-2.4936323317252485
20260818-214859,1787089759645,-2.4936323317252485
20260818-214859,1787089759747,-2.4936323317252485
20260818-214859,1787089759849,2.4936323317252485
20260818-214859,1787089759951,2.4936323317252485
20260818-214859,1787089760053,-2.4936323317252485
20260818-214859,1787089760155,-2.4936323317252485
20260818-214859,1787089760257,-2.4936323317252485
20260818-214859,1787089760359,-2.4936323317252485
20260818-214859,1787089760461,2.4936323317252485
20260818-214859,1787089760345,-2.4936323317252485
20260818-214859,1787089760563,2.4936323317252485
20260818-214859,1787089760665,2.4936323317252485
20260818-214859,1787089760767,2.4936323317252485
20260818-214859,1787089760869,-2.4936323317252485
20260818-214859,1787089760971,-2.4936323317252485
20260818-214859,1787089761073,2.4936323317252485
20260818-214859,1787089761175,2.4936323317252485
20260818-214859,1787089761277,2.4936323317252485
20260818-214859,1787089761220,2.4936323317252485
20260818-214859,1787089761379,2.4936323317252485
20260818-214859,1787089761481,2.4936323317252485
20260818-214859,1787089761583,-2.4936323317252485
20260818-214859,1787089761466,-2.4936323317252485
20260818-214859,1787089761685,2.4936323317252485
20260818-214859,1787089761787,-2.4936323317252485
20260818-214859,1787089761889,-2.4936323317252485
20260818-214859,1787089761991,2.4936323317252485
20260818-214859,1787089762093,2.4936323317252485
20260818-214859,1787089762120,2.4936323317252485
20260818-214859,1787089762122,2.261253803282662
20260818-214859,1787089762122,-2.261253803282662
20260818-214859,1787089762122,2.261253803282662
20260818-214859,1787089762122,2.261253803282662
20260818-214859,1787089762122,2.261253803282662
20260818-214859,1787089762122,-2.261253803282662
20260818-214859,1787089762122,2.261253803282662
20260818-214859,1787089762195,2.261253803282662
20260818-214859,1787089762122,-2.261253803282662
20260818-214859,1787089762244,-2.261253803282662
20260818-214859,1787089762246,-2.261253803282662
20260818-214859,1787089762246,-2.261253803282662
20260818-214859,1787089762246,2.261253803282662
20260818-214859,1787089762247,-2.0753587544143937
20260818-214859,1787089762297,-2.0753587544143937
20260818-214859,1787089762247,2.0753587544143937
20260818-214859,1787089762366,2.0753587544143937
20260818-214859,1787089762367,-2.0753587544143937
20260818-214859,1787089762373,2.0753587544143937
20260818-214859,1787089762373,2.0753587544143937
20260818-214859,1787089762373,2.0753587544143937
20260818-214859,1787089762373,2.0753587544143937
20260818-214859,1787089762373,2.0753587544143937
20260818-214859,1787089762373,-2.0753587544143937
20260818-214859,1787089762373,2.0753587544143937
20260818-214859,1787089762373,2.0753587544143937
20260818-214859,1787089762373,-2.0753587544143937
20260818-214859,1787089762373,-2.0753587544143937
20260818-214859,1787089762373,-2.0753587544143937
20260818-214859,1787089762373,2.0753587544143937
20260818-214859,1787089762373,-2.0753587544143937
20260818-214859,1787089762373,-2.0753587544143937
20260818-214859,1787089762380,2.0753587544143937
20260818-214859,1787089762396,-1.6416305107880402
20260818-214859,1787089762396,-1.6416305107880402
20260818-214859,1787089762399,-1.6416305107880402
20260818-214859,1787089762396,-1.6416305107880402
20260818-214859,1787089762478,-1.6416305107880402
20260818-214859,1787089762479,-1.6416305107880402
20260818-214859,1787089762480,1.6416305107880402
20260818-214859,1787089762480,1.6416305107880402
20260818-214859,1787089762480,1.6416305107880402
20260818-214859,1787089762480,-1.6416305107880402
20260818-214859,1787089762480,1.6416305107880402
20260818-214859,1787089762501,-1.3783138575533895
20260818-214859,1787089762485,-1.3783138575533895
20260818-214859,1787089762574,1.3783138575533895
20260818-214859,1787089762574,-1.3783138575533895
20260818-214859,1787089762574,1.3783138575533895
20260818-214859,1787089762574,1.3783138575533895
20260818-214859,1787089762574,-1.3783138575533895
20260818-214859,1787089762574,1.3783138575533895
20260818-214859,1787089762574,1.3783138575533895
20260818-214859,1787089762580,1.3783138575533895
20260818-214859,1787089762581,-1.3783138575533895
20260818-214859,1787089762581,-1.3783138575533895
20260818-214859,1787089762584,1.3783138575533895
20260818-214859,1787089762584,1.3783138575533895
20260818-214859,1787089762584,1.3783138575533895
20260818-214859,1787089762584,-1.3783138575533895
20260818-214859,1787089762584,1.3783138575533895
20260818-214859,1787089762584,1.3783138575533895
20260818-214859,1787089762584,-1.3783138575533895
20260818-214859,1787089762584,-1.3783138575533895
20260818-214859,1787089762587,1.3783138575533895
20260818-214859,1787089762587,1.3783138575533895
20260818-214859,1787089762591,1.3783138575533895
20260818-214859,1787089762603,-0.7587999501373555
20260818-214859,1787089762705,0.7587999501373555
20260818-214859,1787089762600,0.7587999501373555
20260818-214859,1787089762807,0.7587999501373555
20260818-214859,1787089762849,-0.7587999501373555
20260818-214859,1787089762849,0.7587999501373555
20260818-214859,1787089762849,0.7587999501373555
20260818-214859,1787089762851,-0.7587999501373555
20260818-214859,1787089762851,0.7587999501373555
20260818-214859,1787089762851,0.7587999501373555
20260818-214859,1787089762851,0.7587999501373555
20260818-214859,1787089762851,0.7587999501373555
20260818-214859,1787089762851,-0.7587999501373555
20260818-214859,1787089762856,-0.7587999501373555
20260818-214859,1787089762860,0.7587999501373555
20260818-214859,1787089762860,-0.7587999501373555
20260818-214859,1787089762860,0.7587999501373555
20260818-214859,1787089762860,0.7587999501373555
20260818-214859,1787089762909,0.402614205004312
20260818-214859,1787089763011,0.402614205004312
20260818-214859,1787089762868,0.402614205004312
20260818-214859,1787089763113,0.402614205004312
20260818-214859,1787089763215,-0.402614205004312
20260818-214859,1787089763317,0.402614205004312
20260818-214859,1787089763419,-0.402614205004312
20260818-214859,1787089763521,0.402614205004312
20260818-214859,1787089763611,0.402614205004312
20260818-214859,1787089763611,0.402614205004312
20260818-214859,1787089763613,-0.402614205004312
20260818-214859,1787089763614,-0.402614205004312
20260818-214859,1787089763614,-0.402614205004312
20260818-214859,1787089763614,-0.402614205004312
20260818-214859,1787089763614,-0.402614205004312
20260818-214859,1787089763616,0.402614205004312
20260818-214859,1787089763616,0.402614205004312
20260818-214859,1787089763616,0.402614205004312
20260818-214859,1787089763617,-0.402614205004312
20260818-214859,1787089763617,0.402614205004312
20260818-214859,1787089763618,-0.402614205004312
20260818-214859,1787089763618,0.402614205004312
20260818-214859,1787089780045,-1.8275094376153962
20260818-214859,1787089779984,1.8275094376153962
20260818-214859,1787089780147,1.8275094376153962
20260818-214859,1787089780249,-1.8275094376153962
20260818-214859,1787089780351,1.8275094376153962
20260818-214859,1787089780453,1.8275094376153962
20260818-214859,1787089780555,-1.8275094376153962
20260818-214859,1787089780657,1.8275094376153962
20260818-214859,1787089780759,1.8275094376153962
20260818-214859,1787089780861,-1.8275094376153962
20260818-214859,1787089780963,-1.8275094376153962
20260818-214859,1787089781065,1.8275094376153962
20260818-214859,1787089781167,-1.8275094376153962
20260818-214859,1787089781269,-1.8275094376153962
20260818-214859,1787089781371,-1.8275094376153962
20260818-214859,1787089781473,1.8275094376153962
20260818-214859,1787089781575,1.8275094376153962
20260818-214859,1787089781677,-1.8275094376153962
20260818-214859,1787089781779,1.8275094376153962
20260818-214859,1787089781881,-1.8275094376153962
20260818-214859,1787089781983,-1.8275094376153962
20260818-214859,1787089782085,1.8275094376153962
20260818-214859,1787089782187,1.8275094376153962
20260818-214859,1787089782282,-1.8275094376153962
20260818-214859,1787089782283,1.8275094376153962
20260818-214859,1787089782283,1.8275094376153962
20260818-214859,1787089782287,1.8275094376153962
20260818-214859,1787089782291,1.8275094376153962
20260818-214859,1787089782292,1.8275094376153962
20260818-214859,1787089782289,1.7035893853991548
20260818-214859,1787089782296,1.7035893853991548
20260818-214859,1787089782298,1.7035893853991548
20260818-214859,1787089782302,1.7035893853991548
20260818-214859,1787089782303,1.7035893853991548
20260818-214859,1787089782305,-1.7035893853991548
20260818-214859,1787089782305,1.7035893853991548
20260818-214859,1787089782305,-1.7035893853991548
20260818-214859,1787089782305,1.7035893853991548
20260818-214859,1787089782305,1.7035893853991548
20260818-214859,1787089782308,-1.7035893853991548
20260818-214859,1787089782308,1.7035893853991548
20260818-214859,1787089782314,-1.7035893853991548
20260818-214859,1787089782316,1.7035893853991548
20260818-214859,1787089782316,1.7035893853991548
20260818-214859,1787089782316,1.7035893853991548
20260818-214859,1787089782316,1.7035893853991548
20260818-214859,1787089782320,1.7035893853991548
20260818-214859,1787089782320,1.7035893853991548
20260818-214859,1787089782328,0.8826965916292626
20260818-214859,1787089782328,0.8826965916292626
20260818-214859,1787089782328,0.8826965916292626
20260818-214859,1787089782328,0.8826965916292626
20260818-214859,1787089782391,-0.8826965916292626
20260818-214859,1787089782328,0.8826965916292626
20260818-214859,1787089782493,0.8826965916292626
20260818-214859,1787089782595,0.8826965916292626
20260818-214859,1787089782658,-0.8826965916292626
20260818-214859,1787089782659,-0.8826965916292626
20260818-214859,1787089782659,-0.8826965916292626
20260818-214859,1787089782663,0.8826965916292626
20260818-214859,1787089782663,0.8826965916292626
20260818-214859,1787089782663,0.8826965916292626
20260818-214859,1787089782663,0.8826965916292626
20260818-214859,1787089782663,0.8826965916292626
20260818-214859,1787089782663,0.8826965916292626
20260818-214859,1787089782663,-0.8826965916292626
20260818-214859,1787089782697,0.5419882140791504
20260818-214859,1787089782799,0.5419882140791504
20260818-214859,1787089782669,-0.5419882140791504
20260818-214859,1787089782901,0.5419882140791504
20260818-214859,1787089782943,0.5419882140791504
20260818-214859,1787089782944,0.5419882140791504
20260818-214859,1787089782944,0.5419882140791504
20260818-214859,1787089782944,0.5419882140791504
20260818-214859,1787089782944,-0.5419882140791504
20260818-214859,1787089782954,0.0
20260818-214859,1787089782954,-0.0
20260818-214859,1787089782954,0.0
20260818-214859,1787089782954,0.0
20260818-214859,1787089782954,-0.0
20260818-214859,1787089782954,-0.0
20260818-214859,1787089782954,0.0
20260818-214859,1787089782954,0.0
20260818-214859,1787089782954,0.0
20260818-214859,1787089782954,-0.0
20260818-214859,1787089782954,-0.0
20260818-214859,1787089782954,-0.0
20260818-214859,1787089782954,0.0
20260818-214859,1787089782954,0.0
20260818-214859,1787089782954,0.0
20260818-214859,1787089782954,-0.0
20260818-214859,1787089782954,0.0
20260818-214859,1787089782954,0.0
20260818-214859,1787089803199,-1.6726098521370936
20260818-214859,1787089803301,-1.6726098521370936
20260818-214859,1787089803303,-1.6726098521370936
20260818-214859,1787089803305,1.6726098521370936
20260818-214859,1787089803305,1.6726098521370936
20260818-214859,1787089803305,1.6726098521370936
20260818-214859,1787089803311,1.6726098521370936
20260818-214859,1787089803311,-1.6726098521370936
20260818-214859,1787089803311,1.6726098521370936
20260818-214859,1787089803311,1.6726098521370936
20260818-214859,1787089803311,-1.6726098521370936
20260818-214859,1787089803311,1.6726098521370936
20260818-214859,1787089803311,-1.6726098521370936
20260818-214859,1787089803311,1.6726098521370936
20260818-214859,1787089803311,1.6726098521370936
20260818-214859,1787089803311,1.6726098521370936
20260818-214859,1787089803311,-1.6726098521370936
20260818-214859,1787089803311,-1.6726098521370936
20260818-214859,1787089803311,1.6726098521370936
20260818-214859,1787089803314,1.6726098521370936
20260818-214859,1787089803319,-1.6726098521370936
20260818-214859,1787089803320,-1.6726098521370936
20260818-214859,1787089803320,-1.6726098521370936
20260818-214859,1787089803320,-1.6726098521370936
20260818-214859,1787089803320,-1.6726098521370936
20260818-214859,1787089803320,-1.6726098521370936
20260818-214859,1787089803320,1.6726098521370936
20260818-214859,1787089803320,1.6726098521370936
20260818-214859,1787089803322,1.6726098521370936
20260818-214859,1787089803325,0.712339501007081
20260818-214859,1787089803325,0.712339501007081
20260818-214859,1787089803325,-0.712339501007081
20260818-214859,1787089803325,-0.712339501007081
20260818-214859,1787089803325,0.712339501007081
20260818-214859,1787089803325,-0.712339501007081
20260818-214859,1787089803403,0.712339501007081
20260818-214859,1787089803325,-0.712339501007081
20260818-214859,1787089803438,0.712339501007081
20260818-214859,1787089803447,0.712339501007081
20260818-214859,1787089803448,-0.712339501007081
20260818-214859,1787089803448,-0.712339501007081
20260818-214859,1787089803448,0.712339501007081
20260818-214859,1787089803448,0.712339501007081
20260818-214859,1787089803453,-0.712339501007081
20260818-214859,1787089803454,0.712339501007081
20260818-214859,1787089803455,0.712339501007081
20260818-214859,1787089803461,0.712339501007081
20260818-214859,1787089803461,0.712339501007081
20260818-214859,1787089803461,-0.712339501007081
20260818-214859,1787089803461,0.712339501007081
20260818-214859,1787089803461,0.712339501007081
20260818-214859,1787089803462,0.712339501007081
20260818-214859,1787089803462,-0.712339501007081
20260818-214859,1787089803468,0.712339501007081
20260818-214859,1787089803469,0.712339501007081
20260818-214859,1787089803469,-0.712339501007081
20260818-214859,1787089803469,0.712339501007081
20260818-214859,1787089803469,0.712339501007081
20260818-215200,1787089923106,-0.0
20260818-215200,1787089923357,-0.0
20260818-215200,1787089923459,-0.0
20260818-215200,1787089923561,-0.0
20260818-215200,1787089923663,-0.0
20260818-215200,1787089923765,-0.0
20260818-215200,1787089923867,-0.0
20260818-215200,1787089923969,-0.0
20260818-215200,1787089924071,-0.0
20260818-215200,1787089924173,-0.0
20260818-215200,1787089924275,-0.0
20260818-215200,1787089924377,-0.0
20260818-215200,1787089924244,-0.0
20260818-215200,1787089924479,-0.0
20260818-215200,1787089924581,-0.0
20260818-215200,1787089924683,-0.0
20260818-215200,1787089924785,-0.0
20260818-215200,1787089924887,-0.0
20260818-215200,1787089924989,-0.0
20260818-215200,1787089925091,-0.0
20260818-215200,1787089925193,-0.0
20260818-215200,1787089925295,-0.0
20260818-215200,1787089925397,-0.0
20260818-215200,1787089925499,-0.0
20260818-215200,1787089925601,-0.0
20260818-215200,1787089925703,-0.0
20260818-215200,1787089925805,-0.0
20260818-215200,1787089925907,-0.0
20260818-215200,1787089926009,-0.0
20260818-215200,1787089925945,-0.0
20260818-215200,1787089926111,0.4180825341371496
20260818-215200,1787089926213,0.4180825341371496
20260818-215200,1787089926315,2.1523508238949236
20260818-215200,1787089926282,1.8116909812624837
20260818-215200,1787089926417,2.2607425920042212
20260818-215200,1787089926519,2.2607425920042212
20260818-215200,1787089926400,2.2607425920042212
20260818-215200,1787089926621,2.2607425920042212
20260818-215200,1787089926723,2.2607425920042212
20260818-215200,1787089926825,2.2607425920042212
20260818-215200,1787089926927,2.2607425920042212
20260818-215200,1787089927029,2.2607425920042212
20260818-215200,1787089927131,2.2607425920042212
20260818-215200,1787089927022,2.2607425920042212
20260818-215200,1787089927233,2.2607425920042212
20260818-215200,1787089927335,2.2607425920042212
20260818-215200,1787089927437,2.2607425920042212
20260818-215200,1787089927539,2.2607425920042212
20260818-215200,1787089927641,2.2607425920042212
20260818-215200,1787089927743,2.2607425920042212
20260818-215200,1787089927845,2.2607425920042212
20260818-215200,1787089927811,2.2607425920042212
20260818-215200,1787089927947,2.2607425920042212
20260818-215200,1787089928049,2.2607425920042212
20260818-215200,1787089927910,2.2607425920042212
20260818-215200,1787089928151,2.2607425920042212
20260818-215200,1787089931474,2.2607425920042212
20260818-215200,1787089931517,2.2607425920042212
20260818-215200,1787089931619,2.2607425920042212
20260818-215200,1787089931492,2.2607425920042212
20260818-215200,1787089931721,2.2607425920042212
20260818-215200,1787089931823,2.2607425920042212
20260818-215200,1787089931699,2.2607425920042212
20260818-215200,1787089931925,2.2607425920042212
20260818-215200,1787089932027,2.2607425920042212
20260818-215200,1787089931958,2.2607425920042212
20260818-215200,1787089932129,2.2607425920042212
20260818-215200,1787089932231,2.2607425920042212
20260818-215200,1787089932333,2.2607425920042212
20260818-215200,1787089932435,2.2607425920042212
20260818-215200,1787089932537,2.2607425920042212
20260818-215200,1787089932639,2.2607425920042212
20260818-215200,1787089932530,2.2607425920042212
20260818-215200,1787089932741,2.2607425920042212
20260818-215200,1787089932843,2.2607425920042212
20260818-215200,1787089932945,2.2607425920042212
20260818-215200,1787089932860,2.2607425920042212
20260818-215200,1787089933047,2.2607425920042212
20260818-215200,1787089933149,2.2607425920042212
20260818-215200,1787089933008,2.2607425920042212
20260818-215200,1787089933251,2.2607425920042212
20260818-215200,1787089933353,2.2607425920042212
20260818-215200,1787089933455,2.2607425920042212
20260818-215200,1787089933348,2.2607425920042212
20260818-215200,1787089933557,2.2607425920042212
20260818-215200,1787089933659,2.2607425920042212
20260818-215200,1787089933761,2.2607425920042212
20260818-215200,1787089933863,2.2607425920042212
20260818-215200,1787089933723,2.2607425920042212
20260818-215200,1787089933965,2.2607425920042212
20260818-215200,1787089934067,2.2607425920042212
20260818-215200,1787089934169,2.2607425920042212
20260818-215200,1787089934271,2.2607425920042212
20260818-215200,1787089934373,2.2607425920042212
20260818-215200,1787089934475,2.2607425920042212
20260818-215200,1787089934577,2.2607425920042212
20260818-215200,1787089934459,2.2607425920042212
20260818-215200,1787089934679,2.2607425920042212
20260818-215200,1787089934781,2.2607425920042212
20260818-215200,1787089934883,2.2607425920042212
20260818-215200,1787089934800,2.2607425920042212
20260818-215200,1787089934985,2.2607425920042212
20260818-215200,1787089935087,2.2607425920042212
20260818-215200,1787089935189,2.2607425920042212
20260818-215200,1787089935291,2.2607425920042212
20260818-215200,1787089935393,2.2607425920042212
20260818-215200,1787089935495,2.2607425920042212
20260818-215200,1787089935597,2.2607425920042212
20260818-215200,1787089935699,2.2607425920042212
20260818-215200,1787089935801,2.2607425920042212
20260818-215200,1787089935657,2.2607425920042212
20260818-215200,1787089935903,2.2607425920042212
20260818-215200,1787089936005,2.2607425920042212
20260818-215200,1787089936107,2.2607425920042212
20260818-215200,1787089936000,2.2607425920042212
20260818-215200,1787089936209,2.2607425920042212
20260818-215200,1787089936311,2.2607425920042212
20260818-215200,1787089936413,2.2607425920042212
20260818-215200,1787089936515,2.2607425920042212
20260818-215200,1787089936617,2.2607425920042212
20260818-215200,1787089936719,2.2607425920042212
20260818-215200,1787089936821,2.2607425920042212
20260818-215200,1787089936923,2.2607425920042212
20260818-215200,1787089937025,2.2607425920042212
20260818-215200,1787089937127,2.2607425920042212
20260818-215200,1787089937229,2.2607425920042212
20260818-215200,1787089937331,2.2607425920042212
20260818-215200,1787089937200,2.2607425920042212
20260818-215200,1787089937433,2.2607425920042212
20260818-215200,1787089937535,2.2607425920042212
20260818-215200,1787089937637,2.2607425920042212
20260818-215200,1787089937739,2.2607425920042212
20260818-215200,1787089937841,2.2607425920042212
20260818-215200,1787089937943,2.2607425920042212
20260818-215200,1787089938045,2.2607425920042212
20260818-215200,1787089938147,2.2607425920042212
20260818-215200,1787089938249,2.2607425920042212
20260818-215200,1787089938351,2.2607425920042212
20260818-215200,1787089938200,2.2607425920042212
20260818-215200,1787089938453,2.2607425920042212
20260818-215200,1787089938555,2.2607425920042212
20260818-215200,1787089938657,2.2607425920042212
20260818-215200,1787089938532,2.2607425920042212
20260818-215200,1787089938759,2.2607425920042212
20260818-215200,1787089938861,2.2607425920042212
20260818-215200,1787089938963,2.2607425920042212
20260818-215200,1787089939065,2.2607425920042212
20260818-215200,1787089939008,2.2607425920042212
20260818-215200,1787089939167,2.2607425920042212
20260818-215200,1787089939269,2.2607425920042212
20260818-215200,1787089939200,2.2607425920042212
20260818-215200,1787089939371,2.2607425920042212
20260818-215200,1787089939473,2.2607425920042212
20260818-215200,1787089939367,2.2607425920042212
20260818-215200,1787089939575,2.2607425920042212
20260818-215200,1787089939677,2.2607425920042212
20260818-215200,1787089939779,2.2607425920042212
20260818-215200,1787089939881,2.2607425920042212
20260818-215200,1787089939983,2.2607425920042212
20260818-215200,1787089940085,2.2607425920042212
20260818-215200,1787089940187,2.2607425920042212
20260818-215200,1787089940289,2.2607425920042212
20260818-215200,1787089940391,2.2607425920042212
20260818-215200,1787089940493,2.2607425920042212
20260818-215200,1787089940400,2.2607425920042212
20260818-215200,1787089940595,2.2607425920042212
20260818-215200,1787089940697,2.2607425920042212
20260818-215200,1787089940799,2.2607425920042212
20260818-215200,1787089940800,2.2607425920042212
20260818-215200,1787089940901,2.2607425920042212
20260818-215200,1787089941003,2.2607425920042212
20260818-215200,1787089941105,2.2607425920042212
20260818-215200,1787089941207,2.2607425920042212
20260818-215200,1787089941309,2.2607425920042212
20260818-215200,1787089941411,2.2607425920042212
20260818-215200,1787089941513,2.2607425920042212
20260818-215200,1787089941615,2.2607425920042212
20260818-215200,1787089941717,2.2607425920042212
20260818-215200,1787089941633,2.2607425920042212
20260818-215200,1787089941819,2.2607425920042212
20260818-215200,1787089941722,2.2607425920042212
20260818-215200,1787089941921,2.2607425920042212
20260818-215200,1787089942023,2.2607425920042212
20260818-215200,1787089942125,2.2607425920042212
20260818-215200,1787089942000,2.2607425920042212
20260818-215200,1787089942227,2.2607425920042212
20260818-215200,1787089942329,2.2607425920042212
20260818-215200,1787089942431,2.2607425920042212
20260818-215200,1787089942533,2.2607425920042212
20260818-215200,1787089942635,2.2607425920042212
20260818-215200,1787089942737,2.2607425920042212
20260818-215200,1787089942600,2.2607425920042212
20260818-215200,1787089942839,2.2607425920042212
20260818-215200,1787089942941,2.2607425920042212
20260818-215200,1787089943043,2.2607425920042212
20260818-215200,1787089943145,2.2607425920042212
20260818-215200,1787089943247,2.2607425920042212
20260818-215200,1787089943349,2.2607425920042212
20260818-215200,1787089943451,2.2607425920042212
20260818-215200,1787089943553,2.2607425920042212
20260818-215200,1787089943655,2.2607425920042212
20260818-215200,1787089943757,2.2607425920042212
20260818-215200,1787089943859,1.8581445961671121
20260818-215200,1787089943961,1.8581445961671121
20260818-215200,1787089944063,1.8581445961671121
20260818-215200,1787089944165,1.8581445961671121
20260818-215200,1787089944267,1.8581445961671121
20260818-215200,1787089944369,1.8581445961671121
20260818-215200,1787089944471,1.8581445961671121
20260818-215200,1787089944573,1.8581445961671121
20260818-215200,1787089944675,1.8581445961671121
20260818-215200,1787089944777,1.8581445961671121
20260818-215200,1787089944879,1.8581445961671121
20260818-215200,1787089944981,1.8581445961671121
20260818-215200,1787089944874,1.8581445961671121
20260818-215200,1787089945083,1.8581445961671121
20260818-215200,1787089945185,1.8581445961671121
20260818-215200,1787089945287,1.8581445961671121
20260818-215200,1787089945389,1.8581445961671121
20260818-215200,1787089945491,1.8581445961671121
20260818-215200,1787089945399,1.8581445961671121
20260818-215200,1787089945593,1.8581445961671121
20260818-215200,1787089945695,1.8581445961671121
20260818-215200,1787089945797,1.8581445961671121
20260818-215200,1787089945668,1.8581445961671121
20260818-215200,1787089945899,1.8581445961671121
20260818-215200,1787089946001,1.8581445961671121
20260818-215200,1787089946103,1.8581445961671121
20260818-215200,1787089946205,1.8581445961671121
20260818-215200,1787089946307,1.8581445961671121
20260818-215200,1787089946409,1.8581445961671121
20260818-215200,1787089946511,1.8581445961671121
20260818-215200,1787089946613,1.8581445961671121
20260818-215200,1787089946715,1.8581445961671121
20260818-215200,1787089946817,1.8581445961671121
20260818-215200,1787089946919,1.8581445961671121
20260818-215200,1787089947021,1.8581445961671121
20260818-215200,1787089947123,1.8581445961671121
20260818-215200,1787089947225,1.8581445961671121
20260818-215200,1787089947098,1.8581445961671121
20260818-215200,1787089947327,1.8581445961671121
20260818-215200,1787089947429,1.8581445961671121
20260818-215200,1787089947531,1.8581445961671121
20260818-215200,1787089947633,1.8581445961671121
20260818-215200,1787089947735,1.8581445961671121
20260818-215200,1787089947837,1.8581445961671121
20260818-215200,1787089947939,1.8581445961671121
20260818-215200,1787089948041,1.8581445961671121
20260818-215200,1787089948143,1.8581445961671121
20260818-215200,1787089948245,1.8581445961671121
20260818-215200,1787089948347,1.8581445961671121
20260818-215200,1787089948449,1.8581445961671121
20260818-215200,1787089948551,1.8581445961671121
20260818-215200,1787089948653,1.8581445961671121
20260818-215200,1787089948755,1.8581445961671121
20260818-215200,1787089948857,1.8581445961671121
20260818-215200,1787089948758,1.8581445961671121
20260818-215200,1787089948959,1.8581445961671121
20260818-215200,1787089949061,1.8581445961671121
20260818-215200,1787089949163,1.8581445961671121
20260818-215200,1787089949265,1.8581445961671121
20260818-215200,1787089949367,1.8581445961671121
20260818-215200,1787089949469,1.8581445961671121
20260818-215200,1787089949571,1.8581445961671121
20260818-215200,1787089949673,1.8581445961671121
20260818-215200,1787089949775,1.8581445961671121
20260818-215200,1787089949877,1.8581445961671121
20260818-215200,1787089949979,1.8581445961671121
20260818-215200,1787089950081,1.8581445961671121
20260818-215200,1787089949957,1.8581445961671121
20260818-215200,1787089950183,1.8581445961671121
20260818-215200,1787089950285,1.8581445961671121
20260818-215200,1787089950387,1.8581445961671121
20260818-215200,1787089950489,1.8581445961671121
20260818-215200,1787089950591,1.8581445961671121
20260818-215200,1787089950693,1.8581445961671121
20260818-215200,1787089950795,1.8581445961671121
20260818-215200,1787089950897,1.8581445961671121
20260818-215200,1787089950999,1.8581445961671121
20260818-215200,1787089951101,1.8581445961671121
20260818-215200,1787089951203,1.8581445961671121
20260818-215200,1787089951305,1.8581445961671121
20260818-215200,1787089951407,1.8581445961671121
20260818-215200,1787089951509,1.8581445961671121
20260818-215200,1787089951611,1.8581445961671121
20260818-215200,1787089951713,1.8581445961671121
20260818-215200,1787089951591,1.8581445961671121
20260818-215200,1787089951815,1.8581445961671121
20260818-215200,1787089951917,1.8581445961671121
20260818-215200,1787089952019,1.8581445961671121
20260818-215200,1787089952121,1.8581445961671121
20260818-215200,1787089952051,1.8581445961671121
20260818-215200,1787089952223,1.8581445961671121
20260818-215200,1787089952325,1.8581445961671121
20260818-215200,1787089952427,1.8581445961671121
20260818-215200,1787089952529,1.8581445961671121
20260818-215200,1787089952631,1.8581445961671121
20260818-215200,1787089952733,1.8581445961671121
20260818-215200,1787089952835,1.8581445961671121
20260818-215200,1787089952937,1.8581445961671121
20260818-215200,1787089953039,1.8581445961671121
20260818-215200,1787089953141,1.8581445961671121
20260818-215200,1787089953243,1.8581445961671121
20260818-215200,1787089953345,1.8581445961671121
20260818-215200,1787089953447,1.8581445961671121
20260818-215200,1787089953549,1.8581445961671121
20260818-215200,1787089953651,1.8581445961671121
20260818-215200,1787089953753,1.8581445961671121
20260818-215200,1787089953855,1.8581445961671121
20260818-215200,1787089953957,1.8581445961671121
20260818-215200,1787089954059,1.8581445961671121
20260818-215200,1787089954161,1.8581445961671121
20260818-215200,1787089954263,1.8581445961671121
20260818-215200,1787089954365,1.8581445961671121
20260818-215200,1787089954467,1.8581445961671121
20260818-215200,1787089954569,1.8581445961671121
20260818-215200,1787089954600,1.8581445961671121
20260818-215200,1787089954671,1.8581445961671121
20260818-215200,1787089954773,1.8581445961671121
20260818-215200,1787089954662,1.8581445961671121
20260818-215200,1787089954875,1.8581445961671121
20260818-215200,1787089954977,1.8581445961671121
20260818-215200,1787089955079,1.8581445961671121
20260818-215200,1787089955181,1.8581445961671121
20260818-215200,1787089955283,1.8581445961671121
20260818-215200,1787089955145,1.8581445961671121
20260818-215200,1787089955385,1.8581445961671121
20260818-215200,1787089955487,1.8581445961671121
20260818-215200,1787089955589,1.8581445961671121
20260818-215200,1787089955691,1.8581445961671121
20260818-215200,1787089955793,1.8581445961671121
20260818-215200,1787089955895,1.8581445961671121
20260818-215200,1787089955997,1.8581445961671121
20260818-215200,1787089956099,1.8581445961671121
20260818-215200,1787089956201,1.8581445961671121
20260818-215200,1787089956303,1.8581445961671121
20260818-215200,1787089956238,1.8581445961671121
20260818-215200,1787089956405,1.8581445961671121
20260818-215200,1787089956507,1.8581445961671121
20260818-215200,1787089956609,1.8581445961671121
20260818-215200,1787089956711,1.8581445961671121
20260818-215200,1787089956613,1.8581445961671121
20260818-215200,1787089956813,1.8581445961671121
20260818-215200,1787089956915,1.8581445961671121
20260818-215200,1787089956800,1.8581445961671121
20260818-215200,1787089957017,1.8581445961671121
20260818-215200,1787089957119,1.8581445961671121
20260818-215200,1787089957221,1.8581445961671121
20260818-215200,1787089957323,1.8581445961671121
20260818-215200,1787089957425,1.8581445961671121
20260818-215200,1787089957527,1.8581445961671121
20260818-215200,1787089957629,1.8581445961671121
20260818-215200,1787089957731,1.8581445961671121
20260818-215200,1787089957833,1.8581445961671121
20260818-215200,1787089957935,1.8581445961671121
20260818-215200,1787089958037,1.8581445961671121
20260818-215200,1787089958139,1.8581445961671121
20260818-215200,1787089958241,1.8581445961671121
20260818-215200,1787089958343,1.8581445961671121
20260818-215200,1787089958246,1.8581445961671121
20260818-215200,1787089958445,1.8581445961671121
20260818-215200,1787089958547,1.8581445961671121
20260818-215200,1787089958649,1.8581445961671121
20260818-215200,1787089958751,1.8581445961671121
20260818-215200,1787089958853,1.8581445961671121
20260818-215200,1787089958955,1.8581445961671121
20260818-215200,1787089959057,1.8581445961671121
20260818-215200,1787089959000,1.8581445961671121
20260818-215200,1787089959159,1.8581445961671121
20260818-215200,1787089959261,1.8581445961671121
20260818-215200,1787089959363,1.8581445961671121
20260818-215200,1787089959230,1.8581445961671121
20260818-215200,1787089959465,1.8581445961671121
20260818-215200,1787089959567,1.8581445961671121
20260818-215200,1787089959669,1.8581445961671121
20260818-215200,1787089959599,1.8581445961671121
20260818-215200,1787089959771,1.8581445961671121
20260818-215200,1787089959873,1.8581445961671121
20260818-215200,1787089959975,1.8581445961671121
20260818-215200,1787089960077,1.8581445961671121
20260818-215200,1787089960000,1.8581445961671121
20260818-215200,1787089960179,1.8581445961671121
20260818-215200,1787089960281,1.8581445961671121
20260818-215200,1787089960383,1.8581445961671121
20260818-215200,1787089960485,1.8581445961671121
20260818-215200,1787089960587,1.8581445961671121
20260818-215200,1787089960689,1.8581445961671121
20260818-215200,1787089960791,1.8581445961671121
20260818-215200,1787089960893,1.8581445961671121
20260818-215200,1787089960800,1.8581445961671121
20260818-215200,1787089960995,1.8581445961671121
20260818-215200,1787089961097,1.8581445961671121
20260818-215200,1787089961199,1.8581445961671121
20260818-215200,1787089961301,1.8581445961671121
20260818-215200,1787089961403,1.8581445961671121
20260818-215200,1787089961505,1.8581445961671121
20260818-215200,1787089961467,1.8581445961671121
20260818-215200,1787089961607,1.8581445961671121
20260818-215200,1787089961709,1.8581445961671121
20260818-215200,1787089961600,1.8581445961671121
20260818-215200,1787089961811,1.8581445961671121
20260818-215200,1787089961913,1.8581445961671121
20260818-215200,1787089962015,1.8581445961671121
20260818-215200,1787089962117,1.8581445961671121
20260818-215200,1787089961995,1.8581445961671121
20260818-215200,1787089962219,1.8581445961671121
20260818-215200,1787089962321,1.8581445961671121
20260818-215200,1787089962200,1.8581445961671121
20260818-215200,1787089962423,1.8581445961671121
20260818-215200,1787089962525,1.8581445961671121
20260818-215200,1787089962412,1.8581445961671121
20260818-215200,1787089962627,1.8581445961671121
20260818-215200,1787089962557,1.8581445961671121
20260818-215200,1787089962729,1.8581445961671121
20260818-215200,1787089962831,1.8581445961671121
20260818-215200,1787089962933,1.8581445961671121
20260818-215200,1787089963035,1.8581445961671121
20260818-215200,1787089963137,1.8581445961671121
20260818-215200,1787089963017,1.8581445961671121
20260818-215200,1787089963239,1.8581445961671121
20260818-215200,1787089963341,1.8581445961671121
20260818-215200,1787089963443,1.8581445961671121
20260818-215200,1787089963400,1.8581445961671121
20260818-215200,1787089963545,1.8581445961671121
20260818-215200,1787089963499,1.8581445961671121
20260818-215200,1787089963647,1.8581445961671121
20260818-215200,1787089963600,1.8581445961671121
20260818-215200,1787089963749,1.8581445961671121
20260818-215200,1787089963851,1.8581445961671121
20260818-215200,1787089963743,1.8581445961671121
20260818-215200,1787089963953,1.8581445961671121
20260818-215200,1787089964055,1.8581445961671121
20260818-215200,1787089963957,1.8581445961671121
20260818-215200,1787089964157,1.8581445961671121
20260818-215200,1787089964259,1.8581445961671121
20260818-215200,1787089964361,1.8581445961671121
20260818-215200,1787089964463,1.8581445961671121
20260818-215200,1787089964372,1.8581445961671121
20260818-215200,1787089964565,1.8581445961671121
20260818-215200,1787089964667,1.8581445961671121
20260818-215200,1787089964769,1.8581445961671121
20260818-215200,1787089964871,1.8581445961671121
20260818-215200,1787089964973,1.8581445961671121
20260818-215200,1787089965075,1.8581445961671121
20260818-215200,1787089965177,1.8581445961671121
20260818-215200,1787089965279,1.8581445961671121
20260818-215200,1787089965200,1.8581445961671121
20260818-215200,1787089965381,1.8581445961671121
20260818-215200,1787089965483,1.8581445961671121
20260818-215200,1787089965585,1.8581445961671121
20260818-215200,1787089965687,1.8581445961671121
20260818-215200,1787089965789,1.8581445961671121
20260818-215200,1787089965891,1.8581445961671121
20260818-215200,1787089965993,1.8581445961671121
20260818-215200,1787089966095,1.8581445961671121
20260818-215200,1787089966197,1.8581445961671121
20260818-215200,1787089966299,1.8581445961671121
20260818-215200,1787089966401,1.8581445961671121
20260818-215200,1787089966503,1.8581445961671121
20260818-215200,1787089966605,1.8581445961671121
20260818-215200,1787089966538,1.8581445961671121
20260818-215200,1787089966707,1.8581445961671121
20260818-215200,1787089966809,1.8581445961671121
20260818-215200,1787089966911,1.8581445961671121
20260818-215200,1787089967013,1.8581445961671121
20260818-215200,1787089967115,1.8581445961671121
20260818-215200,1787089967217,1.8581445961671121
20260818-215200,1787089967319,1.8581445961671121
20260818-215200,1787089967421,1.8581445961671121
20260818-215200,1787089967523,1.8581445961671121
20260818-215200,1787089967625,1.8581445961671121
20260818-215200,1787089967727,1.8581445961671121
20260818-215200,1787089967829,1.8581445961671121
20260818-215200,1787089967931,1.8581445961671121
20260818-215200,1787089967800,1.8581445961671121
20260818-215200,1787089968033,1.8581445961671121
20260818-215200,1787089968135,1.8581445961671121
20260818-215200,1787089968237,1.8581445961671121
20260818-215200,1787089968339,1.8581445961671121
20260818-215200,1787089968200,1.8581445961671121
20260818-215200,1787089968441,1.8581445961671121
20260818-215200,1787089968543,1.8581445961671121
20260818-215200,1787089968645,1.8581445961671121
20260818-215200,1787089968747,1.8581445961671121
20260818-215200,1787089968849,1.8581445961671121
20260818-215200,1787089968951,1.8581445961671121
20260818-215200,1787089969053,1.8581445961671121
20260818-215200,1787089969036,1.8581445961671121
20260818-215200,1787089969155,1.8581445961671121
20260818-215200,1787089969083,1.8581445961671121
20260818-215200,1787089969257,1.8581445961671121
20260818-215200,1787089969200,1.8581445961671121
20260818-215200,1787089969359,1.8581445961671121
20260818-215200,1787089969304,1.8581445961671121
20260818-215200,1787089969461,1.8581445961671121
20260818-215200,1787089969563,1.8581445961671121
20260818-215200,1787089969665,1.8581445961671121
20260818-215200,1787089969574,1.8581445961671121
20260818-215200,1787089969767,1.8581445961671121
20260818-215200,1787089969869,1.8581445961671121
20260818-215200,1787089969800,1.8581445961671121
20260818-215200,1787089969971,1.8581445961671121
20260818-215200,1787089970073,1.8581445961671121
20260818-215200,1787089970175,1.8581445961671121
20260818-215200,1787089970098,1.8581445961671121
20260818-215200,1787089970277,1.8581445961671121
20260818-215200,1787089970379,1.8581445961671121
20260818-215200,1787089970481,1.8581445961671121
20260818-215200,1787089970583,1.8581445961671121
20260818-215200,1787089970685,1.8581445961671121
20260818-215200,1787089970787,1.8581445961671121
20260818-215200,1787089970889,1.8581445961671121
20260818-215200,1787089970991,1.8581445961671121
20260818-215200,1787089970848,1.8581445961671121
20260818-215200,1787089971093,1.8581445961671121
20260818-215200,1787089971195,1.8581445961671121
20260818-215200,1787089971297,1.8581445961671121
20260818-215200,1787089971399,1.8581445961671121
20260818-215200,1787089971501,1.8581445961671121
20260818-215200,1787089971603,1.8581445961671121
20260818-215200,1787089971705,1.8581445961671121
20260818-215200,1787089971807,1.8581445961671121
20260818-215200,1787089971909,1.8581445961671121
20260818-215200,1787089972011,1.8581445961671121
20260818-215200,1787089972113,1.8581445961671121
20260818-215200,1787089972215,1.8581445961671121
20260818-215200,1787089972317,1.8581445961671121
20260818-215200,1787089972419,1.8581445961671121
20260818-215200,1787089972521,1.8581445961671121
20260818-215200,1787089972623,1.8581445961671121
20260818-215200,1787089972725,1.8581445961671121
20260818-215200,1787089972827,1.8581445961671121
20260818-215200,1787089972929,1.8581445961671121
20260818-215200,1787089973031,1.8581445961671121
20260818-215200,1787089972886,1.8581445961671121
20260818-215200,1787089973133,1.8581445961671121
20260818-215200,1787089973235,1.8581445961671121
20260818-215200,1787089973268,1.8581445961671121
20260818-215200,1787089973269,1.8581445961671121
20260818-215200,1787089973270,1.8581445961671121
20260818-215200,1787089973271,1.8581445961671121
20260818-215200,1787089973271,1.8581445961671121
20260818-215200,1787089973271,1.8581445961671121
20260818-215200,1787089973271,1.8581445961671121
20260818-215200,1787089973272,1.8581445961671121
20260818-215200,1787089973272,1.8581445961671121
20260818-215200,1787089973272,1.8581445961671121
20260818-215200,1787089973275,1.8581445961671121
20260818-215200,1787089973275,1.8581445961671121
20260818-215200,1787089973275,1.8581445961671121
20260818-215200,1787089973275,1.8581445961671121
20260818-215200,1787089973275,1.8581445961671121
20260818-215200,1787089973275,1.8581445961671121
20260818-215200,1787089973275,1.8581445961671121
20260818-215200,1787089973275,1.8581445961671121
20260818-215200,1787089973275,1.8581445961671121
20260818-215200,1787089973275,1.8581445961671121
20260818-215200,1787089973276,1.8581445961671121
20260818-215200,1787089973276,1.8581445961671121
20260818-215200,1787089973276,1.8581445961671121
20260818-215200,1787089973276,1.8581445961671121
20260818-215200,1787089973276,1.8581445961671121
20260818-215200,1787089973276,1.8581445961671121
20260818-215200,1787089973276,1.8581445961671121
20260818-215200,1787089973276,1.8581445961671121
20260818-215200,1787089973276,1.8581445961671121
20260818-215200,1787089973276,1.8581445961671121
20260818-215200,1787089973276,1.8581445961671121
20260818-215200,1787089973276,1.8581445961671121
20260818-215200,1787089973276,1.8581445961671121
20260818-215200,1787089973276,1.8581445961671121
20260818-215200,1787089973276,1.8581445961671121
20260818-215200,1787089973277,1.8581445961671121
20260818-215200,1787089973277,1.8581445961671121
20260818-215200,1787089973277,1.8581445961671121
20260818-215200,1787089973277,1.8581445961671121
20260818-215200,1787089973277,1.8581445961671121
20260818-215200,1787089973277,1.8581445961671121
20260818-215200,1787089973278,1.8581445961671121
20260818-215200,1787089973278,1.8581445961671121
20260818-215200,1787089973278,1.8581445961671121
20260818-215200,1787089973284,1.8581445961671121
20260818-215200,1787089973284,1.8581445961671121
20260818-215200,1787089973286,1.8581445961671121
20260818-215200,1787089973286,1.8581445961671121
20260818-215200,1787089973286,1.8581445961671121
20260818-215200,1787089973290,1.8581445961671121
20260818-215200,1787089973290,1.8581445961671121
20260818-215200,1787089973290,1.8581445961671121
20260818-215200,1787089973294,1.8581445961671121
20260818-215200,1787089973294,1.8581445961671121
20260818-215200,1787089973294,1.8581445961671121
20260818-215200,1787089973299,1.8581445961671121
20260818-215200,1787089973299,1.8581445961671121
20260818-215200,1787089973299,1.8581445961671121
20260818-215200,1787089973299,1.8581445961671121
20260818-215200,1787089973304,1.8581445961671121
20260818-215200,1787089973305,1.8581445961671121
20260818-215200,1787089973305,1.8581445961671121
20260818-215200,1787089973305,1.8581445961671121
20260818-215200,1787089973305,1.8581445961671121
20260818-215200,1787089973305,1.8581445961671121
20260818-215200,1787089973307,1.8581445961671121
20260818-215200,1787089973307,1.8581445961671121
20260818-215200,1787089973307,1.8581445961671121
20260818-215200,1787089973307,1.8581445961671121
20260818-215200,1787089973307,1.8581445961671121
20260818-215200,1787089973307,1.8581445961671121
20260818-215200,1787089973307,1.8581445961671121
20260818-215200,1787089973307,1.8581445961671121
20260818-215200,1787089973307,1.8581445961671121
20260818-215200,1787089973307,1.8581445961671121
20260818-215200,1787089973307,1.8581445961671121
20260818-215200,1787089973307,1.8581445961671121
20260818-215200,1787089973307,1.8581445961671121
20260818-215200,1787089973307,1.8581445961671121
20260818-215200,1787089973307,1.8581445961671121
20260818-215200,1787089973307,1.8581445961671121
20260818-215200,1787089973307,1.8581445961671121
20260818-215200,1787089973307,1.8581445961671121
20260818-215200,1787089973307,1.8581445961671121
20260818-215200,1787089973307,1.8581445961671121
20260818-215200,1787089973307,1.8581445961671121
20260818-215200,1787089973307,1.8581445961671121
20260818-215200,1787089973307,1.8581445961671121
20260818-215200,1787089973307,1.8581445961671121
20260818-215200,1787089973308,1.8581445961671121
20260818-215200,1787089973308,1.8581445961671121
20260818-215200,1787089973308,1.8581445961671121
20260818-215200,1787089973308,1.8581445961671121
20260818-215200,1787089973309,1.8581445961671121
20260818-215200,1787089973309,1.8581445961671121
20260818-215200,1787089973309,1.8581445961671121
20260818-215200,1787089973309,1.8581445961671121
20260818-215200,1787089973313,1.8581445961671121
20260818-215200,1787089973313,1.8581445961671121
20260818-215200,1787089973313,1.8581445961671121
20260818-215200,1787089973313,1.8581445961671121
20260818-215200,1787089973313,1.8581445961671121
20260818-215200,1787089973313,1.8581445961671121
20260818-215200,1787089973313,1.8581445961671121
20260818-215200,1787089973313,1.8581445961671121
20260818-215200,1787089973313,1.8581445961671121
20260818-215200,1787089973319,1.8581445961671121
20260818-215200,1787089973324,1.8581445961671121
20260818-215200,1787089973334,1.8581445961671121
20260818-215200,1787089973334,1.8581445961671121
20260818-215200,1787089973334,1.8581445961671121
20260818-215200,1787089973334,1.8581445961671121
20260818-215200,1787089973334,1.8581445961671121
20260818-215200,1787089973334,1.8581445961671121
20260818-215200,1787089973334,1.8581445961671121
20260818-215200,1787089973334,1.8581445961671121
20260818-215200,1787089973334,1.8581445961671121
20260818-215200,1787089973334,1.8581445961671121
20260818-215200,1787089973334,1.8581445961671121
20260818-215200,1787089973334,1.8581445961671121
20260818-215200,1787089973334,1.8581445961671121
20260818-215200,1787089973334,1.8581445961671121
20260818-215200,1787089973334,1.8581445961671121
20260818-215200,1787089973334,1.8581445961671121
20260818-215200,1787089973334,1.8581445961671121
20260818-215200,1787089973334,1.8581445961671121
20260818-215200,1787089973334,1.8581445961671121
20260818-215200,1787089973334,1.8581445961671121
20260818-215200,1787089973334,1.8581445961671121
20260818-215200,1787089973334,1.8581445961671121
20260818-215200,1787089973334,1.8581445961671121
20260818-215200,1787089973334,1.8581445961671121
20260818-215200,1787089973334,1.8581445961671121
20260818-215200,1787089973334,1.8581445961671121
20260818-215200,1787089973334,1.8581445961671121
20260818-215200,1787089973334,1.8581445961671121
20260818-215200,1787089973334,1.8581445961671121
20260818-215200,1787089973334,1.8581445961671121
20260818-215200,1787089973334,1.8581445961671121
20260818-215200,1787089973334,1.8581445961671121
20260818-215200,1787089973334,1.8581445961671121
20260818-215200,1787089973334,1.8581445961671121
20260818-215200,1787089973339,1.8581445961671121
20260818-215200,1787089973340,1.8581445961671121
20260818-215200,1787089973341,1.8581445961671121
20260818-215200,1787089973346,1.8581445961671121
20260818-215200,1787089973346,1.8581445961671121
20260818-215200,1787089973346,1.8581445961671121
20260818-215200,1787089973358,1.8581445961671121
20260818-215200,1787089973358,1.8581445961671121
20260818-215200,1787089973358,1.8581445961671121
20260818-215200,1787089973358,1.8581445961671121
20260818-215200,1787089973358,1.8581445961671121
20260818-215200,1787089973358,1.8581445961671121
20260818-215200,1787089973358,1.8581445961671121
20260818-215200,1787089973358,1.8581445961671121
20260818-215200,1787089973337,-0.7589409830456387
20260818-215200,1787089973366,-0.7589409830456387
20260818-215200,1787089973366,-0.7589409830456387
20260818-215200,1787089973366,-0.7589409830456387
20260818-215200,1787089973366,-0.7589409830456387
20260818-215200,1787089973366,-0.7589409830456387
20260818-215200,1787089973366,-0.7589409830456387
20260818-215200,1787089973366,-0.7589409830456387
20260818-215200,1787089973366,-0.7589409830456387
20260818-215200,1787089973372,-0.7589409830456387
20260818-215200,1787089973387,-0.7589409830456387
20260818-215200,1787089973390,-0.7589409830456387
20260818-215200,1787089973400,-0.7589409830456387
20260818-215200,1787089973401,-0.7589409830456387
20260818-215200,1787089973418,-0.7589409830456387
20260818-215200,1787089973419,-0.7589409830456387
20260818-215200,1787089973421,-0.7589409830456387
20260818-215200,1787089973422,-0.7589409830456387
20260818-215200,1787089973426,-0.7589409830456387
20260818-215200,1787089973431,-0.7589409830456387
20260818-215200,1787089973491,-0.7589409830456387
20260818-215200,1787089973492,-0.7589409830456387
20260818-215200,1787089973514,-0.7589409830456387
20260818-215200,1787089973600,-0.7589409830456387
20260818-215200,1787089973608,-0.7589409830456387
20260818-215200,1787089973609,-0.7589409830456387
20260818-215200,1787089973439,-1.3166036891235369
20260818-215200,1787089973614,-1.3166036891235369
20260818-215200,1787089973619,-1.3166036891235369
20260818-215200,1787089973624,-1.3166036891235369
20260818-215200,1787089973624,-1.3166036891235369
20260818-215200,1787089973624,-1.3166036891235369
20260818-215200,1787089973624,-1.3166036891235369
20260818-215200,1787089973624,-1.3166036891235369
20260818-215200,1787089973627,-1.3166036891235369
20260818-215200,1787089973627,-1.3166036891235369
20260818-215200,1787089973627,-1.3166036891235369
20260818-215200,1787089973627,-1.3166036891235369
20260818-215200,1787089973631,-1.3166036891235369
20260818-215200,1787089973642,-1.3166036891235369
20260818-215200,1787089973642,-1.3166036891235369
20260818-215200,1787089973642,-1.3166036891235369
20260818-215200,1787089973642,-1.3166036891235369
20260818-215200,1787089973642,-1.3166036891235369
20260818-215200,1787089973642,-1.3166036891235369
20260818-215200,1787089973642,-1.3166036891235369
20260818-215200,1787089973643,-0.7434512400538863
20260818-215200,1787089973643,-0.7434512400538863
20260818-215200,1787089973643,-0.7434512400538863
20260818-215200,1787089973643,-0.7434512400538863
20260818-215200,1787089973643,-0.7434512400538863
20260818-215200,1787089973643,-0.7434512400538863
20260818-215200,1787089973643,-0.7434512400538863
20260818-215200,1787089973643,-0.7434512400538863
20260818-215200,1787089973643,-0.7434512400538863
20260818-215200,1787089973643,-0.7434512400538863
20260818-215200,1787089973643,-0.7434512400538863
20260818-215200,1787089973643,-0.7434512400538863
20260818-215200,1787089973643,-0.7434512400538863
20260818-215200,1787089973643,-0.7434512400538863
20260818-215200,1787089973643,-0.7434512400538863
20260818-215200,1787089973643,-0.7434512400538863
20260818-215200,1787089973643,-0.7434512400538863
20260818-215200,1787089973643,-0.7434512400538863
20260818-215200,1787089973646,-1.3166036891235369
20260818-215200,1787089973646,-1.3166036891235369
20260818-215200,1787089973646,-1.3166036891235369
20260818-215200,1787089973646,-1.3166036891235369
20260818-215200,1787089973653,-1.3166036891235369
20260818-215200,1787089973655,-1.3166036891235369
20260818-215200,1787089973655,-1.3166036891235369
20260818-215200,1787089973655,-1.3166036891235369
20260818-215200,1787089973655,-1.3166036891235369
20260818-215200,1787089973655,-1.3166036891235369
20260818-215200,1787089973655,-1.3166036891235369
20260818-215200,1787089973655,-1.3166036891235369
20260818-215200,1787089973655,-1.3166036891235369
20260818-215200,1787089973655,-1.3166036891235369
20260818-215200,1787089973655,-1.3166036891235369
20260818-215200,1787089973655,-1.3166036891235369
20260818-215200,1787089973655,-1.3166036891235369
20260818-215200,1787089973655,-1.3166036891235369
20260818-215200,1787089973655,-1.3166036891235369
20260818-215200,1787089973655,-1.3166036891235369
20260818-215200,1787089973655,-1.3166036891235369
20260818-215200,1787089973659,-1.3166036891235369
20260818-215200,1787089973661,-1.3166036891235369
20260818-215200,1787089973674,-1.3166036891235369
20260818-215200,1787089973674,-1.3166036891235369
20260818-215200,1787089973680,-1.3166036891235369
20260818-215200,1787089973680,-1.3166036891235369
20260818-215200,1787089973700,-1.3166036891235369
20260818-215200,1787089973701,-1.3166036891235369
20260818-215200,1787089973705,-1.3166036891235369
20260818-215200,1787089973705,-1.3166036891235369
20260818-215200,1787089973705,-1.3166036891235369
20260818-215200,1787089973705,-1.3166036891235369
20260818-215200,1787089973705,-1.3166036891235369
20260818-215200,1787089973720,-1.3166036891235369
20260818-215200,1787089973735,-1.3166036891235369
20260818-215200,1787089973746,-1.3166036891235369
20260818-215200,1787089973748,-0.7434512400538863
20260818-215200,1787089973748,-0.7434512400538863
20260818-215200,1787089973748,-0.7434512400538863
20260818-215200,1787089973748,-0.7434512400538863
20260818-215200,1787089973748,-0.7434512400538863
20260818-215200,1787089973748,-0.7434512400538863
20260818-215200,1787089973748,-0.7434512400538863
20260818-215200,1787089973748,-0.7434512400538863
20260818-215200,1787089973748,-0.7434512400538863
20260818-215200,1787089973541,-1.3320952076334975
20260818-215200,1787089986191,1.4401222710268164
20260818-215200,1787089986170,1.4401222710268164
20260818-215200,1787089986185,1.4401222710268164
20260818-215200,1787089986185,1.4401222710268164
20260818-215200,1787089986186,1.4401222710268164
20260818-215200,1787089986186,1.4401222710268164
20260818-215200,1787089986186,1.4401222710268164
20260818-215200,1787089986188,1.4401222710268164
20260818-215200,1787089986188,1.4401222710268164
20260818-215200,1787089986188,1.4401222710268164
20260818-215200,1787089986188,1.4401222710268164
20260818-215200,1787089986188,1.4401222710268164
20260818-215200,1787089986188,1.4401222710268164
20260818-215200,1787089986188,1.4401222710268164
20260818-215200,1787089986188,1.4401222710268164
20260818-215200,1787089986188,1.4401222710268164
20260818-215200,1787089986188,1.4401222710268164
20260818-215200,1787089986200,1.4401222710268164
20260818-215200,1787089986200,1.4401222710268164
20260818-215200,1787089986200,1.4401222710268164
20260818-215200,1787089986200,1.4401222710268164
20260818-215200,1787089986200,1.4401222710268164
20260818-215200,1787089986200,1.4401222710268164
20260818-215200,1787089986200,1.4401222710268164
20260818-215200,1787089986200,1.4401222710268164
20260818-215200,1787089986200,1.4401222710268164
20260818-215200,1787089986200,1.4401222710268164
20260818-215200,1787089986200,1.4401222710268164
20260818-215200,1787089986200,1.4401222710268164
20260818-215200,1787089986200,1.4401222710268164
20260818-215200,1787089986200,1.4401222710268164
20260818-215200,1787089986200,1.4401222710268164
20260818-215200,1787089986211,1.4401222710268164
20260818-215200,1787089986211,1.4401222710268164
20260818-215200,1787089986215,1.4401222710268164
20260818-215200,1787089986215,1.4401222710268164
20260818-215200,1787089986215,1.4401222710268164
20260818-215200,1787089986215,1.4401222710268164
20260818-215200,1787089986215,1.4401222710268164
20260818-215200,1787089986215,1.4401222710268164
20260818-215200,1787089986215,1.4401222710268164
20260818-215200,1787089986216,1.4401222710268164
20260818-215200,1787089986216,1.4401222710268164
20260818-215200,1787089986216,1.4401222710268164
20260818-215200,1787089986216,1.4401222710268164
20260818-215200,1787089986216,1.4401222710268164
20260818-215200,1787089986216,1.4401222710268164
20260818-215200,1787089986216,1.4401222710268164
20260818-215200,1787089986216,1.4401222710268164
20260818-215200,1787089986216,1.4401222710268164
20260818-215200,1787089986216,1.4401222710268164
20260818-215200,1787089986216,1.4401222710268164
20260818-215200,1787089986216,1.4401222710268164
20260818-215200,1787089986216,1.4401222710268164
20260818-215200,1787089986216,1.4401222710268164
20260818-215200,1787089986233,0.04646203238913351
20260818-215200,1787089986293,0.04646203238913351
20260818-215200,1787089986233,0.04646203238913351
20260818-215200,1787089986235,0.04646203238913351
20260818-215200,1787089986235,0.04646203238913351
20260818-215200,1787089986235,0.04646203238913351
20260818-215200,1787089986235,0.04646203238913351
20260818-215200,1787089986235,0.04646203238913351
20260818-215200,1787089986235,0.04646203238913351
20260818-215200,1787089986235,0.04646203238913351
20260818-215200,1787089986235,0.04646203238913351
20260818-215200,1787089986235,0.04646203238913351
20260818-215200,1787089986235,0.04646203238913351
20260818-215200,1787089986235,0.04646203238913351
20260818-215200,1787089986289,0.04646203238913351
20260818-215200,1787089986289,0.04646203238913351
20260818-215200,1787089986289,0.04646203238913351
20260818-215200,1787089986289,0.04646203238913351
20260818-215200,1787089986289,0.04646203238913351
20260818-215200,1787089986289,0.04646203238913351
20260818-215200,1787089986289,0.04646203238913351
20260818-215200,1787089986289,0.04646203238913351
20260818-215200,1787089986289,0.04646203238913351
20260818-215200,1787089986289,0.04646203238913351
20260818-215200,1787089986289,0.04646203238913351
20260818-215200,1787089986289,0.04646203238913351
20260818-215200,1787089986289,0.04646203238913351
20260818-215200,1787089986289,0.04646203238913351
20260818-215200,1787089986300,-0.29426956486184913
20260818-215200,1787089986300,-0.29426956486184913
20260818-215200,1787089986395,-0.29426956486184913
20260818-215200,1787089986300,-0.29426956486184913
20260818-215200,1787089986337,-0.29426956486184913
20260818-215200,1787089986337,-0.29426956486184913
20260818-215200,1787089986337,-0.29426956486184913
20260818-215200,1787089986337,-0.29426956486184913
20260818-215200,1787089986337,-0.29426956486184913
20260818-215200,1787089986337,-0.29426956486184913
20260818-215200,1787089986337,-0.29426956486184913
20260818-215200,1787089986344,-0.29426956486184913
20260818-215200,1787089986344,-0.29426956486184913
20260818-215200,1787089986344,-0.29426956486184913
20260818-215200,1787089986344,-0.29426956486184913
20260818-215200,1787089986347,-0.402689033462037
20260818-215200,1787089986347,-0.402689033462037
20260818-215200,1787089986497,-0.402689033462037
20260818-215200,1787089986347,-0.402689033462037
20260818-215200,1787089986423,-0.402689033462037
20260818-215200,1787089986448,-0.402689033462037
20260818-215200,1787089986448,-0.402689033462037
20260818-215200,1787089986448,-0.402689033462037
20260818-215200,1787089986599,-0.402689033462037
20260818-215200,1787089986701,-0.402689033462037
20260818-215200,1787089986482,-0.402689033462037
20260818-215200,1787089986803,-0.402689033462037
20260818-215200,1787089986905,-0.402689033462037
20260818-215200,1787089986820,-0.402689033462037
20260818-215200,1787089987007,-0.402689033462037
20260818-215200,1787089987109,-0.402689033462037
20260818-215200,1787089987211,-0.402689033462037
20260818-215200,1787089987313,-0.402689033462037
20260818-215200,1787089987211,-0.402689033462037
20260818-215200,1787089987415,-0.402689033462037
20260818-215200,1787089987517,-0.402689033462037
20260818-215200,1787089987619,-0.402689033462037
20260818-215200,1787089987721,-0.402689033462037
20260818-215200,1787089987823,-0.402689033462037
20260818-215200,1787089987925,-0.402689033462037
20260818-215200,1787089988027,-0.402689033462037
20260818-215200,1787089988129,-0.402689033462037
20260818-215200,1787089988231,-0.402689033462037
20260818-215200,1787089988333,-0.402689033462037
20260818-215200,1787089988435,-0.402689033462037
20260818-215200,1787089988537,-0.402689033462037
20260818-215200,1787089988639,-0.402689033462037
20260818-215200,1787089988741,-0.402689033462037
20260818-215200,1787089988843,-0.402689033462037
20260818-215200,1787089988731,-0.402689033462037
20260818-215200,1787089988945,-0.402689033462037
20260818-215200,1787089989047,-0.402689033462037
20260818-215200,1787089989149,-0.402689033462037
20260818-215200,1787089989000,-0.402689033462037
20260818-215200,1787089989251,-0.402689033462037
20260818-215200,1787089989353,-0.402689033462037
20260818-215200,1787089989455,-0.402689033462037
20260818-215200,1787089989557,-0.402689033462037
20260818-215200,1787089989659,-0.402689033462037
20260818-215200,1787089989761,-0.402689033462037
20260818-215200,1787089989863,-0.402689033462037
20260818-215200,1787089989965,-0.402689033462037
20260818-215200,1787089990067,-0.402689033462037
20260818-215200,1787089990169,-0.402689033462037
20260818-215200,1787089990271,-0.402689033462037
20260818-215200,1787089990373,-0.402689033462037
20260818-215200,1787089990475,-0.402689033462037
20260818-215200,1787089990577,-0.402689033462037
20260818-215200,1787089990679,-0.402689033462037
20260818-215200,1787089990781,-0.402689033462037
20260818-215200,1787089990673,-0.402689033462037
20260818-215200,1787089990883,-0.402689033462037
20260818-215200,1787089990985,-0.402689033462037
20260818-215200,1787089991087,-0.402689033462037
20260818-215200,1787089991189,-0.402689033462037
20260818-215200,1787089991200,-0.402689033462037
20260818-215200,1787089991291,-0.402689033462037
20260818-215200,1787089991393,-0.402689033462037
20260818-215200,1787089991268,-0.402689033462037
20260818-215200,1787089991495,-0.402689033462037
20260818-215200,1787089991403,-0.402689033462037
20260818-215200,1787089991597,-0.402689033462037
20260818-215200,1787089991699,-0.402689033462037
20260818-215200,1787089991801,-0.402689033462037
20260818-215200,1787089991903,-0.402689033462037
20260818-215200,1787089992005,-0.402689033462037
20260818-215200,1787089992107,-0.402689033462037
20260818-215200,1787089992000,-0.402689033462037
20260818-215200,1787089992209,-0.402689033462037
20260818-215200,1787089992311,-0.402689033462037
20260818-215200,1787089992413,-0.402689033462037
20260818-215200,1787089992515,-0.402689033462037
20260818-215200,1787089992617,-0.402689033462037
20260818-215200,1787089992719,-0.402689033462037
20260818-215200,1787089992821,-0.402689033462037
20260818-215200,1787089992923,-0.402689033462037
20260818-215200,1787089993025,-0.402689033462037
20260818-215200,1787089993127,-0.402689033462037
20260818-215200,1787089993000,-0.402689033462037
20260818-215200,1787089993229,-0.402689033462037
20260818-215200,1787089993331,-0.402689033462037
20260818-215200,1787089993433,-0.402689033462037
20260818-215200,1787089993535,-0.402689033462037
20260818-215200,1787089993637,-0.402689033462037
20260818-215200,1787089993739,-0.402689033462037
20260818-215200,1787089993841,-0.402689033462037
20260818-215200,1787089993943,-0.402689033462037
20260818-215200,1787089993861,-0.402689033462037
20260818-215200,1787089993989,-0.402689033462037
20260818-215200,1787089994045,-0.402689033462037
20260818-215200,1787089994147,-0.402689033462037
20260818-215200,1787089994000,-0.402689033462037
20260818-215200,1787089994249,-0.402689033462037
20260818-215200,1787089994176,-0.402689033462037
20260818-215200,1787089994351,-0.402689033462037
20260818-215200,1787089994453,-0.402689033462037
20260818-215200,1787089994555,-0.402689033462037
20260818-215200,1787089994415,-0.402689033462037
20260818-215200,1787089994657,-0.402689033462037
20260818-215200,1787089994759,-0.402689033462037
20260818-215200,1787089994861,-0.402689033462037
20260818-215200,1787089994963,-0.402689033462037
20260818-215200,1787089995065,-0.402689033462037
20260818-215200,1787089995167,-0.402689033462037
20260818-215200,1787089995269,-0.402689033462037
20260818-215200,1787089995371,-0.402689033462037
20260818-215200,1787089995473,-0.402689033462037
20260818-215200,1787089995398,-0.402689033462037
20260818-215200,1787089995575,-0.402689033462037
20260818-215200,1787090034947,0.696933723925967
20260818-215200,1787090035049,0.696933723925967
20260818-215200,1787090035151,0.696933723925967
20260818-215200,1787090035253,0.696933723925967
20260818-215200,1787090035184,0.696933723925967
20260818-215200,1787090035355,0.696933723925967
20260818-215200,1787090035457,0.696933723925967
20260818-215200,1787090035559,0.696933723925967
20260818-215200,1787090035661,0.696933723925967
20260818-215200,1787090035530,0.696933723925967
20260818-215200,1787090035763,0.696933723925967
20260818-215200,1787090035865,0.696933723925967
20260818-215200,1787090035967,0.696933723925967
20260818-215200,1787090036069,0.696933723925967
20260818-215200,1787090036171,0.696933723925967
20260818-215200,1787090036064,0.696933723925967
20260818-215200,1787090036273,0.696933723925967
20260818-215200,1787090036375,0.696933723925967
20260818-215200,1787090036477,0.696933723925967
20260818-215200,1787090036425,0.696933723925967
20260818-215200,1787090036579,0.696933723925967
20260818-215200,1787090036681,0.696933723925967
20260818-215200,1787090036783,0.696933723925967
20260818-215200,1787090036885,0.696933723925967
20260818-215200,1787090036987,0.696933723925967
20260818-215200,1787090037089,0.696933723925967
20260818-215200,1787090037191,0.696933723925967
20260818-215200,1787090037293,0.696933723925967
20260818-215200,1787090037395,0.696933723925967
20260818-215200,1787090037497,0.696933723925967
20260818-215200,1787090037599,0.696933723925967
20260818-215200,1787090037701,0.696933723925967
20260818-215200,1787090037803,0.696933723925967
20260818-215200,1787090037905,0.696933723925967
20260818-231922,1787095165838,0.8348929597642168
20260818-231922,1787095166031,0.8348929597642168
20260818-231922,1787095166133,0.8348929597642168
20260818-231922,1787095166235,0.8348929597642168
20260818-231922,1787095166337,0.8348929597642168
20260818-231922,1787095166439,0.8348929597642168
20260818-231922,1787095166541,0.8348929597642168
20260818-231922,1787095166643,0.8348929597642168
20260818-231922,1787095166745,0.8348929597642168
20260818-231922,1787095166847,0.8348929597642168
20260818-231922,1787095166949,0.8348929597642168
20260818-231922,1787095167051,0.8348929597642168
20260818-231922,1787095167153,0.8348929597642168
20260818-231922,1787095167255,0.8348929597642168
20260818-231922,1787095167357,0.8348929597642168
20260818-231922,1787095167459,0.8348929597642168
20260818-231922,1787095169320,0.8348929597642168
20260818-231922,1787095169499,0.8348929597642168
20260818-231922,1787095169601,0.8348929597642168
20260818-231922,1787095169703,0.8348929597642168
20260818-231922,1787095172559,0.8348929597642168
20260818-231922,1787095184391,0.4174464798821084
20260818-231922,1787095184493,0.4174464798821084
20260818-231922,1787095184595,0.4174464798821084
20260818-231922,1787095185105,0.4174464798821084
20260818-231922,1787095185207,0.4174464798821084
20260818-231922,1787095185309,0.4174464798821084
20260818-231922,1787095185411,0.4174464798821084
20260818-231922,1787095185513,0.4174464798821084
20260818-231922,1787095185423,0.4174464798821084
20260818-231922,1787095185615,0.4174464798821084
20260818-231922,1787095185717,0.4174464798821084
20260818-231922,1787095185819,0.4174464798821084
20260818-231922,1787095185921,0.4174464798821084
20260818-231922,1787095186023,0.4174464798821084
20260818-231922,1787095186125,0.4174464798821084
20260818-231922,1787095186227,0.4174464798821084
20260818-231922,1787095186329,0.4174464798821084
20260818-231922,1787095186431,0.4174464798821084
20260818-231922,1787095186533,0.4174464798821084
20260818-231922,1787095186464,0.4174464798821084
20260818-231922,1787095186635,0.4174464798821084
20260818-231922,1787095186737,0.4174464798821084
20260818-231922,1787095186839,0.4174464798821084
20260818-231922,1787095186941,0.4174464798821084
20260818-231922,1787095187043,0.4174464798821084
20260818-231922,1787095187145,0.4174464798821084
20260818-231922,1787095187247,0.4174464798821084
20260818-231922,1787095187349,0.4174464798821084
20260818-231922,1787095187451,0.4174464798821084
20260818-231922,1787095187553,0.4174464798821084
20260818-231922,1787095187655,0.4174464798821084
20260818-231922,1787095187757,0.4174464798821084
20260818-231922,1787095187859,0.4174464798821084
20260818-231922,1787095187961,0.4174464798821084
20260818-231922,1787095187845,0.4174464798821084
20260818-231922,1787095188063,0.4174464798821084
20260818-231922,1787095188165,0.4174464798821084
20260818-231922,1787095188267,0.4174464798821084
20260818-231922,1787095188144,0.4174464798821084
20260818-231922,1787095188369,0.4174464798821084
20260818-231922,1787095188471,0.4174464798821084
20260818-231922,1787095188387,0.4174464798821084
20260818-231922,1787095188573,0.4174464798821084
20260818-231922,1787095188675,0.4174464798821084
20260818-231922,1787095188777,0.4174464798821084
20260818-231922,1787095188879,0.4174464798821084
20260818-231922,1787095188981,0.4174464798821084
20260818-231922,1787095189083,0.4174464798821084
20260818-231922,1787095189185,0.4174464798821084
20260818-231922,1787095189287,0.4174464798821084
20260818-231922,1787095191602,0.4174464798821084
20260818-231922,1787095191837,0.4174464798821084
20260818-231922,1787095191939,0.4174464798821084
20260818-231922,1787095191824,0.4174464798821084
20260818-231922,1787095192041,0.4174464798821084
20260818-231922,1787095192143,0.4174464798821084
20260818-231922,1787095192245,0.4174464798821084
20260818-231922,1787095192347,0.4174464798821084
20260818-231922,1787095192449,0.4174464798821084
20260818-231922,1787095192551,0.4174464798821084
20260818-231922,1787095192653,0.4174464798821084
20260818-231922,1787095192755,0.4174464798821084
20260818-231922,1787095192622,0.4174464798821084
20260818-231922,1787095192857,0.4174464798821084
20260818-231922,1787095192959,0.4174464798821084
20260818-231922,1787095193061,0.4174464798821084
20260818-231922,1787095193163,0.4174464798821084
20260818-231922,1787095193265,0.4174464798821084
20260818-231922,1787095193367,0.4174464798821084
20260818-231922,1787095193469,0.4174464798821084
20260818-231922,1787095193571,0.4174464798821084
20260818-231922,1787095193673,0.4174464798821084
20260818-231922,1787095193587,0.4174464798821084
20260818-231922,1787095193775,0.4174464798821084
20260818-231922,1787095193877,0.4174464798821084
20260818-231922,1787095193979,0.4174464798821084
20260818-231922,1787095194081,0.4174464798821084
20260818-231922,1787095194183,0.4174464798821084
20260818-231922,1787095194285,0.4174464798821084
20260818-231922,1787095194387,0.4174464798821084
20260818-231922,1787095201108,0.8348929597642168
20260818-231922,1787095201108,0.8348929597642168
20260818-231922,1787095201109,0.8348929597642168
20260818-231922,1787095201109,0.8348929597642168
20260818-231922,1787095201109,0.8348929597642168
20260818-231922,1787095201109,0.8348929597642168
20260818-231922,1787095201111,0.8348929597642168
20260818-231922,1787095201117,0.8348929597642168
20260818-231922,1787095201117,0.8348929597642168
20260818-231922,1787095201119,0.633912951381392
20260818-231922,1787095201119,0.633912951381392
20260818-231922,1787095201119,0.633912951381392
20260818-231922,1787095201136,0.633912951381392
20260818-231922,1787095201160,0.633912951381392
20260818-231922,1787095201160,0.633912951381392
20260818-231922,1787095201160,0.633912951381392
20260818-231922,1787095201160,0.633912951381392
20260818-231922,1787095201167,0.633912951381392
20260818-231922,1787095201179,0.633912951381392
20260818-231922,1787095201179,0.633912951381392
20260818-231922,1787095201179,0.633912951381392
20260818-231922,1787095201179,0.633912951381392
20260818-231922,1787095201206,0.633912951381392
20260818-231922,1787095201221,0.27831314403445984
20260818-231922,1787095201323,0.27831314403445984
20260818-231922,1787095201425,0.27831314403445984
20260818-231922,1787095201527,0.27831314403445984
20260818-231922,1787095201559,0.27831314403445984
20260818-231922,1787095201560,0.27831314403445984
20260818-231922,1787095201560,0.27831314403445984
20260818-231922,1787095201560,0.27831314403445984
20260818-231922,1787095201560,0.27831314403445984
20260818-231922,1787095201560,0.27831314403445984
20260818-231922,1787095201560,0.27831314403445984
20260818-231922,1787095201560,0.27831314403445984
20260818-231922,1787095201560,0.27831314403445984
20260818-231922,1787095201560,0.27831314403445984
20260818-231922,1787095201560,0.27831314403445984
20260818-231922,1787095201560,0.27831314403445984
20260818-231922,1787095201562,-0.0
20260818-231922,1787095201629,-0.0
20260818-231922,1787095201562,-0.0
20260818-231922,1787095201731,-0.0
20260818-231922,1787095201833,-0.0
20260818-231922,1787095201935,-0.0
20260818-231922,1787095202037,-0.0
20260818-231922,1787095202139,-0.0
20260818-231922,1787095202241,-0.0
20260818-231922,1787095202343,-0.0
20260818-231922,1787095202445,-0.0
20260818-231922,1787095202547,-0.0
20260818-231922,1787095202649,-0.0
20260818-231922,1787095202751,-0.0
20260818-231922,1787095202669,-0.0
20260818-231922,1787095202853,-0.0
20260818-231922,1787095202955,-0.0
20260818-231922,1787095203057,-0.0
20260818-231922,1787095203008,-0.0
20260818-231922,1787095203159,-0.0
20260818-231922,1787095203261,-0.0
20260818-231922,1787095203196,-0.0
20260818-231922,1787095203363,-0.0
20260818-231922,1787095203327,-0.0
20260818-231922,1787095203465,-0.0
20260818-231922,1787095203567,-0.0
20260818-231922,1787095203669,-0.0
20260818-231922,1787095203771,-0.0
20260818-231922,1787095203873,-0.0
20260818-231922,1787095203975,-0.0
20260818-231922,1787095204077,-0.0
20260818-231922,1787095204179,-0.0
20260818-231922,1787095204058,-0.0
20260818-231922,1787095204281,-0.0
20260818-231922,1787095204383,-0.0
20260818-231922,1787095204485,-0.0
20260818-231922,1787095204419,-0.0
20260818-231922,1787095204587,-0.0
20260818-231922,1787095204689,-0.0
20260818-231922,1787095204791,-0.0
20260818-231922,1787095204893,-0.0
20260818-231922,1787095204995,-0.0
20260818-231922,1787095205097,-0.0
20260818-231922,1787095205199,-0.0
20260818-231922,1787095205301,-0.0
20260818-231922,1787095205232,-0.0
20260818-231922,1787095205403,-0.0
20260818-231922,1787095205505,-0.0
20260818-231922,1787095205607,-0.0
20260818-231922,1787095205709,-0.0
20260818-231922,1787095205811,-0.0
20260818-231922,1787095205713,-0.0
20260818-231922,1787095205913,-0.0
20260818-231922,1787095206015,-0.0
20260818-231922,1787095206117,-0.0
20260818-231922,1787095206219,-0.0
20260818-231922,1787095206321,-0.0
20260818-231922,1787095206423,-0.0
20260818-231922,1787095206525,-0.0
20260818-231922,1787095206627,-0.0
20260818-231922,1787095206729,-0.0
20260818-231922,1787095206831,-0.0
20260818-231922,1787095206933,-0.0
20260818-231922,1787095207035,-0.0
20260818-231922,1787095207137,-0.0
20260818-231922,1787095207078,-0.0
20260818-231922,1787095207239,-0.0
20260818-231922,1787095207341,-0.0
20260818-231922,1787095207443,-0.0
20260818-231922,1787095207545,-0.0
20260818-231922,1787095207647,-0.0
20260818-231922,1787095207546,-0.0
20260818-231922,1787095207749,-0.0
20260818-231922,1787095207851,-0.0
20260818-231922,1787095207953,-0.0
20260818-231922,1787095208055,-0.0
20260818-231922,1787095208157,-0.0
20260818-231922,1787095208259,-0.0
20260818-231922,1787095208361,-0.0
20260818-231922,1787095208463,-0.0
20260818-231922,1787095208565,-0.0
20260818-231922,1787095208429,-0.0
20260818-231922,1787095208667,-0.0
20260818-231922,1787095208769,-0.0
20260818-231922,1787095208716,-0.0
20260818-231922,1787095208871,-0.0
20260818-231922,1787095208973,-0.0
20260818-231922,1787095208903,-0.0
20260818-231922,1787095209075,-0.0
20260818-231922,1787095209177,-0.0
20260818-231922,1787095209115,-0.0
20260818-231922,1787095209279,-0.0
20260818-231922,1787095209230,-0.0
20260818-231922,1787095209381,-0.0
20260818-231922,1787095209483,-0.0
20260818-231922,1787095209585,-0.0
20260818-231922,1787095209687,-0.0
20260818-231922,1787095209789,-0.0
20260818-231922,1787095209654,-0.0
20260818-231922,1787095209891,-0.0
20260818-231922,1787095209993,-0.0
20260818-231922,1787095210095,-0.0
20260818-231922,1787095210197,-0.0
20260818-231922,1787095210299,-0.0
20260818-231922,1787095210191,-0.0
20260818-231922,1787095210401,-0.0
20260818-231922,1787095210503,-0.0
20260818-231922,1787095210605,-0.0
20260818-231922,1787095210707,-0.0
20260818-231922,1787095210809,-0.0
20260818-231922,1787095210911,-0.0
20260818-231922,1787095211013,-0.0
20260818-231922,1787095211115,-0.0
20260818-231922,1787095211217,-0.0
20260818-231922,1787095211319,-0.0
20260818-231922,1787095211421,-0.0
20260818-231922,1787095211523,-0.0
20260818-231922,1787095211442,-0.0
20260818-231922,1787095211625,-0.0
20260818-231922,1787095211727,-0.0
20260818-231922,1787095211829,-0.0
20260818-231922,1787095211931,-0.0
20260818-231922,1787095212033,-0.0
20260818-231922,1787095212135,-0.0
20260818-231922,1787095212237,-0.0
20260818-231922,1787095212339,-0.0
20260818-231922,1787095212441,-0.0
20260818-231922,1787095212376,-0.0
20260818-231922,1787095218357,-0.0
20260818-231922,1787095218223,-0.0
20260818-231922,1787095218459,-0.0
20260818-231922,1787095218561,-0.0
20260818-231922,1787095218663,-0.0
20260818-231922,1787095218765,-0.0
20260818-231922,1787095218867,-0.0
20260818-231922,1787095218969,-0.0
20260818-231922,1787095219071,-0.0
20260818-231922,1787095219173,-0.0
20260818-231922,1787095219275,-0.0
20260818-231922,1787095219377,-0.0
20260818-231922,1787095219479,-0.0
20260818-231922,1787095219581,-0.0
20260818-231922,1787095219683,-0.0
20260818-231922,1787095219785,-0.0
20260818-231922,1787095219725,-0.0
20260818-231922,1787095219887,-0.0
20260818-231922,1787095219989,-0.0
20260818-231922,1787095220091,-0.0
20260818-231922,1787095220193,-0.0
20260818-231922,1787095220295,-0.0
20260818-231922,1787095220397,-0.0
20260818-231922,1787095220352,-0.0
20260818-231922,1787095220499,-0.0
20260818-231922,1787095220601,-0.0
20260818-231922,1787095220703,-0.0
20260818-231922,1787095220805,-0.0
20260818-231922,1787095220907,-0.0
20260818-231922,1787095220780,-0.0
20260818-231922,1787095221009,-0.0
20260818-231922,1787095221111,-0.0
20260818-231922,1787095221213,-0.0
20260818-231922,1787095221315,-0.0
20260818-231922,1787095221417,-0.0
20260818-231922,1787095221519,-0.0
20260818-231922,1787095221416,-0.0
20260818-231922,1787095221621,-0.0
20260818-231922,1787095221723,-0.0
20260818-231922,1787095221825,-0.0
20260818-231922,1787095221927,-0.0
20260818-231922,1787095222029,-0.0
20260818-231922,1787095222131,-0.0
20260818-231922,1787095222233,-0.0
20260818-231922,1787095222137,-0.0
20260818-231922,1787095222335,-0.0
20260818-231922,1787095222437,-0.0
20260818-231922,1787095222319,-0.0
20260818-231922,1787095222539,-0.0
20260818-231922,1787095222641,-0.0
20260818-231922,1787095222743,-0.0
20260818-231922,1787095222845,-0.0
20260818-231922,1787095222947,-0.0
20260818-231922,1787095222874,-0.0
20260818-231922,1787095223049,-0.0
20260818-231922,1787095222984,-0.0
20260818-231922,1787095223151,-0.0
20260818-231922,1787095223102,-0.0
20260818-231922,1787095223253,-0.0
20260818-231922,1787095223355,-0.0
20260818-231922,1787095223457,-0.0
20260818-231922,1787095223559,-0.0
20260818-231922,1787095223491,-0.0
20260818-231922,1787095223661,-0.0
20260818-231922,1787095223763,-0.0
20260818-231922,1787095223865,-0.0
20260818-231922,1787095223967,-0.0
20260818-231922,1787095224069,-0.0
20260818-231922,1787095224171,-0.0
20260818-231922,1787095224273,-0.0
20260818-231922,1787095224375,-0.0
20260818-231922,1787095224477,-0.0
20260818-231922,1787095224579,-0.0
20260818-231922,1787095224681,-0.0
20260818-231922,1787095224783,-0.0
20260818-231922,1787095224885,-0.0
20260818-231922,1787095224791,-0.0
20260818-231922,1787095224987,-0.0
20260818-231922,1787095224984,-0.0
20260818-231922,1787095225089,-0.0
20260818-231922,1787095225001,-0.0
20260818-231922,1787095225191,-0.0
20260818-231922,1787095225293,-0.0
20260818-231922,1787095225395,-0.0
20260818-231922,1787095225497,-0.0
20260818-231922,1787095225599,-0.0
20260818-231922,1787095225701,-0.0
20260818-231922,1787095225803,-0.0
20260818-231922,1787095225905,-0.0
20260818-231922,1787095225857,-0.0
20260818-231922,1787095226007,-0.0
20260818-231922,1787095226109,-0.0
20260818-231922,1787095226211,-0.0
20260818-231922,1787095226313,-0.0
20260818-231922,1787095226415,-0.0
20260818-231922,1787095226517,-0.0
20260818-231922,1787095226619,-0.0
20260818-231922,1787095226721,-0.0
20260818-231922,1787095226823,-0.0
20260818-231922,1787095226925,-0.0
20260818-231922,1787095227027,-0.0
20260818-231922,1787095227129,-0.0
20260818-231922,1787095227231,-0.0
20260818-231922,1787095227169,-0.0
20260818-231922,1787095227333,-0.0
20260818-231922,1787095227435,-0.0
20260818-231922,1787095227537,-0.0
20260818-231922,1787095227639,-0.0
20260818-231922,1787095227523,-0.0
20260818-231922,1787095227741,-0.0
20260818-231922,1787095227843,-0.0
20260818-231922,1787095227945,-0.0
20260818-231922,1787095227857,-0.0
20260818-231922,1787095228047,-0.0
20260818-231922,1787095228149,-0.0
20260818-231922,1787095228175,-0.0
20260818-231922,1787095228251,-0.0
20260818-231922,1787095228193,-0.0
20260818-231922,1787095228353,-0.0
20260818-231922,1787095228455,-0.0
20260818-231922,1787095228557,-0.0
20260818-231922,1787095228659,-0.0
20260818-231922,1787095228761,-0.0
20260818-231922,1787095228863,-0.0
20260818-231922,1787095228965,-0.0
20260818-231922,1787095229067,-0.0
20260818-231922,1787095228961,-0.0
20260818-231922,1787095229169,-0.0
20260818-231922,1787095229271,-0.0
20260818-231922,1787095229373,-0.0
20260818-231922,1787095229475,-0.0
20260818-231922,1787095229577,-0.0
20260818-231922,1787095229482,-0.0
20260818-231922,1787095229679,-0.0
20260818-231922,1787095229621,-0.0
20260818-231922,1787095229781,-0.0
20260818-231922,1787095229883,-0.0
20260818-231922,1787095229985,-0.0
20260818-231922,1787095230087,-0.0
20260818-231922,1787095230189,-0.0
20260818-231922,1787095230071,-0.0
20260818-231922,1787095230291,-0.0
20260818-231922,1787095230393,-0.0
20260818-231922,1787095230495,-0.0
20260818-231922,1787095230597,-0.0
20260818-231922,1787095230489,-0.0
20260818-231922,1787095230699,-0.0
20260818-231922,1787095230801,-0.0
20260818-231922,1787095230903,-0.0
20260818-231922,1787095231005,-0.0
20260818-231922,1787095231107,-0.0
20260818-231922,1787095231209,-0.0
20260818-231922,1787095231311,-0.0
20260818-231922,1787095231226,-0.0
20260818-231922,1787095231413,-0.0
20260818-231922,1787095231515,-0.0
20260818-231922,1787095231617,-0.0
20260818-231922,1787095231719,-0.0
20260818-231922,1787095231821,-0.0
20260818-231922,1787095231923,-0.0
20260818-231922,1787095232025,-0.0
20260818-231922,1787095232127,-0.0
20260818-231922,1787095232229,-0.0
20260818-231922,1787095232331,-0.0
20260818-231922,1787095232433,-0.0
20260818-231922,1787095232535,-0.0
20260818-231922,1787095232637,-0.0
20260818-231922,1787095232739,-0.0
20260818-231922,1787095232841,-0.0
20260818-231922,1787095232943,-0.0
20260818-231922,1787095233045,-0.0
20260818-231922,1787095233147,-0.0
20260818-231922,1787095246917,0.4174639067659442
20260818-231922,1787095247019,0.4174639067659442
20260818-231922,1787095246952,0.4174639067659442
20260818-231922,1787095247121,0.4174639067659442
20260818-231922,1787095247223,0.4174639067659442
20260818-231922,1787095247325,0.4174639067659442
20260818-231922,1787095247427,0.4174639067659442
20260818-231922,1787095247529,0.4174639067659442
20260818-231922,1787095247631,0.4174639067659442
20260818-231922,1787095247733,0.4174639067659442
20260818-231922,1787095247835,0.4174639067659442
20260818-231922,1787095247937,0.4174639067659442
20260818-231922,1787095248039,0.4174639067659442
20260818-231922,1787095248141,0.4174639067659442
20260818-231922,1787095248243,0.4174639067659442
20260818-231922,1787095248345,0.4174639067659442
20260818-231922,1787095248447,0.4174639067659442
20260818-231922,1787095248549,0.4174639067659442
20260818-231922,1787095248651,0.4174639067659442
20260818-231922,1787095248753,0.4174639067659442
20260818-231922,1787095248855,0.4174639067659442
20260818-231922,1787095248957,0.4174639067659442
20260818-231922,1787095249059,0.4174639067659442
20260818-231922,1787095249161,0.4174639067659442
20260818-231922,1787095249263,0.4174639067659442
20260818-231922,1787095249365,0.4174639067659442
20260818-231922,1787095249467,0.4174639067659442
20260818-231922,1787095249569,0.4174639067659442
20260818-231922,1787095249671,0.4174639067659442
20260818-231922,1787095249773,0.4174639067659442
20260818-231922,1787095249875,0.4174639067659442
20260818-231922,1787095249977,0.4174639067659442
20260818-231922,1787095250079,0.4174639067659442
20260818-231922,1787095250181,0.4174639067659442
20260818-231922,1787095250175,0.4174639067659442
20260818-231922,1787095250283,0.4174639067659442
20260818-231922,1787095250385,0.4174639067659442
20260818-231922,1787095250252,0.4174639067659442
20260818-231922,1787095250487,0.4174639067659442
20260818-231922,1787095250589,0.4174639067659442
20260818-231922,1787095250691,0.4174639067659442
20260818-231922,1787095250793,0.4174639067659442
20260818-231922,1787095250895,0.4174639067659442
20260818-231922,1787095250822,0.4174639067659442
20260818-231922,1787095250997,0.4174639067659442
20260818-231922,1787095251099,0.4174639067659442
20260818-231922,1787095251201,0.4174639067659442
20260818-231922,1787095251303,0.4174639067659442
20260818-231922,1787095251405,0.4174639067659442
20260818-231922,1787095251507,0.4174639067659442
20260818-231922,1787095251609,0.4174639067659442
20260818-231922,1787095251711,0.4174639067659442
20260818-231922,1787095251813,0.4174639067659442
20260818-231922,1787095251915,0.4174639067659442
20260818-231922,1787095251869,0.4174639067659442
20260818-231922,1787095252017,0.4174639067659442
20260818-231922,1787095252119,0.4174639067659442
20260818-231922,1787095252221,0.4174639067659442
20260818-231922,1787095252323,0.4174639067659442
20260818-231922,1787095252425,0.4174639067659442
20260818-231922,1787095252527,0.4174639067659442
20260818-231922,1787095252629,0.4174639067659442
20260818-231922,1787095252731,0.4174639067659442
20260818-231922,1787095252833,0.4174639067659442
20260818-231922,1787095252935,0.4174639067659442
20260818-231922,1787095253037,0.4174639067659442
20260818-231922,1787095252915,0.4174639067659442
20260818-231922,1787095253139,0.4174639067659442
20260818-231922,1787095253241,0.4174639067659442
20260818-231922,1787095253343,0.4174639067659442
20260818-231922,1787095253445,0.4174639067659442
20260818-231922,1787095253547,0.4174639067659442
20260818-231922,1787095253649,0.4174639067659442
20260818-231922,1787095253553,0.4174639067659442
20260818-231922,1787095253751,0.4174639067659442
20260818-231922,1787095253853,0.4174639067659442
20260818-231922,1787095253955,0.4174639067659442
20260818-231922,1787095254057,0.4174639067659442
20260818-231922,1787095254159,0.4174639067659442
20260818-231922,1787095254261,0.4174639067659442
20260818-231922,1787095254127,0.4174639067659442
20260818-231922,1787095254363,0.4174639067659442
20260818-231922,1787095254465,0.4174639067659442
20260818-231922,1787095254567,0.4174639067659442
20260818-231922,1787095254669,0.4174639067659442
20260818-231922,1787095254661,0.4174639067659442
20260818-231922,1787095254771,0.4174639067659442
20260818-231922,1787095254873,0.4174639067659442
20260818-231922,1787095254779,0.4174639067659442
20260818-231922,1787095254975,0.4174639067659442
20260818-231922,1787095255077,0.4174639067659442
20260818-231922,1787095255179,0.4174639067659442
20260818-231922,1787095255281,0.4174639067659442
20260818-231922,1787095255383,0.4174639067659442
20260818-231922,1787095255485,0.4174639067659442
20260818-231922,1787095255587,0.4174639067659442
20260818-231922,1787095255689,0.4174639067659442
20260818-231922,1787095255791,0.4174639067659442
20260818-231922,1787095255893,0.4174639067659442
20260818-231922,1787095255995,0.4174639067659442
20260818-231922,1787095256012,0.4174639067659442
20260818-231922,1787095256097,0.38654184972644434
20260818-231922,1787095256015,0.38654184972644434
20260818-231922,1787095256155,0.38654184972644434
20260818-231922,1787095256155,0.38654184972644434
20260818-231922,1787095256155,0.38654184972644434
20260818-231922,1787095256199,0.2319286958417504
20260818-231922,1787095256157,0.2319286958417504
20260818-231922,1787095256234,0.2319286958417504
20260818-231922,1787095256234,0.2319286958417504
20260818-231922,1787095256234,0.2319286958417504
20260818-231922,1787095256234,0.2319286958417504
20260818-231922,1787095256234,0.2319286958417504
20260818-231922,1787095256234,0.2319286958417504
20260818-231922,1787095256301,-0.0
20260818-231922,1787095256249,-0.0
20260818-231922,1787095256403,-0.0
20260818-231922,1787095256505,-0.0
20260818-231922,1787095256418,-0.0
20260818-231922,1787095256607,-0.0
20260818-231922,1787095256709,-0.0
20260818-231922,1787095256811,-0.0
20260818-231922,1787095256913,-0.0
20260818-231922,1787095256796,-0.0
20260818-231922,1787095257015,-0.0
20260818-231922,1787095257117,-0.0
20260818-231922,1787095257038,-0.0
20260818-231922,1787095257219,-0.0
20260818-231922,1787095257321,-0.0
20260818-231922,1787095257423,-0.0
20260818-231922,1787095257306,-0.0
20260818-231922,1787095257525,-0.0
20260818-231922,1787095257627,-0.0
20260818-231922,1787095257729,-0.0
20260818-231922,1787095257831,-0.0
20260818-231922,1787095257933,-0.0
20260818-231922,1787095258035,-0.0
20260818-231922,1787095258137,-0.0
20260818-231922,1787095258239,-0.0
20260818-231922,1787095258341,-0.0
20260818-231922,1787095258443,-0.0
20260818-231922,1787095258545,-0.0
20260818-231922,1787095259055,-0.0
20260818-231922,1787095259157,-0.0
20260818-231922,1787095259259,-0.0
20260818-231922,1787095259361,-0.0
20260818-231922,1787095259463,-0.0
20260818-231922,1787095259565,-0.0
20260818-231922,1787095259667,-0.0
20260818-231922,1787095259769,-0.0
20260818-231922,1787095259871,-0.0
20260818-231922,1787095259973,-0.0
20260818-231922,1787095260075,-0.0
20260818-231922,1787095260177,-0.0
20260818-231922,1787095260279,-0.0
20260818-231922,1787095260381,-0.0
20260818-231922,1787095260483,-0.0
20260818-231922,1787095260585,-0.0
20260818-231922,1787095260687,-0.0
20260818-231922,1787095260789,-0.0
20260818-231922,1787095260891,-0.0
20260818-231922,1787095260993,-0.0
20260818-232223,1787095345499,-0.3091670344466181
20260818-232223,1787095345755,-0.3091670344466181
20260818-232223,1787095345857,0.3091670344466181
20260818-232223,1787095345959,-0.3091670344466181
20260818-232223,1787095346061,-0.3091670344466181
20260818-232223,1787095346163,-0.3091670344466181
20260818-232223,1787095346012,-0.3091670344466181
20260818-232223,1787095367991,0.3091670344466181
20260818-232223,1787095368093,-0.3091670344466181
20260818-232223,1787095368195,-0.3091670344466181
20260818-232223,1787095368072,0.3091670344466181
20260818-232223,1787095368297,0.3091670344466181
20260818-232223,1787095368399,-0.3091670344466181
20260818-232223,1787095368329,-0.3091670344466181
20260818-232223,1787095368501,-0.3091670344466181
20260818-232223,1787095368603,-0.3091670344466181
20260818-232223,1787095368705,-0.3091670344466181
20260818-232223,1787095368807,0.3091670344466181
20260818-232223,1787095368909,0.3091670344466181
20260818-232223,1787095368749,0.3091670344466181
20260818-232223,1787095369011,-0.3091670344466181
20260818-232223,1787095369113,0.3091670344466181
20260818-232223,1787095369215,-0.3091670344466181
20260818-232223,1787095369317,-0.3091670344466181
20260818-232223,1787095369419,-0.3091670344466181
20260818-232223,1787095369521,-0.3091670344466181
20260818-232223,1787095369449,-0.3091670344466181
20260818-232223,1787095369623,-0.3091670344466181
20260818-232223,1787095369725,-0.3091670344466181
20260818-232223,1787095369827,0.3091670344466181
20260818-232223,1787095369929,-0.3091670344466181
20260818-232223,1787095370031,-0.3091670344466181
20260818-232223,1787095369916,-0.3091670344466181
20260818-232223,1787095370133,-0.3091670344466181
20260818-232223,1787095370235,-0.3091670344466181
20260818-232223,1787095370337,-0.3091670344466181
20260818-232223,1787095370439,-0.3091670344466181
20260818-232223,1787095370541,0.3091670344466181
20260818-232223,1787095370643,-0.3091670344466181
20260818-232223,1787095370745,0.3091670344466181
20260818-232223,1787095370847,-0.3091670344466181
20260818-232223,1787095370949,0.3091670344466181
20260818-232223,1787095371051,0.3091670344466181
20260818-232223,1787095371153,0.3091670344466181
20260818-232223,1787095371255,0.3091670344466181
20260818-232223,1787095371357,-0.3091670344466181
20260818-232223,1787095371459,-0.3091670344466181
20260818-232223,1787095371561,0.3091670344466181
20260818-232223,1787095371663,0.3091670344466181
20260818-232223,1787095371548,-0.3091670344466181
20260818-232223,1787095371765,-0.3091670344466181
20260818-232223,1787095371701,0.3091670344466181
20260818-232223,1787095371867,0.3091670344466181
20260818-232223,1787095371969,-0.3091670344466181
20260818-232223,1787095372071,-0.3091670344466181
20260818-232223,1787095372173,0.3091670344466181
20260818-232223,1787095372275,-0.3091670344466181
20260818-232223,1787095372377,-0.3091670344466181
20260818-232223,1787095372256,0.3091670344466181
20260818-232223,1787095372479,0.3091670344466181
20260818-232223,1787095372581,-0.3091670344466181
20260818-232223,1787095372683,-0.3091670344466181
20260818-232223,1787095372785,-0.3091670344466181
20260818-232223,1787095372887,0.3091670344466181
20260818-232223,1787095372989,0.3091670344466181
20260818-232223,1787095373091,-0.3091670344466181
20260818-232223,1787095373193,-0.3091670344466181
20260818-232223,1787095373098,0.3091670344466181
20260818-232223,1787095373295,-0.34008373789082996
20260818-232223,1787095373397,0.34008373789082996
20260818-232223,1787095373499,0.34008373789082996
20260818-232223,1787095373601,0.34008373789082996
20260818-232223,1787095373703,-0.34008373789082996
20260818-232223,1787095373805,0.34008373789082996
20260818-232223,1787095373907,0.34008373789082996
20260818-232223,1787095374009,0.34008373789082996
20260818-232223,1787095374111,0.34008373789082996
20260818-232223,1787095374213,-0.34008373789082996
20260818-232223,1787095374315,0.34008373789082996
20260818-232223,1787095374417,0.34008373789082996
20260818-232223,1787095374519,0.34008373789082996
20260818-232223,1787095374621,0.34008373789082996
20260818-232223,1787095374723,0.34008373789082996
20260818-232223,1787095374825,0.34008373789082996
20260818-232223,1787095374927,0.34008373789082996
20260818-232223,1787095375029,0.34008373789082996
20260818-232223,1787095374888,-0.34008373789082996
20260818-232223,1787095375131,0.34008373789082996
20260818-232223,1787095375233,0.34008373789082996
20260818-232223,1787095375092,0.34008373789082996
20260818-232223,1787095375335,0.34008373789082996
20260818-232223,1787095375437,0.34008373789082996
20260818-232223,1787095375337,0.34008373789082996
20260818-232223,1787095375539,0.34008373789082996
20260818-232223,1787095375641,0.34008373789082996
20260818-232223,1787095375539,0.34008373789082996
20260818-232223,1787095375743,0.34008373789082996
20260818-232223,1787095375845,0.34008373789082996
20260818-232223,1787095375698,0.34008373789082996
20260818-232223,1787095375947,0.34008373789082996
20260818-232223,1787095376049,0.34008373789082996
20260818-232223,1787095376151,0.34008373789082996
20260818-232223,1787095376253,0.34008373789082996
20260818-232223,1787095376355,0.34008373789082996
20260818-232223,1787095376202,0.34008373789082996
20260818-232223,1787095376457,0.34008373789082996
20260818-232223,1787095376559,0.34008373789082996
20260818-232223,1787095376661,0.34008373789082996
20260818-232223,1787095376763,0.34008373789082996
20260818-232223,1787095376865,-0.34008373789082996
20260818-232223,1787095376782,-0.34008373789082996
20260818-232223,1787095376967,0.34008373789082996
20260818-232223,1787095377069,0.34008373789082996
20260818-232223,1787095376925,0.34008373789082996
20260818-232223,1787095377171,0.34008373789082996
20260818-232223,1787095377273,0.34008373789082996
20260818-232223,1787095377143,0.34008373789082996
20260818-232223,1787095377375,0.34008373789082996
20260818-232223,1787095377477,-0.34008373789082996
20260818-232223,1787095377579,-0.34008373789082996
20260818-232223,1787095377681,0.34008373789082996
20260818-232223,1787095377783,0.34008373789082996
20260818-232223,1787095377885,0.34008373789082996
20260818-232223,1787095377987,0.34008373789082996
20260818-232223,1787095378089,-0.34008373789082996
20260818-232223,1787095378191,0.34008373789082996
20260818-232223,1787095378293,-0.34008373789082996
20260818-232223,1787095378395,0.34008373789082996
20260818-232223,1787095378233,0.34008373789082996
20260818-232223,1787095378497,0.34008373789082996
20260818-232223,1787095378599,0.34008373789082996
20260818-232223,1787095378701,0.34008373789082996
20260818-232223,1787095378803,-0.34008373789082996
20260818-232223,1787095378905,-0.34008373789082996
20260818-232223,1787095378768,-0.34008373789082996
20260818-232223,1787095379007,0.34008373789082996
20260818-232223,1787095379109,0.34008373789082996
20260818-232223,1787095379211,0.34008373789082996
20260818-232223,1787095379224,-0.34008373789082996
20260818-232223,1787095379313,0.34008373789082996
20260818-232223,1787095379415,0.34008373789082996
20260818-232223,1787095379284,0.34008373789082996
20260818-232223,1787095379517,0.34008373789082996
20260818-232223,1787095379619,0.34008373789082996
20260818-232223,1787095379721,0.34008373789082996
20260818-232223,1787095379823,0.34008373789082996
20260818-232223,1787095379731,0.34008373789082996
20260818-232223,1787095379925,0.34008373789082996
20260818-232223,1787095380027,0.34008373789082996
20260818-232223,1787095380129,-0.34008373789082996
20260818-232223,1787095380231,0.34008373789082996
20260818-232223,1787095380333,0.34008373789082996
20260818-232223,1787095380435,0.34008373789082996
20260818-232223,1787095380343,0.34008373789082996
20260818-232223,1787095380537,-0.34008373789082996
20260818-232223,1787095380639,0.34008373789082996
20260818-232223,1787095380741,0.34008373789082996
20260818-232223,1787095380843,0.34008373789082996
20260818-232223,1787095380945,0.34008373789082996
20260818-232223,1787095381047,0.34008373789082996
20260818-232223,1787095381149,0.34008373789082996
20260818-232223,1787095381251,-0.34008373789082996
20260818-232223,1787095381353,0.34008373789082996
20260818-232223,1787095381455,0.34008373789082996
20260818-232223,1787095381557,0.34008373789082996
20260818-232223,1787095381659,0.34008373789082996
20260818-232223,1787095381761,0.34008373789082996
20260818-232223,1787095381863,-0.34008373789082996
20260818-232223,1787095381965,0.34008373789082996
20260818-232223,1787095382067,0.34008373789082996
20260818-232223,1787095382169,0.34008373789082996
20260818-232223,1787095382059,0.34008373789082996
20260818-232223,1787095382271,0.34008373789082996
20260818-232223,1787095382373,-0.34008373789082996
20260818-232223,1787095382475,0.34008373789082996
20260818-232223,1787095382577,0.34008373789082996
20260818-232223,1787095382679,-0.34008373789082996
20260818-232223,1787095382781,0.34008373789082996
20260818-232223,1787095382883,-0.34008373789082996
20260818-232223,1787095415953,0.6492708456516383
20260818-232223,1787095416137,-0.6492708456516383
20260818-232223,1787095416239,0.6492708456516383
20260818-232223,1787095416341,0.6492708456516383
20260818-232223,1787095416566,0.6492708456516383
20260818-232223,1787095416749,0.6492708456516383
20260818-232223,1787095416851,0.6492708456516383
20260818-232223,1787095416953,0.6492708456516383
20260818-232223,1787095417055,0.6492708456516383
20260818-232223,1787095417157,0.6492708456516383
20260818-232223,1787095417259,0.6492708456516383
20260818-232223,1787095417361,0.6492708456516383
20260818-232223,1787095417463,0.6492708456516383
20260818-232223,1787095417565,0.6492708456516383
20260818-232223,1787095417667,0.6492708456516383
20260818-232223,1787095417769,0.6492708456516383
20260818-232223,1787095417871,0.6492708456516383
20260818-232223,1787095417973,0.6492708456516383
20260818-232223,1787095418075,0.6492708456516383
20260818-232223,1787095418177,0.6492708456516383
20260818-232223,1787095418279,0.6492708456516383
20260818-232223,1787095418381,0.6492708456516383
20260818-232223,1787095418483,0.6492708456516383
20260818-232223,1787095418585,0.6492708456516383
20260818-232223,1787095418687,-0.6492708456516383
20260818-232223,1787095418789,0.6492708456516383
20260818-232223,1787095418654,0.6492708456516383
20260818-232223,1787095418891,0.6492708456516383
20260818-232223,1787095418993,-0.6492708456516383
20260818-232223,1787095419095,-0.6492708456516383
20260818-232223,1787095419197,0.6492708456516383
20260818-232223,1787095419299,0.6492708456516383
20260818-232223,1787095419401,0.6492708456516383
20260818-232223,1787095419503,0.6492708456516383
20260818-232223,1787095419605,0.6492708456516383
20260818-232223,1787095419707,0.6492708456516383
20260818-232223,1787095419809,-0.6492708456516383
20260818-232223,1787095419911,0.6492708456516383
20260818-232223,1787095420013,0.6492708456516383
20260818-232223,1787095420115,0.6492708456516383
20260818-232223,1787095420217,0.6492708456516383
20260818-232223,1787095420319,0.6492708456516383
20260818-232223,1787095420421,-0.6492708456516383
20260818-232223,1787095420523,0.6492708456516383
20260818-232223,1787095420625,0.6492708456516383
20260818-232223,1787095420829,-0.6492708456516383
20260818-232223,1787095420931,-0.6492708456516383
20260818-232223,1787095421033,-0.6492708456516383
20260818-232223,1787095421135,0.6492708456516383
20260818-232223,1787095421237,0.6492708456516383
20260818-232223,1787095422869,0.6492708456516383
20260818-232223,1787095422971,-0.6492708456516383
20260818-232223,1787095423073,0.6492708456516383
20260818-232223,1787095423175,0.6492708456516383
20260818-232223,1787095423360,0.8502356312110679
20260818-232223,1787095423583,0.8502356312110679
20260818-232223,1787095423685,0.8502356312110679
20260818-232223,1787095423534,0.8502356312110679
20260818-232223,1787095423787,0.8502356312110679
20260818-232223,1787095423889,0.8502356312110679
20260818-232223,1787095423991,0.8502356312110679
20260818-232223,1787095424093,0.8502356312110679
20260818-232223,1787095424195,0.8502356312110679
20260818-232223,1787095424297,0.8502356312110679
20260818-232223,1787095424399,0.8502356312110679
20260818-232223,1787095424501,0.8502356312110679
20260818-232223,1787095424410,0.8502356312110679
20260818-232223,1787095424603,0.8502356312110679
20260818-232223,1787095424705,-0.8502356312110679
20260818-232223,1787095424807,0.8502356312110679
20260818-232223,1787095424909,0.8502356312110679
20260818-232223,1787095425011,-0.8502356312110679
20260818-232223,1787095425113,0.8502356312110679
20260818-232223,1787095425013,-0.8502356312110679
20260818-232223,1787095425215,-0.8502356312110679
20260818-232223,1787095425317,0.8502356312110679
20260818-232223,1787095425419,0.8502356312110679
20260818-232223,1787095425276,0.8502356312110679
20260818-232223,1787095425521,0.8502356312110679
20260818-232223,1787095425623,-0.8502356312110679
20260818-232223,1787095425725,0.8502356312110679
20260818-232223,1787095425827,0.8502356312110679
20260818-232223,1787095425929,0.8502356312110679
20260818-232223,1787095426031,0.8502356312110679
20260818-232223,1787095426133,0.8502356312110679
20260818-232223,1787095426235,-0.8502356312110679
20260818-232223,1787095426337,0.8502356312110679
20260818-232223,1787095426274,0.8502356312110679
20260818-232223,1787095426439,0.8502356312110679
20260818-232223,1787095426541,0.8502356312110679
20260818-232223,1787095426643,-0.8502356312110679
20260818-232223,1787095426745,0.8502356312110679
20260818-232223,1787095426847,-0.8502356312110679
20260818-232223,1787095426949,-0.8502356312110679
20260818-232223,1787095427051,0.8502356312110679
20260818-232223,1787095427153,0.8502356312110679
20260818-232223,1787095427079,0.8502356312110679
20260818-232223,1787095427255,0.8502356312110679
20260818-232223,1787095427357,0.8502356312110679
20260818-232223,1787095427459,0.8502356312110679
20260818-232223,1787095427561,0.8502356312110679
20260818-232223,1787095429449,-0.8502356312110679
20260818-232223,1787095429703,0.8502356312110679
20260818-232223,1787095429805,0.8502356312110679
20260818-232223,1787095429907,-0.8502356312110679
20260818-232223,1787095430009,0.8502356312110679
20260818-232223,1787095430111,-0.8502356312110679
20260818-232223,1787095430213,0.8502356312110679
20260818-232223,1787095430315,0.8502356312110679
20260818-232223,1787095430220,0.8502356312110679
20260818-232223,1787095430417,0.8502356312110679
20260818-232223,1787095430519,-0.8502356312110679
20260818-232223,1787095430417,0.8502356312110679
20260818-232223,1787095430621,0.8502356312110679
20260818-232223,1787095430723,0.8502356312110679
20260818-232223,1787095430825,0.8502356312110679
20260818-232223,1787095430927,-0.8502356312110679
20260818-232223,1787095431029,0.8502356312110679
20260818-232223,1787095431131,-0.8502356312110679
20260818-232223,1787095431046,-0.8502356312110679
20260818-232223,1787095431233,0.8502356312110679
20260818-232223,1787095431335,0.8502356312110679
20260818-232223,1787095431437,0.8502356312110679
20260818-232223,1787095431539,0.8502356312110679
20260818-232223,1787095431641,0.8502356312110679
20260818-232223,1787095431743,0.8502356312110679
20260818-232223,1787095431845,0.8502356312110679
20260818-232223,1787095431947,-0.8502356312110679
20260818-232223,1787095432049,0.8502356312110679
20260818-232223,1787095432151,-0.8502356312110679
20260818-232223,1787095432253,-0.8502356312110679
20260818-232223,1787095432355,-0.8502356312110679
20260818-232223,1787095432457,0.8502356312110679
20260818-232223,1787095432559,0.8502356312110679
20260818-232223,1787095432661,0.8502356312110679
20260818-232223,1787095432763,0.8502356312110679
20260818-232223,1787095440821,1.3912043424124876
20260818-232223,1787095440720,1.3912043424124876
20260818-232223,1787095440923,1.3912043424124876
20260818-232223,1787095441025,-1.375746516387032
20260818-232223,1787095441127,1.375746516387032
20260818-232223,1787095441009,1.375746516387032
20260818-232223,1787095441143,-1.375746516387032
20260818-232223,1787095441229,1.375746516387032
20260818-232223,1787095441161,1.375746516387032
20260818-232223,1787095441331,-1.375746516387032
20260818-232223,1787095441433,-1.375746516387032
20260818-232223,1787095441535,1.375746516387032
20260818-232223,1787095441637,1.375746516387032
20260818-232223,1787095441739,1.375746516387032
20260818-232223,1787095441841,1.375746516387032
20260818-232223,1787095441943,-1.375746516387032
20260818-232223,1787095441807,1.375746516387032
20260818-232223,1787095441935,1.375746516387032
20260818-232223,1787095442045,1.375746516387032
20260818-232223,1787095441976,1.375746516387032
20260818-232223,1787095442147,-1.375746516387032
20260818-232223,1787095442249,-1.375746516387032
20260818-232223,1787095442351,-1.375746516387032
20260818-232223,1787095442453,1.375746516387032
20260818-232223,1787095442555,-1.375746516387032
20260818-232223,1787095442657,1.375746516387032
20260818-232223,1787095442759,-1.375746516387032
20260818-232223,1787095442861,-1.375746516387032
20260818-232223,1787095442963,1.375746516387032
20260818-232223,1787095442843,1.375746516387032
20260818-232223,1787095443065,-1.375746516387032
20260818-232223,1787095443167,1.375746516387032
20260818-232223,1787095443269,1.375746516387032
20260818-232223,1787095443371,1.375746516387032
20260818-232223,1787095443473,-1.375746516387032
20260818-232223,1787095443575,1.375746516387032
20260818-232223,1787095443677,1.375746516387032
20260818-232223,1787095443779,1.375746516387032
20260818-232223,1787095443881,1.375746516387032
20260818-232223,1787095443983,-1.375746516387032
20260818-232223,1787095444085,1.375746516387032
20260818-232223,1787095443997,1.375746516387032
20260818-232223,1787095444187,1.375746516387032
20260818-232223,1787095444289,-1.375746516387032
20260818-232223,1787095444391,1.375746516387032
20260818-232223,1787095444493,1.375746516387032
20260818-232223,1787095444595,1.375746516387032
20260818-232223,1787095444697,-1.375746516387032
20260818-232223,1787095444656,1.375746516387032
20260818-232223,1787095444799,1.375746516387032
20260818-232223,1787095444716,-1.375746516387032
20260818-232223,1787095444901,1.375746516387032
20260818-232223,1787095445003,1.375746516387032
20260818-232223,1787095444878,-1.375746516387032
20260818-232223,1787095445105,1.375746516387032
20260818-232223,1787095445207,1.375746516387032
20260818-232223,1787095445309,1.375746516387032
20260818-232223,1787095445411,1.375746516387032
20260818-232223,1787095445259,1.375746516387032
20260818-232223,1787095445513,1.375746516387032
20260818-232223,1787095445615,-1.375746516387032
20260818-232223,1787095445452,1.375746516387032
20260818-232223,1787095445717,-1.375746516387032
20260818-232223,1787095445819,1.375746516387032
20260818-232223,1787095445921,-1.375746516387032
20260818-232223,1787095446023,1.375746516387032
20260818-232223,1787095446125,1.375746516387032
20260818-232223,1787095446227,-1.375746516387032
20260818-232223,1787095446329,1.375746516387032
20260818-232223,1787095446431,-1.375746516387032
20260818-232223,1787095446533,-1.375746516387032
20260818-232223,1787095446635,-1.375746516387032
20260818-232223,1787095446737,1.375746516387032
20260818-232223,1787095446624,1.375746516387032
20260818-232223,1787095446839,-1.375746516387032
20260818-232223,1787095446941,1.375746516387032
20260818-232223,1787095447043,1.375746516387032
20260818-232223,1787095447145,1.375746516387032
20260818-232223,1787095447247,1.375746516387032
20260818-232223,1787095447155,-1.375746516387032
20260818-232223,1787095447349,1.375746516387032
20260818-232223,1787095447451,1.375746516387032
20260818-232223,1787095447553,1.375746516387032
20260818-232223,1787095447389,1.375746516387032
20260818-232223,1787095447655,1.375746516387032
20260818-232223,1787095447757,1.375746516387032
20260818-232223,1787095447618,1.375746516387032
20260818-232223,1787095452755,1.375746516387032
20260818-232223,1787095452857,1.375746516387032
20260818-232223,1787095452710,1.375746516387032
20260818-232223,1787095453775,-1.375746516387032
20260818-232223,1787095453701,1.375746516387032
20260818-232223,1787095453877,1.375746516387032
20260818-232223,1787095453979,1.375746516387032
20260818-232223,1787095454081,-1.375746516387032
20260818-232223,1787095454183,1.375746516387032
20260818-232223,1787095454055,1.375746516387032
20260818-232223,1787095454285,1.375746516387032
20260818-232223,1787095454337,-1.375746516387032
20260818-232223,1787095454387,1.406662168440193
20260818-232223,1787095454489,1.406662168440193
20260818-232223,1787095454363,-1.375746516387032
20260818-232223,1787095454591,2.365047382101679
20260818-232223,1787095454693,2.365047382101679
20260818-232223,1787095454795,2.365047382101679
20260818-232223,1787095454897,2.365047382101679
20260818-232223,1787095454790,2.365047382101679
20260818-232223,1787095454999,2.365047382101679
20260818-232223,1787095455101,2.365047382101679
20260818-232223,1787095455203,2.365047382101679
20260818-232223,1787095455305,-2.365047382101679
20260818-232223,1787095455407,2.365047382101679
20260818-232223,1787095455509,2.365047382101679
20260818-232223,1787095455361,-2.365047382101679
20260818-232223,1787095455551,2.365047382101679
20260818-232223,1787095455611,2.365047382101679
20260818-232223,1787095455713,2.365047382101679
20260818-232223,1787095455566,2.365047382101679
20260818-232223,1787095455815,2.365047382101679
20260818-232223,1787095455917,-2.365047382101679
20260818-232223,1787095456019,-2.365047382101679
20260818-232223,1787095456121,-2.365047382101679
20260818-232223,1787095456223,-2.365047382101679
20260818-232223,1787095456325,2.365047382101679
20260818-232223,1787095456427,2.365047382101679
20260818-232223,1787095456529,2.365047382101679
20260818-232223,1787095456631,2.365047382101679
20260818-232223,1787095456733,2.365047382101679
20260818-232223,1787095456835,2.365047382101679
20260818-232223,1787095456937,2.365047382101679
20260818-232223,1787095457039,2.365047382101679
20260818-232223,1787095457141,2.365047382101679
20260818-232223,1787095457243,-2.365047382101679
20260818-232223,1787095457345,-2.365047382101679
20260818-232223,1787095457447,-2.365047382101679
20260818-232223,1787095457549,2.365047382101679
20260818-232223,1787095457651,-2.365047382101679
20260818-232223,1787095457753,2.365047382101679
20260818-232223,1787095457855,2.365047382101679
20260818-232223,1787095457957,-2.365047382101679
20260818-232223,1787095458059,2.365047382101679
20260818-232223,1787095458161,-2.365047382101679
20260818-232223,1787095458263,2.365047382101679
20260818-232223,1787095458365,2.365047382101679
20260818-232223,1787095458467,2.365047382101679
20260818-232223,1787095458569,-2.365047382101679
20260818-232223,1787095458671,-2.365047382101679
20260818-232223,1787095458773,2.365047382101679
20260818-232223,1787095458875,2.365047382101679
20260818-232223,1787095458977,2.365047382101679
20260818-232223,1787095459079,2.365047382101679
20260818-232223,1787095459181,2.365047382101679
20260818-232223,1787095459283,2.365047382101679
20260818-232223,1787095459385,2.365047382101679
20260818-232223,1787095459487,2.365047382101679
20260818-232223,1787095459589,-2.365047382101679
20260818-232223,1787095459475,2.365047382101679
20260818-232223,1787095459691,-2.365047382101679
20260818-232223,1787095459793,2.365047382101679
20260818-232223,1787095459895,2.365047382101679
20260818-232223,1787095459864,2.365047382101679
20260818-232223,1787095459997,2.365047382101679
20260818-232223,1787095460099,2.365047382101679
20260818-232223,1787095459978,2.365047382101679
20260818-232223,1787095460201,2.365047382101679
20260818-232223,1787095460303,2.365047382101679
20260818-232223,1787095460405,2.365047382101679
20260818-232223,1787095460507,-2.365047382101679
20260818-232223,1787095460609,-2.365047382101679
20260818-232223,1787095460711,-2.365047382101679
20260818-232223,1787095460813,-2.365047382101679
20260818-232223,1787095460915,-2.365047382101679
20260818-232223,1787095461017,2.365047382101679
20260818-232223,1787095460892,2.365047382101679
20260818-232223,1787095461119,2.365047382101679
20260818-232223,1787095461221,-2.365047382101679
20260818-232223,1787095461323,2.365047382101679
20260818-232223,1787095461425,2.365047382101679
20260818-232223,1787095461527,2.365047382101679
20260818-232223,1787095461629,-2.365047382101679
20260818-232223,1787095461554,2.365047382101679
20260818-232223,1787095461731,-2.365047382101679
20260818-232223,1787095461833,2.365047382101679
20260818-232223,1787095461935,-2.365047382101679
20260818-232223,1787095462037,2.365047382101679
20260818-232223,1787095462139,2.365047382101679
20260818-232223,1787095462241,2.365047382101679
20260818-232223,1787095462343,2.365047382101679
20260818-232223,1787095462277,2.365047382101679
20260818-232223,1787095462445,-2.365047382101679
20260818-232223,1787095462547,2.365047382101679
20260818-232223,1787095462649,-2.365047382101679
20260818-232223,1787095462751,2.365047382101679
20260818-232223,1787095462853,2.365047382101679
20260818-232223,1787095462955,2.365047382101679
20260818-232223,1787095462841,2.365047382101679
20260818-232223,1787095463057,2.365047382101679
20260818-232223,1787095463159,2.365047382101679
20260818-232223,1787095463261,-2.365047382101679
20260818-232223,1787095463363,-2.365047382101679
20260818-232223,1787095463465,2.365047382101679
20260818-232223,1787095463411,2.365047382101679
20260818-232223,1787095463567,2.365047382101679
20260818-232223,1787095463669,2.365047382101679
20260818-232223,1787095463513,2.365047382101679
20260818-232223,1787095463771,2.365047382101679
20260818-232524,1787095555983,0.4636774412424083
20260818-232524,1787095555865,-0.4636774412424083
20260818-232524,1787095556085,-0.4636774412424083
20260818-232524,1787095556187,-0.4636774412424083
20260818-232524,1787095556289,0.4636774412424083
20260818-232524,1787095556391,-0.4636774412424083
20260818-232524,1787095556493,-0.4636774412424083
20260818-232524,1787095556595,-0.4636774412424083
20260818-232524,1787095556697,-0.4636774412424083
20260818-232524,1787095556799,0.4636774412424083
20260818-232524,1787095556901,0.4636774412424083
20260818-232524,1787095557003,-0.4636774412424083
20260818-232524,1787095557105,-0.4636774412424083
20260818-232524,1787095556983,0.4636774412424083
20260818-232524,1787095557207,0.4636774412424083
20260818-232524,1787095557309,0.4636774412424083
20260818-232524,1787095557411,0.4636774412424083
20260818-232524,1787095557513,0.4636774412424083
20260818-232524,1787095557615,0.4636774412424083
20260818-232524,1787095557717,-0.4636774412424083
20260818-232524,1787095557819,0.4636774412424083
20260818-232524,1787095557921,-0.4636774412424083
20260818-232524,1787095558023,-0.4636774412424083
20260818-232524,1787095558125,-0.4636774412424083
20260818-232524,1787095558227,-0.4636774412424083
20260818-232524,1787095558329,-0.4636774412424083
20260818-232524,1787095558431,-0.4636774412424083
20260818-232524,1787095558533,-0.4636774412424083
20260818-232524,1787095558635,-0.4636774412424083
20260818-232524,1787095558737,0.4636774412424083
20260818-232524,1787095558839,-0.4636774412424083
20260818-232524,1787095558941,-0.4636774412424083
20260818-232524,1787095559043,0.4636774412424083
20260818-232524,1787095559145,0.4636774412424083
20260818-232524,1787095559247,-0.4636774412424083
20260818-232524,1787095559349,-0.4636774412424083
20260818-232524,1787095559451,0.4636774412424083
20260818-232524,1787095559553,-0.4636774412424083
20260818-232524,1787095559655,-0.4636774412424083
20260818-232524,1787095559757,0.4636774412424083
20260818-232524,1787095559677,0.4636774412424083
20260818-232524,1787095559859,0.4636774412424083
20260818-232524,1787095559866,0.4636774412424083
20260818-232524,1787095559961,0.4636774412424083
20260818-232524,1787095560063,0.38639786770200696
20260818-232524,1787095559943,-0.4636774412424083
20260818-232524,1787095560165,-0.38639786770200696
20260818-232524,1787095560059,0.38639786770200696
20260818-232524,1787095560267,0.38639786770200696
20260818-232524,1787095560369,0.38639786770200696
20260818-232524,1787095560471,-0.38639786770200696
20260818-232524,1787095560573,0.38639786770200696
20260818-232524,1787095560675,-0.38639786770200696
20260818-232524,1787095560670,-0.38639786770200696
20260818-232524,1787095560679,-0.38639786770200696
20260818-232524,1787095560679,0.38639786770200696
20260818-232524,1787095560679,0.38639786770200696
20260818-232524,1787095560679,-0.38639786770200696
20260818-232524,1787095560679,0.38639786770200696
20260818-232524,1787095560684,0.38639786770200696
20260818-232524,1787095560696,-0.38639786770200696
20260818-232524,1787095560696,0.38639786770200696
20260818-232524,1787095560696,-0.38639786770200696
20260818-232524,1787095560696,0.38639786770200696
20260818-232524,1787095560696,-0.38639786770200696
20260818-232524,1787095560696,-0.38639786770200696
20260818-232524,1787095560696,0.38639786770200696
20260818-232524,1787095560696,0.38639786770200696
20260818-232524,1787095560696,-0.38639786770200696
20260818-232524,1787095560696,0.38639786770200696
20260818-232524,1787095560696,0.38639786770200696
20260818-232524,1787095560696,-0.38639786770200696
20260818-232524,1787095560708,0.38639786770200696
20260818-232524,1787095560777,-0.8500358946975535
20260818-232524,1787095560879,0.8500358946975535
20260818-232524,1787095560761,0.8500358946975535
20260818-232524,1787095560981,-0.8500358946975535
20260818-232524,1787095561083,0.8500358946975535
20260818-232524,1787095561185,0.8500358946975535
20260818-232524,1787095561018,0.8500358946975535
20260818-232524,1787095561287,-0.8500358946975535
20260818-232524,1787095583423,-0.8500358946975535
20260818-232524,1787095583277,0.8500358946975535
20260818-232524,1787095583525,0.8500358946975535
20260818-232524,1787095583417,0.8500358946975535
20260818-232524,1787095583627,0.8500358946975535
20260818-232524,1787095583530,0.8500358946975535
20260818-232524,1787095583729,-0.8500358946975535
20260818-232524,1787095583831,-0.8500358946975535
20260818-232524,1787095583744,0.8500358946975535
20260818-232524,1787095583933,0.8500358946975535
20260818-232524,1787095584035,0.8500358946975535
20260818-232524,1787095584137,-0.8500358946975535
20260818-232524,1787095584239,-0.8500358946975535
20260818-232524,1787095584341,-0.8500358946975535
20260818-232524,1787095584443,0.8500358946975535
20260818-232524,1787095584545,0.8500358946975535
20260818-232524,1787095584647,-0.8500358946975535
20260818-232524,1787095584749,0.8500358946975535
20260818-232524,1787095584851,-0.8500358946975535
20260818-232524,1787095584717,0.8500358946975535
20260818-232524,1787095584953,0.8500358946975535
20260818-232524,1787095585055,0.8500358946975535
20260818-232524,1787095585157,0.8500358946975535
20260818-232524,1787095585259,0.8500358946975535
20260818-232524,1787095585361,0.8500358946975535
20260818-232524,1787095585463,-0.8500358946975535
20260818-232524,1787095585565,0.8500358946975535
20260818-232524,1787095585553,0.8500358946975535
20260818-232524,1787095585667,0.8500358946975535
20260818-232524,1787095585769,-0.8500358946975535
20260818-232524,1787095585635,0.8500358946975535
20260818-232524,1787095585871,0.8500358946975535
20260818-232524,1787095585973,0.8500358946975535
20260818-232524,1787095586075,-0.8500358946975535
20260818-232524,1787095586177,0.8500358946975535
20260818-232524,1787095586279,0.8500358946975535
20260818-232524,1787095586381,0.8500358946975535
20260818-232524,1787095586483,-0.8500358946975535
20260818-232524,1787095586323,0.8500358946975535
20260818-232524,1787095586585,0.8500358946975535
20260818-232524,1787095586503,0.8500358946975535
20260818-232524,1787095586687,-0.8500358946975535
20260818-232524,1787095586789,-0.8500358946975535
20260818-232524,1787095586891,0.8500358946975535
20260818-232524,1787095586993,-0.8500358946975535
20260818-232524,1787095587095,0.8500358946975535
20260818-232524,1787095587197,-0.8500358946975535
20260818-232524,1787095587299,0.8500358946975535
20260818-232524,1787095587401,-0.8500358946975535
20260818-232524,1787095587503,0.8500358946975535
20260818-232524,1787095587605,0.8500358946975535
20260818-232524,1787095587707,-0.8500358946975535
20260818-232524,1787095587809,0.8500358946975535
20260818-232524,1787095587911,0.8500358946975535
20260818-232524,1787095588013,-0.8500358946975535
20260818-232524,1787095588115,0.8500358946975535
20260818-232524,1787095588217,0.8500358946975535
20260818-232524,1787095588061,0.8500358946975535
20260818-232524,1787095588319,0.8500358946975535
20260818-232524,1787095588421,-0.8500358946975535
20260818-232524,1787095588523,-0.8500358946975535
20260818-232524,1787095588625,-0.8500358946975535
20260818-232524,1787095588727,-0.8500358946975535
20260818-232524,1787095588829,0.8500358946975535
20260818-232524,1787095588931,0.8500358946975535
20260818-232524,1787095588853,0.8500358946975535
20260818-232524,1787095589033,-0.8500358946975535
20260818-232524,1787095589135,-0.8500358946975535
20260818-232524,1787095589237,0.8500358946975535
20260818-232524,1787095589339,0.8500358946975535
20260818-232524,1787095589441,0.8500358946975535
20260818-232524,1787095589543,-0.8500358946975535
20260818-232524,1787095589645,0.8500358946975535
20260818-232524,1787095589747,-0.8500358946975535
20260818-232524,1787095589639,0.8500358946975535
20260818-232524,1787095589849,0.8500358946975535
20260818-232524,1787095589766,0.8500358946975535
20260818-232524,1787095589951,0.8500358946975535
20260818-232524,1787095590053,0.8500358946975535
20260818-232524,1787095590155,0.8500358946975535
20260818-232524,1787095590257,0.8500358946975535
20260818-232524,1787095590359,0.8500358946975535
20260818-232524,1787095590461,-0.8500358946975535
20260818-232524,1787095590563,-0.8500358946975535
20260818-232524,1787095590665,0.8500358946975535
20260818-232524,1787095590767,-0.8500358946975535
20260818-232524,1787095590869,0.8500358946975535
20260818-232524,1787095590971,0.8500358946975535
20260818-232524,1787095590956,-0.8500358946975535
20260818-232524,1787095591073,0.8500358946975535
20260818-232524,1787095590968,0.8500358946975535
20260818-232524,1787095591175,-0.8500358946975535
20260818-232524,1787095591277,0.8500358946975535
20260818-232524,1787095606679,-0.8500358946975535
20260818-232524,1787095619939,0.6800739116705676
20260818-232524,1787095619958,1.3446022334302254
20260818-232524,1787095619958,-1.3446022334302254
20260818-232524,1787095619962,1.3446022334302254
20260818-232524,1787095619964,0.6800739116705676
20260818-232524,1787095619939,0.6800739116705676
20260818-232524,1787095619964,-0.6800739116705676
20260818-232524,1787095620001,0.6800739116705676
20260818-232524,1787095620001,0.6800739116705676
20260818-232524,1787095620001,0.6800739116705676
20260818-232524,1787095620001,0.6800739116705676
20260818-232524,1787095620001,0.6800739116705676
20260818-232524,1787095620001,0.6800739116705676
20260818-232524,1787095620008,0.6800739116705676
20260818-232524,1787095620041,0.49460838222054276
20260818-232524,1787095620143,0.49460838222054276
20260818-232524,1787095620010,-0.49460838222054276
20260818-232524,1787095620245,0.49460838222054276
20260818-232524,1787095620347,0.49460838222054276
20260818-232524,1787095620449,-0.49460838222054276
20260818-232524,1787095620551,0.49460838222054276
20260818-232524,1787095620653,0.49460838222054276
20260818-232524,1787095620496,0.49460838222054276
20260818-232524,1787095620755,-0.49460838222054276
20260818-232524,1787095620857,0.49460838222054276
20260818-232524,1787095620959,0.49460838222054276
20260818-232524,1787095621061,-0.49460838222054276
20260818-232524,1787095621163,0.49460838222054276
20260818-232524,1787095621037,-0.49460838222054276
20260818-232524,1787095621226,-0.49460838222054276
20260818-232524,1787095621265,-0.49460838222054276
20260818-232524,1787095621367,0.49460838222054276
20260818-232524,1787095621232,-0.49460838222054276
20260818-232524,1787095621469,-0.49460838222054276
20260818-232524,1787095621441,0.49460838222054276
20260818-232524,1787095621571,0.49460838222054276
20260818-232524,1787095621489,-0.49460838222054276
20260818-232524,1787095621673,0.49460838222054276
20260818-232524,1787095621775,-0.49460838222054276
20260818-232524,1787095621877,-0.49460838222054276
20260818-232524,1787095621979,0.49460838222054276
20260818-232524,1787095622081,0.49460838222054276
20260818-232524,1787095621971,0.49460838222054276
20260818-232524,1787095622183,-0.49460838222054276
20260818-232524,1787095622104,0.49460838222054276
20260818-232524,1787095622285,0.49460838222054276
20260818-232524,1787095622387,-0.49460838222054276
20260818-232524,1787095622489,0.49460838222054276
20260818-232524,1787095622591,0.49460838222054276
20260818-232524,1787095622693,0.49460838222054276
20260818-232524,1787095622795,0.49460838222054276
20260818-232524,1787095622897,-0.49460838222054276
20260818-232524,1787095622999,0.49460838222054276
20260818-232524,1787095622899,-0.49460838222054276
20260818-232524,1787095623101,0.49460838222054276
20260818-232524,1787095623203,0.49460838222054276
20260818-232524,1787095623124,0.49460838222054276
20260818-232524,1787095623305,0.49460838222054276
20260818-232524,1787095623407,-0.49460838222054276
20260818-232524,1787095623317,0.49460838222054276
20260818-232524,1787095623509,0.49460838222054276
20260818-232524,1787095623611,0.49460838222054276
20260818-232524,1787095623713,0.49460838222054276
20260818-232524,1787095623815,-0.49460838222054276
20260818-232524,1787095623917,-0.49460838222054276
20260818-232524,1787095623754,-0.49460838222054276
20260818-232524,1787095624019,-0.49460838222054276
20260818-232524,1787095624121,-0.49460838222054276
20260818-232524,1787095624223,0.49460838222054276
20260818-232524,1787095624325,0.49460838222054276
20260818-232524,1787095624427,0.49460838222054276
20260818-232524,1787095624529,0.49460838222054276
20260818-232524,1787095624631,0.49460838222054276
20260818-232524,1787095624733,-0.49460838222054276
20260818-232524,1787095624835,0.49460838222054276
20260818-232524,1787095624937,0.49460838222054276
20260818-232524,1787095625039,-0.49460838222054276
20260818-232524,1787095625141,0.49460838222054276
20260818-232524,1787095625243,0.49460838222054276
20260818-232524,1787095625345,0.49460838222054276
20260818-232524,1787095625447,0.49460838222054276
20260818-232524,1787095625549,-0.49460838222054276
20260818-232524,1787095625401,0.49460838222054276
20260818-232524,1787095625651,0.49460838222054276
20260818-232524,1787095625753,0.49460838222054276
20260818-232524,1787095625593,0.49460838222054276
20260818-232524,1787095625855,-0.49460838222054276
20260818-232524,1787095625957,0.49460838222054276
20260818-232524,1787095626059,-0.49460838222054276
20260818-232524,1787095625945,0.49460838222054276
20260818-232524,1787095626161,-0.49460838222054276
20260818-232524,1787095626263,-0.49460838222054276
20260818-232524,1787095626365,0.49460838222054276
20260818-232524,1787095626467,0.49460838222054276
20260818-232524,1787095626569,-0.49460838222054276
20260818-232524,1787095626671,0.49460838222054276
20260818-232524,1787095626773,0.49460838222054276
20260818-232524,1787095626875,0.49460838222054276
20260818-232524,1787095626805,0.49460838222054276
20260818-232524,1787095626977,0.49460838222054276
20260818-232524,1787095626868,0.49460838222054276
20260818-232524,1787095627079,0.49460838222054276
20260818-232524,1787095627181,-0.49460838222054276
20260818-232524,1787095627283,-0.49460838222054276
20260818-232524,1787095627385,-0.49460838222054276
20260818-232524,1787095627487,0.49460838222054276
20260818-232524,1787095627589,-0.49460838222054276
20260818-232524,1787095627691,0.49460838222054276
20260818-232524,1787095627562,0.49460838222054276
20260818-232524,1787095627793,0.49460838222054276
20260818-232524,1787095627694,-0.49460838222054276
20260818-232524,1787095627895,0.49460838222054276
20260818-232524,1787095627997,0.49460838222054276
20260818-232524,1787095628099,0.49460838222054276
20260818-232524,1787095628201,0.49460838222054276
20260818-232524,1787095628303,0.49460838222054276
20260818-232524,1787095628405,-0.49460838222054276
20260818-232524,1787095628507,0.49460838222054276
20260818-232524,1787095628609,0.49460838222054276
20260818-232524,1787095628711,0.49460838222054276
20260818-232524,1787095628813,-0.49460838222054276
20260818-232524,1787095628915,0.49460838222054276
20260818-232524,1787095628806,-0.49460838222054276
20260818-232524,1787095629017,0.49460838222054276
20260818-232524,1787095629119,0.49460838222054276
20260818-232524,1787095629221,0.49460838222054276
20260818-232524,1787095629323,0.49460838222054276
20260818-232524,1787095629425,-0.49460838222054276
20260818-232524,1787095629527,0.49460838222054276
20260818-232524,1787095629629,0.49460838222054276
20260818-232524,1787095629731,-0.49460838222054276
20260818-232524,1787095629652,0.49460838222054276
20260818-232524,1787095629833,-0.49460838222054276
20260818-232524,1787095629754,0.49460838222054276
20260818-232524,1787095629935,0.49460838222054276
20260818-232524,1787095630037,-0.49460838222054276
20260818-232524,1787095630139,-0.49460838222054276
20260818-232524,1787095630241,0.49460838222054276
20260818-232524,1787095630171,0.49460838222054276
20260818-232524,1787095630343,-0.49460838222054276
20260818-232524,1787095630445,-0.49460838222054276
20260818-232524,1787095630547,0.49460838222054276
20260818-232524,1787095630394,0.49460838222054276
20260818-232524,1787095630649,-0.49460838222054276
20260818-232524,1787095630751,0.49460838222054276
20260818-232524,1787095630853,0.49460838222054276
20260818-232524,1787095630955,-0.49460838222054276
20260818-232524,1787095631057,-0.49460838222054276
20260818-232524,1787095630901,-0.49460838222054276
20260818-232524,1787095631159,0.49460838222054276
20260818-232524,1787095631261,0.49460838222054276
20260818-232524,1787095631363,0.49460838222054276
20260818-232524,1787095631253,0.49460838222054276
20260818-232524,1787095631465,-0.49460838222054276
20260818-232524,1787095631567,0.49460838222054276
20260818-232524,1787095631669,-0.49460838222054276
20260818-232524,1787095631771,0.49460838222054276
20260818-232524,1787095631873,-0.49460838222054276
20260818-232524,1787095631740,-0.49460838222054276
20260818-232524,1787095631975,0.49460838222054276
20260818-232524,1787095632077,0.49460838222054276
20260818-232524,1787095631931,0.49460838222054276
20260818-232524,1787095632179,0.49460838222054276
20260818-232524,1787095632281,0.49460838222054276
20260818-232524,1787095632153,-0.49460838222054276
20260818-232524,1787095632383,0.49460838222054276
20260818-232524,1787095632485,0.49460838222054276
20260818-232524,1787095632587,-0.49460838222054276
20260818-232524,1787095632689,0.49460838222054276
20260818-232524,1787095632791,0.49460838222054276
20260818-232524,1787095632893,0.49460838222054276
20260818-232524,1787095632995,0.49460838222054276
20260818-232524,1787095633097,-0.49460838222054276
20260818-232524,1787095632955,0.49460838222054276
20260818-232524,1787095633199,-0.49460838222054276
20260818-232524,1787095633301,0.49460838222054276
20260818-232524,1787095633403,0.49460838222054276
20260818-232524,1787095633505,0.49460838222054276
20260818-232524,1787095633607,-0.49460838222054276
20260818-232524,1787095633709,0.49460838222054276
20260818-232524,1787095633811,-0.49460838222054276
20260818-232524,1787095633913,-0.49460838222054276
20260818-232524,1787095633827,0.49460838222054276
20260818-232524,1787095634015,-0.49460838222054276
20260818-232524,1787095634117,0.49460838222054276
20260818-232524,1787095634219,0.49460838222054276
20260818-232524,1787095634230,0.49460838222054276
20260818-232524,1787095634321,0.49460838222054276
20260818-232524,1787095634423,0.49460838222054276
20260818-232524,1787095634295,0.49460838222054276
20260818-232524,1787095634525,0.49460838222054276
20260818-232524,1787095634627,0.49460838222054276
20260818-232524,1787095634502,0.49460838222054276
20260818-232524,1787095634729,-0.49460838222054276
20260818-232524,1787095634657,0.49460838222054276
20260818-232524,1787095634831,-0.49460838222054276
20260818-232524,1787095634933,0.49460838222054276
20260818-232524,1787095634860,-0.49460838222054276
20260818-232524,1787095635035,0.49460838222054276
20260818-232524,1787095635137,0.49460838222054276
20260818-232524,1787095634973,0.49460838222054276
20260818-232524,1787095635239,0.49460838222054276
20260818-232524,1787095635341,-0.49460838222054276
20260818-232524,1787095635196,0.49460838222054276
20260818-232524,1787095635443,0.49460838222054276
20260818-232524,1787095635545,0.49460838222054276
20260818-232524,1787095635647,0.49460838222054276
20260818-232524,1787095635749,0.49460838222054276
20260818-232524,1787095635851,-0.49460838222054276
20260818-232524,1787095635953,-0.49460838222054276
20260818-232524,1787095636055,0.49460838222054276
20260818-232524,1787095635931,0.49460838222054276
20260818-232524,1787095636157,-0.49460838222054276
20260818-232524,1787095636259,0.49460838222054276
20260818-232524,1787095636361,-0.49460838222054276
20260818-232524,1787095636463,0.49460838222054276
20260818-232524,1787095636565,0.49460838222054276
20260818-232524,1787095636667,0.49460838222054276
20260818-232524,1787095636769,0.49460838222054276
20260818-232524,1787095636871,-0.49460838222054276
20260818-232524,1787095636973,-0.49460838222054276
20260818-232524,1787095636883,-0.49460838222054276
20260818-232524,1787095637075,0.49460838222054276
20260818-232524,1787095637177,0.49460838222054276
20260818-232524,1787095637102,0.49460838222054276
20260818-232524,1787095637279,0.49460838222054276
20260818-232524,1787095637381,0.49460838222054276
20260818-232524,1787095637245,0.49460838222054276
20260818-232524,1787095637483,0.49460838222054276
20260818-232524,1787095637585,-0.49460838222054276
20260818-232524,1787095637687,-0.49460838222054276
20260818-232524,1787095637789,-0.49460838222054276
20260818-232524,1787095637720,-0.49460838222054276
20260818-232524,1787095637891,0.49460838222054276
20260818-232524,1787095637993,0.49460838222054276
20260818-232524,1787095638095,-0.49460838222054276
20260818-232524,1787095638197,0.49460838222054276
20260818-232524,1787095638299,-0.49460838222054276
20260818-232524,1787095638401,-0.49460838222054276
20260818-232524,1787095638503,-0.49460838222054276
20260818-232524,1787095638605,0.49460838222054276
20260818-232524,1787095638707,-0.49460838222054276
20260818-232524,1787095638809,0.49460838222054276
20260818-232524,1787095638911,-0.49460838222054276
20260818-232524,1787095639013,0.49460838222054276
20260818-232524,1787095638917,0.49460838222054276
20260818-232524,1787095639115,0.49460838222054276
20260818-232524,1787095639046,0.49460838222054276
20260818-232524,1787095639217,0.49460838222054276
20260818-232524,1787095639319,0.49460838222054276
20260818-232524,1787095639421,0.49460838222054276
20260818-232524,1787095639523,0.49460838222054276
20260818-232524,1787095639625,-0.49460838222054276
20260818-232524,1787095639727,0.49460838222054276
20260818-232524,1787095639829,-0.49460838222054276
20260818-232524,1787095639931,-0.49460838222054276
20260818-232524,1787095640033,0.49460838222054276
20260818-232524,1787095639955,0.49460838222054276
20260818-232524,1787095640135,-0.49460838222054276
20260818-232524,1787095640237,0.49460838222054276
20260818-232524,1787095640339,-0.49460838222054276
20260818-232524,1787095640441,-0.49460838222054276
20260818-232524,1787095640543,0.49460838222054276
20260818-232524,1787095640645,0.49460838222054276
20260818-232524,1787095640747,-0.49460838222054276
20260818-232524,1787095640849,-0.49460838222054276
20260818-232524,1787095640951,-0.49460838222054276
20260818-232524,1787095640798,-0.49460838222054276
20260818-232524,1787095641053,-0.49460838222054276
20260818-232524,1787095641155,0.49460838222054276
20260818-232524,1787095641257,-0.49460838222054276
20260818-232524,1787095641359,0.49460838222054276
20260818-232524,1787095641461,0.49460838222054276
20260818-232524,1787095641563,0.49460838222054276
20260818-232524,1787095641665,0.49460838222054276
20260818-232524,1787095641767,0.49460838222054276
20260818-232524,1787095641869,0.49460838222054276
20260818-232524,1787095641971,-0.49460838222054276
20260818-232524,1787095641811,0.49460838222054276
20260818-232524,1787095642073,0.49460838222054276
20260818-232524,1787095642175,0.49460838222054276
20260818-232524,1787095642277,0.49460838222054276
20260818-232524,1787095642379,0.49460838222054276
20260818-232524,1787095642481,-0.49460838222054276
20260818-232524,1787095642583,-0.49460838222054276
20260818-232524,1787095642685,0.49460838222054276
20260818-232524,1787095642787,0.49460838222054276
20260818-232524,1787095642889,-0.49460838222054276
20260818-232524,1787095642991,0.49460838222054276
20260818-232524,1787095643093,0.49460838222054276
20260818-232524,1787095643195,-0.49460838222054276
20260818-232524,1787095643297,0.49460838222054276
20260818-232524,1787095643399,0.49460838222054276
20260818-232524,1787095643501,-0.49460838222054276
20260818-232524,1787095643386,0.49460838222054276
20260818-232524,1787095643603,0.49460838222054276
20260818-232524,1787095643705,0.49460838222054276
20260818-232524,1787095643603,-0.49460838222054276
20260818-232524,1787095643807,0.49460838222054276
20260818-232524,1787095643909,0.49460838222054276
20260818-232524,1787095644011,0.49460838222054276
20260818-232524,1787095643926,0.49460838222054276
20260818-232524,1787095644113,0.49460838222054276
20260818-232524,1787095644215,0.49460838222054276
20260818-232524,1787095644317,0.49460838222054276
20260818-232524,1787095644419,0.49460838222054276
20260818-232524,1787095644521,0.49460838222054276
20260818-232524,1787095644623,0.49460838222054276
20260818-232524,1787095644725,-0.49460838222054276
20260818-232524,1787095644563,-0.49460838222054276
20260818-232524,1787095644827,-0.49460838222054276
20260818-232524,1787095644929,-0.49460838222054276
20260818-232524,1787095644940,0.49460838222054276
20260818-232524,1787095644954,0.49460838222054276
