session,ts_ms,gross_bps
20260818-190746,1787080070049,-0.0
20260818-190746,1787080070151,-0.0
20260818-190746,1787080070043,-0.0
20260818-190746,1787080070253,-0.0
20260818-190746,1787080070355,-0.0
20260818-190746,1787080070457,-0.0
20260818-190746,1787080070370,-0.0
20260818-190746,1787080070559,-0.0
20260818-190746,1787080070661,-0.0
20260818-190746,1787080070763,-0.0
20260818-190746,1787080070865,-0.0
20260818-190746,1787080070967,-0.0
20260818-190746,1787080071069,-0.0
20260818-190746,1787080071171,-0.0
20260818-190746,1787080071273,-0.0
20260818-190746,1787080071375,-0.0
20260818-190746,1787080071477,-0.0
20260818-190746,1787080071579,-0.0
20260818-190746,1787080071681,-0.0
20260818-190746,1787080071783,-0.0
20260818-190746,1787080071885,-0.0
20260818-190746,1787080071987,-0.0
20260818-190746,1787080072089,-0.0
20260818-190746,1787080072191,-0.0
20260818-190746,1787080072293,-0.0
20260818-190746,1787080072174,-0.0
20260818-190746,1787080072395,-0.0
20260818-190746,1787080072497,-0.0
20260818-190746,1787080072599,-0.0
20260818-190746,1787080072701,-0.0
20260818-190746,1787080072803,-0.0
20260818-190746,1787080072905,-0.0
20260818-190746,1787080073007,-0.0
20260818-190746,1787080073109,-0.0
20260818-190746,1787080073211,-0.0
20260818-190746,1787080073313,-0.0
20260818-190746,1787080073415,-0.0
20260818-190746,1787080073517,-0.0
20260818-190746,1787080073619,-0.0
20260818-190746,1787080073721,-0.0
20260818-190746,1787080073823,-0.0
20260818-190746,1787080073925,-0.0
20260818-190746,1787080074027,-0.0
20260818-190746,1787080074129,-0.0
20260818-190746,1787080074231,-0.0
20260818-190746,1787080074141,-0.0
20260818-190746,1787080074333,-0.0
20260818-190746,1787080074435,-0.0
20260818-190746,1787080074537,-0.0
20260818-190746,1787080074639,-0.0
20260818-190746,1787080074493,-0.0
20260818-190746,1787080074741,-0.0
20260818-190746,1787080074843,-0.0
20260818-190746,1787080074945,-0.0
20260818-190746,1787080075047,-0.0
20260818-190746,1787080075149,-0.0
20260818-190746,1787080075251,-0.0
20260818-190746,1787080075353,-0.0
20260818-190746,1787080075455,-0.0
20260818-190746,1787080075382,-0.0
20260818-190746,1787080075557,-0.0
20260818-190746,1787080075659,-0.0
20260818-190746,1787080075761,-0.0
20260818-190746,1787080075863,-0.0
20260818-190746,1787080075965,-0.0
20260818-190746,1787080076067,-0.0
20260818-190746,1787080075960,-0.0
20260818-190746,1787080076169,-0.0
20260818-190746,1787080076271,-0.0
20260818-190746,1787080076123,-0.0
20260818-190746,1787080076373,-0.0
20260818-190746,1787080076475,-0.0
20260818-190746,1787080076577,-0.0
20260818-190746,1787080076679,-0.0
20260818-190746,1787080076781,-0.0
20260818-190746,1787080076659,-0.0
20260818-190746,1787080076883,-0.0
20260818-190746,1787080076985,-0.0
20260818-190746,1787080077087,-0.0
20260818-190746,1787080077189,-0.0
20260818-190746,1787080077291,-0.0
20260818-190746,1787080077393,-0.0
20260818-190746,1787080077495,-0.0
20260818-190746,1787080077597,-0.0
20260818-190746,1787080077699,-0.0
20260818-190746,1787080077801,-0.0
20260818-190746,1787080077903,-0.0
20260818-190746,1787080078005,-0.0
20260818-190746,1787080078107,-0.0
20260818-190746,1787080078209,-0.0
20260818-190746,1787080078311,-0.0
20260818-190746,1787080078247,-0.0
20260818-190746,1787080078413,-0.0
20260818-190746,1787080078515,-0.0
20260818-190746,1787080078617,-0.0
20260818-190746,1787080078719,-0.0
20260818-190746,1787080078571,-0.0
20260818-190746,1787080078821,-0.0
20260818-190746,1787080078923,-0.0
20260818-190746,1787080079025,-0.0
20260818-190746,1787080079127,-0.0
20260818-190746,1787080079229,-0.0
20260818-190746,1787080079331,-0.0
20260818-190746,1787080079433,-0.0
20260818-190746,1787080079319,-0.0
20260818-190746,1787080079535,-0.0
20260818-190746,1787080079637,-0.0
20260818-190746,1787080079739,-0.0
20260818-190746,1787080079841,-0.0
20260818-190746,1787080079772,-0.0
20260818-190746,1787080079943,-0.0
20260818-190746,1787080080045,-0.0
20260818-190746,1787080079921,-0.0
20260818-190746,1787080080147,-0.0
20260818-190746,1787080080043,-0.0
20260818-190746,1787080080249,-0.0
20260818-190746,1787080080351,-0.0
20260818-190746,1787080080453,-0.0
20260818-190746,1787080080408,-0.0
20260818-190746,1787080080555,-0.0
20260818-190746,1787080080657,-0.0
20260818-190746,1787080080527,-0.0
20260818-190746,1787080080759,-0.0
20260818-190746,1787080080861,-0.0
20260818-190746,1787080080963,-0.0
20260818-190746,1787080081065,-0.0
20260818-190746,1787080081167,-0.0
20260818-190746,1787080081269,-0.0
20260818-190746,1787080081371,-0.0
20260818-190746,1787080081473,-0.0
20260818-190746,1787080081575,-0.0
20260818-190746,1787080081509,-0.0
20260818-190746,1787080081677,-0.0
20260818-190746,1787080081779,-0.0
20260818-190746,1787080081656,-0.0
20260818-190746,1787080081881,-0.0
20260818-190746,1787080081792,-0.0
20260818-190746,1787080081983,-0.0
20260818-190746,1787080082085,-0.0
20260818-190746,1787080081996,-0.0
20260818-190746,1787080082187,-0.0
20260818-190746,1787080082160,-0.0
20260818-190746,1787080082289,-0.0
20260818-190746,1787080082391,-0.0
20260818-190746,1787080082265,-0.0
20260818-190746,1787080082493,-0.0
20260818-190746,1787080082595,-0.0
20260818-190746,1787080082534,-0.0
20260818-190746,1787080082697,-0.0
20260818-190746,1787080082634,-0.0
20260818-190746,1787080082799,-0.0
20260818-190746,1787080082734,-0.0
20260818-190746,1787080082901,-0.0
20260818-190746,1787080083003,-0.0
20260818-190746,1787080083105,-0.0
20260818-190746,1787080083207,-0.0
20260818-190746,1787080083309,-0.0
20260818-190746,1787080083411,-0.0
20260818-190746,1787080083513,-0.0
20260818-190746,1787080083615,-0.0
20260818-190746,1787080083717,-0.0
20260818-190746,1787080083819,-0.0
20260818-190746,1787080083921,-0.0
20260818-190746,1787080083869,-0.0
20260818-190746,1787080084023,-0.0
20260818-190746,1787080084125,-0.0
20260818-190746,1787080084017,-0.0
20260818-190823,1787080115235,-0.0
20260818-190823,1787080115227,-0.0
20260818-190823,1787080115337,-0.0
20260818-190823,1787080115439,-0.0
20260818-190823,1787080115299,-0.0
20260818-190823,1787080115541,-0.0
20260818-190823,1787080115643,-0.0
20260818-190823,1787080115577,-0.0
20260818-190823,1787080115745,-0.0
20260818-190823,1787080115847,-0.0
20260818-190823,1787080115949,-0.0
20260818-190823,1787080115816,-0.0
20260818-190823,1787080116051,-0.0
20260818-190823,1787080116153,-0.0
20260818-190823,1787080116060,-0.0
20260818-190823,1787080116255,-0.0
20260818-190823,1787080116357,-0.0
20260818-190823,1787080116404,-0.0
20260818-190823,1787080116459,-0.0
20260818-190823,1787080116561,-0.0
20260818-190823,1787080116426,-0.0
20260818-190823,1787080116663,-0.0
20260818-190823,1787080116765,-0.0
20260818-190823,1787080116867,-0.0
20260818-190823,1787080116969,-0.0
20260818-190823,1787080117071,-0.0
20260818-190823,1787080117013,-0.0
20260818-190823,1787080117173,-0.0
20260818-190823,1787080117275,-0.0
20260818-190823,1787080117377,-0.0
20260818-190823,1787080117479,-0.0
20260818-190823,1787080117581,-0.0
20260818-190823,1787080117683,-0.0
20260818-190823,1787080117572,-0.0
20260818-190823,1787080117785,-0.0
20260818-190823,1787080117887,-0.0
20260818-190823,1787080117989,-0.0
20260818-190823,1787080118091,-0.0
20260818-190823,1787080118193,-0.0
20260818-190823,1787080118048,-0.0
20260818-190823,1787080118295,-0.0
20260818-190823,1787080118227,-0.0
20260818-190823,1787080118397,-0.0
20260818-190823,1787080118499,-0.0
20260818-190823,1787080118601,-0.0
20260818-190823,1787080118556,-0.0
20260818-190823,1787080118703,-0.0
20260818-190823,1787080118805,-0.0
20260818-190823,1787080118692,-0.0
20260818-190823,1787080118907,-0.0
20260818-190823,1787080119009,-0.0
20260818-190823,1787080119111,-0.0
20260818-190823,1787080119213,-0.0
20260818-190823,1787080126557,-0.0
20260818-190823,1787080126537,-0.0
20260818-190823,1787080126659,-0.0
20260818-190823,1787080126761,-0.0
20260818-190823,1787080126657,-0.0
20260818-190823,1787080126863,-0.0
20260818-190823,1787080126965,-0.0
20260818-190823,1787080127067,-0.0
20260818-190823,1787080127001,-0.0
20260818-190823,1787080127169,-0.0
20260818-190823,1787080127271,-0.0
20260818-190823,1787080127373,-0.0
20260818-190823,1787080127266,-0.0
20260818-190823,1787080127475,-0.0
20260818-190823,1787080127577,-0.0
20260818-190823,1787080127520,-0.0
20260818-190823,1787080127679,-0.0
20260818-190823,1787080127781,-0.0
20260818-190823,1787080127883,-0.0
20260818-190823,1787080127985,-0.0
20260818-190823,1787080127875,-0.0
20260818-190823,1787080128087,-0.0
20260818-190823,1787080128189,-0.0
20260818-190823,1787080128291,-0.0
20260818-190823,1787080128393,-0.0
20260818-190823,1787080128495,-0.0
20260818-190823,1787080128597,-0.0
20260818-190823,1787080128501,-0.0
20260818-190823,1787080128699,-0.0
20260818-190823,1787080128801,-0.0
20260818-190823,1787080128903,-0.0
20260818-190823,1787080129005,-0.0
20260818-190823,1787080129107,-0.0
20260818-190823,1787080129209,-0.0
20260818-190823,1787080129079,-0.0
20260818-190823,1787080129311,-0.0
20260818-190823,1787080129413,-0.0
20260818-190823,1787080129515,-0.0
20260818-190823,1787080129617,-0.0
20260818-190823,1787080129719,-0.0
20260818-190823,1787080129729,-0.0
20260818-190823,1787080129732,-0.0
20260818-190823,1787080129821,-0.0
20260818-190823,1787080129732,-0.0
20260818-190823,1787080129923,-0.0
20260818-190823,1787080130025,-0.0
20260818-190823,1787080130127,-0.0
20260818-190823,1787080130229,-0.0
20260818-190823,1787080130331,-0.0
20260818-190823,1787080130433,-0.0
20260818-190823,1787080130535,-0.0
20260818-190823,1787080130426,-0.0
20260818-190823,1787080130637,-0.0
20260818-190823,1787080130739,-0.0
20260818-190823,1787080130841,-0.0
20260818-190823,1787080130943,-0.0
20260818-190823,1787080130839,-0.0
20260818-190823,1787080131045,-0.0
20260818-190823,1787080131147,-0.0
20260818-190823,1787080131249,-0.0
20260818-190823,1787080131351,-0.0
20260818-190823,1787080131453,-0.0
20260818-190823,1787080131319,-0.0
20260818-190823,1787080131555,-0.0
20260818-190823,1787080131657,-0.0
20260818-190823,1787080131759,-0.0
20260818-190823,1787080131861,-0.0
20260818-190823,1787080131963,-0.0
20260818-190823,1787080131909,-0.0
20260818-190823,1787080132065,-0.0
20260818-190823,1787080132167,-0.0
20260818-190823,1787080132269,-0.0
20260818-190823,1787080132371,-0.0
20260818-190823,1787080132473,-0.0
20260818-190823,1787080132575,-0.0
20260818-190823,1787080132496,-0.0
20260818-190823,1787080132677,-0.0
20260818-190823,1787080132779,-0.0
20260818-190823,1787080132881,-0.0
20260818-190823,1787080132983,-0.0
20260818-190823,1787080132916,-0.0
20260818-190823,1787080132982,-0.0
20260818-190823,1787080133085,-0.0
20260818-190823,1787080133187,-0.0
20260818-190823,1787080133055,-0.0
20260818-190823,1787080133289,-0.0
20260818-190823,1787080133184,-0.0
20260818-190823,1787080133391,-0.0
20260818-190823,1787080133493,-0.0
20260818-190823,1787080133595,-0.0
20260818-190823,1787080133697,-0.0
20260818-190823,1787080133598,-0.0
20260818-190823,1787080133799,-0.0
20260818-190823,1787080133901,-0.0
20260818-190823,1787080134003,-0.0
20260818-190823,1787080134105,-0.0
20260818-190823,1787080134207,-0.0
20260818-190823,1787080134309,-0.0
20260818-190823,1787080134217,-0.0
20260818-190823,1787080134411,-0.0
20260818-190823,1787080134513,-0.0
20260818-190823,1787080134615,-0.0
20260818-190823,1787080134717,-0.0
20260818-190823,1787080134819,-0.0
20260818-190823,1787080134921,-0.0
20260818-190823,1787080134828,-0.0
20260818-190823,1787080135023,-0.0
20260818-190823,1787080135125,-0.0
20260818-190823,1787080135004,-0.0
20260818-190823,1787080135227,-0.0
20260818-190823,1787080135154,-0.0
20260818-190823,1787080135329,-0.0
20260818-190823,1787080135431,-0.0
20260818-190823,1787080135533,-0.0
20260818-190823,1787080135635,-0.0
20260818-190823,1787080135536,-0.0
20260818-190823,1787080135737,-0.0
20260818-190823,1787080135839,-0.0
20260818-190823,1787080135941,-0.0
20260818-190823,1787080136043,-0.0
20260818-190823,1787080136145,-0.0
20260818-190823,1787080136247,-0.0
20260818-190823,1787080136107,-0.0
20260818-190823,1787080136349,-0.0
20260818-190823,1787080136451,-0.0
20260818-190823,1787080136553,-0.0
20260818-190823,1787080136655,-0.0
20260818-190823,1787080136511,-0.0
20260818-190823,1787080136757,-0.0
20260818-190823,1787080136859,-0.0
20260818-190823,1787080136762,-0.0
20260818-190823,1787080136961,-0.0
20260818-190823,1787080137063,-0.0
20260818-190823,1787080137165,-0.0
20260818-190823,1787080137267,-0.0
20260818-190823,1787080137369,-0.0
20260818-190823,1787080137471,-0.0
20260818-190823,1787080137573,-0.0
20260818-190823,1787080137422,-0.0
20260818-190823,1787080137675,-0.0
20260818-190823,1787080137777,-0.0
20260818-190823,1787080137879,-0.0
20260818-190823,1787080137981,-0.0
20260818-190823,1787080138083,-0.0
20260818-190823,1787080138185,-0.0
20260818-190823,1787080138034,-0.0
20260818-190823,1787080138287,-0.0
20260818-190823,1787080138389,-0.0
20260818-190823,1787080138491,-0.0
20260818-190823,1787080138593,-0.0
20260818-190823,1787080138695,-0.0
20260818-190823,1787080138797,-0.0
20260818-190823,1787080138899,-0.0
20260818-190823,1787080139001,-0.0
20260818-190823,1787080139103,-0.0
20260818-190823,1787080139205,-0.0
20260818-190823,1787080139120,-0.0
20260818-190823,1787080139307,-0.0
20260818-190823,1787080139409,-0.0
20260818-190823,1787080139511,-0.0
20260818-190823,1787080139382,-0.0
20260818-190823,1787080139613,-0.0
20260818-190823,1787080139715,-0.0
20260818-190823,1787080139817,-0.0
20260818-190823,1787080139919,-0.0
20260818-190823,1787080140021,-0.0
20260818-190823,1787080140123,-0.0
20260818-190823,1787080140004,-0.0
20260818-190823,1787080140225,-0.0
20260818-190823,1787080140327,-0.0
20260818-190823,1787080140227,-0.0
20260818-190823,1787080140429,-0.0
20260818-190823,1787080140531,-0.0
20260818-190823,1787080140506,-0.0
20260818-190823,1787080140837,-0.0
20260818-190823,1787080140770,-0.0
20260818-190823,1787080140939,-0.0
20260818-190823,1787080140878,-0.0
20260818-190823,1787080141041,-0.0
20260818-190823,1787080141009,-0.0
20260818-190823,1787080170621,-0.0
20260818-190823,1787080170723,-0.0
20260818-190823,1787080170825,-0.0
20260818-190823,1787080170927,-0.0
20260818-190823,1787080171029,-0.0
20260818-190823,1787080171085,-0.0
20260818-190823,1787080171131,-0.0
20260818-190823,1787080171233,-0.0
20260818-190823,1787080171100,-0.0
20260818-190823,1787080171335,-0.0
20260818-190823,1787080171437,-0.0
20260818-190823,1787080171539,-0.0
20260818-190823,1787080171641,0.6026679647198451
20260818-190823,1787080171743,0.6026679647198451
20260818-190823,1787080171845,0.6026679647198451
20260818-190823,1787080171947,0.6026679647198451
20260818-190823,1787080171840,0.6026679647198451
20260818-190823,1787080172019,0.6026679647198451
20260818-190823,1787080172019,0.6026679647198451
20260818-190823,1787080172019,0.6026679647198451
20260818-190823,1787080172019,0.6026679647198451
20260818-190823,1787080172019,0.6026679647198451
20260818-190823,1787080172023,0.6026679647198451
20260818-190823,1787080172023,0.6026679647198451
20260818-190823,1787080172028,0.6026679647198451
20260818-190823,1787080172033,0.6026679647198451
20260818-190823,1787080172033,0.6026679647198451
20260818-190823,1787080172033,0.6026679647198451
20260818-190823,1787080172033,0.6026679647198451
20260818-190823,1787080172033,0.6026679647198451
20260818-190823,1787080172033,0.6026679647198451
20260818-190823,1787080172033,0.6026679647198451
20260818-190823,1787080172033,0.6026679647198451
20260818-190823,1787080172038,0.6026679647198451
20260818-190823,1787080172038,0.6026679647198451
20260818-190823,1787080172038,0.6026679647198451
20260818-190823,1787080172038,0.6026679647198451
20260818-190823,1787080172038,0.6026679647198451
20260818-190823,1787080172038,0.6026679647198451
20260818-190823,1787080172038,0.6026679647198451
20260818-190823,1787080172038,0.6026679647198451
20260818-190823,1787080172047,0.6026679647198451
20260818-190823,1787080172049,0.04636165334748268
20260818-190823,1787080172051,0.04636165334748268
20260818-190823,1787080172057,0.04636165334748268
20260818-190823,1787080172057,0.04636165334748268
20260818-190823,1787080172151,-0.0
20260818-190823,1787080172253,-0.0
20260818-190823,1787080172193,-0.0
20260818-190823,1787080172355,-0.0
20260818-190823,1787080172457,0.01545395609775566
20260818-190823,1787080172559,0.01545395609775566
20260818-190823,1787080172661,0.01545395609775566
20260818-190823,1787080172763,0.01545395609775566
20260818-190823,1787080172713,0.01545395609775566
20260818-190823,1787080172865,0.01545395609775566
20260818-190823,1787080172877,0.01545395609775566
20260818-190823,1787080172967,-0.0
20260818-190823,1787080172943,-0.0
20260818-190823,1787080173069,-0.0
20260818-190823,1787080172972,-0.0
20260818-190823,1787080173171,-0.0
20260818-190823,1787080173273,-0.0
20260818-190823,1787080173375,-0.0
20260818-190823,1787080173227,-0.0
20260818-190823,1787080173477,-0.0
20260818-190823,1787080173579,-0.0
20260818-190823,1787080173681,-0.0
20260818-190823,1787080173783,-0.0
20260818-190823,1787080173885,-0.0
20260818-190823,1787080173987,-0.0
20260818-190823,1787080174089,-0.0
20260818-190823,1787080174191,-0.0
20260818-190823,1787080174293,-0.0
20260818-190823,1787080174395,-0.0
20260818-190823,1787080174497,-0.0
20260818-190823,1787080174599,-0.0
20260818-190823,1787080174701,-0.0
20260818-190823,1787080174553,-0.0
20260818-190823,1787080174803,-0.0
20260818-190823,1787080174905,-0.0
20260818-190823,1787080175007,-0.0
20260818-190823,1787080175109,-0.0
20260818-190823,1787080175211,-0.0
20260818-190823,1787080175313,-0.0
20260818-190823,1787080175415,-0.0
20260818-190823,1787080175517,-0.0
20260818-190823,1787080175619,-0.0
20260818-190823,1787080175721,-0.0
20260818-190823,1787080175823,-0.0
20260818-190823,1787080175925,-0.0
20260818-190823,1787080176027,-0.0
20260818-190823,1787080176129,-0.0
20260818-190823,1787080176231,-0.0
20260818-190823,1787080176333,-0.0
20260818-190823,1787080176435,-0.0
20260818-190823,1787080176370,-0.0
20260818-190823,1787080176537,-0.0
20260818-190823,1787080176639,-0.0
20260818-190823,1787080176741,-0.0
20260818-190823,1787080176843,-0.0
20260818-190823,1787080176945,-0.0
20260818-190823,1787080177047,-0.0
20260818-190823,1787080177149,-0.0
20260818-190823,1787080177251,-0.0
20260818-190823,1787080177353,-0.0
20260818-190823,1787080177455,-0.0
20260818-190823,1787080177557,-0.0
20260818-190823,1787080177659,-0.0
20260818-190823,1787080177761,-0.0
20260818-190823,1787080177863,-0.0
20260818-190823,1787080177965,-0.0
20260818-190823,1787080178067,-0.0
20260818-190823,1787080178169,-0.0
20260818-190823,1787080178271,-0.0
20260818-190823,1787080178373,-0.0
20260818-190823,1787080178475,-0.0
20260818-190823,1787080178577,-0.0
20260818-190823,1787080178679,-0.0
20260818-190823,1787080178781,-0.0
20260818-190823,1787080178873,-0.0
20260818-190823,1787080178883,-0.0
20260818-190823,1787080178985,-0.0
20260818-190823,1787080178876,-0.0
20260818-190823,1787080179087,-0.0
20260818-190823,1787080179189,-0.0
20260818-190823,1787080179291,-0.0
20260818-190823,1787080179393,-0.0
20260818-190823,1787080179495,-0.0
20260818-190823,1787080179597,-0.0
20260818-190823,1787080179699,-0.0
20260818-190823,1787080179801,-0.0
20260818-190823,1787080179903,-0.0
20260818-190823,1787080180005,-0.0
20260818-190823,1787080180107,-0.0
20260818-190823,1787080180209,-0.0
20260818-190823,1787080180311,-0.0
20260818-190823,1787080180227,-0.0
20260818-190823,1787080180413,-0.0
20260818-190823,1787080180515,-0.0
20260818-190823,1787080180617,-0.0
20260818-190823,1787080180719,-0.0
20260818-190823,1787080180573,-0.0
20260818-190823,1787080180821,-0.0
20260818-190823,1787080180923,-0.0
20260818-190823,1787080180803,-0.0
20260818-190823,1787080181025,-0.0
20260818-190823,1787080181127,-0.0
20260818-190823,1787080181229,-0.0
20260818-190823,1787080181331,-0.0
20260818-190823,1787080181433,-0.0
20260818-190823,1787080181535,-0.0
20260818-190823,1787080181477,-0.0
20260818-190823,1787080181637,-0.0
20260818-190823,1787080181739,-0.0
20260818-190823,1787080181841,-0.0
20260818-190823,1787080181943,-0.0
20260818-190823,1787080182045,-0.0
20260818-190823,1787080182147,-0.0
20260818-190823,1787080182249,-0.0
20260818-190823,1787080182351,-0.0
20260818-190823,1787080182453,-0.0
20260818-190823,1787080182555,-0.0
20260818-190823,1787080182657,-0.0
20260818-190823,1787080182759,-0.0
20260818-190823,1787080182861,-0.0
20260818-190823,1787080182963,-0.0
20260818-190823,1787080183065,-0.0
20260818-190823,1787080183167,-0.0
20260818-190823,1787080183269,-0.0
20260818-190823,1787080183211,-0.0
20260818-190823,1787080183371,-0.0
20260818-190823,1787080183473,-0.0
20260818-190823,1787080183575,-0.0
20260818-190823,1787080183677,-0.0
20260818-190823,1787080183779,-0.0
20260818-190823,1787080183881,-0.0
20260818-190823,1787080183983,-0.0
20260818-190823,1787080184085,-0.0
20260818-190823,1787080184187,-0.0
20260818-190823,1787080184289,-0.0
20260818-190823,1787080184391,-0.0
20260818-190823,1787080184493,-0.0
20260818-190823,1787080184595,-0.0
20260818-190823,1787080184697,-0.0
20260818-190823,1787080184799,-0.0
20260818-190823,1787080184901,-0.0
20260818-190823,1787080185003,-0.0
20260818-190823,1787080185105,-0.0
20260818-190823,1787080185207,-0.0
20260818-190823,1787080185090,-0.0
20260818-190823,1787080185309,-0.0
20260818-190823,1787080185411,-0.0
20260818-190823,1787080185513,-0.0
20260818-190823,1787080185615,-0.0
20260818-190823,1787080185548,-0.0
20260818-190823,1787080185717,-0.0
20260818-190823,1787080185819,-0.0
20260818-190823,1787080185921,-0.0
20260818-190823,1787080186023,-0.0
20260818-190823,1787080186125,-0.0
20260818-190823,1787080186227,-0.0
20260818-190823,1787080186329,-0.0
20260818-190823,1787080186431,-0.0
20260818-190823,1787080186488,-0.0
20260818-190823,1787080186533,-0.0
20260818-190823,1787080186635,-0.0
20260818-190823,1787080186514,-0.0
20260818-190823,1787080186737,-0.0
20260818-190823,1787080186839,-0.0
20260818-190823,1787080186941,-0.0
20260818-190823,1787080187043,-0.0
20260818-190823,1787080186928,-0.0
20260818-190823,1787080187145,-0.0
20260818-190823,1787080187090,-0.0
20260818-190823,1787080187247,-0.0
20260818-190823,1787080187349,-0.0
20260818-190823,1787080187451,-0.0
20260818-190823,1787080187553,-0.0
20260818-190823,1787080187426,-0.0
20260818-190823,1787080187655,-0.0
20260818-190823,1787080187757,-0.0
20260818-190823,1787080187859,2.627176596492719
20260818-190823,1787080187961,2.627176596492719
20260818-190823,1787080188063,2.627176596492719
20260818-190823,1787080188165,2.627176596492719
20260818-190823,1787080188165,2.627176596492719
20260818-190823,1787080188165,2.627176596492719
20260818-190823,1787080188165,2.627176596492719
20260818-190823,1787080188165,2.627176596492719
20260818-190823,1787080188165,2.627176596492719
20260818-190823,1787080188165,2.627176596492719
20260818-190823,1787080188165,2.627176596492719
20260818-190823,1787080188165,2.627176596492719
20260818-190823,1787080188165,2.627176596492719
20260818-190823,1787080188165,2.627176596492719
20260818-190823,1787080188165,2.627176596492719
20260818-190823,1787080188165,2.627176596492719
20260818-190823,1787080188165,2.627176596492719
20260818-190823,1787080188165,2.627176596492719
20260818-190823,1787080188166,2.627176596492719
20260818-190823,1787080188166,2.627176596492719
20260818-190823,1787080188166,2.627176596492719
20260818-190823,1787080188166,2.627176596492719
20260818-190823,1787080188166,2.627176596492719
20260818-190823,1787080188166,2.627176596492719
20260818-190823,1787080188166,2.627176596492719
20260818-190823,1787080188166,2.627176596492719
20260818-190823,1787080188166,2.627176596492719
20260818-190823,1787080188166,2.627176596492719
20260818-190823,1787080188166,2.627176596492719
20260818-190823,1787080188166,2.627176596492719
20260818-190823,1787080188166,2.627176596492719
20260818-190823,1787080188166,2.627176596492719
20260818-190823,1787080188166,2.627176596492719
20260818-190823,1787080188166,2.627176596492719
20260818-190823,1787080188166,2.627176596492719
20260818-190823,1787080188166,2.627176596492719
20260818-190823,1787080188166,2.627176596492719
20260818-190823,1787080188166,2.627176596492719
20260818-190823,1787080188166,2.627176596492719
20260818-190823,1787080188166,2.627176596492719
20260818-190823,1787080188168,2.627176596492719
20260818-190823,1787080188168,2.627176596492719
20260818-190823,1787080188168,2.627176596492719
20260818-190823,1787080188168,2.627176596492719
20260818-190823,1787080188168,2.627176596492719
20260818-190823,1787080188168,2.627176596492719
20260818-190823,1787080188168,2.627176596492719
20260818-190823,1787080188168,2.627176596492719
20260818-190823,1787080188168,2.627176596492719
20260818-190823,1787080188174,2.627176596492719
20260818-190823,1787080188174,2.627176596492719
20260818-190823,1787080188174,2.627176596492719
20260818-190823,1787080188174,2.627176596492719
20260818-190823,1787080188174,2.627176596492719
20260818-190823,1787080188174,2.627176596492719
20260818-190823,1787080188174,2.627176596492719
20260818-190823,1787080188174,2.627176596492719
20260818-190823,1787080188174,2.627176596492719
20260818-190823,1787080188174,2.627176596492719
20260818-190823,1787080188174,2.627176596492719
20260818-190823,1787080188174,2.627176596492719
20260818-190823,1787080188174,2.627176596492719
20260818-190823,1787080188174,2.627176596492719
20260818-190823,1787080188174,2.627176596492719
20260818-190823,1787080188174,2.627176596492719
20260818-190823,1787080188174,2.627176596492719
20260818-190823,1787080188174,2.627176596492719
20260818-190823,1787080188174,2.627176596492719
20260818-190823,1787080188174,2.627176596492719
20260818-190823,1787080188174,2.627176596492719
20260818-190823,1787080188174,2.627176596492719
20260818-190823,1787080188174,2.627176596492719
20260818-190823,1787080188174,2.627176596492719
20260818-190823,1787080188174,2.627176596492719
20260818-190823,1787080188174,2.627176596492719
20260818-190823,1787080188174,2.627176596492719
20260818-190823,1787080188174,2.627176596492719
20260818-190823,1787080188174,2.627176596492719
20260818-190823,1787080188174,2.627176596492719
20260818-190823,1787080188174,2.627176596492719
20260818-190823,1787080188174,2.627176596492719
20260818-190823,1787080188174,2.627176596492719
20260818-190823,1787080188174,2.627176596492719
20260818-190823,1787080188174,2.627176596492719
20260818-190823,1787080188174,2.627176596492719
20260818-190823,1787080188175,2.627176596492719
20260818-190823,1787080188175,2.627176596492719
20260818-190823,1787080188175,2.627176596492719
20260818-190823,1787080188175,2.627176596492719
20260818-190823,1787080188175,2.627176596492719
20260818-190823,1787080188175,2.627176596492719
20260818-190823,1787080188175,2.627176596492719
20260818-190823,1787080188175,2.627176596492719
20260818-190823,1787080188175,2.627176596492719
20260818-190823,1787080188175,2.627176596492719
20260818-190823,1787080188175,2.627176596492719
20260818-190823,1787080188175,2.627176596492719
20260818-190823,1787080188175,2.627176596492719
20260818-190823,1787080188175,2.627176596492719
20260818-190823,1787080188175,2.627176596492719
20260818-190823,1787080188175,2.627176596492719
20260818-190823,1787080188175,2.627176596492719
20260818-190823,1787080188175,2.627176596492719
20260818-190823,1787080188175,2.627176596492719
20260818-190823,1787080188175,2.627176596492719
20260818-190823,1787080188175,2.627176596492719
20260818-190823,1787080188175,2.627176596492719
20260818-190823,1787080188175,2.627176596492719
20260818-190823,1787080188175,2.627176596492719
20260818-190823,1787080188175,2.627176596492719
20260818-190823,1787080188175,2.627176596492719
20260818-190823,1787080188180,2.627176596492719
20260818-190823,1787080188180,2.627176596492719
20260818-190823,1787080188180,2.627176596492719
20260818-190823,1787080188180,2.627176596492719
20260818-190823,1787080188180,2.627176596492719
20260818-190823,1787080188182,2.627176596492719
20260818-190823,1787080188182,2.627176596492719
20260818-190823,1787080188182,2.627176596492719
20260818-190823,1787080188182,2.627176596492719
20260818-190823,1787080188183,2.627176596492719
20260818-190823,1787080188190,2.627176596492719
20260818-190823,1787080188190,2.627176596492719
20260818-190823,1787080188190,2.627176596492719
20260818-190823,1787080188206,2.627176596492719
20260818-190823,1787080188206,2.627176596492719
20260818-190823,1787080188206,2.627176596492719
20260818-190823,1787080188206,2.627176596492719
20260818-190823,1787080188206,2.627176596492719
20260818-190823,1787080188206,2.627176596492719
20260818-190823,1787080188206,2.627176596492719
20260818-190823,1787080188206,2.627176596492719
20260818-190823,1787080188206,2.627176596492719
20260818-190823,1787080188206,2.627176596492719
20260818-190823,1787080188206,2.627176596492719
20260818-190823,1787080188206,2.627176596492719
20260818-190823,1787080188206,2.627176596492719
20260818-190823,1787080188206,2.627176596492719
20260818-190823,1787080188206,2.627176596492719
20260818-190823,1787080188207,2.627176596492719
20260818-190823,1787080188207,2.627176596492719
20260818-190823,1787080188207,2.627176596492719
20260818-190823,1787080188207,2.627176596492719
20260818-190823,1787080188207,2.627176596492719
20260818-190823,1787080188207,2.627176596492719
20260818-190823,1787080188207,2.627176596492719
20260818-190823,1787080188207,2.627176596492719
20260818-190823,1787080188207,2.627176596492719
20260818-190823,1787080188207,2.627176596492719
20260818-190823,1787080188207,2.627176596492719
20260818-190823,1787080188207,2.627176596492719
20260818-190823,1787080188208,2.627176596492719
20260818-190823,1787080188208,2.627176596492719
20260818-190823,1787080188208,2.627176596492719
20260818-190823,1787080188208,2.627176596492719
20260818-190823,1787080188208,2.627176596492719
20260818-190823,1787080188208,2.627176596492719
20260818-190823,1787080188208,2.627176596492719
20260818-190823,1787080188208,2.627176596492719
20260818-190823,1787080188208,2.627176596492719
20260818-190823,1787080188208,2.627176596492719
20260818-190823,1787080188208,2.627176596492719
20260818-190823,1787080188208,2.627176596492719
20260818-190823,1787080188208,2.627176596492719
20260818-190823,1787080188208,2.627176596492719
20260818-190823,1787080188208,2.627176596492719
20260818-190823,1787080188208,2.627176596492719
20260818-190823,1787080188209,2.627176596492719
20260818-190823,1787080188209,2.627176596492719
20260818-190823,1787080188209,2.627176596492719
20260818-190823,1787080188210,2.627176596492719
20260818-190823,1787080188210,2.627176596492719
20260818-190823,1787080188210,2.627176596492719
20260818-190823,1787080188210,2.627176596492719
20260818-190823,1787080188210,2.627176596492719
20260818-190823,1787080188211,2.627176596492719
20260818-190823,1787080188217,2.627176596492719
20260818-190823,1787080188265,2.627176596492719
20260818-190823,1787080188304,2.627176596492719
20260818-190823,1787080188267,-0.0
20260818-190823,1787080188334,-0.0
20260818-190823,1787080188369,-0.0
20260818-190823,1787080189389,0.18549649295648013
20260818-190823,1787080189322,0.18549649295648013
20260818-190823,1787080189449,0.18549649295648013
20260818-190823,1787080189470,0.18549649295648013
20260818-190823,1787080189470,0.18549649295648013
20260818-190823,1787080189470,0.18549649295648013
20260818-190823,1787080189471,0.18549649295648013
20260818-190823,1787080189471,0.18549649295648013
20260818-190823,1787080189471,0.18549649295648013
20260818-190823,1787080189471,0.18549649295648013
20260818-190823,1787080189471,0.18549649295648013
20260818-190823,1787080189471,0.18549649295648013
20260818-190823,1787080189471,0.18549649295648013
20260818-190823,1787080189491,-0.0
20260818-190823,1787080189593,0.3091665565260809
20260818-190823,1787080189475,-0.0
20260818-190823,1787080189695,0.3091665565260809
20260818-190823,1787080189797,0.3091665565260809
20260818-190823,1787080189899,0.3091665565260809
20260818-190823,1787080189850,0.3091665565260809
20260818-190823,1787080190001,0.3091665565260809
20260818-190823,1787080189933,0.3091665565260809
20260818-190823,1787080190029,0.3091665565260809
20260818-190823,1787080190029,0.3091665565260809
20260818-190823,1787080190029,0.3091665565260809
20260818-190823,1787080190029,0.3091665565260809
20260818-190823,1787080190029,0.3091665565260809
20260818-190823,1787080190029,0.3091665565260809
20260818-190823,1787080190029,0.3091665565260809
20260818-190823,1787080190029,0.3091665565260809
20260818-190823,1787080190029,0.3091665565260809
20260818-190823,1787080190029,0.3091665565260809
20260818-190823,1787080190031,0.3091665565260809
20260818-190823,1787080190031,0.3091665565260809
20260818-190823,1787080190031,0.3091665565260809
20260818-190823,1787080190031,0.3091665565260809
20260818-190823,1787080190031,0.3091665565260809
20260818-190823,1787080190103,-0.0
20260818-190823,1787080190205,-0.0
20260818-190823,1787080190055,-0.0
20260818-190823,1787080190307,-0.0
20260818-190823,1787080190227,-0.0
20260818-190823,1787080190409,-0.0
20260818-190823,1787080190511,-0.0
20260818-190823,1787080190389,-0.0
20260818-190823,1787080190613,-0.0
20260818-190823,1787080190715,-0.0
20260818-190823,1787080190817,-0.0
20260818-190823,1787080190919,-0.0
20260818-190823,1787080190906,-0.0
20260818-190823,1787080191021,-0.0
20260818-190823,1787080190936,-0.0
20260818-190823,1787080191123,-0.0
20260818-190823,1787080191225,-0.0
20260818-190823,1787080191327,-0.0
20260818-190823,1787080191429,-0.0
20260818-190823,1787080191531,-0.0
20260818-190823,1787080191633,-0.0
20260818-190823,1787080191735,-0.0
20260818-190823,1787080191837,-0.0
20260818-190823,1787080191939,-0.0
20260818-190823,1787080192041,-0.0
20260818-190823,1787080192143,-0.0
20260818-190823,1787080192057,-0.0
20260818-190823,1787080192245,-0.0
20260818-190823,1787080192347,-0.0
20260818-190823,1787080192449,-0.0
20260818-190823,1787080192551,-0.0
20260818-190823,1787080192430,-0.0
20260818-190823,1787080192653,-0.0
20260818-190823,1787080192755,-0.0
20260818-190823,1787080192857,-0.0
20260818-190823,1787080192959,-0.0
20260818-190823,1787080193061,-0.0
20260818-190823,1787080193163,-0.0
20260818-190823,1787080193092,-0.0
20260818-190823,1787080193265,0.41738775554327107
20260818-190823,1787080193367,0.41738775554327107
20260818-190823,1787080193318,0.41738775554327107
20260818-190823,1787080193469,0.41738775554327107
20260818-190823,1787080193571,0.41738775554327107
20260818-190823,1787080193442,0.41738775554327107
20260818-190823,1787080193673,0.41738775554327107
20260818-190823,1787080193685,-0.0
20260818-190823,1787080193685,-0.0
20260818-190823,1787080193685,-0.0
20260818-190823,1787080193685,-0.0
20260818-190823,1787080193685,-0.0
20260818-190823,1787080193685,-0.0
20260818-190823,1787080193685,-0.0
20260818-190823,1787080193685,-0.0
20260818-190823,1787080193685,-0.0
20260818-190823,1787080193685,-0.0
20260818-190823,1787080193685,-0.0
20260818-190823,1787080193685,-0.0
20260818-190823,1787080193685,-0.0
20260818-190823,1787080193685,-0.0
20260818-190823,1787080193685,-0.0
20260818-190823,1787080193685,-0.0
20260818-190823,1787080193685,-0.0
20260818-190823,1787080193685,-0.0
20260818-190823,1787080194591,-0.0
20260818-190823,1787080194454,-0.0
20260818-190823,1787080194695,-0.0
20260818-190823,1787080273949,-0.0
20260818-190823,1787080274051,-0.0
20260818-190823,1787080274153,-0.0
20260818-190823,1787080274255,-0.0
20260818-190823,1787080274128,-0.0
20260818-190823,1787080274357,-0.0
20260818-190823,1787080274459,-0.0
20260818-190823,1787080274343,-0.0
20260818-190823,1787080274561,-0.0
20260818-190823,1787080274663,-0.0
20260818-190823,1787080274553,-0.0
20260818-190823,1787080274765,-0.0
20260818-190823,1787080274867,-0.0
20260818-190823,1787080274969,-0.0
20260818-190823,1787080275071,-0.0
20260818-190823,1787080275173,-0.0
20260818-190823,1787080275025,-0.0
20260818-190823,1787080275275,-0.0
20260818-190823,1787080275173,-0.0
20260818-190823,1787080275377,-0.0
20260818-190823,1787080275479,-0.0
20260818-190823,1787080275416,-0.0
20260818-190823,1787080275581,-0.0
20260818-190823,1787080275683,-0.0
20260818-190823,1787080275785,-0.0
20260818-190823,1787080275887,-0.0
20260818-190823,1787080275989,-0.0
20260818-190823,1787080276091,-0.0
20260818-190823,1787080276193,-0.0
20260818-190823,1787080276295,-0.0
20260818-190823,1787080276397,-0.0
20260818-190823,1787080276499,-0.0
20260818-190823,1787080276601,-0.0
20260818-190823,1787080276703,-0.0
20260818-190823,1787080276805,-0.0
20260818-190823,1787080276697,-0.0
20260818-190823,1787080276907,-0.0
20260818-190823,1787080277009,-0.0
20260818-190823,1787080276927,-0.0
20260818-190823,1787080277111,-0.0
20260818-190823,1787080277213,-0.0
20260818-190823,1787080277090,-0.0
20260818-190823,1787080277315,-0.0
20260818-190823,1787080277417,-0.0
20260818-190823,1787080277519,-0.0
20260818-190823,1787080277621,-0.0
20260818-190823,1787080277723,-0.0
20260818-190823,1787080277619,-0.0
20260818-190823,1787080277825,-0.0
20260818-190823,1787080277927,-0.0
20260818-190823,1787080278029,-0.0
20260818-190823,1787080278131,-0.0
20260818-190823,1787080278233,-0.0
20260818-190823,1787080278335,-0.0
20260818-190823,1787080278437,-0.0
20260818-190823,1787080278539,-0.0
20260818-190823,1787080278641,-0.0
20260818-190823,1787080278743,-0.0
20260818-190823,1787080278845,-0.0
20260818-190823,1787080278780,-0.0
20260818-190823,1787080278947,-0.0
20260818-190823,1787080279049,-0.0
20260818-190823,1787080279151,-0.0
20260818-190823,1787080279253,-0.0
20260818-190823,1787080279355,-0.0
20260818-190823,1787080279457,-0.0
20260818-190823,1787080279559,-0.0
20260818-190823,1787080279661,-0.0
20260818-190823,1787080279763,-0.0
20260818-190823,1787080279636,-0.0
20260818-190823,1787080279865,-0.0
20260818-190823,1787080279967,-0.0
20260818-190823,1787080280069,-0.0
20260818-190823,1787080280171,-0.0
20260818-190823,1787080280273,-0.0
20260818-190823,1787080280375,-0.0
20260818-190823,1787080280238,-0.0
20260818-190823,1787080280477,-0.0
20260818-190823,1787080280579,-0.0
20260818-190823,1787080280681,-0.0
20260818-190823,1787080280718,-0.0
20260818-190823,1787080280783,-0.0
20260818-190823,1787080280885,-0.0
20260818-190823,1787080280744,-0.0
20260818-190823,1787080280987,-0.0
20260818-190823,1787080281089,-0.0
20260818-190823,1787080281191,-0.0
20260818-190823,1787080281048,-0.0
20260818-190823,1787080281293,-0.0
20260818-190823,1787080281395,-0.0
20260818-190823,1787080281497,-0.0
20260818-190823,1787080281599,-0.0
20260818-190823,1787080281701,-0.0
20260818-190823,1787080281803,-0.0
20260818-190823,1787080281905,-0.0
20260818-190823,1787080281822,-0.0
20260818-190823,1787080282007,-0.0
20260818-190823,1787080282109,-0.0
20260818-190823,1787080282211,-0.0
20260818-190823,1787080282113,-0.0
20260818-190823,1787080282313,-0.0
20260818-190823,1787080282415,-0.0
20260818-190823,1787080282517,-0.0
20260818-190823,1787080282619,-0.0
20260818-190823,1787080282721,-0.0
20260818-190823,1787080282664,-0.0
20260818-190823,1787080282823,-0.0
20260818-190823,1787080282767,-0.0
20260818-190823,1787080282925,-0.0
20260818-190823,1787080283027,-0.0
20260818-190823,1787080283129,-0.0
20260818-190823,1787080283231,-0.0
20260818-190823,1787080283333,-0.0
20260818-190823,1787080283435,-0.0
20260818-190823,1787080283343,-0.0
20260818-191124,1787080291550,-0.0
20260818-191124,1787080291697,-0.0
20260818-191124,1787080291799,-0.0
20260818-191124,1787080291901,-0.0
20260818-191124,1787080292003,-0.0
20260818-191124,1787080292105,-0.0
20260818-191124,1787080292207,-0.0
20260818-191124,1787080292309,-0.0
20260818-191124,1787080292411,-0.0
20260818-191124,1787080292513,-0.0
20260818-191124,1787080292615,-0.0
20260818-191124,1787080292717,-0.0
20260818-191124,1787080337455,0.4636795912200723
20260818-191124,1787080337456,0.4636795912200723
20260818-191124,1787080337456,0.4636795912200723
20260818-191124,1787080337456,0.4636795912200723
20260818-191124,1787080337456,0.4636795912200723
20260818-191124,1787080337456,0.4636795912200723
20260818-191124,1787080337456,0.4636795912200723
20260818-191124,1787080337456,0.4636795912200723
20260818-191124,1787080337456,0.4636795912200723
20260818-191124,1787080337456,0.4636795912200723
20260818-191124,1787080337456,0.4636795912200723
20260818-191124,1787080337456,0.4636795912200723
20260818-191124,1787080337456,0.4636795912200723
20260818-191124,1787080337456,0.4636795912200723
20260818-191124,1787080337456,0.4636795912200723
20260818-191124,1787080337456,0.4636795912200723
20260818-191124,1787080337456,0.4636795912200723
20260818-191124,1787080337456,0.4636795912200723
20260818-191124,1787080337456,0.4636795912200723
20260818-191124,1787080337456,0.4636795912200723
20260818-191124,1787080337456,0.4636795912200723
20260818-191124,1787080337467,0.4636795912200723
20260818-191124,1787080348205,-0.0
20260818-191124,1787080348307,-0.0
20260818-191124,1787080348409,-0.0
20260818-191124,1787080348511,-0.0
20260818-191124,1787080348419,-0.0
20260818-191124,1787080348613,-0.0
20260818-191124,1787080348715,-0.0
20260818-191124,1787080348817,-0.0
20260818-191124,1787080348919,-0.0
20260818-191124,1787080349021,-0.0
20260818-191124,1787080348921,-0.0
20260818-191124,1787080349046,-0.0
20260818-191124,1787080349123,-0.0
20260818-191124,1787080349225,-0.0
20260818-191124,1787080349090,-0.0
20260818-191124,1787080349327,-0.0
20260818-191124,1787080349429,-0.0
20260818-191124,1787080349531,-0.0
20260818-191124,1787080349461,-0.0
20260818-191124,1787080349633,-0.0
20260818-191124,1787080349735,-0.0
20260818-191124,1787080349837,-0.0
20260818-191124,1787080349939,-0.0
20260818-191124,1787080350041,-0.0
20260818-191124,1787080350143,-0.0
20260818-191124,1787080350245,-0.0
20260818-191124,1787080350347,-0.0
20260818-191124,1787080350449,-0.0
20260818-191124,1787080350551,-0.0
20260818-191124,1787080350653,-0.0
20260818-191124,1787080350755,-0.0
20260818-191124,1787080350857,-0.0
20260818-191124,1787080350959,-0.0
20260818-191124,1787080351061,-0.0
20260818-191124,1787080351163,-0.0
20260818-191124,1787080351046,-0.0
20260818-191124,1787080351265,-0.0
20260818-191124,1787080351239,-0.0
20260818-191124,1787080351367,-0.0
20260818-191124,1787080351469,-0.0
20260818-191124,1787080351370,-0.0
20260818-191124,1787080351571,-0.0
20260818-191124,1787080351526,-0.0
20260818-191124,1787080351673,-0.0
20260818-191124,1787080351775,-0.0
20260818-191124,1787080351877,-0.0
20260818-191124,1787080351979,-0.0
20260818-191124,1787080352081,-0.0
20260818-191124,1787080352183,-0.0
20260818-191124,1787080352285,-0.0
20260818-191124,1787080352387,-0.0
20260818-191124,1787080352489,-0.0
20260818-191124,1787080352591,-0.0
20260818-191124,1787080352693,-0.0
20260818-191124,1787080352795,-0.0
20260818-191124,1787080352897,-0.0
20260818-191124,1787080352999,-0.0
20260818-191124,1787080353101,-0.0
20260818-191124,1787080353048,-0.0
20260818-191124,1787080353203,-0.0
20260818-191124,1787080353305,-0.0
20260818-191124,1787080353407,-0.0
20260818-191124,1787080353509,-0.0
20260818-191124,1787080353611,-0.0
20260818-191124,1787080353713,-0.0
20260818-191124,1787080353815,-0.0
20260818-191124,1787080353707,-0.0
20260818-191124,1787080353917,-0.0
20260818-191124,1787080354019,-0.0
20260818-191124,1787080354121,-0.0
20260818-191124,1787080354223,-0.0
20260818-191124,1787080354325,-0.0
20260818-191124,1787080354427,-0.0
20260818-191124,1787080354529,-0.0
20260818-191124,1787080354631,-0.0
20260818-191124,1787080354733,-0.0
20260818-191124,1787080354835,-0.0
20260818-191124,1787080354937,-0.0
20260818-191124,1787080355039,-0.0
20260818-191124,1787080355141,-0.0
20260818-191124,1787080355047,-0.0
20260818-191124,1787080355243,-0.0
20260818-191124,1787080355345,-0.0
20260818-191124,1787080355651,-0.0
20260818-191124,1787080355753,-0.0
20260818-191124,1787080355855,-0.0
20260818-191124,1787080355957,-0.0
20260818-191124,1787080356059,-0.0
20260818-191124,1787080356161,-0.0
20260818-191124,1787080356073,-0.0
20260818-191124,1787080356263,-0.0
20260818-191124,1787080356365,-0.0
20260818-191124,1787080357793,-0.0
20260818-191124,1787080357895,-0.0
20260818-191124,1787080357997,-0.0
20260818-191124,1787080358099,-0.0
20260818-191124,1787080358201,-0.0
20260818-191124,1787080358303,-0.0
20260818-191124,1787080358405,-0.0
20260818-191124,1787080358507,-0.0
20260818-191124,1787080358609,-0.0
20260818-191124,1787080358711,-0.0
20260818-191124,1787080358813,-0.0
20260818-191124,1787080358915,-0.0
20260818-191124,1787080359017,-0.0
20260818-191124,1787080359119,-0.0
20260818-191124,1787080359048,-0.0
20260818-191124,1787080359221,-0.0
20260818-191124,1787080359323,-0.0
20260818-191124,1787080359425,-0.0
20260818-191124,1787080359527,-0.0
20260818-191124,1787080359481,-0.0
20260818-191124,1787080359629,-0.0
20260818-191124,1787080359731,-0.0
20260818-191124,1787080359833,-0.0
20260818-191124,1787080359935,-0.0
20260818-191124,1787080360037,-0.0
20260818-191124,1787080360139,-0.0
20260818-191124,1787080360241,-0.0
20260818-191124,1787080360343,-0.0
20260818-191124,1787080360222,-0.0
20260818-191124,1787080360445,-0.0
20260818-191124,1787080360547,-0.0
20260818-191124,1787080360649,-0.0
20260818-191124,1787080360510,-0.0
20260818-191124,1787080360751,-0.0
20260818-191124,1787080360665,-0.0
20260818-191124,1787080360853,-0.0
20260818-191124,1787080360955,-0.0
20260818-191124,1787080361026,-0.0
20260818-191124,1787080361057,-0.0
20260818-191124,1787080361159,-0.0
20260818-191124,1787080361049,-0.0
20260818-191124,1787080361261,-0.0
20260818-191124,1787080361363,-0.0
20260818-191124,1787080361465,-0.0
20260818-191124,1787080361567,-0.0
20260818-191124,1787080361669,-0.0
20260818-191124,1787080361771,-0.0
20260818-191124,1787080361873,-0.0
20260818-191124,1787080361975,-0.0
20260818-191124,1787080362077,-0.0
20260818-191124,1787080362179,-0.0
20260818-191124,1787080362281,-0.0
20260818-191124,1787080362170,-0.0
20260818-191124,1787080362383,-0.0
20260818-191124,1787080362485,-0.0
20260818-191124,1787080362377,-0.0
20260818-191124,1787080362587,-0.0
20260818-191124,1787080362689,-0.0
20260818-191124,1787080362791,-0.0
20260818-191124,1787080362893,-0.0
20260818-191124,1787080362995,-0.0
20260818-191124,1787080363097,-0.0
20260818-191124,1787080363199,-0.0
20260818-191124,1787080363052,-0.0
20260818-191124,1787080363301,-0.0
20260818-191124,1787080363230,-0.0
20260818-191124,1787080363403,-0.0
20260818-191124,1787080363505,-0.0
20260818-191124,1787080363607,-0.0
20260818-191124,1787080363709,-0.0
20260818-191124,1787080363811,-0.0
20260818-191124,1787080363913,-0.0
20260818-191124,1787080364015,-0.0
20260818-191124,1787080364117,-0.0
20260818-191124,1787080364071,-0.0
20260818-191124,1787080364219,-0.0
20260818-191124,1787080364321,-0.0
20260818-191124,1787080364423,-0.0
20260818-191124,1787080364413,-0.0
20260818-191124,1787080364525,-0.0
20260818-191124,1787080364432,-0.0
20260818-191124,1787080364627,-0.0
20260818-191124,1787080364729,-0.0
20260818-191124,1787080364831,-0.0
20260818-191124,1787080364933,-0.0
20260818-191124,1787080365035,-0.0
20260818-191124,1787080365137,-0.0
20260818-191124,1787080365051,-0.0
20260818-191124,1787080365239,-0.0
20260818-191124,1787080365341,-0.0
20260818-191124,1787080365443,-0.0
20260818-191124,1787080365545,-0.0
20260818-191124,1787080365647,-0.0
20260818-191124,1787080365749,-0.0
20260818-191124,1787080365851,-0.0
20260818-191124,1787080365953,-0.0
20260818-191124,1787080366055,-0.0
20260818-191124,1787080366157,-0.0
20260818-191124,1787080366259,-0.0
20260818-191124,1787080366361,-0.0
20260818-191124,1787080366463,-0.0
20260818-191124,1787080366565,-0.0
20260818-191124,1787080366667,-0.0
20260818-191124,1787080366522,-0.0
20260818-191124,1787080366769,-0.0
20260818-191124,1787080366871,-0.0
20260818-191124,1787080366973,-0.0
20260818-191124,1787080367075,-0.0
20260818-191124,1787080367177,-0.0
20260818-191124,1787080367052,-0.0
20260818-191124,1787080367279,-0.0
20260818-191124,1787080367381,-0.0
20260818-191124,1787080367483,-0.0
20260818-191124,1787080367585,-0.0
20260818-191124,1787080367542,-0.0
20260818-191124,1787080367687,-0.0
20260818-191124,1787080367789,-0.0
20260818-191124,1787080367891,-0.0
20260818-191124,1787080367993,-0.0
20260818-191124,1787080368095,-0.0
20260818-191124,1787080368197,-0.0
20260818-191124,1787080368299,-0.0
20260818-191124,1787080368401,-0.0
20260818-191124,1787080368503,-0.0
20260818-191124,1787080368605,-0.0
20260818-191124,1787080368707,-0.0
20260818-191124,1787080368639,-0.0
20260818-191124,1787080368809,-0.0
20260818-191124,1787080368911,-0.0
20260818-191124,1787080369013,-0.0
20260818-191124,1787080369115,-0.0
20260818-191124,1787080369039,-0.0
20260818-191124,1787080369217,-0.0
20260818-191124,1787080369319,-0.0
20260818-191124,1787080369421,-0.0
20260818-191124,1787080369523,-0.0
20260818-191124,1787080369625,-0.0
20260818-191124,1787080369727,-0.0
20260818-191124,1787080369829,-0.0
20260818-191124,1787080369931,-0.0
20260818-191124,1787080370033,-0.0
20260818-191124,1787080373399,-0.0
20260818-191124,1787080373501,-0.0
20260818-191124,1787080414607,-0.0
20260818-191124,1787080414566,-0.0
20260818-191124,1787080414709,-0.0
20260818-191124,1787080414811,-0.0
20260818-191124,1787080414739,-0.0
20260818-191124,1787080414913,-0.0
20260818-191124,1787080415015,-0.0
20260818-191124,1787080415117,-0.0
20260818-191124,1787080415219,-0.0
20260818-191124,1787080415321,-0.0
20260818-191124,1787080415423,-0.0
20260818-191124,1787080415525,-0.0
20260818-191124,1787080415627,-0.0
20260818-191124,1787080415729,-0.0
20260818-191124,1787080415831,-0.0
20260818-191124,1787080415933,-0.0
20260818-191124,1787080416035,-0.0
20260818-191124,1787080416137,-0.0
20260818-191124,1787080416239,-0.0
20260818-191124,1787080416102,-0.0
20260818-191124,1787080416341,-0.0
20260818-191124,1787080416443,-0.0
20260818-191124,1787080416545,-0.0
20260818-191124,1787080416647,-0.0
20260818-191124,1787080416749,-0.0
20260818-191124,1787080416851,-0.0
20260818-191124,1787080416953,-0.0
20260818-191124,1787080417055,-0.0
20260818-191124,1787080417157,-0.0
20260818-191124,1787080417259,-0.0
20260818-191124,1787080417361,-0.0
20260818-191124,1787080417463,-0.0
20260818-191124,1787080417565,-0.0
20260818-191124,1787080417667,-0.0
20260818-191124,1787080417769,-0.0
20260818-191124,1787080417871,-0.0
20260818-191124,1787080417973,-0.0
20260818-191124,1787080418075,-0.0
20260818-191124,1787080418177,-0.0
20260818-191124,1787080418279,-0.0
20260818-191124,1787080418163,-0.0
20260818-191124,1787080418381,-0.0
20260818-191124,1787080418483,-0.0
20260818-191124,1787080418585,-0.0
20260818-191124,1787080418687,-0.0
20260818-191124,1787080418789,-0.0
20260818-191124,1787080418891,-0.0
20260818-191124,1787080418782,-0.0
20260818-191124,1787080418993,-0.0
20260818-191124,1787080419095,-0.0
20260818-191124,1787080419197,-0.0
20260818-191124,1787080419299,-0.0
20260818-191124,1787080419401,-0.0
20260818-191124,1787080419503,-0.0
20260818-191124,1787080419605,-0.0
20260818-191124,1787080419707,-0.0
20260818-191124,1787080419809,-0.0
20260818-191124,1787080419911,-0.0
20260818-191124,1787080420013,-0.0
20260818-191124,1787080420115,-0.0
20260818-191124,1787080420217,-0.0
20260818-191124,1787080420319,-0.0
20260818-191124,1787080420421,-0.0
20260818-191124,1787080420523,-0.0
20260818-191124,1787080420625,-0.0
20260818-191124,1787080420727,-0.0
20260818-191124,1787080420628,-0.0
20260818-191124,1787080420829,-0.0
20260818-191124,1787080420931,-0.0
20260818-191124,1787080421033,-0.0
20260818-191124,1787080421135,-0.0
20260818-191124,1787080421441,-0.0
20260818-191124,1787080421347,-0.0
20260818-191124,1787080421543,-0.0
20260818-191124,1787080421645,-0.0
20260818-191124,1787080421582,-0.0
20260818-191124,1787080421747,-0.0
20260818-191124,1787080421849,-0.0
20260818-191124,1787080421951,-0.0
20260818-191124,1787080422053,-0.0
20260818-191124,1787080422155,-0.0
20260818-191124,1787080422257,-0.0
20260818-191124,1787080422359,-0.0
20260818-191124,1787080422461,-0.0
20260818-191124,1787080422563,-0.0
20260818-191124,1787080422517,-0.0
20260818-191124,1787080422665,-0.0
20260818-191124,1787080422767,-0.0
20260818-191124,1787080422869,-0.0
20260818-191124,1787080422971,-0.0
20260818-191124,1787080423073,-0.0
20260818-191124,1787080423175,-0.0
20260818-191124,1787080423277,-0.0
20260818-191124,1787080423379,-0.0
20260818-191124,1787080423261,-0.0
20260818-191124,1787080423481,-0.0
20260818-191124,1787080423583,-0.0
20260818-191124,1787080423685,-0.0
20260818-191124,1787080423787,-0.0
20260818-191124,1787080423889,-0.0
20260818-191124,1787080423760,-0.0
20260818-191124,1787080423991,-0.0
20260818-191124,1787080424093,-0.0
20260818-191124,1787080424195,-0.0
20260818-191124,1787080424297,-0.0
20260818-191124,1787080424200,-0.0
20260818-191124,1787080424399,-0.0
20260818-191124,1787080424501,-0.0
20260818-191124,1787080424603,-0.0
20260818-191124,1787080424705,-0.0
20260818-191124,1787080424807,-0.0
20260818-191124,1787080424909,-0.0
20260818-191124,1787080425011,-0.0
20260818-191124,1787080425113,-0.0
20260818-191124,1787080425128,-0.0
20260818-191124,1787080425215,-0.0
20260818-191124,1787080425168,-0.0
20260818-191124,1787080425317,-0.0
20260818-191124,1787080425419,-0.0
20260818-191124,1787080425521,-0.0
20260818-191124,1787080425380,-0.0
20260818-191124,1787080425623,-0.0
20260818-191124,1787080425541,-0.0
20260818-191124,1787080425725,-0.0
20260818-191124,1787080425827,-0.0
20260818-191124,1787080425929,-0.0
20260818-191124,1787080426031,-0.0
20260818-191124,1787080426133,-0.0
20260818-191124,1787080426030,-0.0
20260818-191124,1787080426235,-0.0
20260818-191124,1787080426337,-0.0
20260818-191124,1787080426439,-0.0
20260818-191124,1787080426541,-0.0
20260818-191124,1787080426643,-0.0
20260818-191124,1787080426745,-0.0
20260818-191124,1787080426847,-0.0
20260818-191124,1787080426949,-0.0
20260818-191124,1787080427051,-0.0
20260818-191124,1787080427153,-0.0
20260818-191124,1787080427255,-0.0
20260818-191124,1787080427357,-0.0
20260818-191124,1787080427266,-0.0
20260818-191124,1787080427459,-0.0
20260818-191124,1787080427382,-0.0
20260818-191124,1787080427561,-0.0
20260818-191124,1787080427663,-0.0
20260818-191124,1787080427525,-0.0
20260818-191124,1787080427765,-0.0
20260818-191124,1787080427867,-0.0
20260818-191124,1787080427969,-0.0
20260818-191124,1787080428071,-0.0
20260818-191124,1787080428173,-0.0
20260818-191124,1787080428275,-0.0
20260818-191124,1787080428377,-0.0
20260818-191124,1787080428479,-0.0
20260818-191124,1787080428581,-0.0
20260818-191124,1787080428683,-0.0
20260818-191124,1787080428573,-0.0
20260818-191124,1787080428785,-0.0
20260818-191124,1787080428887,-0.0
20260818-191124,1787080428811,-0.0
20260818-191124,1787080428989,-0.0
20260818-191124,1787080429091,-0.0
20260818-191124,1787080429193,-0.0
20260818-191124,1787080429117,-0.0
20260818-191124,1787080429295,-0.0
20260818-191124,1787080429197,-0.0
20260818-191124,1787080429397,-0.0
20260818-191124,1787080429499,-0.0
20260818-191124,1787080429601,-0.0
20260818-191124,1787080429703,-0.0
20260818-191124,1787080429805,-0.0
20260818-191124,1787080429907,-0.0
20260818-191124,1787080430009,-0.0
20260818-191124,1787080430111,-0.0
20260818-191124,1787080430213,-0.0
20260818-191124,1787080430315,-0.0
20260818-191124,1787080430417,-0.0
20260818-191124,1787080430519,-0.0
20260818-191124,1787080430621,-0.0
20260818-191124,1787080430575,-0.0
20260818-191124,1787080430723,-0.0
20260818-191124,1787080430825,-0.0
20260818-191124,1787080430927,-0.0
20260818-191124,1787080431029,-0.0
20260818-191124,1787080431131,-0.0
20260818-191124,1787080431007,-0.0
20260818-191124,1787080431233,-0.0
20260818-191124,1787080431335,-0.0
20260818-191124,1787080431437,-0.0
20260818-191124,1787080431539,-0.0
20260818-191124,1787080431641,-0.0
20260818-191124,1787080431593,-0.0
20260818-191124,1787080431743,-0.0
20260818-191124,1787080431845,-0.0
20260818-191124,1787080431786,-0.0
20260818-191124,1787080431947,-0.0
20260818-191124,1787080432049,-0.0
20260818-191124,1787080432151,-0.0
20260818-191124,1787080432253,-0.0
20260818-191124,1787080432355,-0.0
20260818-191124,1787080432457,-0.0
20260818-191124,1787080432559,-0.0
20260818-191124,1787080432661,-0.0
20260818-191124,1787080432763,-0.0
20260818-191124,1787080432865,-0.0
20260818-191124,1787080432967,-0.0
20260818-191124,1787080433069,-0.0
20260818-191124,1787080433171,-0.0
20260818-191124,1787080433273,-0.0
20260818-191124,1787080433133,-0.0
20260818-191124,1787080433375,-0.0
20260818-191124,1787080433477,-0.0
20260818-191124,1787080433579,-0.0
20260818-191124,1787080433681,-0.0
20260818-191124,1787080433611,-0.0
20260818-191124,1787080433783,-0.0
20260818-191124,1787080433885,-0.0
20260818-191124,1787080433987,-0.0
20260818-191124,1787080434089,-0.0
20260818-191124,1787080434191,-0.0
20260818-191124,1787080434293,-0.0
20260818-191124,1787080434395,-0.0
20260818-191124,1787080434497,-0.0
20260818-191124,1787080434599,-0.0
20260818-191124,1787080434701,-0.0
20260818-191124,1787080434803,-0.0
20260818-191124,1787080434905,-0.0
20260818-191124,1787080435007,-0.0
20260818-191124,1787080434865,-0.0
20260818-191124,1787080435109,-0.0
20260818-191124,1787080435211,-0.0
20260818-191124,1787080435313,-0.0
20260818-191124,1787080435227,-0.0
20260818-191124,1787080435415,-0.0
20260818-191124,1787080435346,-0.0
20260818-191124,1787080435517,-0.0
20260818-191124,1787080435619,-0.0
20260818-191124,1787080435721,-0.0
20260818-191124,1787080435823,-0.0
20260818-191124,1787080435731,-0.0
20260818-191124,1787080435925,-0.0
20260818-191124,1787080436027,-0.0
20260818-191124,1787080436129,-0.0
20260818-191124,1787080436231,-0.0
20260818-191124,1787080436333,-0.0
20260818-191124,1787080436435,-0.0
20260818-191124,1787080436375,-0.0
20260818-191124,1787080436537,-0.0
20260818-191124,1787080436639,-0.0
20260818-191124,1787080436741,-0.0
20260818-191124,1787080436843,-0.0
20260818-191124,1787080436945,-0.0
20260818-191124,1787080437047,-0.0
20260818-191124,1787080437149,-0.0
20260818-191124,1787080437251,-0.0
20260818-191124,1787080437144,-0.0
20260818-191124,1787080437353,-0.0
20260818-191124,1787080437455,-0.0
20260818-191124,1787080437557,-0.0
20260818-191124,1787080437659,-0.0
20260818-191124,1787080437761,-0.0
20260818-191124,1787080437863,-0.0
20260818-191124,1787080437965,-0.0
20260818-191124,1787080438067,-0.0
20260818-191124,1787080438169,-0.0
20260818-191124,1787080438271,-0.0
20260818-191124,1787080438373,-0.0
20260818-191124,1787080438475,-0.0
20260818-191124,1787080438577,-0.0
20260818-191124,1787080438679,-0.0
20260818-191124,1787080438551,-0.0
20260818-191124,1787080438781,-0.0
20260818-191124,1787080438883,-0.0
20260818-191124,1787080438985,-0.0
20260818-191124,1787080439087,-0.0
20260818-191124,1787080439189,-0.0
20260818-191124,1787080439291,-0.0
20260818-191124,1787080439393,-0.0
20260818-191124,1787080439495,-0.0
20260818-191124,1787080439597,-0.0
20260818-191124,1787080439555,-0.0
20260818-191124,1787080439699,-0.0
20260818-191124,1787080439801,-0.0
20260818-191124,1787080439676,-0.0
20260818-191124,1787080439903,-0.0
20260818-191124,1787080440005,-0.0
20260818-191124,1787080440107,-0.0
20260818-191124,1787080440209,-0.0
20260818-191124,1787080440311,-0.0
20260818-191124,1787080440413,-0.0
20260818-191124,1787080440515,-0.0
20260818-191124,1787080440617,-0.0
20260818-191124,1787080440571,-0.0
20260818-191124,1787080440719,-0.0
20260818-191124,1787080440821,-0.0
20260818-191124,1787080440923,-0.0
20260818-191124,1787080441025,-0.0
20260818-191124,1787080441127,-0.0
20260818-191124,1787080441229,-0.0
20260818-191124,1787080441331,-0.0
20260818-191124,1787080441433,-0.0
20260818-191124,1787080441535,-0.0
20260818-191124,1787080441637,-0.0
20260818-191124,1787080441739,-0.0
20260818-191124,1787080441841,-0.0
20260818-191124,1787080441943,-0.0
20260818-191124,1787080443065,-0.0
20260818-191426,1787080497331,-0.0
20260818-191426,1787080497269,-0.0
20260818-191426,1787080497433,-0.0
20260818-191426,1787080497535,0.0
20260818-191426,1787080499167,-0.0
20260818-191426,1787080499269,-0.0
20260818-191426,1787080499371,0.0
20260818-191426,1787080499473,-0.0
20260818-191426,1787080499395,-0.0
20260818-191426,1787080499575,-0.0
20260818-191426,1787080499529,-0.0
20260818-191426,1787080499677,-0.0
20260818-191426,1787080499630,-0.0
20260818-191426,1787080499779,-0.0
20260818-191426,1787080499881,-0.0
20260818-191426,1787080499983,-0.0
20260818-191426,1787080500085,-0.0
20260818-191426,1787080500187,-0.0
20260818-191426,1787080500289,-0.0
20260818-191426,1787080500391,-0.0
20260818-191426,1787080500493,-0.0
20260818-191426,1787080500595,0.0
20260818-191426,1787080500535,-0.0
20260818-191426,1787080500697,-0.0
20260818-191426,1787080500799,-0.0
20260818-191426,1787080500901,-0.0
20260818-191426,1787080501003,-0.0
20260818-191426,1787080501105,-0.0
20260818-191426,1787080501207,-0.0
20260818-191426,1787080501136,-0.0
20260818-191426,1787080501309,-0.0
20260818-191426,1787080501411,-0.0
20260818-191426,1787080501358,-0.0
20260818-191426,1787080501513,-0.0
20260818-191426,1787080501615,0.0
20260818-191426,1787080501717,-0.0
20260818-191426,1787080501819,-0.0
20260818-191426,1787080501921,-0.0
20260818-191426,1787080502023,-0.0
20260818-191426,1787080502125,0.0
20260818-191426,1787080502227,-0.0
20260818-191426,1787080502229,0.0
20260818-191426,1787080502265,0.0
20260818-191426,1787080502329,-0.0
20260818-191426,1787080502431,-0.0
20260818-191426,1787080502298,-0.0
20260818-191426,1787080502533,0.0
20260818-191426,1787080502465,-0.0
20260818-191426,1787080502635,-0.0
20260818-191426,1787080502737,0.0
20260818-191426,1787080502839,0.0
20260818-191426,1787080502787,-0.0
20260818-191426,1787080502941,1.143870285108769
20260818-191426,1787080503043,-1.143870285108769
20260818-191426,1787080503145,-1.143870285108769
20260818-191426,1787080503172,1.9476710259961942
20260818-191426,1787080503172,-1.9476710259961942
20260818-191426,1787080503172,1.9476710259961942
20260818-191426,1787080503172,1.9476710259961942
20260818-191426,1787080503172,-1.9476710259961942
20260818-191426,1787080503172,-1.9476710259961942
20260818-191426,1787080503172,1.9476710259961942
20260818-191426,1787080503172,1.9476710259961942
20260818-191426,1787080503172,-1.9476710259961942
20260818-191426,1787080503172,1.9476710259961942
20260818-191426,1787080503172,1.9476710259961942
20260818-191426,1787080503172,1.9476710259961942
20260818-191426,1787080503172,1.9476710259961942
20260818-191426,1787080503172,-1.9476710259961942
20260818-191426,1787080503172,-1.9476710259961942
20260818-191426,1787080503172,1.9476710259961942
20260818-191426,1787080503172,1.9476710259961942
20260818-191426,1787080503172,1.9476710259961942
20260818-191426,1787080503172,1.9476710259961942
20260818-191426,1787080503175,-1.9476710259961942
20260818-191426,1787080503175,-1.9476710259961942
20260818-191426,1787080503175,1.9476710259961942
20260818-191426,1787080503175,-1.9476710259961942
20260818-191426,1787080503177,-1.9476710259961942
20260818-191426,1787080503191,1.9476710259961942
20260818-191426,1787080503191,1.9476710259961942
20260818-191426,1787080503191,-1.9476710259961942
20260818-191426,1787080503192,1.9476710259961942
20260818-191426,1787080503192,1.9476710259961942
20260818-191426,1787080503192,1.9476710259961942
20260818-191426,1787080503192,-1.9476710259961942
20260818-191426,1787080503192,1.9476710259961942
20260818-191426,1787080503192,-1.9476710259961942
20260818-191426,1787080503192,-1.9476710259961942
20260818-191426,1787080503192,1.9476710259961942
20260818-191426,1787080503192,1.9476710259961942
20260818-191426,1787080503192,1.9476710259961942
20260818-191426,1787080503192,-1.9476710259961942
20260818-191426,1787080503192,-1.9476710259961942
20260818-191426,1787080503192,1.9476710259961942
20260818-191426,1787080503192,1.9476710259961942
20260818-191426,1787080503192,1.9476710259961942
20260818-191426,1787080503192,-1.9476710259961942
20260818-191426,1787080503199,-1.9476710259961942
20260818-191426,1787080503218,1.9476710259961942
20260818-191426,1787080503250,1.9476710259961942
20260818-191426,1787080503295,-1.9476710259961942
20260818-191426,1787080503297,1.9476710259961942
20260818-191426,1787080503297,1.9476710259961942
20260818-191426,1787080503306,-1.9476710259961942
20260818-191426,1787080503307,1.9476710259961942
20260818-191426,1787080503307,-1.9476710259961942
20260818-191426,1787080503307,1.9476710259961942
20260818-191426,1787080503307,1.9476710259961942
20260818-191426,1787080503309,1.9476710259961942
20260818-191426,1787080503309,-1.9476710259961942
20260818-191426,1787080503316,-1.9476710259961942
20260818-191426,1787080503316,-1.9476710259961942
20260818-191426,1787080503316,-1.9476710259961942
20260818-191426,1787080503321,-1.9476710259961942
20260818-191426,1787080503321,-1.9476710259961942
20260818-191426,1787080503326,-1.9476710259961942
20260818-191426,1787080503331,-1.9476710259961942
20260818-191426,1787080503331,-1.9476710259961942
20260818-191426,1787080503339,1.9476710259961942
20260818-191426,1787080503339,1.9476710259961942
20260818-191426,1787080503247,-0.8038926957841377
20260818-191426,1787080503342,0.8038926957841377
20260818-191426,1787080503342,-0.8038926957841377
20260818-191426,1787080503349,0.2164453641645602
20260818-191426,1787080503349,0.2164453641645602
20260818-191426,1787080503349,-0.2164453641645602
20260818-191426,1787080503349,-0.2164453641645602
20260818-191426,1787080503349,0.2164453641645602
20260818-191426,1787080503349,0.2164453641645602
20260818-191426,1787080503349,0.2164453641645602
20260818-191426,1787080503349,0.2164453641645602
20260818-191426,1787080503383,-0.8038926957841377
20260818-191426,1787080503485,-0.8038926957841377
20260818-191426,1787080503668,-0.8038926957841377
20260818-191426,1787080503349,0.2164453641645602
20260818-191426,1787080503451,0.0
20260818-191426,1787080503553,-0.0
20260818-191426,1787080503655,0.0
20260818-191426,1787080503757,0.0
20260818-191426,1787080503859,-0.0
20260818-191426,1787080503961,-0.0
20260818-191426,1787080504063,-0.0
20260818-191426,1787080504165,0.0
20260818-191426,1787080504267,-0.0
20260818-191426,1787080504227,-0.0
20260818-191426,1787080504369,-0.0
20260818-191426,1787080504471,-0.0
20260818-191426,1787080504375,-0.0
20260818-191426,1787080504573,0.0
20260818-191426,1787080504675,-0.0
20260818-191426,1787080504777,0.0
20260818-191426,1787080504733,0.0
20260818-191426,1787080504879,-0.0
20260818-191426,1787080504981,0.0
20260818-191426,1787080505083,-0.0
20260818-191426,1787080505185,0.0
20260818-191426,1787080505287,-0.0
20260818-191426,1787080505389,-0.0
20260818-191426,1787080505405,-0.0
20260818-191426,1787080505491,-0.0
20260818-191426,1787080505497,0.0
20260818-191426,1787080505565,-0.0
20260818-191426,1787080505593,-0.0
20260818-191426,1787080505695,0.0
20260818-191426,1787080505572,-0.0
20260818-191426,1787080505797,-0.0
20260818-191426,1787080505718,0.0
20260818-191426,1787080505899,-0.0
20260818-191426,1787080505866,0.0
20260818-191426,1787080506001,-0.0
20260818-191426,1787080505990,-0.0
20260818-191426,1787080506103,-0.0
20260818-191426,1787080506020,0.0
20260818-191426,1787080506205,-0.0
20260818-191426,1787080506307,-0.0
20260818-191426,1787080506409,-0.0
20260818-191426,1787080506511,-0.0
20260818-191426,1787080506444,0.0
20260818-191426,1787080506613,-0.0
20260818-191426,1787080506715,-0.0
20260818-191426,1787080506817,-0.0
20260818-191426,1787080506697,0.0
20260818-191426,1787080506919,0.0
20260818-191426,1787080507021,-0.0
20260818-191426,1787080507123,-0.43290009825331155
20260818-191426,1787080507225,0.6957323007635275
20260818-191426,1787080507177,0.43290009825331155
20260818-191426,1787080507327,0.6957323007635275
20260818-191426,1787080507429,-0.6957323007635275
20260818-191426,1787080507375,0.6957323007635275
20260818-191426,1787080507531,0.6957323007635275
20260818-191426,1787080507611,0.6957323007635275
20260818-191426,1787080507618,0.6957323007635275
20260818-191426,1787080507618,-0.6957323007635275
20260818-191426,1787080507618,-0.6957323007635275
20260818-191426,1787080507618,-0.6957323007635275
20260818-191426,1787080507618,0.6957323007635275
20260818-191426,1787080507622,0.2628435810114205
20260818-191426,1787080507622,0.2628435810114205
20260818-191426,1787080507622,-0.2628435810114205
20260818-191426,1787080507622,0.2628435810114205
20260818-191426,1787080507622,0.2628435810114205
20260818-191426,1787080507622,0.2628435810114205
20260818-191426,1787080507622,-0.2628435810114205
20260818-191426,1787080507622,0.2628435810114205
20260818-191426,1787080507622,0.2628435810114205
20260818-191426,1787080507622,0.2628435810114205
20260818-191426,1787080507622,0.2628435810114205
20260818-191426,1787080507622,0.2628435810114205
20260818-191426,1787080507633,-0.2628435810114205
20260818-191426,1787080507622,0.2628435810114205
20260818-191426,1787080507667,0.2628435810114205
20260818-191426,1787080507668,0.2628435810114205
20260818-191426,1787080507668,0.2628435810114205
20260818-191426,1787080507668,0.2628435810114205
20260818-191426,1787080507668,0.2628435810114205
20260818-191426,1787080507668,0.2628435810114205
20260818-191426,1787080507668,0.2628435810114205
20260818-191426,1787080507676,-0.2628435810114205
20260818-191426,1787080507697,0.2628435810114205
20260818-191426,1787080507735,-0.0
20260818-191426,1787080507837,-0.0
20260818-191426,1787080507939,0.0
20260818-191426,1787080508041,-0.0
20260818-191426,1787080508028,0.0
20260818-191426,1787080508143,-0.0
20260818-191426,1787080508075,-0.0
20260818-191426,1787080508245,-0.0
20260818-191426,1787080508347,-0.0
20260818-191426,1787080508449,-0.0
20260818-191426,1787080508551,0.0
20260818-191426,1787080508653,0.0
20260818-191426,1787080508755,-0.0
20260818-191426,1787080508633,-0.0
20260818-191426,1787080508857,0.0
20260818-191426,1787080508959,-0.0
20260818-191426,1787080508839,-0.0
20260818-191426,1787080509061,-0.0
20260818-191426,1787080509163,-0.0
20260818-191426,1787080509265,0.0
20260818-191426,1787080509367,-0.0
20260818-191426,1787080509469,0.0
20260818-191426,1787080509571,-0.0
20260818-191426,1787080509673,0.0
20260818-191426,1787080509775,0.0
20260818-191426,1787080509877,0.0
20260818-191426,1787080509979,-0.0
20260818-191426,1787080510081,-0.0
20260818-191426,1787080510183,-0.0
20260818-191426,1787080510285,-0.0
20260818-191426,1787080510387,-0.0
20260818-191426,1787080510489,-0.0
20260818-191426,1787080510424,-0.0
20260818-191426,1787080510591,-0.0
20260818-191426,1787080510693,0.0
20260818-191426,1787080510575,0.0
20260818-191426,1787080510795,-0.0
20260818-191426,1787080510897,-0.0
20260818-191426,1787080510999,0.0
20260818-191426,1787080511101,0.0
20260818-191426,1787080511203,-0.0
20260818-191426,1787080511305,-0.0
20260818-191426,1787080511407,-0.0
20260818-191426,1787080511509,-0.0
20260818-191426,1787080511611,-0.0
20260818-191426,1787080511713,-0.0
20260818-191426,1787080511815,-0.0
20260818-191426,1787080511917,-0.0
20260818-191426,1787080512019,-0.0
20260818-191426,1787080512121,-0.0
20260818-191426,1787080512223,-0.0
20260818-191426,1787080512325,0.0
20260818-191426,1787080512427,-0.0
20260818-191426,1787080512529,-0.0
20260818-191426,1787080512631,-0.0
20260818-191426,1787080512733,0.0
20260818-191426,1787080512835,-0.0
20260818-191426,1787080512937,0.0
20260818-191426,1787080513039,-0.0
20260818-191426,1787080513141,-0.0
20260818-191426,1787080513243,-0.0
20260818-191426,1787080513182,-0.0
20260818-191426,1787080513345,0.0
20260818-191426,1787080513447,-0.0
20260818-191426,1787080513549,-0.0
20260818-191426,1787080513651,0.0
20260818-191426,1787080513753,0.0
20260818-191426,1787080513855,-0.0
20260818-191426,1787080513957,-0.0
20260818-191426,1787080514059,0.0
20260818-191426,1787080514161,-0.0
20260818-191426,1787080514263,-0.0
20260818-191426,1787080514192,-0.0
20260818-191426,1787080514365,0.0
20260818-191426,1787080514467,-0.0
20260818-191426,1787080514569,0.0
20260818-191426,1787080514671,-0.0
20260818-191426,1787080514773,0.0
20260818-191426,1787080514875,-0.0
20260818-191426,1787080514977,-0.0
20260818-191426,1787080514946,0.0
20260818-191426,1787080515079,-0.0
20260818-191426,1787080515181,-0.0
20260818-191426,1787080515062,-0.0
20260818-191426,1787080515283,-0.0
20260818-191426,1787080515227,0.0
20260818-191426,1787080515385,-0.0
20260818-191426,1787080515487,-0.0
20260818-191426,1787080524667,-0.0
20260818-191426,1787080524769,-0.0
20260818-191426,1787080524871,-0.0
20260818-191426,1787080524793,-0.0
20260818-191426,1787080524973,-0.0
20260818-191426,1787080525075,0.0
20260818-191426,1787080525027,-0.0
20260818-191426,1787080525177,0.0
20260818-191426,1787080525279,-0.0
20260818-191426,1787080525381,-0.0
20260818-191426,1787080525483,-0.0
20260818-191426,1787080525585,-0.0
20260818-191426,1787080525510,0.0
20260818-191426,1787080525687,0.0
20260818-191426,1787080525789,0.0
20260818-191426,1787080525891,0.0
20260818-191426,1787080525993,-0.0
20260818-191426,1787080526095,0.0
20260818-191426,1787080526197,-0.0
20260818-191426,1787080526299,-0.0
20260818-191426,1787080526401,-0.0
20260818-191426,1787080526503,-0.0
20260818-191426,1787080526605,0.0
20260818-191426,1787080526707,-0.0
20260818-191426,1787080526809,-0.0
20260818-191426,1787080526911,-0.0
20260818-191426,1787080527013,-0.0
20260818-191426,1787080526971,-0.0
20260818-191426,1787080527115,-0.0
20260818-191426,1787080527217,0.0
20260818-191426,1787080527319,0.0
20260818-191426,1787080527421,0.0
20260818-191426,1787080527360,-0.0
20260818-191426,1787080527523,0.0
20260818-191426,1787080527625,-0.0
20260818-191426,1787080527727,0.0
20260818-191426,1787080527634,-0.0
20260818-191426,1787080527829,0.0
20260818-191426,1787080527931,-0.0
20260818-191426,1787080528033,-0.0
20260818-191426,1787080528135,-0.0
20260818-191426,1787080528070,0.0
20260818-191426,1787080528237,-0.0
20260818-191426,1787080528339,-0.0
20260818-191426,1787080528441,-0.0
20260818-191426,1787080528543,-0.0
20260818-191426,1787080528498,-0.0
20260818-191426,1787080528645,0.0
20260818-191426,1787080528747,0.0
20260818-191426,1787080528851,-0.0
20260818-191426,1787080528953,-0.0
20260818-191426,1787080529055,0.0
20260818-191426,1787080529157,-0.0
20260818-191426,1787080529010,-0.0
20260818-191426,1787080529259,0.0
20260818-191426,1787080529169,-0.0
20260818-191426,1787080529361,-0.0
20260818-191426,1787080529463,0.0
20260818-191426,1787080529565,0.0
20260818-191426,1787080529667,-0.0
20260818-191426,1787080529769,0.0
20260818-191426,1787080529686,-0.0
20260818-191426,1787080529871,-0.0
20260818-191426,1787080529973,0.0
20260818-191426,1787080530075,0.0
20260818-191426,1787080529936,0.0
20260818-191426,1787080530177,-0.0
20260818-191426,1787080530279,0.0
20260818-191426,1787080530381,0.0
20260818-191426,1787080530267,-0.0
20260818-191426,1787080530483,0.2473886963475101
20260818-191426,1787080530585,-0.2473886963475101
20260818-191426,1787080530687,-0.2473886963475101
20260818-191426,1787080530789,-0.2473886963475101
20260818-191426,1787080530891,-0.2473886963475101
20260818-191426,1787080530898,0.2473886963475101
20260818-191426,1787080530918,-0.2473886963475101
20260818-191426,1787080530940,0.2473886963475101
20260818-191426,1787080530940,-0.2473886963475101
20260818-191426,1787080530940,0.2473886963475101
20260818-191426,1787080530940,0.2473886963475101
20260818-191426,1787080530940,0.2473886963475101
20260818-191426,1787080530940,0.2473886963475101
20260818-191426,1787080530940,0.2473886963475101
20260818-191426,1787080530940,0.2473886963475101
20260818-191426,1787080530940,0.2473886963475101
20260818-191426,1787080530940,0.2473886963475101
20260818-191426,1787080530940,0.2473886963475101
20260818-191426,1787080530940,0.2473886963475101
20260818-191426,1787080530993,0.0
20260818-191426,1787080531095,0.0
20260818-191426,1787080531197,-0.0
20260818-191426,1787080531299,0.0
20260818-191426,1787080531191,-0.0
20260818-191426,1787080531401,-0.0
20260818-191426,1787080531503,0.0
20260818-191426,1787080531605,-0.0
20260818-191426,1787080547872,-1.113207824304433
20260818-191426,1787080547873,-1.113207824304433
20260818-191426,1787080547873,1.113207824304433
20260818-191426,1787080547874,1.113207824304433
20260818-191426,1787080547875,1.113207824304433
20260818-191426,1787080547875,1.113207824304433
20260818-191426,1787080547876,1.113207824304433
20260818-191426,1787080547876,1.113207824304433
20260818-191426,1787080547876,-1.113207824304433
20260818-191426,1787080547876,-1.113207824304433
20260818-191426,1787080547876,-1.113207824304433
20260818-191426,1787080547876,1.113207824304433
20260818-191426,1787080547876,-1.113207824304433
20260818-191426,1787080547876,-1.113207824304433
20260818-191426,1787080547876,-1.113207824304433
20260818-191426,1787080547876,1.113207824304433
20260818-191426,1787080547876,-1.113207824304433
20260818-191426,1787080547876,1.113207824304433
20260818-191426,1787080547876,1.113207824304433
20260818-191426,1787080547876,-1.113207824304433
20260818-191426,1787080547876,1.113207824304433
20260818-191426,1787080547876,-1.113207824304433
20260818-191426,1787080547886,-1.113207824304433
20260818-191426,1787080547886,1.113207824304433
20260818-191426,1787080547893,-1.113207824304433
20260818-191426,1787080547893,1.113207824304433
20260818-191426,1787080547908,-1.113207824304433
20260818-191426,1787080547916,1.113207824304433
20260818-191426,1787080547916,-1.113207824304433
20260818-191426,1787080547916,-1.113207824304433
20260818-191426,1787080547916,1.113207824304433
20260818-191426,1787080547917,-1.113207824304433
20260818-191426,1787080547917,-1.113207824304433
20260818-191426,1787080547917,-1.113207824304433
20260818-191426,1787080547917,-1.113207824304433
20260818-191426,1787080547917,-1.113207824304433
20260818-191426,1787080547921,-1.113207824304433
20260818-191426,1787080547946,-1.113207824304433
20260818-191426,1787080547946,-1.113207824304433
20260818-191426,1787080547946,1.113207824304433
20260818-191426,1787080547946,-1.113207824304433
20260818-191426,1787080547946,1.113207824304433
20260818-191426,1787080547946,-1.113207824304433
20260818-191426,1787080547946,1.113207824304433
20260818-191426,1787080547946,1.113207824304433
20260818-191426,1787080547946,1.113207824304433
20260818-191426,1787080547948,-1.113207824304433
20260818-191426,1787080547948,1.113207824304433
20260818-191426,1787080547925,-0.37104173832964416
20260818-191426,1787080547998,-0.37104173832964416
20260818-191426,1787080548041,0.37104173832964416
20260818-191426,1787080548041,-0.37104173832964416
20260818-191426,1787080548041,0.37104173832964416
20260818-191426,1787080548043,-0.37104173832964416
20260818-191426,1787080548027,-0.07729809158741681
20260818-191426,1787080548129,0.0
20260818-191426,1787080548096,-0.0
20260818-191426,1787080548537,-0.0
20260818-191426,1787080548455,0.0
20260818-191426,1787080548639,-0.0
20260818-191426,1787080548741,0.0
20260818-191426,1787080548843,0.0
20260818-191426,1787080548945,-0.0
20260818-191426,1787080549149,0.0
20260818-191426,1787080549251,-0.0
20260818-191426,1787080549123,0.0
20260818-191426,1787080549353,-0.0
20260818-191426,1787080549455,-0.0
20260818-191426,1787080549382,0.0
20260818-191426,1787080549557,-0.0
20260818-191426,1787080549659,0.0
20260818-191426,1787080549761,-0.0
20260818-191426,1787080549863,-0.0
20260818-191426,1787080549965,-0.0
20260818-191426,1787080550067,-0.0
20260818-191426,1787080550169,-0.0
20260818-191426,1787080550271,0.0
20260818-191426,1787080550212,0.0
20260818-191426,1787080550373,-0.0
20260818-191426,1787080550475,-0.0
20260818-191426,1787080550577,0.0
20260818-191426,1787080550463,-0.0
20260818-191426,1787080550679,0.0
20260818-191426,1787080550781,0.0
20260818-191426,1787080550883,-0.0
20260818-191426,1787080550985,-0.0
20260818-191426,1787080551087,-0.0
20260818-191426,1787080551189,0.0
20260818-191426,1787080551291,-0.0
20260818-191426,1787080551393,-0.0
20260818-191426,1787080551495,0.0
20260818-191426,1787080551389,-0.0
20260818-191426,1787080551597,-0.0
20260818-191426,1787080551699,0.0
20260818-191426,1787080551801,-0.0
20260818-191426,1787080551903,0.0
20260818-191426,1787080552005,-0.0
20260818-191426,1787080551875,-0.0
20260818-191426,1787080552107,-0.0
20260818-191426,1787080552209,-0.0
20260818-191426,1787080552311,-0.0
20260818-191426,1787080552413,0.0
20260818-191426,1787080552515,0.0
20260818-191426,1787080552617,-0.0
20260818-191426,1787080552719,-0.0
20260818-191426,1787080552821,0.0
20260818-191426,1787080552923,0.0
20260818-191426,1787080553025,-0.0
20260818-191426,1787080553127,-0.0
20260818-191426,1787080553229,0.0
20260818-191426,1787080553331,0.0
20260818-191426,1787080553433,0.0
20260818-191426,1787080553289,-0.0
20260818-191426,1787080553535,0.0
20260818-191426,1787080553637,-0.0
20260818-191426,1787080553739,-0.0
20260818-191426,1787080553841,0.0
20260818-191426,1787080553943,-0.0
20260818-191426,1787080554045,-0.0
20260818-191426,1787080554147,0.0
20260818-191426,1787080554249,-0.0
20260818-191426,1787080554131,-0.0
20260818-191426,1787080554351,0.0
20260818-191426,1787080554453,0.0
20260818-191426,1787080554555,-0.0
20260818-191426,1787080554443,0.0
20260818-191426,1787080554657,0.0
20260818-191426,1787080554759,-0.0
20260818-191426,1787080554861,-0.0
20260818-191426,1787080554963,-0.0
20260818-191426,1787080555065,-0.0
20260818-191426,1787080555167,-0.0
20260818-191426,1787080555027,-0.0
20260818-191426,1787080555269,0.0
20260818-191426,1787080555371,-0.0
20260818-191426,1787080555473,0.0
20260818-191426,1787080555575,-0.0
20260818-191426,1787080555677,-0.0
20260818-191426,1787080555779,-0.0
20260818-191426,1787080555881,0.0
20260818-191426,1787080555831,0.0
20260818-191426,1787080555983,0.0
20260818-191426,1787080556085,0.0
20260818-191426,1787080556187,-0.0
20260818-191426,1787080556289,0.0
20260818-191426,1787080556391,-0.0
20260818-191426,1787080556493,-0.0
20260818-191426,1787080556595,-0.0
20260818-191426,1787080556697,-0.0
20260818-191426,1787080556799,0.0
20260818-191426,1787080556901,-0.0
20260818-191426,1787080557003,-0.0
20260818-191426,1787080557105,-0.0
20260818-191426,1787080557207,-0.0
20260818-191426,1787080557309,-0.0
20260818-191426,1787080557411,-0.0
20260818-191426,1787080557513,0.0
20260818-191426,1787080557615,0.0
20260818-191426,1787080557717,0.0
20260818-191426,1787080557819,-0.0
20260818-191426,1787080557921,-0.0
20260818-191426,1787080558023,-0.0
20260818-191426,1787080558125,-0.0
20260818-191426,1787080558227,-0.0
20260818-191426,1787080558329,-0.0
20260818-191426,1787080558431,0.0
20260818-191426,1787080558533,0.0
20260818-191426,1787080558635,-0.0
20260818-191426,1787080558737,-0.0
20260818-191426,1787080558664,0.0
20260818-191426,1787080558839,-0.0
20260818-191426,1787080558941,0.0
20260818-191426,1787080559043,-0.0
20260818-191426,1787080559145,0.0
20260818-191426,1787080559082,0.0
20260818-191426,1787080559247,-0.0
20260818-191426,1787080559202,0.0
20260818-191426,1787080559349,-0.0
20260818-191426,1787080559451,-0.0
20260818-191426,1787080559553,0.0
20260818-191426,1787080559422,0.0
20260818-191426,1787080559655,-0.0
20260818-191426,1787080559757,-0.0
20260818-191426,1787080559859,0.0
20260818-191426,1787080559961,0.0
20260818-191426,1787080560063,0.0
20260818-191426,1787080559969,0.0
20260818-191426,1787080560165,0.0
20260818-191426,1787080560267,0.0
20260818-191426,1787080560227,-0.0
20260818-191426,1787080560369,0.0
20260818-191426,1787080560471,-0.0
20260818-191426,1787080560350,-0.0
20260818-191426,1787080560573,0.0
20260818-191426,1787080560675,0.0
20260818-191426,1787080560530,-0.0
20260818-191426,1787080560777,-0.0
20260818-191426,1787080560879,0.0
20260818-191426,1787080560981,-0.0
20260818-191426,1787080560899,0.0
20260818-191426,1787080561083,-0.0
20260818-191426,1787080561018,0.0
20260818-191426,1787080561185,-0.0
20260818-191426,1787080561287,-0.0
20260818-191426,1787080561389,-0.0
20260818-191426,1787080568123,-0.5874609551037465
20260818-191426,1787080568429,0.5874609551037465
20260818-191426,1787080568531,0.5874609551037465
20260818-191426,1787080568560,-0.5874609551037465
20260818-191426,1787080568584,0.5874609551037465
20260818-191426,1787080568584,-0.5874609551037465
20260818-191426,1787080568584,0.5874609551037465
20260818-191426,1787080568584,0.5874609551037465
20260818-191426,1787080568584,-0.5874609551037465
20260818-191426,1787080568584,-0.5874609551037465
20260818-191426,1787080568584,-0.5874609551037465
20260818-191426,1787080568594,-0.5874609551037465
20260818-191426,1787080568596,-0.5874609551037465
20260818-191426,1787080568596,0.5874609551037465
20260818-191426,1787080568596,0.5874609551037465
20260818-191426,1787080568596,-0.5874609551037465
20260818-191426,1787080568596,-0.5874609551037465
20260818-191426,1787080568596,0.5874609551037465
20260818-191426,1787080568596,-0.5874609551037465
20260818-191426,1787080568601,-0.5874609551037465
20260818-191426,1787080568601,-0.5874609551037465
20260818-191426,1787080568601,-0.5874609551037465
20260818-191426,1787080568601,-0.5874609551037465
20260818-191426,1787080568601,-0.5874609551037465
20260818-191426,1787080568601,-0.5874609551037465
20260818-191426,1787080568611,-0.5874609551037465
20260818-191426,1787080568633,-0.0
20260818-191727,1787080680188,1.051184166693525
20260818-191727,1787080680188,-1.051184166693525
20260818-191727,1787080680188,1.051184166693525
20260818-191727,1787080680188,-1.051184166693525
20260818-191727,1787080680188,-1.051184166693525
20260818-191727,1787080680188,-1.051184166693525
20260818-191727,1787080680188,-1.051184166693525
20260818-191727,1787080680188,-1.051184166693525
20260818-191727,1787080680188,1.051184166693525
20260818-191727,1787080680188,1.051184166693525
20260818-191727,1787080680188,-1.051184166693525
20260818-191727,1787080680188,1.051184166693525
20260818-191727,1787080680188,1.051184166693525
20260818-191727,1787080680188,1.051184166693525
20260818-191727,1787080680188,-1.051184166693525
20260818-191727,1787080680188,1.051184166693525
20260818-191727,1787080680188,-1.051184166693525
20260818-191727,1787080680188,-1.051184166693525
20260818-191727,1787080680188,1.051184166693525
20260818-191727,1787080680227,1.051184166693525
20260818-191727,1787080680223,-0.0
20260818-191727,1787080680325,0.0
20260818-191727,1787080680427,-0.0
20260818-191727,1787080680529,-0.0
20260818-191727,1787080680631,-0.0
20260818-191727,1787080680733,-0.0
20260818-191727,1787080680835,-0.0
20260818-191727,1787080680937,0.0
20260818-191727,1787080681039,-0.0
20260818-191727,1787080681141,-0.0
20260818-191727,1787080681243,0.0
20260818-191727,1787080681345,0.0
20260818-191727,1787080681447,-0.0
20260818-191727,1787080681549,-0.0
20260818-191727,1787080681651,0.0
20260818-191727,1787080681535,0.0
20260818-191727,1787080681753,-0.0
20260818-191727,1787080681855,0.0
20260818-191727,1787080681957,0.0
20260818-191727,1787080682059,-0.0
20260818-191727,1787080682161,-0.0
20260818-191727,1787080682263,-0.0
20260818-191727,1787080682365,-0.0
20260818-191727,1787080682467,-0.0
20260818-191727,1787080682569,-0.0
20260818-191727,1787080682671,0.0
20260818-191727,1787080682773,0.0
20260818-191727,1787080682875,-0.0
20260818-191727,1787080682977,0.0
20260818-191727,1787080683079,0.0
20260818-191727,1787080683181,0.0
20260818-191727,1787080683283,-0.0
20260818-191727,1787080683385,0.0
20260818-191727,1787080683273,0.0
20260818-191727,1787080683487,-0.0
20260818-191727,1787080683382,-0.0
20260818-191727,1787080683589,0.0
20260818-191727,1787080683484,-0.0
20260818-191727,1787080683691,0.0
20260818-191727,1787080683793,-0.0
20260818-191727,1787080683895,-0.0
20260818-191727,1787080683997,0.0
20260818-191727,1787080684099,-0.0
20260818-191727,1787080683949,-0.0
20260818-191727,1787080684201,-0.0
20260818-191727,1787080684303,-0.0
20260818-191727,1787080684405,-0.0
20260818-191727,1787080684251,0.0
20260818-191727,1787080684507,0.0
20260818-191727,1787080684609,0.0
20260818-191727,1787080684711,0.0
20260818-191727,1787080684634,-0.0
20260818-191727,1787080684813,0.0
20260818-191727,1787080684915,0.0
20260818-191727,1787080685017,-0.0
20260818-191727,1787080685119,0.0
20260818-191727,1787080685221,-0.0
20260818-191727,1787080685323,0.0
20260818-191727,1787080685425,-0.0
20260818-191727,1787080685527,-0.0
20260818-191727,1787080685935,-0.0
20260818-191727,1787080686037,-0.0
20260818-191727,1787080687465,-0.0
20260818-191727,1787080687567,0.0
20260818-191727,1787080687669,0.0
20260818-191727,1787080687771,-0.0
20260818-191727,1787080687873,-0.0
20260818-191727,1787080687975,-0.0
20260818-191727,1787080688077,0.0
20260818-191727,1787080688179,-0.0
20260818-191727,1787080688281,0.0
20260818-191727,1787080688383,0.0
20260818-191727,1787080688485,0.0
20260818-191727,1787080688587,0.0
20260818-191727,1787080688689,-0.0
20260818-191727,1787080688791,-0.0
20260818-191727,1787080688893,0.0
20260818-191727,1787080688995,0.0
20260818-191727,1787080689097,0.0
20260818-191727,1787080689006,0.0
20260818-191727,1787080689199,0.0
20260818-191727,1787080689301,0.0
20260818-191727,1787080689170,0.0
20260818-191727,1787080689403,-0.0
20260818-191727,1787080689505,-0.0
20260818-191727,1787080689349,-0.0
20260818-191727,1787080689607,-0.0
20260818-191727,1787080689709,-0.0
20260818-191727,1787080689811,0.0
20260818-191727,1787080689913,-0.0
20260818-191727,1787080690015,0.0
20260818-191727,1787080690117,-0.0
20260818-191727,1787080690219,-0.0
20260818-191727,1787080690321,0.0
20260818-191727,1787080690423,-0.0
20260818-191727,1787080690525,-0.0
20260818-191727,1787080690627,0.0
20260818-191727,1787080690729,0.0
20260818-191727,1787080690831,0.0
20260818-191727,1787080690933,-0.0
20260818-191727,1787080691035,-0.0
20260818-191727,1787080690881,0.0
20260818-191727,1787080691137,0.0
20260818-191727,1787080691239,-0.0
20260818-191727,1787080691341,0.0
20260818-191727,1787080691443,0.0
20260818-191727,1787080691545,-0.0
20260818-191727,1787080691647,-0.0
20260818-191727,1787080691749,0.0
20260818-191727,1787080691851,0.0
20260818-191727,1787080691953,-0.0
20260818-191727,1787080692055,0.0
20260818-191727,1787080692157,-0.0
20260818-191727,1787080692259,0.0
20260818-191727,1787080692361,0.0
20260818-191727,1787080692463,-0.0
20260818-191727,1787080692565,0.0
20260818-191727,1787080692667,0.0
20260818-191727,1787080692769,-0.0
20260818-191727,1787080692871,0.0
20260818-191727,1787080692973,-0.0
20260818-191727,1787080692844,-0.0
20260818-191727,1787080693075,-0.0
20260818-191727,1787080693177,0.0
20260818-191727,1787080693279,-0.0
20260818-191727,1787080693381,-0.0
20260818-191727,1787080693483,-0.0
20260818-191727,1787080693585,-0.0
20260818-191727,1787080693687,0.0
20260818-191727,1787080693615,-0.0
20260818-191727,1787080693789,-0.0
20260818-191727,1787080693891,0.0
20260818-191727,1787080693993,0.0
20260818-191727,1787080694095,-0.0
20260818-191727,1787080694197,-0.0
20260818-191727,1787080694060,-0.0
20260818-191727,1787080694299,0.0
20260818-191727,1787080694401,-0.0
20260818-191727,1787080694503,-0.0
20260818-191727,1787080694605,-0.0
20260818-191727,1787080694707,0.0
20260818-191727,1787080694583,-0.0
20260818-191727,1787080694809,0.0
20260818-191727,1787080694911,0.0
20260818-191727,1787080695013,0.0
20260818-191727,1787080695115,0.0
20260818-191727,1787080695217,-0.0
20260818-191727,1787080695150,0.0
20260818-191727,1787080695319,0.0
20260818-191727,1787080695421,-0.0
20260818-191727,1787080695523,-0.0
20260818-191727,1787080695625,-0.0
20260818-191727,1787080695727,0.0
20260818-191727,1787080695829,0.0
20260818-191727,1787080695931,0.0
20260818-191727,1787080695768,-0.0
20260818-191727,1787080696033,-0.0
20260818-191727,1787080696135,0.0
20260818-191727,1787080696237,-0.0
20260818-191727,1787080696145,0.0
20260818-191727,1787080696339,-0.0
20260818-191727,1787080696441,-0.0
20260818-191727,1787080696543,-0.0
20260818-191727,1787080696645,-0.0
20260818-191727,1787080696747,-0.0
20260818-191727,1787080696849,-0.0
20260818-191727,1787080696951,-0.0
20260818-191727,1787080697053,-0.0
20260818-191727,1787080697155,-0.0
20260818-191727,1787080697052,-0.0
20260818-191727,1787080697257,0.0
20260818-191727,1787080697359,0.0
20260818-191727,1787080697461,-0.0
20260818-191727,1787080697563,0.0
20260818-191727,1787080697665,-0.0
20260818-191727,1787080697555,-0.0
20260818-191727,1787080697767,-0.0
20260818-191727,1787080697869,0.0
20260818-191727,1787080697971,0.0
20260818-191727,1787080698073,-0.0
20260818-191727,1787080698175,-0.0
20260818-191727,1787080698277,0.0
20260818-191727,1787080698379,0.0
20260818-191727,1787080698481,0.0
20260818-191727,1787080698583,0.0
20260818-191727,1787080698685,0.0
20260818-191727,1787080698787,-0.0
20260818-191727,1787080698889,0.0
20260818-191727,1787080698991,0.0
20260818-191727,1787080698848,0.0
20260818-191727,1787080709475,0.3555849643221369
20260818-191727,1787080709497,-0.3092028826984754
20260818-191727,1787080709483,0.3092028826984754
20260818-191727,1787080709541,-0.3092028826984754
20260818-191727,1787080709541,-0.3092028826984754
20260818-191727,1787080709541,-0.3092028826984754
20260818-191727,1787080709541,0.3092028826984754
20260818-191727,1787080709541,0.3092028826984754
20260818-191727,1787080709541,0.3092028826984754
20260818-191727,1787080709541,-0.3092028826984754
20260818-191727,1787080709541,-0.3092028826984754
20260818-191727,1787080709541,0.3092028826984754
20260818-191727,1787080709543,-0.3092028826984754
20260818-191727,1787080709543,-0.3092028826984754
20260818-191727,1787080709550,-0.3092028826984754
20260818-191727,1787080709557,-0.3092028826984754
20260818-191727,1787080709557,-0.3092028826984754
20260818-191727,1787080709599,-0.0
20260818-191727,1787080709701,-0.0
20260818-191727,1787080709803,-0.0
20260818-191727,1787080709905,0.0
20260818-191727,1787080710007,-0.0
20260818-191727,1787080710109,0.0
20260818-191727,1787080710211,-0.0
20260818-191727,1787080710313,-0.0
20260818-191727,1787080710415,-0.0
20260818-191727,1787080710517,0.0
20260818-191727,1787080710619,0.0
20260818-191727,1787080710721,-0.0
20260818-191727,1787080710615,-0.0
20260818-191727,1787080710823,-0.0
20260818-191727,1787080710925,0.0
20260818-191727,1787080711027,0.0
20260818-191727,1787080711129,-0.0
20260818-191727,1787080711231,0.0
20260818-191727,1787080711333,-0.0
20260818-191727,1787080711435,0.0
20260818-191727,1787080711537,-0.0
20260818-191727,1787080711639,0.0
20260818-191727,1787080711741,0.0
20260818-191727,1787080711843,-0.0
20260818-191727,1787080711945,0.0
20260818-191727,1787080712047,0.0
20260818-191727,1787080712149,0.0
20260818-191727,1787080712251,-0.0
20260818-191727,1787080712353,-0.0
20260818-191727,1787080712455,-0.0
20260818-191727,1787080712557,-0.0
20260818-191727,1787080712659,0.0
20260818-191727,1787080712761,-0.0
20260818-191727,1787080712863,0.0
20260818-191727,1787080712965,-0.0
20260818-191727,1787080712896,-0.0
20260818-191727,1787080713067,0.0
20260818-191727,1787080713059,-0.0
20260818-191727,1787080713169,0.0
20260818-191727,1787080713271,-0.0
20260818-191727,1787080713123,0.0
20260818-191727,1787080713373,-0.0
20260818-191727,1787080713475,0.0
20260818-191727,1787080713404,-0.0
20260818-191727,1787080713577,0.0
20260818-191727,1787080713679,0.0
20260818-191727,1787080713781,-0.0
20260818-191727,1787080713883,0.0
20260818-191727,1787080713985,-0.0
20260818-191727,1787080714087,-0.0
20260818-191727,1787080714189,-0.0
20260818-191727,1787080714291,-0.0
20260818-191727,1787080714393,-0.0
20260818-191727,1787080714495,0.0
20260818-191727,1787080714597,0.0
20260818-191727,1787080714699,0.0
20260818-191727,1787080714801,0.0
20260818-191727,1787080714903,0.0
20260818-191727,1787080715005,-0.0
20260818-191727,1787080715107,0.0
20260818-191727,1787080715209,-0.0
20260818-191727,1787080715060,-0.0
20260818-191727,1787080715311,-0.0
20260818-191727,1787080715413,0.0
20260818-191727,1787080715251,-0.0
20260818-191727,1787080715515,-0.0
20260818-191727,1787080715617,-0.0
20260818-191727,1787080715719,-0.0
20260818-191727,1787080715821,0.0
20260818-191727,1787080715923,-0.0
20260818-191727,1787080716025,0.0
20260818-191727,1787080716127,-0.0
20260818-191727,1787080716229,0.0
20260818-191727,1787080716201,0.0
20260818-191727,1787080716331,0.0
20260818-191727,1787080716433,-0.0
20260818-191727,1787080716258,-0.0
20260818-191727,1787080716535,-0.0
20260818-191727,1787080716637,0.0
20260818-191727,1787080716739,0.0
20260818-191727,1787080716841,0.0
20260818-191727,1787080716943,-0.0
20260818-191727,1787080717045,0.0
20260818-191727,1787080717147,-0.0
20260818-191727,1787080717060,-0.0
20260818-191727,1787080717249,-0.0
20260818-191727,1787080717351,-0.0
20260818-191727,1787080717453,0.0
20260818-191727,1787080717555,-0.0
20260818-191727,1787080717426,-0.0
20260818-191727,1787080717657,-0.0
20260818-191727,1787080717759,-0.0
20260818-191727,1787080717861,0.0
20260818-191727,1787080717963,0.0
20260818-191727,1787080718065,-0.0
20260818-191727,1787080718167,-0.0
20260818-191727,1787080718269,0.0
20260818-191727,1787080718185,-0.0
20260818-191727,1787080718371,0.0
20260818-191727,1787080718473,-0.0
20260818-191727,1787080718317,0.0
20260818-191727,1787080718575,-0.0
20260818-191727,1787080718561,-0.0
20260818-191727,1787080718677,-0.0
20260818-191727,1787080718637,0.0
20260818-191727,1787080718779,0.0
20260818-191727,1787080718694,-0.0
20260818-191727,1787080718881,-0.0
20260818-191727,1787080718983,-0.0
20260818-191727,1787080718944,-0.0
20260818-191727,1787080719060,-0.0
20260818-191727,1787080719085,0.0
20260818-191727,1787080719187,0.0
20260818-191727,1787080719065,-0.0
20260818-191727,1787080719289,-0.0
20260818-191727,1787080719391,0.0
20260818-191727,1787080719493,-0.0
20260818-191727,1787080719595,0.0
20260818-191727,1787080719509,-0.0
20260818-191727,1787080719697,0.0
20260818-191727,1787080719799,-0.0
20260818-191727,1787080719901,0.0
20260818-191727,1787080720003,-0.0
20260818-191727,1787080720105,0.0
20260818-191727,1787080720207,-0.0
20260818-191727,1787080720309,0.0
20260818-191727,1787080720227,-0.0
20260818-191727,1787080720411,-0.0
20260818-191727,1787080720513,-0.0
20260818-191727,1787080720615,0.0
20260818-191727,1787080720717,-0.0
20260818-191727,1787080720819,-0.0
20260818-191727,1787080720921,0.0
20260818-191727,1787080721023,0.0
20260818-191727,1787080721125,-0.0
20260818-191727,1787080721060,-0.0
20260818-191727,1787080721227,-0.0
20260818-191727,1787080721329,0.0
20260818-191727,1787080721431,0.0
20260818-191727,1787080721533,-0.0
20260818-191727,1787080721635,0.0
20260818-191727,1787080721737,-0.0
20260818-191727,1787080721839,0.0
20260818-191727,1787080721941,-0.0
20260818-191727,1787080722043,-0.0
20260818-191727,1787080722145,-0.0
20260818-191727,1787080722247,-0.0
20260818-191727,1787080722349,0.0
20260818-191727,1787080722451,0.0
20260818-191727,1787080722396,-0.0
20260818-192029,1787080835263,0.0
20260818-192029,1787080835604,0.7420490602648822
20260818-192029,1787080835805,0.7420490602648822
20260818-192029,1787080835365,0.0
20260818-192029,1787080835467,0.0
20260818-192029,1787080835569,0.0
20260818-192029,1787080835671,0.0
20260818-192029,1787080835773,0.0
20260818-192029,1787080835875,0.0
20260818-192029,1787080835977,0.0
20260818-192029,1787080836079,0.0
20260818-192029,1787080836181,0.0
20260818-192029,1787080836283,0.0
20260818-192029,1787080836385,0.0
20260818-192029,1787080836487,0.0
20260818-192029,1787080836589,0.0
20260818-192029,1787080836528,0.0
20260818-192029,1787080836691,0.0
20260818-192029,1787080836793,0.0
20260818-192029,1787080836895,0.0
20260818-192029,1787080836997,0.0
20260818-192029,1787080837099,0.0
20260818-192029,1787080837201,0.0
20260818-192029,1787080837303,0.7265357923216126
20260818-192029,1787080837405,0.7265357923216126
20260818-192029,1787080837507,0.7265357923216126
20260818-192029,1787080837609,0.7265357923216126
20260818-192029,1787080837704,0.7265357923216126
20260818-192029,1787080837708,0.7265357923216126
20260818-192029,1787080837708,0.7265357923216126
20260818-192029,1787080837708,0.7265357923216126
20260818-192029,1787080837708,0.7265357923216126
20260818-192029,1787080837708,0.7265357923216126
20260818-192029,1787080837708,0.7265357923216126
20260818-192029,1787080837708,0.7265357923216126
20260818-192029,1787080837708,0.7265357923216126
20260818-192029,1787080837708,0.7265357923216126
20260818-192029,1787080837708,0.7265357923216126
20260818-192029,1787080837708,0.7265357923216126
20260818-192029,1787080837708,0.7265357923216126
20260818-192029,1787080837720,0.7265357923216126
20260818-192029,1787080837720,0.7265357923216126
20260818-192029,1787080837720,0.7265357923216126
20260818-192029,1787080837720,0.7265357923216126
20260818-192029,1787080837724,0.4019003704448374
20260818-192029,1787080837711,0.4019003704448374
20260818-192029,1787080837724,0.4019003704448374
20260818-192029,1787080837734,0.4019003704448374
20260818-192029,1787080837734,0.4019003704448374
20260818-192029,1787080837734,0.4019003704448374
20260818-192029,1787080837734,0.4019003704448374
20260818-192029,1787080837734,0.4019003704448374
20260818-192029,1787080837734,0.4019003704448374
20260818-192029,1787080837734,0.4019003704448374
20260818-192029,1787080837734,0.4019003704448374
20260818-192029,1787080837734,0.4019003704448374
20260818-192029,1787080837734,0.4019003704448374
20260818-192029,1787080837734,0.4019003704448374
20260818-192029,1787080837734,0.4019003704448374
20260818-192029,1787080837734,0.4019003704448374
20260818-192029,1787080837734,0.4019003704448374
20260818-192029,1787080837734,0.4019003704448374
20260818-192029,1787080837746,0.4019003704448374
20260818-192029,1787080837752,0.4019003704448374
20260818-192029,1787080837781,0.4019003704448374
20260818-192029,1787080837813,0.0
20260818-192029,1787080837915,0.0
20260818-192029,1787080838017,0.0
20260818-192029,1787080838031,0.0
20260818-192029,1787080838119,0.0
20260818-192029,1787080838221,0.0
20260818-192029,1787080838323,0.0
20260818-192029,1787080838425,0.0
20260818-192029,1787080838527,0.0
20260818-192029,1787080838629,0.0
20260818-192029,1787080838731,0.0
20260818-192029,1787080838833,0.0
20260818-192029,1787080838935,0.0
20260818-192029,1787080838880,0.0
20260818-192029,1787080839037,0.0
20260818-192029,1787080839139,0.0
20260818-192029,1787080838997,0.0
20260818-192029,1787080839241,0.0
20260818-192029,1787080839343,0.0
20260818-192029,1787080839445,0.0
20260818-192029,1787080839547,0.0
20260818-192029,1787080839649,0.0
20260818-192029,1787080839751,0.0
20260818-192029,1787080839853,0.0
20260818-192029,1787080839764,0.0
20260818-192029,1787080839955,0.0
20260818-192029,1787080840057,0.0
20260818-192029,1787080840008,0.0
20260818-192029,1787080840159,0.0
20260818-192029,1787080840078,0.0
20260818-192029,1787080840261,0.0
20260818-192029,1787080840363,0.0
20260818-192029,1787080840465,0.0
20260818-192029,1787080840567,0.0
20260818-192029,1787080840669,0.0
20260818-192029,1787080840771,0.0
20260818-192029,1787080840873,0.0
20260818-192029,1787080840975,0.0
20260818-192029,1787080841077,0.0
20260818-192029,1787080841179,0.0
20260818-192029,1787080841130,0.0
20260818-192029,1787080841281,0.0
20260818-192029,1787080841383,0.0
20260818-192029,1787080841260,0.0
20260818-192029,1787080841485,0.0
20260818-192029,1787080841587,0.0
20260818-192029,1787080841689,0.0
20260818-192029,1787080841791,0.0
20260818-192029,1787080841893,0.0
20260818-192029,1787080841995,0.0
20260818-192029,1787080842097,0.0
20260818-192029,1787080842199,0.0
20260818-192029,1787080842301,0.0
20260818-192029,1787080842403,0.0
20260818-192029,1787080842255,0.0
20260818-192029,1787080842505,0.0
20260818-192029,1787080842607,0.0
20260818-192029,1787080842709,0.0
20260818-192029,1787080842811,0.0
20260818-192029,1787080842913,0.0
20260818-192029,1787080843015,0.0
20260818-192029,1787080842862,0.0
20260818-192029,1787080843117,0.0
20260818-192029,1787080843219,0.0
20260818-192029,1787080843321,0.0
20260818-192029,1787080843168,0.0
20260818-192029,1787080843375,0.0
20260818-192029,1787080843377,0.0
20260818-192029,1787080843423,0.0
20260818-192029,1787080843525,0.0
20260818-192029,1787080843379,0.0
20260818-192029,1787080843627,0.0
20260818-192029,1787080843729,0.0
20260818-192029,1787080843831,0.633740498723758
20260818-192029,1787080843933,0.633740498723758
20260818-192029,1787080843813,0.633740498723758
20260818-192029,1787080844035,0.633740498723758
20260818-192029,1787080844137,0.633740498723758
20260818-192029,1787080844198,0.633740498723758
20260818-192029,1787080844198,0.633740498723758
20260818-192029,1787080844198,0.633740498723758
20260818-192029,1787080844198,0.633740498723758
20260818-192029,1787080844201,0.633740498723758
20260818-192029,1787080844201,0.633740498723758
20260818-192029,1787080844205,0.633740498723758
20260818-192029,1787080844215,0.633740498723758
20260818-192029,1787080844215,0.633740498723758
20260818-192029,1787080844225,0.633740498723758
20260818-192029,1787080844225,0.633740498723758
20260818-192029,1787080844225,0.633740498723758
20260818-192029,1787080844225,0.633740498723758
20260818-192029,1787080844225,0.633740498723758
20260818-192029,1787080844239,0.309131672317336
20260818-192029,1787080844244,0.633740498723758
20260818-192029,1787080844244,0.633740498723758
20260818-192029,1787080844244,0.633740498723758
20260818-192029,1787080844244,0.633740498723758
20260818-192029,1787080844244,0.633740498723758
20260818-192029,1787080844244,0.633740498723758
20260818-192029,1787080844244,0.633740498723758
20260818-192029,1787080844244,0.633740498723758
20260818-192029,1787080844244,0.633740498723758
20260818-192029,1787080844260,0.633740498723758
20260818-192029,1787080844267,0.633740498723758
20260818-192029,1787080844272,0.633740498723758
20260818-192029,1787080844278,0.633740498723758
20260818-192029,1787080844279,0.633740498723758
20260818-192029,1787080844281,0.633740498723758
20260818-192029,1787080844239,0.309131672317336
20260818-192029,1787080844288,0.309131672317336
20260818-192029,1787080844341,0.0
20260818-192029,1787080844443,0.0
20260818-192029,1787080844545,0.0
20260818-192029,1787080844647,0.0
20260818-192029,1787080844749,0.0
20260818-192029,1787080844851,0.0
20260818-192029,1787080844953,0.0
20260818-192029,1787080845055,0.0
20260818-192029,1787080845157,0.0
20260818-192029,1787080845259,0.0
20260818-192029,1787080845361,0.0
20260818-192029,1787080845226,0.0
20260818-192029,1787080845463,0.0
20260818-192029,1787080845565,0.0
20260818-192029,1787080845667,0.0
20260818-192029,1787080845597,0.0
20260818-192029,1787080845769,0.0
20260818-192029,1787080845871,0.0
20260818-192029,1787080845798,0.0
20260818-192029,1787080845973,0.0
20260818-192029,1787080846075,0.0
20260818-192029,1787080846177,0.0
20260818-192029,1787080846279,0.0
20260818-192029,1787080846196,0.0
20260818-192029,1787080846381,0.0
20260818-192029,1787080846483,0.0
20260818-192029,1787080846585,0.0
20260818-192029,1787080846687,0.0
20260818-192029,1787080846544,0.0
20260818-192029,1787080846789,0.0
20260818-192029,1787080846712,0.0
20260818-192029,1787080846891,0.0
20260818-192029,1787080846993,0.0
20260818-192029,1787080846913,0.0
20260818-192029,1787080847095,0.0
20260818-192029,1787080847197,0.0
20260818-192029,1787080847299,0.0
20260818-192029,1787080847401,0.0
20260818-192029,1787080847503,0.0
20260818-192029,1787080847605,0.0
20260818-192029,1787080847707,0.0
20260818-192029,1787080847809,0.0
20260818-192029,1787080847911,0.0
20260818-192029,1787080848013,0.0
20260818-192029,1787080848115,0.0
20260818-192029,1787080847992,0.0
20260818-192029,1787080848217,0.0
20260818-192029,1787080848319,0.0
20260818-192029,1787080848421,0.0
20260818-192029,1787080848523,0.0
20260818-192029,1787080848625,0.0
20260818-192029,1787080848541,0.0
20260818-192029,1787080848727,0.0
20260818-192029,1787080848657,0.0
20260818-192029,1787080848829,0.0
20260818-192029,1787080848931,0.0
20260818-192029,1787080849033,0.0
20260818-192029,1787080849135,0.0
20260818-192029,1787080849237,0.0
20260818-192029,1787080849116,0.0
20260818-192029,1787080849339,0.0
20260818-192029,1787080849441,0.0
20260818-192029,1787080965211,0.0
20260818-192029,1787080965313,0.0
20260818-192029,1787080965227,0.0
20260818-192029,1787080965415,0.6028300552507934
20260818-192029,1787080965517,0.6028300552507934
20260818-192029,1787080965619,0.6028300552507934
20260818-192029,1787080965721,0.6028300552507934
20260818-192029,1787080965823,0.6028300552507934
20260818-192029,1787080965833,0.6028300552507934
20260818-192029,1787080965837,0.6028300552507934
20260818-192029,1787080965837,0.6028300552507934
20260818-192029,1787080965837,0.6028300552507934
20260818-192029,1787080965837,0.6028300552507934
20260818-192029,1787080965837,0.6028300552507934
20260818-192029,1787080965841,0.6028300552507934
20260818-192029,1787080965841,0.6028300552507934
20260818-192029,1787080965844,0.6028300552507934
20260818-192029,1787080965844,0.6028300552507934
20260818-192029,1787080965844,0.6028300552507934
20260818-192029,1787080965844,0.6028300552507934
20260818-192029,1787080965844,0.6028300552507934
20260818-192029,1787080965844,0.6028300552507934
20260818-192029,1787080965844,0.6028300552507934
20260818-192029,1787080965844,0.6028300552507934
20260818-192029,1787080965844,0.6028300552507934
20260818-192029,1787080965844,0.6028300552507934
20260818-192029,1787080965844,0.6028300552507934
20260818-192029,1787080965848,0.6028300552507934
20260818-192029,1787080965848,0.6028300552507934
20260818-192029,1787080965848,0.6028300552507934
20260818-192029,1787080965848,0.6028300552507934
20260818-192029,1787080965848,0.6028300552507934
20260818-192029,1787080965925,0.0
20260818-192029,1787080966027,0.0
20260818-192029,1787080966129,0.0
20260818-192029,1787080966056,0.0
20260818-192029,1787080966231,0.0
20260818-192029,1787080966333,0.0
20260818-192029,1787080966435,0.0
20260818-192029,1787080966537,0.0
20260818-192029,1787080966639,0.0
20260818-192029,1787080966741,0.0
20260818-192029,1787080966843,0.0
20260818-192029,1787080966811,0.0
20260818-192029,1787080966945,0.0
20260818-192029,1787080967047,0.0
20260818-192029,1787080966925,0.0
20260818-192029,1787080967149,0.0
20260818-192029,1787080967251,0.0
20260818-192029,1787080967353,0.0
20260818-192029,1787080967455,0.0
20260818-192029,1787080967557,0.0
20260818-192029,1787080967659,0.0
20260818-192029,1787080967761,0.0
20260818-192029,1787080967863,0.0
20260818-192029,1787080967965,0.0
20260818-192029,1787080968067,0.0
20260818-192029,1787080968169,0.0
20260818-192029,1787080968056,0.0
20260818-192029,1787080968271,0.0
20260818-192029,1787080968373,0.0
20260818-192029,1787080968475,0.0
20260818-192029,1787080968401,0.0
20260818-192029,1787080968577,0.0
20260818-192029,1787080968679,0.0
20260818-192029,1787080968609,0.0
20260818-192029,1787080968781,0.0
20260818-192029,1787080968883,0.0
20260818-192029,1787080968985,0.0
20260818-192029,1787080969087,0.0
20260818-192029,1787080969020,0.0
20260818-192029,1787080969189,0.0
20260818-192029,1787080969291,0.0
20260818-192029,1787080969393,0.0
20260818-192029,1787080969251,0.0
20260818-192029,1787080969495,0.0
20260818-192029,1787080969597,0.0
20260818-192029,1787080969699,0.0
20260818-192029,1787080969801,0.0
20260818-192029,1787080969903,0.0
20260818-192029,1787080970005,0.0
20260818-192029,1787080970107,0.0
20260818-192029,1787080969997,0.0
20260818-192029,1787080970209,0.0
20260818-192029,1787080970311,0.0
20260818-192029,1787080970413,0.0
20260818-192029,1787080970515,0.0
20260818-192029,1787080970617,0.0
20260818-192029,1787080970719,0.0
20260818-192029,1787080970821,0.0
20260818-192029,1787080970699,0.0
20260818-192029,1787080970923,0.0
20260818-192029,1787080971025,0.0
20260818-192029,1787080971127,0.0
20260818-192029,1787080971031,0.0
20260818-192029,1787080971229,0.0
20260818-192029,1787080971331,0.0
20260818-192029,1787080971239,0.0
20260818-192029,1787080971433,0.0
20260818-192029,1787080971535,0.0
20260818-192029,1787080971637,0.0
20260818-192029,1787080971739,0.0
20260818-192029,1787080971841,0.0
20260818-192029,1787080971943,0.0
20260818-192029,1787080972045,0.0
20260818-192029,1787080972147,0.0
20260818-192029,1787080972057,0.0
20260818-192029,1787080972249,0.0
20260818-192029,1787080972351,0.0
20260818-192029,1787080972453,0.0
20260818-192029,1787080972555,0.0
20260818-192029,1787080972657,0.0
20260818-192029,1787080972759,0.0
20260818-192029,1787080972673,0.0
20260818-192029,1787080972861,0.0
20260818-192029,1787080972963,0.0
20260818-192029,1787080972860,0.0
20260818-192029,1787080973065,0.0
20260818-192029,1787080973167,0.0
20260818-192029,1787080973269,0.0
20260818-192029,1787080973371,0.0
20260818-192029,1787080973473,0.0
20260818-192029,1787080973575,0.015456249155636046
20260818-192029,1787080973677,0.03091249830902291
20260818-192029,1787080973779,0.03091249830902291
20260818-192029,1787080973881,0.03091249830902291
20260818-192029,1787080973983,0.03091249830902291
20260818-192029,1787080974085,0.015456225263859997
20260818-192029,1787080974059,0.015456225263859997
20260818-192029,1787080974187,0.0
20260818-192029,1787080974289,0.0
20260818-192029,1787080974164,0.0
20260818-192029,1787080974391,0.0
20260818-192029,1787080974493,0.0
20260818-192029,1787080974428,0.0
20260818-192029,1787080974595,0.0
20260818-192029,1787080974697,0.0
20260818-192029,1787080974799,0.0
20260818-192029,1787080974901,0.0
20260818-192029,1787080975003,0.0
20260818-192029,1787080975105,0.0
20260818-192029,1787080975207,0.0
20260818-192029,1787080975309,0.0
20260818-192029,1787080975411,0.0
20260818-192029,1787080975513,0.0
20260818-192029,1787080975615,0.0
20260818-192029,1787080975717,0.0
20260818-192029,1787080975819,0.0
20260818-192029,1787080975921,0.0
20260818-192029,1787080976023,0.0
20260818-192029,1787080976125,0.0
20260818-192029,1787080976059,0.0
20260818-192029,1787080976227,0.0
20260818-192029,1787080976329,0.0
20260818-192029,1787080976431,0.0
20260818-192029,1787080976533,0.0
20260818-192029,1787080976635,0.0
20260818-192029,1787080976737,0.0
20260818-192029,1787080976839,0.0
20260818-192029,1787080976941,0.0
20260818-192029,1787080977043,0.0
20260818-192029,1787080977145,0.0
20260818-192029,1787080977247,0.0
20260818-192029,1787080977114,0.0
20260818-192029,1787080977349,0.0
20260818-192029,1787080977451,0.0
20260818-192029,1787080977553,0.0
20260818-192029,1787080977655,0.0
20260818-192029,1787080977757,0.0
20260818-192029,1787080977859,0.0
20260818-192029,1787080977961,0.0
20260818-192029,1787080978063,0.0
20260818-192029,1787080978165,0.0
20260818-192029,1787080978061,0.0
20260818-192029,1787080978267,0.0
20260818-192029,1787080978369,0.0
20260818-192029,1787080978471,0.0
20260818-192029,1787080978573,0.0
20260818-192029,1787080978675,0.0
20260818-192029,1787080978777,0.0
20260818-192029,1787080978879,0.0
20260818-192029,1787080978981,0.0
20260818-192029,1787080979083,0.0
20260818-192029,1787080979185,0.0
20260818-192029,1787080979287,0.0
20260818-192029,1787080979389,0.0
20260818-192029,1787080979491,0.0
20260818-192029,1787080979593,0.0
20260818-192029,1787080979695,0.0
20260818-192029,1787080979797,0.0
20260818-192029,1787080979899,0.0
20260818-192029,1787080980001,0.0
20260818-192029,1787080980013,0.0
20260818-192029,1787080980103,0.0
20260818-192029,1787080980205,0.0
20260818-192029,1787080980063,0.0
20260818-192029,1787080980307,0.0
20260818-192029,1787080980409,0.0
20260818-192029,1787080980511,0.0
20260818-192029,1787080980511,0.0
20260818-192029,1787080980613,0.0
20260818-192029,1787080980523,0.0
20260818-192029,1787080980715,0.0
20260818-192029,1787080980817,0.0
20260818-192029,1787080980919,0.0
20260818-192029,1787080981021,0.0
20260818-192029,1787080981123,0.0
20260818-192029,1787080981225,0.0
20260818-192029,1787080981327,0.0
20260818-192029,1787080981195,0.0
20260818-192029,1787080981429,0.0
20260818-192029,1787080981531,0.0
20260818-192029,1787080981633,0.0
20260818-192029,1787080981735,0.0
20260818-192029,1787080981837,0.0
20260818-192029,1787080981939,0.0
20260818-192029,1787080982041,0.0
20260818-192029,1787080981979,0.0
20260818-192029,1787080982143,0.0
20260818-192029,1787080982062,0.0
20260818-192029,1787080982245,0.0
20260818-192029,1787080982347,0.0
20260818-192029,1787080982449,0.0
20260818-192029,1787080982551,0.0
20260818-192029,1787080982653,0.0
20260818-192029,1787080982755,0.0
20260818-192029,1787080982857,0.0
20260818-192029,1787080982788,0.0
20260818-192029,1787080982959,0.0
20260818-192029,1787080983061,0.0
20260818-192029,1787080983163,0.0
20260818-192029,1787080983265,0.0
20260818-192029,1787080983367,0.0
20260818-192029,1787080983469,0.0
20260818-192029,1787080983571,0.0
20260818-192029,1787080983673,0.0
20260818-192029,1787080983775,0.0
20260818-192029,1787080983877,0.0
20260818-192029,1787080983979,0.0
20260818-192029,1787080983879,0.0
20260818-192029,1787080984081,0.0
20260818-192029,1787080984183,0.0
20260818-192029,1787080984063,0.0
20260818-192029,1787080984285,0.0
20260818-192029,1787080984387,0.0
20260818-192029,1787080984489,0.0
20260818-192029,1787080984386,0.0
20260818-192029,1787080984591,0.0
20260818-192029,1787080984693,0.0
20260818-192029,1787080984795,0.0
20260818-192029,1787080984897,0.0
20260818-192029,1787080984999,0.0
20260818-192029,1787080984922,0.0
20260818-192029,1787080985101,0.0
20260818-192029,1787080985203,1.3292333183159575
20260818-192029,1787080985305,1.3292333183159575
20260818-192029,1787080985407,1.3292333183159575
20260818-192029,1787080985509,1.3292333183159575
20260818-192029,1787080985478,1.3292333183159575
20260818-192029,1787080985569,1.3292333183159575
20260818-192029,1787080985570,1.3292333183159575
20260818-192029,1787080985570,1.3292333183159575
20260818-192029,1787080985570,1.3292333183159575
20260818-192029,1787080985570,1.3292333183159575
20260818-192029,1787080985571,1.3292333183159575
20260818-192029,1787080985571,1.3292333183159575
20260818-192029,1787080985571,1.3292333183159575
20260818-192029,1787080985572,1.3292333183159575
20260818-192029,1787080985572,1.3292333183159575
20260818-192029,1787080985573,1.3292333183159575
20260818-192029,1787080985573,1.3292333183159575
20260818-192029,1787080985583,1.3292333183159575
20260818-192029,1787080985583,1.3292333183159575
20260818-192029,1787080985584,1.3292333183159575
20260818-192029,1787080985584,1.3292333183159575
20260818-192029,1787080985587,1.3292333183159575
20260818-192029,1787080985587,1.3292333183159575
20260818-192029,1787080985587,1.3292333183159575
20260818-192029,1787080985587,1.3292333183159575
20260818-192029,1787080985587,1.3292333183159575
20260818-192029,1787080985587,1.3292333183159575
20260818-192029,1787080985611,0.9118778269192102
20260818-192029,1787080985611,0.9118778269192102
20260818-192029,1787080985611,0.9118778269192102
20260818-192029,1787080985611,0.9118778269192102
20260818-192029,1787080985611,0.9118778269192102
20260818-192029,1787080985611,0.9118778269192102
20260818-192029,1787080985611,0.9118778269192102
20260818-192029,1787080985611,0.9118778269192102
20260818-192029,1787080985611,0.9118778269192102
20260818-192029,1787080985649,0.9118778269192102
20260818-192029,1787080985654,0.9118778269192102
20260818-192029,1787080985656,0.9118778269192102
20260818-192029,1787080985656,0.9118778269192102
20260818-192029,1787080985656,0.9118778269192102
20260818-192029,1787080985656,0.9118778269192102
20260818-192029,1787080985656,0.9118778269192102
20260818-192029,1787080985656,0.9118778269192102
20260818-192029,1787080985656,0.9118778269192102
20260818-192029,1787080985656,0.9118778269192102
20260818-192029,1787080985656,0.9118778269192102
20260818-192029,1787080985656,0.9118778269192102
20260818-192029,1787080985656,0.9118778269192102
20260818-192029,1787080985656,0.9118778269192102
20260818-192029,1787080985656,0.9118778269192102
20260818-192029,1787080985656,0.9118778269192102
20260818-192029,1787080985656,0.9118778269192102
20260818-192029,1787080985656,0.9118778269192102
20260818-192029,1787080985656,0.9118778269192102
20260818-192029,1787080985661,0.9118778269192102
20260818-192029,1787080985672,0.9118778269192102
20260818-192029,1787080985672,0.9118778269192102
20260818-192029,1787080985672,0.9118778269192102
20260818-192029,1787080985672,0.9118778269192102
20260818-192029,1787080985672,0.9118778269192102
20260818-192029,1787080985672,0.9118778269192102
20260818-192029,1787080985672,0.9118778269192102
20260818-192029,1787080985672,0.9118778269192102
20260818-192029,1787080985672,0.9118778269192102
20260818-192029,1787080985672,0.9118778269192102
20260818-192029,1787080985691,0.0
20260818-192029,1787080985691,0.0
20260818-192029,1787080985691,0.0
20260818-192029,1787080985691,0.0
20260818-192029,1787080985713,0.0
20260818-192029,1787080985815,0.0
20260818-192029,1787080985691,0.0
20260818-192029,1787080985917,0.0
20260818-192029,1787080986019,0.0
20260818-192029,1787080986121,0.0
20260818-192029,1787080986223,0.0
20260818-192029,1787080986068,0.0
20260818-192029,1787080986325,0.0
20260818-192029,1787080986427,0.0
20260818-192029,1787080986529,0.0
20260818-192029,1787080986631,0.0
20260818-192029,1787080986733,0.0
20260818-192029,1787080986835,0.0
20260818-192029,1787080986937,0.0
20260818-192029,1787080986840,0.0
20260818-192029,1787080987039,0.0
20260818-192029,1787080987109,0.0
20260818-192029,1787080987141,0.0
20260818-192029,1787080987243,0.0
20260818-192029,1787080987118,0.0
20260818-192029,1787080987345,0.0
20260818-192029,1787080987447,0.0
20260818-192029,1787080987549,0.0
20260818-192029,1787080987651,0.0
20260818-192029,1787080987753,0.0
20260818-192029,1787080987855,0.09272488295280364
20260818-192029,1787080987957,0.09272488295280364
20260818-192029,1787080988059,0.09272488295280364
20260818-192029,1787080988161,0.09272488295280364
20260818-192029,1787080988063,0.09272488295280364
20260818-192029,1787080988225,0.09272488295280364
20260818-192029,1787080988246,0.09272488295280364
20260818-192029,1787080988254,0.09272488295280364
20260818-192029,1787080988256,0.09272488295280364
20260818-192029,1787080988259,0.09272488295280364
20260818-192029,1787080988263,0.030908103254250772
20260818-192029,1787080988263,0.030908103254250772
20260818-192029,1787080988365,0.0
20260818-192029,1787080988267,0.0
20260818-192029,1787080988467,0.0
20260818-192029,1787080988569,0.0
20260818-192029,1787080988671,0.0
20260818-192029,1787080988773,0.0
20260818-192029,1787080988875,0.0
20260818-192029,1787080988977,0.0
20260818-192029,1787080989079,0.0
20260818-192029,1787080989181,0.0
20260818-192029,1787080989111,0.0
20260818-192029,1787080989283,0.0
20260818-192029,1787080989385,0.0
20260818-192029,1787080989487,0.0
20260818-192029,1787080989589,0.0
20260818-192029,1787080989691,0.0
20260818-192029,1787080989793,0.0
20260818-192029,1787080989895,0.0
20260818-192029,1787080989997,0.0
20260818-192029,1787080989869,0.0
20260818-192029,1787080990099,0.0
20260818-192029,1787080990201,0.0
20260818-192029,1787080990065,0.0
20260818-192029,1787080990303,0.0
20260818-192029,1787080990405,0.0
20260818-192029,1787080990263,0.0
20260818-192029,1787080990507,0.0
20260818-192029,1787080990609,0.0
20260818-192029,1787080990711,0.0
20260818-192029,1787080990813,0.0
20260818-192029,1787080990677,0.0
20260818-192029,1787080990915,0.0
20260818-192029,1787080991017,0.0
20260818-192029,1787080990929,0.0
20260818-192029,1787080991119,0.0
20260818-192029,1787080991221,0.0
20260818-192029,1787080991061,0.0
20260818-192029,1787080991323,0.0
20260818-192029,1787080991425,0.0
20260818-192029,1787080991527,0.0
20260818-192029,1787080991629,0.0
20260818-192029,1787080991731,0.0
20260818-192029,1787080991833,0.0
20260818-192029,1787080991935,0.0
20260818-192029,1787080991862,0.0
20260818-192029,1787080992037,0.0
20260818-192029,1787080992139,0.0
20260818-192029,1787080992064,0.0
20260818-192029,1787080992241,0.0
20260818-192029,1787080992343,0.0
20260818-192029,1787080992241,0.0
20260818-192029,1787080992445,0.0
20260818-192029,1787080992547,0.0
20260818-192029,1787080992649,0.0
20260818-192029,1787080992529,0.0
20260818-192029,1787080992751,0.0
20260818-192029,1787080992853,0.0
20260818-192029,1787080992955,0.0
20260818-192029,1787080993057,0.0
20260818-192029,1787080993159,0.0
20260818-192029,1787080993261,0.0
20260818-192029,1787080993363,0.0
20260818-192029,1787080993247,0.0
20260818-192029,1787080993465,0.0
20260818-192029,1787080993567,0.0
20260818-192029,1787080993669,0.0
20260818-192029,1787080993771,0.0
20260818-192029,1787080993873,0.0
20260818-192029,1787080993975,0.0
20260818-192029,1787080993898,0.0
20260818-192029,1787080994077,0.0
20260818-192029,1787080994179,0.0
20260818-192029,1787080994065,0.0
20260818-192029,1787080994281,0.0
20260818-192029,1787080994383,0.0
20260818-192029,1787080994485,0.0
20260818-192029,1787080994587,0.0
20260818-192029,1787080994689,0.0
20260818-192029,1787080994791,0.0
20260818-192029,1787080994893,0.0
20260818-192029,1787080994995,0.0
20260818-192029,1787080995097,0.0
20260818-192029,1787080994949,0.0
20260818-192029,1787080995199,0.0
20260818-192029,1787080995301,0.0
20260818-192029,1787080995142,0.0
20260818-192029,1787080995403,0.0
20260818-192029,1787080995505,0.0
20260818-192029,1787080995607,0.0
20260818-192029,1787080995527,0.0
20260818-192029,1787080995709,0.0
20260818-192029,1787080995811,0.0
20260818-192029,1787080995913,0.0
20260818-192029,1787080996015,0.0
20260818-192029,1787080996117,0.0
20260818-192029,1787080996049,0.0
20260818-192029,1787080996219,0.0
20260818-192029,1787080996321,0.0
20260818-192029,1787080996259,0.0
20260818-192029,1787080996423,0.0
20260818-192029,1787080996525,0.0
20260818-192029,1787080996627,0.0
20260818-192029,1787080996729,0.0
20260818-192029,1787080996831,0.0
20260818-192029,1787080996933,0.0
20260818-192029,1787080997035,0.0
20260818-192029,1787080997137,0.0
20260818-192029,1787080997239,0.0
20260818-192029,1787080997128,0.0
20260818-192029,1787080997341,0.0
20260818-192029,1787080997443,0.0
20260818-192029,1787080997310,0.0
20260818-192029,1787080997545,0.0
20260818-192029,1787080997647,0.0
20260818-192029,1787080997749,0.0
20260818-192029,1787080997679,0.0
20260818-192029,1787080997851,0.0
20260818-192029,1787080997953,0.0
20260818-192029,1787080998055,0.0
20260818-192029,1787080997989,0.0
20260818-192029,1787080998157,0.0
20260818-192029,1787080998065,0.0
20260818-192029,1787080998259,0.0
20260818-192029,1787080998361,0.0
20260818-192029,1787080998463,0.0
20260818-192029,1787080998565,0.0
20260818-192029,1787080998667,0.0
20260818-192029,1787080998769,0.0
20260818-192029,1787080998871,0.0
20260818-192029,1787080998973,0.0
20260818-192029,1787080999075,0.0
20260818-192029,1787080999177,0.0
20260818-192029,1787080999279,0.0
20260818-192029,1787080999263,0.0
20260818-192029,1787080999381,0.0
20260818-192029,1787080999293,0.0
20260818-192029,1787080999483,0.0
20260818-192029,1787080999585,0.0
20260818-192029,1787080999454,0.0
20260818-192029,1787080999687,0.0
20260818-192029,1787080999789,0.0
20260818-192029,1787081001115,0.0
20260818-192029,1787081001217,0.0
20260818-192029,1787081001319,0.0
20260818-192029,1787081001421,0.0
20260818-192029,1787081001523,0.0
20260818-192029,1787081001625,0.0
20260818-192029,1787081001727,0.0
20260818-192029,1787081001829,0.0
20260818-192029,1787081001931,0.0
20260818-192029,1787081001862,0.0
20260818-192029,1787081002033,0.0
20260818-192029,1787081002135,0.0
20260818-192029,1787081002066,0.0
20260818-192029,1787081002237,0.0
20260818-192029,1787081002339,0.0
20260818-192029,1787081002441,0.0
20260818-192029,1787081002543,0.0
20260818-192029,1787081002645,0.0
20260818-192029,1787081002747,0.0
20260818-192029,1787081002849,0.0
20260818-192029,1787081002951,0.0
20260818-192029,1787081003053,0.0
20260818-192029,1787081003155,0.0
20260818-192029,1787081003257,0.0
20260818-192029,1787081003359,0.0
20260818-192029,1787081003461,0.0
20260818-192029,1787081003563,0.0
20260818-192029,1787081003665,0.0
20260818-192029,1787081003563,0.0
20260818-192029,1787081003767,0.0
20260818-192029,1787081003869,0.0
20260818-192029,1787081003971,0.0
20260818-192029,1787081004073,0.0
20260818-192029,1787081004175,0.0
20260818-192029,1787081004067,0.0
20260818-192029,1787081004277,0.0
20260818-192029,1787081004379,0.0
20260818-192029,1787081004481,0.0
20260818-192029,1787081004583,0.0
20260818-192029,1787081004685,0.0
20260818-192029,1787081004787,0.0
20260818-192029,1787081004889,0.0
20260818-192029,1787081004991,0.0
20260818-192029,1787081005093,0.0
20260818-192029,1787081005195,0.0
20260818-192029,1787081005297,0.0
20260818-192029,1787081005399,0.0
20260818-192029,1787081005501,0.0
20260818-192029,1787081005603,0.0
20260818-192029,1787081005705,0.0
20260818-192029,1787081005807,0.0
20260818-192029,1787081005909,0.0
20260818-192029,1787081005847,0.0
20260818-192029,1787081006011,0.0
20260818-192029,1787081006113,0.0
20260818-192029,1787081006215,0.0
20260818-192029,1787081006067,0.0
20260818-192029,1787081006317,0.0
20260818-192029,1787081006419,0.0
20260818-192029,1787081006521,0.0
20260818-192029,1787081006623,0.0
20260818-192029,1787081006725,0.0
20260818-192029,1787081006827,0.0
20260818-192029,1787081006929,0.0
20260818-192029,1787081007031,0.0
20260818-192029,1787081007133,0.0
20260818-192029,1787081007235,0.0
20260818-192029,1787081007337,0.0
20260818-192029,1787081007194,0.0
20260818-192029,1787081007439,0.0
20260818-192029,1787081007541,0.0
20260818-192029,1787081007458,0.0
20260818-192029,1787081007643,0.0
20260818-192029,1787081007745,0.0
20260818-192029,1787081007644,0.0
20260818-192029,1787081007847,0.0
20260818-193713,1787081837549,0.0
20260818-193713,1787081837721,0.0
20260818-193713,1787081837823,0.0
20260818-193713,1787081837925,0.0
20260818-193713,1787081838027,0.0
20260818-193713,1787081838129,0.0
20260818-193713,1787081838231,0.0
20260818-193713,1787081838333,0.0
20260818-193713,1787081838435,0.0
20260818-193713,1787081838537,0.0
20260818-193713,1787081838639,0.0
20260818-193713,1787081838527,0.0
20260818-193713,1787081838741,0.0
20260818-193713,1787081838843,-0.0
20260818-193713,1787081838945,0.0
20260818-193713,1787081839047,0.0
20260818-193713,1787081839149,0.0
20260818-193713,1787081839251,0.0
20260818-193713,1787081839177,-0.0
20260818-193713,1787081839353,0.0
20260818-193713,1787081839455,0.0
20260818-193713,1787081839557,0.0
20260818-193713,1787081839659,0.0
20260818-193713,1787081839571,0.0
20260818-193713,1787081839761,0.0
20260818-193713,1787081839863,0.0
20260818-193713,1787081839965,0.0
20260818-193713,1787081839833,0.0
20260818-193713,1787081840067,0.0
20260818-193713,1787081840169,0.0
20260818-193713,1787081840271,0.0
20260818-193713,1787081840373,0.0
20260818-193713,1787081840475,0.0
20260818-193713,1787081840577,0.0
20260818-193713,1787081840507,0.0
20260818-193713,1787081840679,0.0
20260818-193713,1787081840781,0.0
20260818-193713,1787081840883,0.0
20260818-193713,1787081840985,-0.0
20260818-193713,1787081841087,0.0
20260818-193713,1787081844142,-0.5101232411380248
20260818-193713,1787081844142,0.5101232411380248
20260818-193713,1787081844147,0.061830348345803414
20260818-193713,1787081844143,0.061830348345803414
20260818-193713,1787081844143,0.061830348345803414
20260818-193713,1787081844144,0.061830348345803414
20260818-193713,1787081844144,0.061830348345803414
20260818-193713,1787081844144,0.061830348345803414
20260818-193713,1787081844144,0.061830348345803414
20260818-193713,1787081844144,0.061830348345803414
20260818-193713,1787081844144,0.061830348345803414
20260818-193713,1787081844144,0.061830348345803414
20260818-193713,1787081844144,0.061830348345803414
20260818-193713,1787081844144,0.061830348345803414
20260818-193713,1787081844144,0.061830348345803414
20260818-193713,1787081844144,0.061830348345803414
20260818-193713,1787081844144,0.061830348345803414
20260818-193713,1787081844144,0.061830348345803414
20260818-193713,1787081844158,0.061830348345803414
20260818-193713,1787081844158,0.061830348345803414
20260818-193713,1787081844158,0.061830348345803414
20260818-193713,1787081844249,-0.0
20260818-193713,1787081844351,0.0
20260818-193713,1787081844453,0.0
20260818-193713,1787081844555,-0.10820244058288493
20260818-193713,1787081844444,0.0
20260818-193713,1787081844657,0.10820244058288493
20260818-193713,1787081844759,0.10820244058288493
20260818-193713,1787081844861,0.10820244058288493
20260818-193713,1787081844963,0.10820244058288493
20260818-193713,1787081844968,-0.10820244058288493
20260818-193713,1787081844969,0.0
20260818-193713,1787081845065,0.0
20260818-193713,1787081844969,0.0
20260818-193713,1787081845167,0.0
20260818-193713,1787081845269,0.0
20260818-193713,1787081845371,0.0
20260818-193713,1787081845473,0.0
20260818-193713,1787081845575,0.0
20260818-193713,1787081845429,0.0
20260818-193713,1787081845677,0.0
20260818-193713,1787081845779,0.0
20260818-193713,1787081845881,0.0
20260818-193713,1787081845782,-0.0
20260818-193713,1787081845983,0.0
20260818-193713,1787081846085,0.0
20260818-193713,1787081846187,0.0
20260818-193713,1787081846084,0.0
20260818-193713,1787081846289,0.0
20260818-193713,1787081846391,0.0
20260818-193713,1787081846493,0.0
20260818-193713,1787081846373,0.0
20260818-193713,1787081846595,0.0
20260818-193713,1787081846697,0.0
20260818-193713,1787081846799,0.0
20260818-193713,1787081846901,0.0
20260818-193713,1787081847003,0.0
20260818-193713,1787081847105,0.0
20260818-193713,1787081847207,0.0
20260818-193713,1787081847309,0.0
20260818-193713,1787081847411,0.0
20260818-193713,1787081847513,0.0
20260818-193713,1787081847434,0.0
20260818-193713,1787081847615,0.0
20260818-193713,1787081847717,0.0
20260818-193713,1787081847819,0.0
20260818-193713,1787081847921,0.0
20260818-193713,1787081848023,0.0
20260818-193713,1787081848125,0.0
20260818-193713,1787081848227,0.0
20260818-193713,1787081848329,0.0
20260818-193713,1787081848431,0.0
20260818-193713,1787081848533,0.0
20260818-193713,1787081848635,0.0
20260818-193713,1787081848500,0.0
20260818-193713,1787081848737,0.0
20260818-193713,1787081848839,0.0
20260818-193713,1787081848941,0.0
20260818-193713,1787081849043,0.0
20260818-193713,1787081849145,0.0
20260818-193713,1787081849247,0.0
20260818-193713,1787081849170,0.0
20260818-193713,1787081849349,0.0
20260818-193713,1787081849451,0.0
20260818-193713,1787081849360,0.0
20260818-193713,1787081849553,0.0
20260818-193713,1787081849655,-0.0
20260818-193713,1787081849543,0.0
20260818-193713,1787081849757,0.0
20260818-193713,1787081849859,0.0
20260818-193713,1787081849961,0.0
20260818-193713,1787081850063,0.0
20260818-193713,1787081850165,0.0
20260818-193713,1787081850036,0.0
20260818-193713,1787081850267,0.0
20260818-193713,1787081850369,0.0
20260818-193713,1787081850471,-0.0
20260818-193713,1787081850573,0.0
20260818-193713,1787081850510,0.0
20260818-193713,1787081850675,0.0
20260818-193713,1787081850777,0.0
20260818-193713,1787081850879,0.0
20260818-193713,1787081850981,0.0
20260818-193713,1787081851083,0.0
20260818-193713,1787081851185,0.0
20260818-193713,1787081851287,0.0
20260818-193713,1787081851389,0.0
20260818-193713,1787081851491,0.0
20260818-193713,1787081851593,0.0
20260818-193713,1787081851695,0.0
20260818-193713,1787081851562,-0.0
20260818-193713,1787081851797,0.0
20260818-193713,1787081851899,0.0
20260818-193713,1787081852001,0.0
20260818-193713,1787081852103,0.0
20260818-193713,1787081852205,0.0
20260818-193713,1787081852124,0.0
20260818-193713,1787081852307,0.0
20260818-193713,1787081852409,-0.0
20260818-193713,1787081852511,-0.0
20260818-193713,1787081852613,0.0
20260818-193713,1787081852715,0.0
20260818-193713,1787081852560,0.0
20260818-193713,1787081852817,0.0
20260818-193713,1787081852919,-0.0
20260818-193713,1787081853021,0.0
20260818-193713,1787081853123,0.0
20260818-193713,1787081853047,0.0
20260818-193713,1787081853225,0.0
20260818-193713,1787081853159,-0.0
20260818-193713,1787081853327,0.0
20260818-193713,1787081853429,0.0
20260818-193713,1787081853531,0.0
20260818-193713,1787081853633,0.0
20260818-193713,1787081853525,0.0
20260818-193713,1787081853735,0.0
20260818-193713,1787081853837,0.0
20260818-193713,1787081853939,0.0
20260818-193713,1787081854041,0.0
20260818-193713,1787081854143,0.0
20260818-193713,1787081854245,0.0
20260818-193713,1787081854347,0.0
20260818-193713,1787081854449,0.0
20260818-193713,1787081854551,0.0
20260818-193713,1787081854653,0.0
20260818-193713,1787081854570,0.0
20260818-193713,1787081854755,0.0
20260818-193713,1787081854857,0.0
20260818-193713,1787081854959,0.0
20260818-193713,1787081855061,0.0
20260818-193713,1787081855163,0.0
20260818-193713,1787081855265,0.0
20260818-193713,1787081855367,0.0
20260818-193713,1787081855227,0.0
20260818-193713,1787081855469,0.0
20260818-193713,1787081855571,0.0
20260818-193713,1787081855428,0.0
20260818-193713,1787081855673,0.0
20260818-193713,1787081855593,0.0
20260818-193713,1787081855775,0.0
20260818-193713,1787081855877,0.0
20260818-193713,1787081855979,0.0
20260818-193713,1787081856081,0.0
20260818-193713,1787081856183,0.0
20260818-193713,1787081856285,0.0
20260818-193713,1787081856387,0.0
20260818-193713,1787081856489,0.0
20260818-193713,1787081856591,0.0
20260818-193713,1787081856693,0.0
20260818-193713,1787081856619,0.0
20260818-193713,1787081856795,0.0
20260818-193713,1787081856897,0.0
20260818-193713,1787081856999,0.0
20260818-193713,1787081857101,0.0
20260818-193713,1787081857203,0.0
20260818-193713,1787081857305,0.0
20260818-193713,1787081857407,0.0
20260818-193713,1787081857509,0.0
20260818-193713,1787081857611,0.0
20260818-193713,1787081857619,0.0
20260818-193713,1787081857713,0.0
20260818-193713,1787081857657,0.0
20260818-193713,1787081857815,0.0
20260818-193713,1787081857917,0.0
20260818-193713,1787081858019,0.0
20260818-193713,1787081858121,0.0
20260818-193713,1787081858223,0.0
20260818-193713,1787081858325,0.0
20260818-193713,1787081858427,0.0
20260818-193713,1787081858529,0.0
20260818-193713,1787081858631,0.0
20260818-193713,1787081858733,0.0
20260818-193713,1787081858665,0.0
20260818-193713,1787081858835,0.0
20260818-193713,1787081858937,0.0
20260818-193713,1787081859039,0.0
20260818-193713,1787081859141,-0.0
20260818-193713,1787081859243,0.0
20260818-193713,1787081859345,-0.0
20260818-193713,1787081859447,-0.0
20260818-193713,1787081859549,0.0
20260818-193713,1787081859651,0.0
20260818-193713,1787081859753,0.0
20260818-193713,1787081859626,0.0
20260818-193713,1787081859855,0.0
20260818-193713,1787081859957,0.0
20260818-193713,1787081860059,-0.0
20260818-193713,1787081860161,0.0
20260818-193713,1787081860050,0.0
20260818-193713,1787081860263,0.0
20260818-193713,1787081860365,0.0
20260818-193713,1787081860467,0.0
20260818-193713,1787081860569,0.0
20260818-193713,1787081860671,0.0
20260818-193713,1787081860773,0.0
20260818-193713,1787081860710,0.0
20260818-193713,1787081860875,0.0
20260818-193713,1787081860977,0.0
20260818-193713,1787081861079,0.0
20260818-193713,1787081861181,0.0
20260818-193713,1787081861283,0.0
20260818-193713,1787081861385,0.0
20260818-193713,1787081861487,0.0
20260818-193713,1787081861589,0.0
20260818-193713,1787081861691,0.0
20260818-193713,1787081861659,0.0
20260818-193713,1787081861793,0.0
20260818-193713,1787081861697,0.0
20260818-193713,1787081861895,0.0
20260818-193713,1787081861997,0.0
20260818-193713,1787081862099,0.0
20260818-193713,1787081862201,0.0
20260818-193713,1787081862049,0.0
20260818-193713,1787081862303,0.0
20260818-193713,1787081862198,0.0
20260818-193713,1787081862405,0.0
20260818-193713,1787081862507,0.0
20260818-193713,1787081862609,0.0
20260818-193713,1787081862492,0.0
20260818-193713,1787081862711,0.0
20260818-193713,1787081862655,-0.0
20260818-193713,1787081862813,-0.0
20260818-193713,1787081862915,0.0
20260818-193713,1787081863017,0.0
20260818-193713,1787081863119,0.0
20260818-193713,1787081863221,0.0
20260818-193713,1787081883111,0.0
20260818-193713,1787081882959,0.0
20260818-193713,1787081883213,0.0
20260818-193713,1787081883315,-0.0
20260818-193713,1787081883169,0.0
20260818-193713,1787081883417,-0.0
20260818-193713,1787081883519,0.0
20260818-193713,1787081883401,-0.0
20260818-193713,1787081883621,0.0
20260818-193713,1787081883723,-0.0
20260818-193713,1787081883825,-0.0
20260818-193713,1787081883927,0.0
20260818-193713,1787081884029,-0.0
20260818-193713,1787081884131,0.0
20260818-193713,1787081884059,0.0
20260818-193713,1787081884233,-0.0
20260818-193713,1787081884335,-0.0
20260818-193713,1787081884437,0.0
20260818-193713,1787081884539,0.0
20260818-193713,1787081884641,0.0
20260818-193713,1787081884743,0.0
20260818-193713,1787081884845,0.3555184579777817
20260818-193713,1787081884947,0.3555184579777817
20260818-193713,1787081884885,0.3555184579777817
20260818-193713,1787081885049,0.3555184579777817
20260818-193713,1787081885151,0.3555184579777817
20260818-193713,1787081885253,0.3555184579777817
20260818-193713,1787081885148,0.3555184579777817
20260818-193713,1787081885300,0.3555184579777817
20260818-193713,1787081885321,0.3555184579777817
20260818-193713,1787081885321,0.3555184579777817
20260818-193713,1787081885321,0.3555184579777817
20260818-193713,1787081885321,0.3555184579777817
20260818-193713,1787081885321,0.3555184579777817
20260818-193713,1787081885321,-0.3555184579777817
20260818-193713,1787081885321,0.3555184579777817
20260818-193713,1787081885321,0.3555184579777817
20260818-193713,1787081885321,0.3555184579777817
20260818-193713,1787081885321,-0.3555184579777817
20260818-193713,1787081885321,0.3555184579777817
20260818-193713,1787081885321,0.3555184579777817
20260818-193713,1787081885321,0.3555184579777817
20260818-193713,1787081885355,0.0
20260818-193713,1787081885457,0.0
20260818-193713,1787081885323,0.0
20260818-193713,1787081885559,0.0
20260818-193713,1787081885661,0.0
20260818-193713,1787081885515,0.0
20260818-193713,1787081885763,0.0
20260818-193713,1787081885865,0.0
20260818-193713,1787081885967,-0.0
20260818-193713,1787081886069,0.0
20260818-193713,1787081886171,0.0
20260818-193713,1787081886060,0.0
20260818-193713,1787081886273,0.0
20260818-193713,1787081886375,0.0
20260818-193713,1787081886477,0.0
20260818-193713,1787081886579,0.0
20260818-193713,1787081886681,0.0
20260818-193713,1787081886783,0.0
20260818-193713,1787081886762,0.0
20260818-193713,1787081886885,-0.0
20260818-193713,1787081886987,0.0
20260818-193713,1787081887089,0.0
20260818-193713,1787081887191,0.0
20260818-193713,1787081887070,0.0
20260818-193713,1787081887293,0.0
20260818-193713,1787081887395,0.0
20260818-193713,1787081887310,-0.0
20260818-193713,1787081887497,0.0
20260818-193713,1787081887599,0.0
20260818-193713,1787081887701,0.0
20260818-193713,1787081887803,0.0
20260818-193713,1787081887672,0.0
20260818-193713,1787081887905,0.0
20260818-193713,1787081888007,0.0
20260818-193713,1787081888109,0.0
20260818-193713,1787081888037,0.0
20260818-193713,1787081888211,0.0
20260818-193713,1787081888313,0.0
20260818-193713,1787081888233,0.0
20260818-193713,1787081888415,0.0
20260818-193713,1787081888517,0.0
20260818-193713,1787081888447,0.0
20260818-193713,1787081888619,0.0
20260818-193713,1787081888721,0.0
20260818-193713,1787081888823,0.0
20260818-193713,1787081888925,0.0
20260818-193713,1787081889027,0.0
20260818-193713,1787081888879,0.0
20260818-193713,1787081889129,0.0
20260818-193713,1787081889026,0.0
20260818-193713,1787081889231,0.0
20260818-193713,1787081889333,0.0
20260818-193713,1787081889435,0.0
20260818-193713,1787081889537,0.0
20260818-193713,1787081889639,0.0
20260818-193713,1787081889555,-0.0
20260818-193713,1787081889741,-0.0
20260818-193713,1787081889843,0.0
20260818-193713,1787081889945,0.0
20260818-193713,1787081890047,0.0
20260818-193713,1787081890149,0.0
20260818-193713,1787081890025,0.0
20260818-193713,1787081890251,0.0
20260818-193713,1787081890353,0.0
20260818-193713,1787081890455,0.0
20260818-193713,1787081890557,0.0
20260818-193713,1787081890659,0.0
20260818-193713,1787081890761,0.0
20260818-193713,1787081890863,0.0
20260818-193713,1787081890965,0.0
20260818-193713,1787081890895,0.0
20260818-193713,1787081891067,0.0
20260818-193713,1787081891169,-0.0
20260818-193713,1787081891271,0.0
20260818-193713,1787081891373,0.0
20260818-193713,1787081891475,0.0
20260818-193713,1787081891577,0.0
20260818-193713,1787081891679,0.0
20260818-193713,1787081891781,0.0
20260818-193713,1787081891618,0.0
20260818-193713,1787081891883,0.0
20260818-193713,1787081891985,0.0
20260818-193713,1787081892087,-0.0
20260818-193713,1787081891995,0.0
20260818-193713,1787081894025,0.0
20260818-193713,1787081893890,-0.0
20260818-193713,1787081894127,0.0
20260818-193713,1787081894063,0.0
20260818-193713,1787081894229,0.0
20260818-193713,1787081894331,0.0
20260818-193713,1787081894433,0.0
20260818-193713,1787081894535,0.0
20260818-193713,1787081894637,0.0
20260818-193713,1787081894739,0.0
20260818-193713,1787081894604,0.0
20260818-193713,1787081894841,0.0
20260818-193713,1787081894943,0.0
20260818-193713,1787081894883,-0.0
20260818-193713,1787081895045,0.0
20260818-193713,1787081895147,-0.0
20260818-193713,1787081895249,0.0
20260818-193713,1787081895351,0.0
20260818-193713,1787081895453,0.0
20260818-193713,1787081895555,0.0
20260818-193713,1787081895657,0.0
20260818-193713,1787081895759,0.0
20260818-193713,1787081895861,0.0
20260818-193713,1787081895963,0.0
20260818-193713,1787081895858,0.0
20260818-193713,1787081896065,0.0
20260818-193713,1787081896167,0.0
20260818-193713,1787081896065,0.0
20260818-193713,1787081896269,0.0
20260818-193713,1787081896371,-0.0
20260818-193713,1787081896473,0.0
20260818-193713,1787081896575,0.0
20260818-193713,1787081896677,0.0
20260818-193713,1787081896779,0.0
20260818-193713,1787081896881,0.0
20260818-193713,1787081896778,0.0
20260818-193713,1787081896983,0.0
20260818-193713,1787081897085,0.0
20260818-193713,1787081897189,0.0
20260818-193713,1787081897291,0.0
20260818-193713,1787081897393,0.0
20260818-193713,1787081897495,0.0
20260818-193713,1787081897597,0.0
20260818-193713,1787081897699,-0.0
20260818-193713,1787081897701,0.0
20260818-193713,1787081897801,0.0
20260818-193713,1787081897903,0.0
20260818-193713,1787081897790,0.0
20260818-193713,1787081898005,0.0
20260818-193713,1787081897973,0.0
20260818-193713,1787081898107,0.0
20260818-193713,1787081898209,0.0
20260818-193713,1787081898065,0.0
20260818-193713,1787081898311,0.0
20260818-193713,1787081898230,0.0
20260818-193713,1787081898413,0.0
20260818-193713,1787081898515,0.0
20260818-193713,1787081898617,0.0
20260818-193713,1787081898719,0.0
20260818-193713,1787081898821,0.0
20260818-193713,1787081898733,-0.0
20260818-193713,1787081898923,0.0
20260818-193713,1787081899025,0.0
20260818-193713,1787081898898,0.0
20260818-193713,1787081899127,-0.0
20260818-193713,1787081899229,0.0
20260818-193713,1787081899331,0.0
20260818-193713,1787081899433,0.0
20260818-193713,1787081899535,0.0
20260818-193713,1787081899637,0.0
20260818-193713,1787081899739,0.0
20260818-193713,1787081899841,0.0
20260818-193713,1787081899943,0.0
20260818-193713,1787081900045,0.0
20260818-193713,1787081899894,0.0
20260818-193713,1787081900147,0.0
20260818-193713,1787081900070,0.0
20260818-193713,1787081900249,0.0
20260818-193713,1787081900194,-0.0
20260818-193713,1787081900351,0.0
20260818-193713,1787081900453,0.0
20260818-193713,1787081900555,0.0
20260818-193713,1787081900657,0.0
20260818-193713,1787081900759,0.0
20260818-193713,1787081900861,0.0
20260818-193713,1787081900963,0.0
20260818-193713,1787081900813,0.0
20260818-193713,1787081901065,0.0
20260818-193713,1787081901167,0.0
20260818-193713,1787081901269,0.0
20260818-193713,1787081901371,0.0
20260818-193713,1787081901298,0.0
20260818-193713,1787081901473,0.0
20260818-193713,1787081901575,0.0
20260818-193713,1787081901677,0.0
20260818-193713,1787081901528,0.0
20260818-193713,1787081901779,0.0
20260818-193713,1787081901881,0.0
20260818-193713,1787081901983,0.0
20260818-193713,1787081901833,-0.0
20260818-193713,1787081902085,-0.0
20260818-193713,1787081902187,0.0
20260818-193713,1787081902069,0.0
20260818-193713,1787081902289,0.0
20260818-193713,1787081902391,0.0
20260818-193713,1787081902493,0.0
20260818-193713,1787081902595,0.0
20260818-193713,1787081902697,-0.0
20260818-193713,1787081902799,0.0
20260818-193713,1787081902901,0.0
20260818-193713,1787081902800,0.0
20260818-193713,1787081903003,-0.0
20260818-193713,1787081903105,0.0
20260818-193713,1787081903207,-0.0
20260818-193713,1787081903309,0.0
20260818-193713,1787081903195,0.0
20260818-193713,1787081903411,-0.0
20260818-193713,1787081903513,-0.0
20260818-193713,1787081903615,-0.0
20260818-193713,1787081903717,0.0
20260818-193713,1787081903819,0.0
20260818-193713,1787081903762,0.0
20260818-193713,1787081903921,0.0
20260818-193713,1787081904023,0.0
20260818-193713,1787081904125,0.0
20260818-193713,1787081904072,0.0
20260818-193713,1787081904227,0.0
20260818-193713,1787081904329,0.0
20260818-193713,1787081904431,0.0
20260818-193713,1787081904533,0.0
20260818-193713,1787081904635,0.0
20260818-193713,1787081904737,0.0
20260818-193713,1787081904839,0.0
20260818-193713,1787081904745,0.0
20260818-193713,1787081904941,0.0
20260818-193713,1787081905043,0.0
20260818-193713,1787081905145,-0.0
20260818-193713,1787081905082,0.0
20260818-193713,1787081905247,0.0
20260818-193713,1787081905349,0.0
20260818-193713,1787081905451,0.0
20260818-193713,1787081905553,0.0
20260818-193713,1787081905655,0.0
20260818-193713,1787081905757,0.0
20260818-193713,1787081905698,0.0
20260818-193713,1787081905859,-0.0
20260818-193713,1787081905961,0.0
20260818-193713,1787081905926,0.0
20260818-193713,1787081906063,0.0
20260818-193713,1787081906165,0.0
20260818-193713,1787081906049,0.0
20260818-193713,1787081906267,0.0
20260818-193713,1787081906196,0.0
20260818-193713,1787081906369,-0.0
20260818-193713,1787081906471,-0.0
20260818-193713,1787081906573,0.0
20260818-193713,1787081906675,0.0
20260818-193713,1787081906777,0.0
20260818-193713,1787081906698,0.0
20260818-193713,1787081906879,-0.0
20260818-193713,1787081906981,0.0
20260818-193713,1787081907083,0.0
20260818-193713,1787081907185,0.0
20260818-193713,1787081908511,-0.0
20260818-193713,1787081908613,0.0
20260818-193713,1787081908715,0.0
20260818-193713,1787081908625,0.0
20260818-193713,1787081908817,0.0
20260818-193713,1787081908919,0.0
20260818-193713,1787081908794,-0.0
20260818-193713,1787081909021,0.0
20260818-193713,1787081909123,0.0
20260818-193713,1787081909019,0.0
20260818-193713,1787081909225,0.0
20260818-193713,1787081909327,0.0
20260818-193713,1787081909429,0.0
20260818-193713,1787081909531,0.0
20260818-193713,1787081909633,0.0
20260818-193713,1787081909735,-0.0
20260818-193713,1787081909620,-0.0
20260818-193713,1787081909837,0.0
20260818-193713,1787081909939,-0.0
20260818-193713,1787081910041,0.0
20260818-193713,1787081910143,0.0
20260818-193713,1787081910074,0.0
20260818-193713,1787081910245,0.0
20260818-193713,1787081910347,0.0
20260818-193713,1787081910227,0.0
20260818-193713,1787081910449,0.0
20260818-193713,1787081910357,0.0
20260818-193713,1787081911265,0.0
20260818-193713,1787081911367,-0.0
20260818-193713,1787081911469,0.0
20260818-193713,1787081911455,0.0
20260818-193713,1787081911571,0.0
20260818-193713,1787081911673,0.0
20260818-193713,1787081911563,0.0
20260818-193713,1787081912591,0.0
20260818-193713,1787081912693,0.0
20260818-193713,1787081912553,-0.0
20260818-193713,1787081912795,0.0
20260818-193713,1787081916671,0.0
20260818-193713,1787081916567,0.0
20260818-193713,1787081916773,0.0
20260818-193713,1787081916875,0.0
20260818-193713,1787081916977,0.0
20260818-193713,1787081917079,-0.0
20260818-193713,1787081917181,0.0
20260818-193713,1787081917055,0.0
20260818-193713,1787081917283,-0.0
20260818-193713,1787081917385,0.0
20260818-193713,1787081917487,0.0
20260818-193713,1787081917589,0.0
20260818-193713,1787081917691,-0.0
20260818-193713,1787081917550,0.0
20260818-193713,1787081924015,0.0
20260818-193713,1787081924117,0.0
20260818-193713,1787081924219,0.0
20260818-193713,1787081924076,0.0
20260818-193713,1787081924321,0.0
20260818-193713,1787081924423,0.0
20260818-193713,1787081924525,0.0
20260818-193713,1787081924450,-0.0
20260818-193713,1787081924627,0.0
20260818-193713,1787081924729,0.0
20260818-193713,1787081924933,0.0
20260818-193713,1787081925035,0.0
20260818-193713,1787081925137,0.0
20260818-193713,1787081925239,0.0
20260818-193713,1787081925341,0.0
20260818-193713,1787081925443,0.0
20260818-193713,1787081925350,0.0
20260818-193713,1787081925545,0.0
20260818-193713,1787081925647,0.0
20260818-193713,1787081925496,0.0
20260818-193713,1787081925749,0.0
20260818-193713,1787081925851,0.0
20260818-193713,1787081925953,0.0
20260818-193713,1787081926055,0.0
20260818-193713,1787081926157,0.0
20260818-193713,1787081926077,0.0
20260818-193713,1787081926259,0.0
20260818-193713,1787081926361,0.0
20260818-193713,1787081926463,0.0
20260818-193713,1787081926565,0.0
20260818-193713,1787081926469,0.0
20260818-193713,1787081926667,0.0
20260818-193713,1787081926769,0.0
20260818-193713,1787081926871,0.0
20260818-193713,1787081926973,0.0
20260818-193713,1787081927075,0.0
20260818-193713,1787081927177,0.0
20260818-193713,1787081927279,0.0
20260818-193713,1787081927381,0.0
20260818-193713,1787081927483,0.0
20260818-193713,1787081927585,0.0
20260818-193713,1787081927459,0.0
20260818-193713,1787081927687,0.0
20260818-193713,1787081927789,0.0
20260818-193713,1787081927891,0.0
20260818-193713,1787081927993,0.0
20260818-193713,1787081928095,-0.0
20260818-193713,1787081928197,0.0
20260818-193713,1787081928084,0.0
20260818-193713,1787081928299,-0.0
20260818-193713,1787081928401,0.0
20260818-193713,1787081928503,0.0
20260818-193713,1787081928415,-0.0
20260818-193713,1787081928605,0.0
20260818-193713,1787081928707,0.0
20260818-193713,1787081928809,0.0
20260818-193713,1787081928911,0.0
20260818-193713,1787081929013,0.0
20260818-193713,1787081929115,0.0
20260818-193713,1787081929217,0.0
20260818-193713,1787081929072,-0.0
20260818-193713,1787081929319,0.0
20260818-193713,1787081929421,0.0
20260818-193713,1787081929523,0.0
20260818-193713,1787081929401,0.0
20260818-193713,1787081929625,0.0
20260818-193713,1787081929727,0.0
20260818-193713,1787081929829,0.0
20260818-193713,1787081929931,0.0
20260818-193713,1787081929784,0.0
20260818-193713,1787081930033,0.0
20260818-193713,1787081930135,0.0
20260818-193713,1787081930237,0.0
20260818-193713,1787081930085,-0.0
20260818-193713,1787081930339,0.0
20260818-193713,1787081930441,0.0
20260818-193713,1787081930325,0.0
20260818-193713,1787081930543,0.0
20260818-193713,1787081930645,0.0
20260818-193713,1787081930522,0.0
20260818-193713,1787081932889,0.0
20260818-193713,1787081932991,0.0
20260818-193713,1787081933093,0.0
20260818-193713,1787081933195,0.0
20260818-193713,1787081933297,0.0
20260818-193713,1787081933399,0.0
20260818-193713,1787081933501,0.0
20260818-193713,1787081933352,0.0
20260818-193713,1787081937989,0.0
20260818-193713,1787081949107,0.0
20260818-193713,1787081949209,0.0
20260818-193713,1787081949311,-0.0
20260818-193713,1787081949413,0.0
20260818-193713,1787081949515,0.0
20260818-193713,1787081949617,0.0
20260818-193713,1787081949473,0.0
20260818-193713,1787081949719,0.0
20260818-193713,1787081949821,0.0
20260818-193713,1787081949923,0.0
20260818-193713,1787081950025,0.0
20260818-193713,1787081950127,-0.0
20260818-193713,1787081950229,0.0
20260818-193713,1787081950090,0.0
20260818-193713,1787081950331,0.0
20260818-193713,1787081950433,0.0
20260818-193713,1787081950535,0.0
20260818-193713,1787081950430,0.0
20260818-193713,1787081950637,-0.0
20260818-193713,1787081950739,0.0
20260818-193713,1787081950841,0.0
20260818-193713,1787081950943,0.0
20260818-193713,1787081951045,0.0
20260818-193713,1787081951147,0.0
20260818-193713,1787081951096,0.0
20260818-193713,1787081951249,0.0
20260818-193713,1787081951351,-0.0
20260818-193713,1787081951453,0.0
20260818-193713,1787081951394,0.0
20260818-193713,1787081951555,0.0
20260818-193713,1787081951657,0.0
20260818-193713,1787081951759,0.0
20260818-193713,1787081951861,0.0
20260818-193713,1787081951963,0.0
20260818-193713,1787081952065,0.0
20260818-193713,1787081952090,-0.0
20260818-193713,1787081952167,-0.0
20260818-193713,1787081952269,0.0
20260818-193713,1787081952136,0.0
20260818-193713,1787081952371,0.0
20260818-193713,1787081952473,0.0
20260818-193713,1787081952411,0.0
20260818-193713,1787081952575,0.0
20260818-193713,1787081952677,0.0
20260818-193713,1787081952779,0.0
20260818-193713,1787081952881,0.0
20260818-193713,1787081952983,0.0
20260818-193713,1787081953085,0.0
20260818-193713,1787081953187,0.0
20260818-193713,1787081953289,0.0
20260818-193713,1787081953391,0.0
20260818-193713,1787081953493,0.0
20260818-193713,1787081953433,0.0
20260818-193713,1787081953595,0.0
20260818-193713,1787081953697,0.0
20260818-193713,1787081953799,0.0
20260818-193713,1787081953901,0.0
20260818-193713,1787081954003,0.0
20260818-193713,1787081954105,-0.0
20260818-193713,1787081954207,0.0
20260818-193713,1787081954090,-0.0
20260818-193713,1787081954309,0.0
20260818-193713,1787081954411,0.0
20260818-193713,1787081954513,0.0
20260818-193713,1787081954451,-0.0
20260818-193713,1787081954615,0.0
20260818-193713,1787081954717,0.0
20260818-193713,1787081954644,0.0
20260818-193713,1787081954819,-0.0
20260818-193713,1787081954921,0.0
20260818-193713,1787081955023,0.0
20260818-193713,1787081955125,0.0
20260818-193713,1787081955227,0.0
20260818-193713,1787081955329,0.0
20260818-193713,1787081955431,0.0
20260818-193713,1787081955533,0.0
20260818-193713,1787081955402,0.0
20260818-193713,1787081955635,0.0
20260818-193713,1787081955737,-0.0
20260818-193713,1787081955839,0.0
20260818-193713,1787081955941,-0.0
20260818-193713,1787081956043,0.0
20260818-193713,1787081955953,0.0
20260818-193713,1787081956145,0.0
20260818-193713,1787081956091,-0.0
20260818-193713,1787081956247,0.0
20260818-193713,1787081956349,0.0
20260818-193713,1787081956451,0.0
20260818-193713,1787081956553,0.0
20260818-193713,1787081956477,0.0
20260818-193713,1787081956655,0.0
20260818-193713,1787081956757,-0.0
20260818-193713,1787081956859,0.0
20260818-193713,1787081956961,0.0
20260818-193713,1787081957063,0.0
20260818-193713,1787081957165,0.0
20260818-193713,1787081957267,0.0
20260818-193713,1787081957369,0.0
20260818-193713,1787081957471,-0.0
20260818-193713,1787081957573,0.0
20260818-193713,1787081957435,0.0
20260818-193713,1787081957675,0.0
20260818-193713,1787081957777,0.0
20260818-193713,1787081957879,0.0
20260818-193713,1787081957981,0.0
20260818-193713,1787081957914,0.0
20260818-193713,1787081958083,0.0
20260818-193713,1787081958185,0.0
20260818-193713,1787081958091,0.0
20260818-193713,1787081958287,0.0
20260818-193713,1787081958389,0.0
20260818-193713,1787081958491,0.0
20260818-193713,1787081958436,0.0
20260818-193713,1787081958593,0.0
20260818-193713,1787081958695,0.0
20260818-193713,1787081958797,0.0
20260818-193713,1787081958899,0.0
20260818-193713,1787081958833,0.0
20260818-193713,1787081959001,0.0
20260818-193713,1787081959103,0.0
20260818-193713,1787081958980,-0.0
20260818-193713,1787081959205,0.0
20260818-193713,1787081959307,-0.0
20260818-193713,1787081959409,0.0
20260818-193713,1787081959407,-0.0
20260818-193713,1787081959511,0.0
20260818-193713,1787081959437,0.0
20260818-193713,1787081959613,0.0
20260818-193713,1787081959715,0.0
20260818-193713,1787081959817,-0.0
20260818-193713,1787081959919,0.0
20260818-193713,1787081959832,0.0
20260818-193713,1787081959947,0.0
20260818-193713,1787081960021,0.0
20260818-193713,1787081959966,-0.0
20260818-193713,1787081960123,0.0
20260818-193713,1787081960225,0.0
20260818-193713,1787081960092,0.0
20260818-193713,1787081960327,0.0
20260818-193713,1787081960429,-0.0
20260818-193713,1787081960531,0.0
20260818-193713,1787081960407,0.0
20260818-193713,1787081960633,0.0
20260818-193713,1787081960735,0.0
20260818-193713,1787081960837,0.0
20260818-193713,1787081960939,0.0
20260818-193713,1787081961041,0.0
20260818-193713,1787081961143,0.0
20260818-193713,1787081961082,0.0
20260818-193713,1787081961245,0.0
20260818-193713,1787081961347,0.0
20260818-193713,1787081961449,0.0
20260818-193713,1787081961551,0.0
20260818-193713,1787081961439,0.0
20260818-193713,1787081961653,0.0
20260818-193713,1787081961755,0.0
20260818-193713,1787081961857,0.0
20260818-193713,1787081961959,0.0
20260818-193713,1787081962061,0.0
20260818-193713,1787081962163,-0.0
20260818-193713,1787081962092,0.0
20260818-193713,1787081962265,0.0
20260818-193713,1787081962367,0.0
20260818-193713,1787081962469,0.0
20260818-193713,1787081962401,0.0
20260818-193713,1787081962571,-0.0
20260818-193713,1787081962673,0.0
20260818-193713,1787081962775,0.0
20260818-193713,1787081962877,0.0
20260818-193713,1787081962979,0.0
20260818-193713,1787081963081,0.0
20260818-193713,1787081963183,-0.0
20260818-193713,1787081963285,0.0
20260818-193713,1787081963387,0.0
20260818-193713,1787081963489,0.0
20260818-193713,1787081963393,0.0
20260818-193713,1787081963591,-0.0
20260818-193713,1787081963693,0.0
20260818-193713,1787081963795,0.0
20260818-193713,1787081963897,0.0
20260818-193713,1787081963832,0.0
20260818-193713,1787081963999,0.0
20260818-193713,1787081964101,0.0
20260818-193713,1787081964203,0.0
20260818-193713,1787081964091,0.0
20260818-193713,1787081964305,-0.0
20260818-193713,1787081964223,0.0
20260818-193713,1787081964407,0.0
20260818-193713,1787081964320,0.0
20260818-193713,1787081964509,0.0
20260818-193713,1787081964611,0.0
20260818-193713,1787081964491,0.0
20260818-193713,1787081968487,0.0
20260818-193713,1787081968334,0.0
20260818-193713,1787081968589,0.0
20260818-193713,1787081968691,0.0
20260818-193713,1787081968793,0.0
20260818-193713,1787081968895,0.0
20260818-193713,1787081976137,0.0
20260818-193713,1787081976044,0.0
20260818-193713,1787081976239,0.0
20260818-193713,1787081976341,0.0
20260818-193713,1787081976227,0.0
20260818-193713,1787081976443,0.0
20260818-193713,1787081976545,0.0
20260818-193713,1787081976647,0.0
20260818-193713,1787081976749,0.0
20260818-193713,1787081976851,0.0
20260818-193713,1787081976953,0.0
20260818-193713,1787081977055,0.0
20260818-193713,1787081977157,0.0
20260818-193713,1787081977259,0.0
20260818-193713,1787081977186,0.0
20260818-193713,1787081977565,0.0
20260818-193713,1787082000983,0.0
20260818-193713,1787082001229,0.0
20260818-193713,1787082001165,0.0
20260818-193713,1787082001331,0.0
20260818-193713,1787082001433,0.0
20260818-193713,1787082001535,0.0
20260818-193713,1787082001637,0.0
20260818-193713,1787082001739,0.0
20260818-193713,1787082001841,0.0
20260818-193713,1787082001721,0.0
20260818-193713,1787082001943,0.0
20260818-193713,1787082002045,0.0
20260818-193713,1787082002147,0.0
20260818-193713,1787082002036,0.0
20260818-193713,1787082002249,-0.0
20260818-193713,1787082002173,0.0
20260818-193713,1787082002351,0.0
20260818-193713,1787082002453,0.0
20260818-193713,1787082002555,0.0
20260818-193713,1787082002657,0.0
20260818-193713,1787082002759,0.0
20260818-193713,1787082002861,0.0
20260818-193713,1787082002963,0.0
20260818-193713,1787082003065,0.0
20260818-193713,1787082003167,0.0
20260818-193713,1787082003269,0.0
20260818-193713,1787082003171,0.0
20260818-193713,1787082003371,0.0
20260818-193713,1787082003473,0.0
20260818-193713,1787082003364,0.0
20260818-193713,1787082003575,0.0
20260818-193713,1787082003677,0.0
20260818-193713,1787082003779,0.0
20260818-193713,1787082003881,0.0
20260818-193713,1787082003983,0.0
20260818-193713,1787082004085,-0.0
20260818-193713,1787082004187,0.0
20260818-193713,1787082004111,0.0
20260818-193713,1787082004289,0.0
20260818-193713,1787082004391,0.0
20260818-193713,1787082004493,0.0
20260818-193713,1787082004595,-0.0
20260818-193713,1787082004697,-0.0
20260818-193713,1787082004799,-0.0
20260818-193713,1787082004901,0.0
20260818-193713,1787082005003,0.0
20260818-193713,1787082005105,0.0
20260818-193713,1787082005019,0.0
20260818-193713,1787082007145,0.0
20260818-193713,1787082007247,0.0
20260818-193713,1787082007164,0.0
20260818-193713,1787082007349,0.0
20260818-193713,1787082007451,0.0
20260818-193713,1787082007553,0.0
20260818-193713,1787082007655,0.0
20260818-193713,1787082007757,0.0
20260818-193713,1787082007859,-0.015458327827203838
20260818-193713,1787082007961,0.37099986783264677
20260818-193713,1787082008063,-0.9429579974054465
20260818-193713,1787082007917,-0.37099986783264677
20260818-193713,1787082008165,-0.9429579974054465
20260818-193713,1787082008267,-0.9429579974054465
20260818-193713,1787082008369,-0.9275011033398542
20260818-193713,1787082008326,0.9275011033398542
20260818-193713,1787082008369,0.9275011033398542
20260818-193713,1787082008371,-0.9275011033398542
20260818-193713,1787082008371,-0.9275011033398542
20260818-193713,1787082008371,0.9275011033398542
20260818-193713,1787082008371,-0.9275011033398542
20260818-193713,1787082008371,-0.9275011033398542
20260818-193713,1787082008371,-0.9275011033398542
20260818-193713,1787082008371,0.9275011033398542
20260818-193713,1787082008371,-0.9275011033398542
20260818-193713,1787082008371,-0.9275011033398542
20260818-193713,1787082008371,-0.9275011033398542
20260818-193713,1787082008371,-0.9275011033398542
20260818-193713,1787082008371,-0.9275011033398542
20260818-193713,1787082008371,-0.9275011033398542
20260818-193713,1787082008371,-0.9275011033398542
20260818-193713,1787082008371,-0.9275011033398542
20260818-193713,1787082008371,-0.9275011033398542
20260818-193713,1787082008471,-0.571979349999125
20260818-193713,1787082008373,-0.571979349999125
20260818-193713,1787082008491,-0.571979349999125
20260818-193713,1787082008492,-0.571979349999125
20260818-193713,1787082008492,0.571979349999125
20260818-193713,1787082008492,-0.571979349999125
20260818-193713,1787082008492,-0.571979349999125
20260818-193713,1787082008495,-0.571979349999125
20260818-193713,1787082008496,-0.571979349999125
20260818-193713,1787082008496,-0.571979349999125
20260818-193713,1787082008496,-0.571979349999125
20260818-193713,1787082008496,-0.571979349999125
20260818-193713,1787082008496,-0.571979349999125
20260818-193713,1787082008496,-0.571979349999125
20260818-193713,1787082008503,-0.571979349999125
20260818-193713,1787082008503,-0.571979349999125
20260818-193713,1787082008506,-0.571979349999125
20260818-193713,1787082008506,-0.571979349999125
20260818-193713,1787082008506,-0.571979349999125
20260818-193713,1787082008508,-0.571979349999125
20260818-193713,1787082008515,-0.571979349999125
20260818-193713,1787082008515,-0.571979349999125
20260818-193713,1787082008515,-0.571979349999125
20260818-193713,1787082008515,-0.571979349999125
20260818-193713,1787082008573,0.0
20260818-193713,1787082008675,0.0
20260818-193713,1787082008518,0.0
20260818-193713,1787082008674,0.0
20260818-193713,1787082008704,0.0
20260818-193713,1787082008777,0.0
20260818-193713,1787082008721,0.0
20260818-194015,1787082017888,-0.0
20260818-194015,1787082018467,-0.0
20260818-194015,1787082018569,-0.0
20260818-194015,1787082018671,-0.0
20260818-194015,1787082018773,-0.0
20260818-194015,1787082018875,-0.0
20260818-194015,1787082018977,-0.0
20260818-194015,1787082018830,-0.0
20260818-194015,1787082019079,-0.0
20260818-194015,1787082019181,-0.0
20260818-194015,1787082019283,-0.0
20260818-194015,1787082019121,-0.0
20260818-194015,1787082019385,-0.0
20260818-194015,1787082019280,-0.0
20260818-194015,1787082019487,-0.0
20260818-194015,1787082019589,-0.0
20260818-194015,1787082019691,-0.0
20260818-194015,1787082019793,-0.0
20260818-194015,1787082019895,-0.0
20260818-194015,1787082019791,-0.0
20260818-194015,1787082019997,-0.0
20260818-194015,1787082020099,-0.0
20260818-194015,1787082020201,-0.0
20260818-194015,1787082020303,-0.0
20260818-194015,1787082020227,-0.0
20260818-194015,1787082020405,-0.0
20260818-194015,1787082020507,-0.0
20260818-194015,1787082020609,-0.0
20260818-194015,1787082020711,-0.0
20260818-194015,1787082020813,-0.0
20260818-194015,1787082020915,-0.0
20260818-194015,1787082020829,-0.0
20260818-194015,1787082021017,-0.0
20260818-194015,1787082021119,-0.0
20260818-194015,1787082021221,-0.0
20260818-194015,1787082021323,-0.0
20260818-194015,1787082021425,-0.0
20260818-194015,1787082021527,-0.0
20260818-194015,1787082021629,-0.0
20260818-194015,1787082021731,-0.0
20260818-194015,1787082021833,-0.0
20260818-194015,1787082021935,-0.0
20260818-194015,1787082021819,-0.0
20260818-194015,1787082022037,-0.0
20260818-194015,1787082021946,-0.0
20260818-194015,1787082022139,-0.0
20260818-194015,1787082022241,-0.0
20260818-194015,1787082022343,-0.0
20260818-194015,1787082022445,-0.0
20260818-194015,1787082022547,-0.0
20260818-194015,1787082022649,-0.0
20260818-194015,1787082022751,-0.0
20260818-194015,1787082022853,-0.0
20260818-194015,1787082022955,-0.0
20260818-194015,1787082022805,-0.0
20260818-194015,1787082023057,-0.0
20260818-194015,1787082023159,-0.0
20260818-194015,1787082023261,-0.0
20260818-194015,1787082023363,-0.0
20260818-194015,1787082023465,-0.0
20260818-194015,1787082023567,-0.0
20260818-194015,1787082023669,-0.0
20260818-194015,1787082023771,-0.0
20260818-194015,1787082023873,-0.0
20260818-194015,1787082023790,-0.0
20260818-194015,1787082023975,-0.0
20260818-194015,1787082024077,-0.0
20260818-194015,1787082024179,-0.0
20260818-194015,1787082024281,-0.0
20260818-194015,1787082024383,-0.0
20260818-194015,1787082024485,-0.0
20260818-194015,1787082024393,-0.0
20260818-194015,1787082024587,-0.0
20260818-194015,1787082024689,-0.0
20260818-194015,1787082024791,-0.0
20260818-194015,1787082024746,-0.0
20260818-194015,1787082024893,-0.0
20260818-194015,1787082024995,-0.0
20260818-194015,1787082024829,-0.0
20260818-194015,1787082025097,-0.0
20260818-194015,1787082025199,-0.0
20260818-194015,1787082025301,-0.0
20260818-194015,1787082025403,-0.0
20260818-194015,1787082025505,-0.0
20260818-194015,1787082025607,-0.0
20260818-194015,1787082025709,-0.0
20260818-194015,1787082025811,-0.0
20260818-194015,1787082025701,-0.0
20260818-194015,1787082025913,-0.0
20260818-194015,1787082026015,-0.0
20260818-194015,1787082026117,-0.0
20260818-194015,1787082026219,-0.0
20260818-194015,1787082026123,-0.0
20260818-194015,1787082026321,-0.0
20260818-194015,1787082026423,-0.0
20260818-194015,1787082026525,-0.0
20260818-194015,1787082026627,-0.0
20260818-194015,1787082026729,-0.0
20260818-194015,1787082026831,-0.0
20260818-194015,1787082026721,-0.0
20260818-194015,1787082026933,-0.0
20260818-194015,1787082027035,-0.0
20260818-194015,1787082027137,-0.0
20260818-194015,1787082027239,-0.0
20260818-194015,1787082027341,-0.0
20260818-194015,1787082027443,-0.0
20260818-194015,1787082027545,-0.0
20260818-194015,1787082027647,-0.0
20260818-194015,1787082027749,-0.0
20260818-194015,1787082027851,-0.0
20260818-194015,1787082027702,-0.0
20260818-194015,1787082027953,-0.0
20260818-194015,1787082028055,-0.0
20260818-194015,1787082028157,-0.0
20260818-194015,1787082028259,-0.0
20260818-194015,1787082028361,-0.0
20260818-194015,1787082028234,-0.0
20260818-194015,1787082028463,-0.0
20260818-194015,1787082028565,-0.0
20260818-194015,1787082028498,-0.0
20260818-194015,1787082028667,-0.0
20260818-194015,1787082028769,-0.0
20260818-194015,1787082028871,-0.0
20260818-194015,1787082028725,-0.0
20260818-194015,1787082028973,-0.0
20260818-194015,1787082029075,-0.0
20260818-194015,1787082029177,-0.0
20260818-194015,1787082029279,-0.0
20260818-194015,1787082029381,-0.0
20260818-194015,1787082029483,-0.0
20260818-194015,1787082029585,-0.0
20260818-194015,1787082029687,-0.0
20260818-194015,1787082029789,-0.0
20260818-194015,1787082029891,-0.0
20260818-194015,1787082029766,-0.0
20260818-194015,1787082029993,-0.0
20260818-194015,1787082030095,-0.0
20260818-194015,1787082030197,-0.0
20260818-194015,1787082030299,-0.0
20260818-194015,1787082030401,-0.0
20260818-194015,1787082030503,-0.0
20260818-194015,1787082030605,-0.0
20260818-194015,1787082030500,-0.0
20260818-194015,1787082030707,-0.0
20260818-194015,1787082030809,-0.0
20260818-194015,1787082030724,-0.0
20260818-194015,1787082030911,-0.0
20260818-194015,1787082031013,-0.0
20260818-194015,1787082031115,-0.0
20260818-194015,1787082031217,-0.0
20260818-194015,1787082031319,-0.0
20260818-194015,1787082031421,-0.0
20260818-194015,1787082031523,-0.0
20260818-194015,1787082031625,-0.0
20260818-194015,1787082031727,-0.0
20260818-194015,1787082031829,-0.0
20260818-194015,1787082031693,-0.0
20260818-194015,1787082031931,-0.0
20260818-194015,1787082032033,-0.0
20260818-194015,1787082032135,-0.0
20260818-194015,1787082032237,-0.0
20260818-194015,1787082032339,-0.0
20260818-194015,1787082032441,-0.0
20260818-194015,1787082032543,-0.0
20260818-194015,1787082032645,-0.0
20260818-194015,1787082032747,-0.0
20260818-194015,1787082032849,-0.0
20260818-194015,1787082032730,-0.0
20260818-194015,1787082032951,-0.0
20260818-194015,1787082033053,-0.0
20260818-194015,1787082033155,-0.0
20260818-194015,1787082033257,-0.0
20260818-194015,1787082033359,-0.0
20260818-194015,1787082033461,-0.0
20260818-194015,1787082033333,-0.0
20260818-194015,1787082033563,-0.0
20260818-194015,1787082033665,-0.0
20260818-194015,1787082033767,-0.0
20260818-194015,1787082033707,-0.0
20260818-194015,1787082033869,-0.0
20260818-194015,1787082033971,-0.0
20260818-194015,1787082033821,-0.0
20260818-194015,1787082034073,-0.0
20260818-194015,1787082034175,-0.0
20260818-194015,1787082034098,-0.0
20260818-194015,1787082034277,-0.0
20260818-194015,1787082034379,-0.0
20260818-194015,1787082034481,-0.0
20260818-194015,1787082034583,-0.0
20260818-194015,1787082034685,-0.0
20260818-194015,1787082034787,-0.0
20260818-194015,1787082034649,-0.0
20260818-194015,1787082034889,-0.0
20260818-194015,1787082034991,-0.0
20260818-194015,1787082034848,-0.0
20260818-194015,1787082035093,-0.0
20260818-194015,1787082035195,-0.0
20260818-194015,1787082035297,-0.0
20260818-194015,1787082035399,-0.0
20260818-194015,1787082035501,-0.0
20260818-194015,1787082035603,-0.0
20260818-194015,1787082035705,-0.0
20260818-194015,1787082035634,-0.0
20260818-194015,1787082035807,-0.0
20260818-194015,1787082035909,-0.0
20260818-194015,1787082036011,-0.0
20260818-194015,1787082036113,-0.0
20260818-194015,1787082036215,-0.0
20260818-194015,1787082036317,-0.0
20260818-194015,1787082036419,-0.0
20260818-194015,1787082036521,-0.0
20260818-194015,1787082036623,-0.0
20260818-194015,1787082036725,-0.0
20260818-194015,1787082036827,-0.0
20260818-194015,1787082036666,-0.0
20260818-194015,1787082036929,-0.0
20260818-194015,1787082036942,-0.0
20260818-194015,1787082037031,-0.0
20260818-194015,1787082037133,-0.0
20260818-194015,1787082037007,-0.0
20260818-194015,1787082037235,-0.0
20260818-194015,1787082037337,-0.0
20260818-194015,1787082037439,-0.0
20260818-194015,1787082037541,-0.0
20260818-194015,1787082037643,-0.0
20260818-194015,1787082037745,-0.0
20260818-194015,1787082037674,-0.0
20260818-194015,1787082037847,-0.0
20260818-194015,1787082037949,-0.0
20260818-194015,1787082038051,-0.0
20260818-194015,1787082038153,-0.0
20260818-194015,1787082038255,-0.0
20260818-194015,1787082038171,-0.0
20260818-194015,1787082038357,-0.0
20260818-194015,1787082038459,-0.0
20260818-194015,1787082038561,-0.0
20260818-194015,1787082038663,-0.0
20260818-194015,1787082038516,-0.0
20260818-194015,1787082038765,-0.0
20260818-194015,1787082038669,-0.0
20260818-194015,1787082038867,-0.0
20260818-194015,1787082038969,-0.0
20260818-194015,1787082038844,-0.0
20260818-194015,1787082039071,-0.0
20260818-194015,1787082039173,-0.0
20260818-194015,1787082039275,-0.0
20260818-194015,1787082039377,-0.0
20260818-194015,1787082039479,-0.0
20260818-194015,1787082039581,-0.0
20260818-194015,1787082039683,-0.0
20260818-194015,1787082039597,-0.0
20260818-194015,1787082039785,-0.0
20260818-194015,1787082039887,-0.0
20260818-194015,1787082039989,-0.0
20260818-194015,1787082040091,-0.0
20260818-194015,1787082040193,-0.0
20260818-194015,1787082040295,-0.0
20260818-194015,1787082040397,-0.0
20260818-194015,1787082040499,-0.0
20260818-194015,1787082040601,-0.0
20260818-194015,1787082040703,-0.0
20260818-194015,1787082040805,-0.0
20260818-194015,1787082040673,-0.0
20260818-194015,1787082040907,-0.0
20260818-194015,1787082040841,-0.0
20260818-194015,1787082041009,-0.0
20260818-194015,1787082040905,-0.0
20260818-194015,1787082041111,-0.0
20260818-194015,1787082041024,-0.0
20260818-194015,1787082041213,-0.0
20260818-194015,1787082041315,-0.0
20260818-194015,1787082041417,-0.0
20260818-194015,1787082041519,-0.0
20260818-194015,1787082041621,-0.0
20260818-194015,1787082041485,-0.0
20260818-194015,1787082041723,-0.0
20260818-194015,1787082041664,-0.0
20260818-194015,1787082041825,-0.0
20260818-194015,1787082041723,-0.0
20260818-194015,1787082041927,-0.0
20260818-194015,1787082041834,-0.0
20260818-194015,1787082042029,-0.0
20260818-194015,1787082042131,-0.0
20260818-194015,1787082042233,-0.0
20260818-194015,1787082042335,-0.0
20260818-194015,1787082042173,-0.0
20260818-194015,1787082042437,-0.0
20260818-194015,1787082042539,-0.0
20260818-194015,1787082042641,-0.0
20260818-194015,1787082042743,-0.0
20260818-194015,1787082042608,-0.0
20260818-194015,1787082042845,-0.0
20260818-194015,1787082042947,-0.0
20260818-194015,1787082043049,-0.0
20260818-194015,1787082043151,-0.0
20260818-194015,1787082043023,-0.0
20260818-194015,1787082043253,-0.0
20260818-194015,1787082043355,-0.0
20260818-194015,1787082043457,-0.0
20260818-194015,1787082043395,-0.0
20260818-194015,1787082043559,-0.0
20260818-194015,1787082043661,-0.0
20260818-194015,1787082043581,-0.0
20260818-194015,1787082043763,-0.0
20260818-194015,1787082043865,-0.0
20260818-194015,1787082043967,-0.0
20260818-194015,1787082044069,-0.0
20260818-194015,1787082043941,-0.0
20260818-194015,1787082044171,-0.0
20260818-194015,1787082044273,-0.0
20260818-194015,1787082044375,-0.0
20260818-194015,1787082044477,-0.0
20260818-194015,1787082044579,-0.0
20260818-194015,1787082044681,-0.0
20260818-194015,1787082044612,-0.0
20260818-194015,1787082044783,-0.0
20260818-194015,1787082044885,-0.0
20260818-194015,1787082044987,-0.0
20260818-194015,1787082045024,-0.0
20260818-194015,1787082045089,-0.0
20260818-194015,1787082045191,-0.0
20260818-194015,1787082045034,-0.0
20260818-194015,1787082045293,0.4019544260966235
20260818-194015,1787082045227,0.4019544260966235
20260818-194015,1787082045395,1.2677024207700813
20260818-194015,1787082045497,1.2677024207700813
20260818-194015,1787082045599,1.2677024207700813
20260818-194015,1787082045701,1.2677024207700813
20260818-194015,1787082045612,1.2677024207700813
20260818-194015,1787082045803,0.8657827951961145
20260818-194015,1787082045801,0.8657827951961145
20260818-194015,1787082045802,0.8657827951961145
20260818-194015,1787082045802,0.8657827951961145
20260818-194015,1787082045802,0.8657827951961145
20260818-194015,1787082045802,0.8657827951961145
20260818-194015,1787082045802,0.8657827951961145
20260818-194015,1787082045802,0.8657827951961145
20260818-194015,1787082045802,0.8657827951961145
20260818-194015,1787082045802,0.8657827951961145
20260818-194015,1787082045802,0.8657827951961145
20260818-194015,1787082045802,0.8657827951961145
20260818-194015,1787082045802,0.8657827951961145
20260818-194015,1787082045802,0.8657827951961145
20260818-194015,1787082045802,0.8657827951961145
20260818-194015,1787082045802,0.8657827951961145
20260818-194015,1787082045802,0.8657827951961145
20260818-194015,1787082045802,0.8657827951961145
20260818-194015,1787082045802,0.8657827951961145
20260818-194015,1787082045805,0.8657827951961145
20260818-194015,1787082045807,0.8657827951961145
20260818-194015,1787082045807,0.8657827951961145
20260818-194015,1787082045807,0.8657827951961145
20260818-194015,1787082045807,0.8657827951961145
20260818-194015,1787082045807,0.8657827951961145
20260818-194015,1787082045807,0.8657827951961145
20260818-194015,1787082045807,0.8657827951961145
20260818-194015,1787082045816,0.8657827951961145
20260818-194015,1787082045816,0.8657827951961145
20260818-194015,1787082045820,0.8657827951961145
20260818-194015,1787082045820,0.8657827951961145
20260818-194015,1787082045820,0.8657827951961145
20260818-194015,1787082045820,0.8657827951961145
20260818-194015,1787082045822,0.8657827951961145
20260818-194015,1787082045825,0.8657827951961145
20260818-194015,1787082045826,0.8657827951961145
20260818-194015,1787082045830,0.8657827951961145
20260818-194015,1787082045832,0.8657827951961145
20260818-194015,1787082045832,0.8657827951961145
20260818-194015,1787082045837,0.8657827951961145
20260818-194015,1787082045837,0.8657827951961145
20260818-194015,1787082045838,0.8657827951961145
20260818-194015,1787082045838,0.8657827951961145
20260818-194015,1787082045838,0.8657827951961145
20260818-194015,1787082045838,0.8657827951961145
20260818-194015,1787082045838,0.8657827951961145
20260818-194015,1787082045838,0.8657827951961145
20260818-194015,1787082045838,0.8657827951961145
20260818-194015,1787082045838,0.8657827951961145
20260818-194015,1787082045838,0.8657827951961145
20260818-194015,1787082045838,0.8657827951961145
20260818-194015,1787082045838,0.8657827951961145
20260818-194015,1787082045838,0.8657827951961145
20260818-194015,1787082045855,-0.0
20260818-194015,1787082045855,-0.0
20260818-194015,1787082045855,-0.0
20260818-194015,1787082045855,-0.0
20260818-194015,1787082045855,-0.0
20260818-194015,1787082045855,-0.0
20260818-194015,1787082045855,-0.0
20260818-194015,1787082045855,-0.0
20260818-194015,1787082045855,-0.0
20260818-194015,1787082045855,-0.0
20260818-194015,1787082045855,-0.0
20260818-194015,1787082045855,-0.0
20260818-194015,1787082045905,-0.0
20260818-194015,1787082045855,-0.0
20260818-194015,1787082046007,-0.0
20260818-194015,1787082046109,-0.0
20260818-194015,1787082046211,-0.0
20260818-194015,1787082046313,-0.0
20260818-194015,1787082046415,-0.0
20260818-194015,1787082046517,-0.0
20260818-194015,1787082046619,-0.0
20260818-194015,1787082046721,-0.0
20260818-194015,1787082046569,-0.0
20260818-194015,1787082046823,-0.0
20260818-194015,1787082046925,-0.0
20260818-194015,1787082047027,-0.0
20260818-194015,1787082047129,-0.0
20260818-194015,1787082047231,-0.0
20260818-194015,1787082047333,-0.0
20260818-194015,1787082047435,-0.0
20260818-194015,1787082047537,-0.0
20260818-194015,1787082047639,-0.0
20260818-194015,1787082047492,-0.0
20260818-194015,1787082047741,-0.0
20260818-194015,1787082047843,-0.0
20260818-194015,1787082047945,-0.0
20260818-194015,1787082048047,-0.0
20260818-194015,1787082048149,-0.0
20260818-194015,1787082048251,-0.0
20260818-194015,1787082048353,-0.0
20260818-194015,1787082048455,-0.0
20260818-194015,1787082048557,-0.0
20260818-194015,1787082048659,-0.0
20260818-194015,1787082048514,-0.0
20260818-194015,1787082048761,-0.0
20260818-194015,1787082048863,-0.0
20260818-194015,1787082048965,-0.0
20260818-194015,1787082049067,-0.0
20260818-194015,1787082049169,-0.0
20260818-194015,1787082049271,-0.0
20260818-194015,1787082049373,-0.0
20260818-194015,1787082049475,-0.0
20260818-194015,1787082049577,-0.0
20260818-194015,1787082049447,-0.0
20260818-194015,1787082099557,-0.0
20260818-194015,1787082099659,-0.0
20260818-194015,1787082099761,-0.0
20260818-194015,1787082099738,-0.0
20260818-194015,1787082099863,-0.0
20260818-194015,1787082099804,-0.0
20260818-194015,1787082099965,-0.0
20260818-194015,1787082100067,-0.0
20260818-194015,1787082100169,-0.0
20260818-194015,1787082100271,-0.0
20260818-194015,1787082100373,-0.0
20260818-194015,1787082100475,-0.0
20260818-194015,1787082100577,-0.0
20260818-194015,1787082100679,-0.0
20260818-194015,1787082100781,-0.0
20260818-194015,1787082100702,-0.0
20260818-194015,1787082100883,-0.0
20260818-194015,1787082100985,-0.0
20260818-194015,1787082101087,-0.0
20260818-194015,1787082101189,-0.0
20260818-194015,1787082101291,-0.0
20260818-194015,1787082101354,-0.0
20260818-194015,1787082101393,-0.0
20260818-194015,1787082101495,-0.0
20260818-194015,1787082101357,-0.0
20260818-194015,1787082101597,-0.0
20260818-194015,1787082101699,-0.0
20260818-194015,1787082101801,-0.0
20260818-194015,1787082101903,-0.0
20260818-194015,1787082101756,-0.0
20260818-194015,1787082102005,-0.0
20260818-194015,1787082102107,-0.0
20260818-194015,1787082102209,-0.0
20260818-194015,1787082102311,-0.0
20260818-194015,1787082102413,-0.0
20260818-194015,1787082102515,-0.0
20260818-194015,1787082102617,-0.0
20260818-194015,1787082102719,-0.0
20260818-194015,1787082102821,-0.0
20260818-194015,1787082102731,-0.0
20260818-194015,1787082102923,-0.0
20260818-194015,1787082102854,-0.0
20260818-194015,1787082103025,-0.0
20260818-194015,1787082103127,-0.0
20260818-194015,1787082103229,-0.0
20260818-194015,1787082103331,-0.0
20260818-194015,1787082103433,-0.0
20260818-194015,1787082103535,-0.0
20260818-194015,1787082103637,-0.0
20260818-194015,1787082103739,-0.0
20260818-194015,1787082103841,0.4638523712519762
20260818-194015,1787082103712,-0.0
20260818-194015,1787082103943,0.8813195053783048
20260818-194015,1787082104045,0.8813195053783048
20260818-194015,1787082103966,0.8813195053783048
20260818-194015,1787082104147,0.8813195053783048
20260818-194015,1787082104249,0.8813195053783048
20260818-194015,1787082104098,0.8813195053783048
20260818-194015,1787082104351,0.4174864993365969
20260818-194015,1787082104281,0.4174864993365969
20260818-194015,1787082104289,0.4174864993365969
20260818-194015,1787082104289,0.4174864993365969
20260818-194015,1787082104289,0.4174864993365969
20260818-194015,1787082104289,0.4174864993365969
20260818-194015,1787082104290,0.4174864993365969
20260818-194015,1787082104290,0.4174864993365969
20260818-194015,1787082104290,0.4174864993365969
20260818-194015,1787082104290,0.4174864993365969
20260818-194015,1787082104303,0.4174864993365969
20260818-194015,1787082104303,0.4174864993365969
20260818-194015,1787082104303,0.4174864993365969
20260818-194015,1787082104303,0.4174864993365969
20260818-194015,1787082104303,0.4174864993365969
20260818-194015,1787082104303,0.4174864993365969
20260818-194015,1787082104303,0.4174864993365969
20260818-194015,1787082104303,0.4174864993365969
20260818-194015,1787082104303,0.4174864993365969
20260818-194015,1787082104311,0.4174864993365969
20260818-194015,1787082104311,0.4174864993365969
20260818-194015,1787082104311,0.4174864993365969
20260818-194015,1787082104404,0.4174864993365969
20260818-194015,1787082104404,0.4174864993365969
20260818-194015,1787082104404,0.4174864993365969
20260818-194015,1787082104404,0.4174864993365969
20260818-194015,1787082104404,0.4174864993365969
20260818-194015,1787082104404,0.4174864993365969
20260818-194015,1787082104404,0.4174864993365969
20260818-194015,1787082104408,-0.0
20260818-194015,1787082104453,-0.0
20260818-194015,1787082104408,-0.0
20260818-194015,1787082104411,-0.0
20260818-194015,1787082104412,-0.0
20260818-194015,1787082104412,-0.0
20260818-194015,1787082104412,-0.0
20260818-194015,1787082104412,-0.0
20260818-194015,1787082104412,-0.0
20260818-194015,1787082104421,-0.0
20260818-194015,1787082104421,-0.0
20260818-194015,1787082104421,-0.0
20260818-194015,1787082104421,-0.0
20260818-194015,1787082104555,-0.0
20260818-194015,1787082104454,-0.0
20260818-194015,1787082104657,-0.0
20260818-194015,1787082104759,-0.0
20260818-194015,1787082104861,0.6185243400925157
20260818-194015,1787082104738,-0.0
20260818-194015,1787082104963,0.6185243400925157
20260818-194015,1787082105065,0.6185243400925157
20260818-194015,1787082105167,0.6185243400925157
20260818-194015,1787082105269,0.6185243400925157
20260818-194015,1787082105282,0.6185243400925157
20260818-194015,1787082105283,0.6185243400925157
20260818-194015,1787082105283,0.6185243400925157
20260818-194015,1787082105283,0.6185243400925157
20260818-194015,1787082105283,0.6185243400925157
20260818-194015,1787082105283,0.6185243400925157
20260818-194015,1787082105283,0.6185243400925157
20260818-194015,1787082105283,0.6185243400925157
20260818-194015,1787082105283,0.6185243400925157
20260818-194015,1787082105283,0.6185243400925157
20260818-194015,1787082105290,0.6185243400925157
20260818-194015,1787082105290,0.6185243400925157
20260818-194015,1787082105290,0.6185243400925157
20260818-194015,1787082105290,0.6185243400925157
20260818-194015,1787082105290,0.6185243400925157
20260818-194015,1787082105290,0.6185243400925157
20260818-194015,1787082105290,0.6185243400925157
20260818-194015,1787082105290,0.6185243400925157
20260818-194015,1787082105290,0.6185243400925157
20260818-194015,1787082105290,0.6185243400925157
20260818-194015,1787082105290,0.6185243400925157
20260818-194015,1787082105290,0.6185243400925157
20260818-194015,1787082105290,0.6185243400925157
20260818-194015,1787082105290,0.6185243400925157
20260818-194015,1787082105290,0.6185243400925157
20260818-194015,1787082105290,0.6185243400925157
20260818-194015,1787082105290,0.6185243400925157
20260818-194015,1787082105290,0.6185243400925157
20260818-194015,1787082105304,0.6185243400925157
20260818-194015,1787082105305,0.6185243400925157
20260818-194015,1787082105371,-0.0
20260818-194015,1787082105473,-0.0
20260818-194015,1787082105331,-0.0
20260818-194015,1787082105575,-0.0
20260818-194015,1787082105677,-0.0
20260818-194015,1787082105779,-0.0
20260818-194015,1787082105881,-0.0
20260818-194015,1787082105816,-0.0
20260818-194015,1787082105914,-0.0
20260818-194015,1787082105983,-0.0
20260818-194015,1787082105942,-0.0
20260818-194015,1787082106053,-0.0
20260818-194015,1787082106085,-0.0
20260818-194015,1787082106187,-0.0
20260818-194015,1787082106053,-0.0
20260818-194015,1787082106289,-0.0
20260818-194015,1787082106391,-0.0
20260818-194015,1787082106493,-0.0
20260818-194015,1787082106364,-0.0
20260818-194015,1787082106595,-0.0
20260818-194015,1787082106697,-0.0
20260818-194015,1787082106799,-0.0
20260818-194015,1787082106901,-0.0
20260818-194015,1787082106762,-0.0
20260818-194015,1787082107003,-0.0
20260818-194015,1787082107105,-0.0
20260818-194015,1787082106997,-0.0
20260818-194015,1787082107207,-0.0
20260818-194015,1787082107309,-0.0
20260818-194015,1787082107411,-0.0
20260818-194015,1787082107513,-0.0
20260818-194015,1787082107615,-0.0
20260818-194015,1787082107717,-0.0
20260818-194015,1787082107819,-0.0
20260818-194015,1787082107720,-0.0
20260818-194015,1787082107921,-0.0
20260818-194015,1787082108023,-0.0
20260818-194015,1787082108125,-0.0
20260818-194015,1787082108227,-0.0
20260818-194015,1787082108329,-0.0
20260818-194015,1787082108431,-0.0
20260818-194015,1787082108533,-0.0
20260818-194015,1787082108635,-0.0
20260818-194015,1787082108513,-0.0
20260818-194015,1787082108737,-0.0
20260818-194015,1787082108839,-0.0
20260818-194015,1787082108701,-0.0
20260818-194015,1787082108941,-0.0
20260818-194015,1787082109043,-0.0
20260818-194015,1787082109145,-0.0
20260818-194015,1787082109247,-0.0
20260818-194015,1787082109349,-0.0
20260818-194015,1787082109451,-0.0
20260818-194015,1787082109553,-0.0
20260818-194015,1787082109655,-0.0
20260818-194015,1787082109757,-0.0
20260818-194015,1787082109631,-0.0
20260818-194015,1787082109859,-0.0
20260818-194015,1787082109961,-0.0
20260818-194015,1787082110063,-0.0
20260818-194015,1787082110165,-0.0
20260818-194015,1787082110267,-0.0
20260818-194015,1787082110369,-0.0
20260818-194015,1787082110227,-0.0
20260818-194015,1787082110471,-0.0
20260818-194015,1787082110573,-0.0
20260818-194015,1787082110675,-0.0
20260818-194015,1787082110777,-0.0
20260818-194015,1787082110618,-0.0
20260818-194015,1787082110879,-0.0
20260818-194015,1787082110981,0.2938172348564248
20260818-194015,1787082111083,0.2938172348564248
20260818-194015,1787082111121,0.6340266646881665
20260818-194015,1787082111185,0.6340266646881665
20260818-194015,1787082111287,0.6340266646881665
20260818-194015,1787082111148,0.6340266646881665
20260818-194015,1787082111389,0.6340266646881665
20260818-194015,1787082111445,0.6340266646881665
20260818-194015,1787082111450,0.6340266646881665
20260818-194015,1787082111450,0.6340266646881665
20260818-194015,1787082111450,0.6340266646881665
20260818-194015,1787082111450,0.6340266646881665
20260818-194015,1787082111450,0.6340266646881665
20260818-194015,1787082111450,0.6340266646881665
20260818-194015,1787082111451,0.6340266646881665
20260818-194015,1787082111451,0.6340266646881665
20260818-194015,1787082111458,0.6340266646881665
20260818-194015,1787082111458,0.6340266646881665
20260818-194015,1787082111458,0.6340266646881665
20260818-194015,1787082111458,0.6340266646881665
20260818-194015,1787082111458,0.6340266646881665
20260818-194015,1787082111491,0.34021942606484273
20260818-194015,1787082111464,0.34021942606484273
20260818-194015,1787082111568,0.34021942606484273
20260818-194015,1787082111570,0.34021942606484273
20260818-194015,1787082111570,0.34021942606484273
20260818-194015,1787082111570,0.34021942606484273
20260818-194015,1787082111570,0.34021942606484273
20260818-194015,1787082111570,0.34021942606484273
20260818-194015,1787082111570,0.34021942606484273
20260818-194015,1787082111570,0.34021942606484273
20260818-194015,1787082111575,0.34021942606484273
20260818-194015,1787082111579,0.34021942606484273
20260818-194015,1787082111579,0.34021942606484273
20260818-194015,1787082111582,0.34021942606484273
20260818-194015,1787082111585,0.34021942606484273
20260818-194015,1787082111587,-0.0
20260818-194015,1787082111593,-0.0
20260818-194015,1787082111695,-0.0
20260818-194015,1787082111587,-0.0
20260818-194015,1787082111797,-0.0
20260818-194015,1787082111899,-0.0
20260818-194015,1787082112001,-0.0
20260818-194015,1787082112103,-0.0
20260818-194015,1787082112205,-0.0
20260818-194015,1787082112307,-0.0
20260818-194015,1787082112409,-0.0
20260818-194015,1787082112511,-0.0
20260818-194015,1787082112419,-0.0
20260818-194015,1787082112613,-0.0
20260818-194015,1787082112526,-0.0
20260818-194015,1787082112715,-0.0
20260818-194015,1787082112817,-0.0
20260818-194015,1787082112919,-0.0
20260818-194015,1787082113021,-0.0
20260818-194015,1787082113123,-0.0
20260818-194015,1787082113225,-0.0
20260818-194015,1787082113327,-0.0
20260818-194015,1787082113429,-0.0
20260818-194015,1787082113531,-0.0
20260818-194015,1787082113633,-0.0
20260818-194015,1787082113483,-0.0
20260818-194015,1787082113735,-0.0
20260818-194015,1787082113837,-0.0
20260818-194015,1787082113939,-0.0
20260818-194015,1787082114041,-0.0
20260818-194015,1787082114143,-0.0
20260818-194015,1787082114245,-0.0
20260818-194015,1787082114347,-0.0
20260818-194015,1787082114449,0.293835864831509
20260818-194015,1787082114455,0.293835864831509
20260818-194015,1787082114551,0.293835864831509
20260818-194015,1787082114458,0.293835864831509
20260818-194015,1787082114653,0.293835864831509
20260818-194015,1787082114755,0.293835864831509
20260818-194015,1787082114612,0.293835864831509
20260818-194015,1787082114857,0.293835864831509
20260818-194015,1787082114863,0.293835864831509
20260818-194015,1787082114866,0.293835864831509
20260818-194015,1787082114869,0.293835864831509
20260818-194015,1787082114869,0.293835864831509
20260818-194015,1787082114869,0.293835864831509
20260818-194015,1787082114869,0.293835864831509
20260818-194015,1787082114869,0.293835864831509
20260818-194015,1787082114869,0.293835864831509
20260818-194015,1787082114877,0.293835864831509
20260818-194015,1787082114881,0.293835864831509
20260818-194015,1787082114884,0.293835864831509
20260818-194015,1787082114884,0.293835864831509
20260818-194015,1787082114886,0.293835864831509
20260818-194015,1787082114886,0.293835864831509
20260818-194015,1787082114959,-0.0
20260818-194015,1787082114889,-0.0
20260818-194015,1787082115061,-0.0
20260818-194015,1787082114979,-0.0
20260818-194015,1787082115163,-0.0
20260818-194015,1787082115265,-0.0
20260818-194015,1787082115367,-0.0
20260818-194015,1787082115227,-0.0
20260818-194015,1787082115469,-0.0
20260818-194015,1787082115388,-0.0
20260818-194015,1787082115571,-0.0
20260818-194015,1787082115673,-0.0
20260818-194015,1787082115775,-0.0
20260818-194015,1787082115877,-0.0
20260818-194015,1787082115979,-0.0
20260818-194015,1787082116081,-0.0
20260818-194015,1787082116183,-0.0
20260818-194015,1787082116285,-0.0
20260818-194015,1787082116387,-0.0
20260818-194015,1787082116320,-0.0
20260818-194015,1787082116489,0.6495509978722703
20260818-194015,1787082116421,-0.0
20260818-194015,1787082116591,0.665016497822521
20260818-194015,1787082116693,1.0361884966060324
20260818-194015,1787082116795,1.0361884966060324
20260818-194015,1787082116897,1.5465499949350485
20260818-194015,1787082116819,1.0361884966060324
20260818-194015,1787082116941,1.5465499949350485
20260818-194015,1787082116941,1.5465499949350485
20260818-194015,1787082116942,1.5465499949350485
20260818-194015,1787082116942,1.5465499949350485
20260818-194015,1787082116942,1.5465499949350485
20260818-194015,1787082116942,1.5465499949350485
20260818-194015,1787082116942,1.5465499949350485
20260818-194015,1787082116944,1.5465499949350485
20260818-194015,1787082116944,1.5465499949350485
20260818-194015,1787082116944,1.5465499949350485
20260818-194015,1787082116944,1.5465499949350485
20260818-194015,1787082116944,1.5465499949350485
20260818-194015,1787082116944,1.5465499949350485
20260818-194015,1787082116948,1.5465499949350485
20260818-194015,1787082116948,1.5465499949350485
20260818-194015,1787082116948,1.5465499949350485
20260818-194015,1787082116948,1.5465499949350485
20260818-194015,1787082116948,1.5465499949350485
20260818-194015,1787082116948,1.5465499949350485
20260818-194015,1787082116948,1.5465499949350485
20260818-194015,1787082116948,1.5465499949350485
20260818-194015,1787082116948,1.5465499949350485
20260818-194015,1787082116948,1.5465499949350485
20260818-194015,1787082116958,1.5465499949350485
20260818-194015,1787082116958,1.5465499949350485
20260818-194015,1787082116972,1.5465499949350485
20260818-194015,1787082116975,1.5465499949350485
20260818-194015,1787082116975,1.5465499949350485
20260818-194015,1787082116975,1.5465499949350485
20260818-194015,1787082116975,1.5465499949350485
20260818-194015,1787082116975,1.5465499949350485
20260818-194015,1787082116976,1.5465499949350485
20260818-194015,1787082116999,0.8970572655069742
20260818-194015,1787082117004,0.8970572655069742
20260818-194015,1787082117101,0.8815921244432382
20260818-194015,1787082117040,0.8815921244432382
20260818-194015,1787082117106,0.8815921244432382
20260818-194015,1787082117124,0.8815921244432382
20260818-194015,1787082117124,0.8815921244432382
20260818-194015,1787082117124,0.8815921244432382
20260818-194015,1787082117125,0.8815921244432382
20260818-194015,1787082117135,0.8815921244432382
20260818-194015,1787082117135,0.8815921244432382
20260818-194015,1787082117135,0.8815921244432382
20260818-194015,1787082117135,0.8815921244432382
20260818-194015,1787082117139,0.8815921244432382
20260818-194015,1787082117139,0.8815921244432382
20260818-194015,1787082117145,0.510414386880635
20260818-194015,1787082117145,0.510414386880635
20260818-194015,1787082117203,0.510414386880635
20260818-194015,1787082117145,0.510414386880635
20260818-194015,1787082117305,0.510414386880635
20260818-194015,1787082117257,0.510414386880635
20260818-194015,1787082117360,0.510414386880635
20260818-194015,1787082117360,0.510414386880635
20260818-194015,1787082117360,0.510414386880635
20260818-194015,1787082117360,0.510414386880635
20260818-194015,1787082117360,0.510414386880635
20260818-194015,1787082117360,0.510414386880635
20260818-194015,1787082117360,0.510414386880635
20260818-194015,1787082117360,0.510414386880635
20260818-194015,1787082117360,0.510414386880635
20260818-194015,1787082117360,0.510414386880635
20260818-194015,1787082117360,0.510414386880635
20260818-194015,1787082117360,0.510414386880635
20260818-194015,1787082117360,0.510414386880635
20260818-194015,1787082117360,0.510414386880635
20260818-194015,1787082117360,0.510414386880635
20260818-194015,1787082117360,0.510414386880635
20260818-194015,1787082117360,0.510414386880635
20260818-194015,1787082117360,0.510414386880635
20260818-194015,1787082117360,0.510414386880635
20260818-194015,1787082117360,0.510414386880635
20260818-194015,1787082117360,0.510414386880635
20260818-194015,1787082117360,0.510414386880635
20260818-194015,1787082117360,0.510414386880635
20260818-194015,1787082117360,0.510414386880635
20260818-194015,1787082117360,0.510414386880635
20260818-194015,1787082117360,0.510414386880635
20260818-194015,1787082117407,-0.0
20260818-194015,1787082117509,-0.0
20260818-194015,1787082117363,-0.0
20260818-194015,1787082117611,-0.0
20260818-194015,1787082117713,-0.0
20260818-194015,1787082117793,-0.0
20260818-194015,1787082117796,-0.0
20260818-194015,1787082117815,-0.0
20260818-194015,1787082117917,-0.0
20260818-194015,1787082117796,-0.0
20260818-194015,1787082118019,-0.0
20260818-194015,1787082118121,-0.0
20260818-194015,1787082118223,-0.0
20260818-194015,1787082118080,-0.0
20260818-194015,1787082118325,-0.0
20260818-194015,1787082118219,-0.0
20260818-194015,1787082118427,-0.0
20260818-194015,1787082118529,-0.0
20260818-194015,1787082118436,-0.0
20260818-194015,1787082118631,-0.0
20260818-194015,1787082118733,-0.0
20260818-194015,1787082118835,-0.0
20260818-194015,1787082118937,-0.0
20260818-194015,1787082119039,-0.0
20260818-194015,1787082119141,-0.0
20260818-194015,1787082119048,-0.0
20260818-194015,1787082119243,-0.0
20260818-194015,1787082119345,-0.0
20260818-194015,1787082119180,-0.0
20260818-194015,1787082119447,-0.0
20260818-194015,1787082119549,-0.0
20260818-194015,1787082119651,-0.0
20260818-194015,1787082119753,-0.0
20260818-194015,1787082119855,-0.0
20260818-194015,1787082119957,-0.0
20260818-194015,1787082120059,-0.0
20260818-194015,1787082120161,-0.0
20260818-194015,1787082120263,-0.0
20260818-194015,1787082120121,-0.0
20260818-194015,1787082120365,-0.0
20260818-194015,1787082120467,-0.0
20260818-194015,1787082120569,-0.0
20260818-194015,1787082120671,-0.0
20260818-194015,1787082120545,-0.0
20260818-194015,1787082120773,-0.0
20260818-194015,1787082120875,-0.0
20260818-194015,1787082120977,-0.0
20260818-194015,1787082121079,0.15467892136200975
20260818-194015,1787082121589,-0.0
20260818-194015,1787082121691,-0.0
20260818-194015,1787082121550,-0.0
20260818-194015,1787082121793,-0.0
20260818-194015,1787082121895,-0.0
20260818-194015,1787082121758,-0.0
20260818-194015,1787082121997,-0.0
20260818-194015,1787082122099,-0.0
20260818-194015,1787082122008,-0.0
20260818-194015,1787082122201,-0.0
20260818-194015,1787082122101,-0.0
20260818-194015,1787082122303,-0.0
20260818-194015,1787082122405,-0.0
20260818-194015,1787082122277,-0.0
20260818-194015,1787082122507,-0.0
20260818-194015,1787082122609,-0.0
20260818-194015,1787082122711,-0.0
20260818-194015,1787082122813,-0.0
20260818-194015,1787082122701,-0.0
20260818-194015,1787082122915,-0.0
20260818-194015,1787082122799,-0.0
20260818-194015,1787082123017,-0.0
20260818-194015,1787082123119,-0.0
20260818-194015,1787082122997,-0.0
20260818-194015,1787082123221,-0.0
20260818-194015,1787082123323,-0.0
20260818-194015,1787082123425,-0.0
20260818-194015,1787082123833,-0.0
20260818-194015,1787082123681,-0.0
20260818-194015,1787082123935,-0.0
20260818-194015,1787082124037,-0.0
20260818-194015,1787082124139,-0.0
20260818-194015,1787082123978,-0.0
20260818-194015,1787082124241,-0.0
20260818-194015,1787082124343,-0.0
20260818-194015,1787082124205,-0.0
20260818-194015,1787082124445,-0.0
20260818-194015,1787082124547,-0.0
20260818-194015,1787082124649,-0.0
20260818-194015,1787082131585,-0.0
20260818-194015,1787082131499,-0.0
20260818-194015,1787082131627,-0.0
20260818-194015,1787082131687,-0.0
20260818-194015,1787082131631,-0.0
20260818-194015,1787082131789,-0.0
20260818-194015,1787082131891,-0.0
20260818-194015,1787082131758,-0.0
20260818-194015,1787082131993,-0.0
20260818-194015,1787082132095,-0.0
20260818-194015,1787082131991,-0.0
20260818-194015,1787082132197,-0.0
20260818-194015,1787082132184,-0.0
20260818-194015,1787082132401,-0.0
20260818-194015,1787082132258,-0.0
20260818-194015,1787082132503,-0.0
20260818-194015,1787082132605,-0.0
20260818-194015,1787082132452,-0.0
20260818-194015,1787082146783,0.04640417885143631
20260818-194015,1787082146655,-0.0
20260818-194015,1787082146885,0.04640417885143631
20260818-194015,1787082146987,0.04640417885143631
20260818-194015,1787082147089,0.04640417885143631
20260818-194015,1787082147191,0.04640417885143631
20260818-194015,1787082147193,0.04640417885143631
20260818-194015,1787082147195,0.04640417885143631
20260818-194015,1787082147195,0.04640417885143631
20260818-194015,1787082147293,-0.0
20260818-194015,1787082147395,-0.0
20260818-194015,1787082147265,-0.0
20260818-194015,1787082147497,-0.0
20260818-194015,1787082147599,-0.0
20260818-194015,1787082147534,-0.0
20260818-194015,1787082147701,-0.0
20260818-194015,1787082147609,-0.0
20260818-194015,1787082147803,-0.0
20260818-194015,1787082147905,-0.0
20260818-194015,1787082148007,-0.0
20260818-194015,1787082147906,-0.0
20260818-194015,1787082148109,-0.0
20260818-194015,1787082148211,-0.0
20260818-194015,1787082148313,-0.0
20260818-194015,1787082148415,-0.0
20260818-194015,1787082148321,-0.0
20260818-194015,1787082148517,-0.0
20260818-194015,1787082148619,-0.0
20260818-194015,1787082148721,-0.0
20260818-194015,1787082148616,-0.0
20260818-194015,1787082148823,-0.0
20260818-194015,1787082148925,-0.0
20260818-194015,1787082149027,-0.0
20260818-194015,1787082149129,-0.0
20260818-194015,1787082149231,-0.0
20260818-194015,1787082149333,-0.0
20260818-194015,1787082149187,-0.0
20260818-194015,1787082149435,-0.0
20260818-194015,1787082149537,-0.0
20260818-194015,1787082149639,-0.0
20260818-194015,1787082149741,-0.0
20260818-194015,1787082149613,-0.0
20260818-194015,1787082149843,-0.0
20260818-194015,1787082149945,-0.0
20260818-194015,1787082150047,-0.0
20260818-194015,1787082149945,-0.0
20260818-194015,1787082150149,-0.0
20260818-194015,1787082150251,-0.0
20260818-194015,1787082150353,-0.0
20260818-194015,1787082150455,-0.0
20260818-194015,1787082150557,-0.0
20260818-194015,1787082150398,-0.0
20260818-194015,1787082150659,-0.0
20260818-194015,1787082150582,-0.0
20260818-194015,1787082150761,-0.0
20260818-194015,1787082150863,-0.0
20260818-194015,1787082150965,-0.0
20260818-194015,1787082151067,-0.0
20260818-194015,1787082151169,-0.0
20260818-194015,1787082151271,-0.0
20260818-194015,1787082151373,-0.0
20260818-194015,1787082151475,-0.0
20260818-194015,1787082151577,-0.0
20260818-194015,1787082151679,-0.0
20260818-194015,1787082151591,-0.0
20260818-194015,1787082151781,-0.0
20260818-194015,1787082151883,-0.0
20260818-194015,1787082151985,-0.0
20260818-194015,1787082192071,-0.0
20260818-194015,1787082191988,-0.0
20260818-194015,1787082193091,-0.0
20260818-194015,1787082193193,-0.0
20260818-194015,1787082193059,-0.0
20260818-194015,1787082193295,0.015468131396489315
20260818-194015,1787082193397,0.015468131396489315
20260818-194015,1787082193265,0.015468131396489315
20260818-194015,1787082193499,0.015468131396489315
20260818-194015,1787082193601,0.015468131396489315
20260818-194015,1787082193703,0.015468131396489315
20260818-194015,1787082193709,0.015468131396489315
20260818-194015,1787082193712,0.015468131396489315
20260818-194015,1787082193805,-0.0
20260818-194015,1787082193731,-0.0
20260818-194015,1787082193907,-0.0
20260818-194015,1787082194009,-0.0
20260818-194015,1787082193876,-0.0
20260818-194015,1787082194111,-0.0
20260818-194015,1787082194213,-0.0
20260818-194015,1787082194315,-0.0
20260818-194015,1787082194417,-0.0
20260818-194015,1787082194519,-0.0
20260818-194015,1787082194369,-0.0
20260818-194015,1787082194621,-0.0
20260818-194015,1787082194723,-0.0
20260818-194015,1787082194825,-0.0
20260818-194015,1787082194927,-0.0
20260818-194015,1787082195029,-0.0
20260818-194015,1787082194908,-0.0
20260818-194015,1787082195131,-0.0
20260818-194015,1787082195233,-0.0
20260818-194015,1787082195335,-0.0
20260818-194015,1787082195437,-0.0
20260818-194015,1787082195539,-0.0
20260818-194015,1787082195407,-0.0
20260818-194015,1787082195641,-0.0
20260818-194015,1787082195743,-0.0
20260818-194015,1787082195845,-0.0
20260818-194317,1787082199945,0.0
20260818-194317,1787082200129,-0.0
20260818-194317,1787082200231,0.0
20260818-194317,1787082200333,0.0
20260818-194317,1787082200435,0.0
20260818-194317,1787082200377,0.0
20260818-194317,1787082200537,0.0
20260818-194317,1787082200639,0.0
20260818-194317,1787082200741,0.0
20260818-194317,1787082200843,-0.0
20260818-194317,1787082200945,-0.0
20260818-194317,1787082201047,-0.0
20260818-194317,1787082201149,-0.0
20260818-194317,1787082201030,0.0
20260818-194317,1787082201251,0.0
20260818-194317,1787082201353,-0.0
20260818-194317,1787082201455,-0.0
20260818-194317,1787082201557,-0.0
20260818-194317,1787082201659,0.0
20260818-194317,1787082201761,-0.0
20260818-194317,1787082201863,-0.0
20260818-194317,1787082201965,0.0
20260818-194317,1787082202067,0.0
20260818-194317,1787082202015,-0.0
20260818-194317,1787082202169,-0.0
20260818-194317,1787082202271,-0.0
20260818-194317,1787082202373,-0.0
20260818-194317,1787082202475,0.0
20260818-194317,1787082202577,-0.0
20260818-194317,1787082202679,-0.0
20260818-194317,1787082202781,-0.0
20260818-194317,1787082202883,-0.0
20260818-194317,1787082202985,0.0
20260818-194317,1787082203087,-0.0
20260818-194317,1787082202961,0.0
20260818-194317,1787082203189,0.0
20260818-194317,1787082203291,0.0
20260818-194317,1787082203393,0.0
20260818-194317,1787082203495,-0.0
20260818-194317,1787082203597,-0.0
20260818-194317,1787082203699,-0.0
20260818-194317,1787082203801,-0.0
20260818-194317,1787082203903,-0.0
20260818-194317,1787082204005,-0.0
20260818-194317,1787082203914,-0.0
20260818-194317,1787082204107,0.0
20260818-194317,1787082204209,-0.0
20260818-194317,1787082204311,-0.0
20260818-194317,1787082204413,-0.0
20260818-194317,1787082204515,0.0
20260818-194317,1787082204617,0.0
20260818-194317,1787082204719,-0.0
20260818-194317,1787082204821,-0.0
20260818-194317,1787082204923,-0.0
20260818-194317,1787082204841,-0.0
20260818-194317,1787082205025,0.0
20260818-194317,1787082205127,0.0
20260818-194317,1787082205229,-0.0
20260818-194317,1787082205331,-0.0
20260818-194317,1787082205433,-0.0
20260818-194317,1787082205535,-0.0
20260818-194317,1787082205637,0.0
20260818-194317,1787082205739,-0.0
20260818-194317,1787082205841,0.0
20260818-194317,1787082205943,-0.0
20260818-194317,1787082205831,0.0
20260818-194317,1787082206045,-0.0
20260818-194317,1787082206147,0.0
20260818-194317,1787082206249,-0.0
20260818-194317,1787082206150,0.0
20260818-194317,1787082206351,-0.0
20260818-194317,1787082206453,-0.0
20260818-194317,1787082206555,-0.0
20260818-194317,1787082206657,-0.0
20260818-194317,1787082206759,0.0
20260818-194317,1787082206861,0.0
20260818-194317,1787082212092,-0.0
20260818-194317,1787082212267,0.0
20260818-194317,1787082212369,0.0
20260818-194317,1787082212236,-0.0
20260818-194317,1787082212471,0.0
20260818-194317,1787082212573,0.0
20260818-194317,1787082212675,-0.0
20260818-194317,1787082212777,-0.0
20260818-194317,1787082212775,-0.0
20260818-194317,1787082212879,0.0
20260818-194317,1787082212981,0.0
20260818-194317,1787082212876,0.0
20260818-194317,1787082213083,0.0
20260818-194317,1787082213185,-0.0
20260818-194317,1787082213287,0.0
20260818-194317,1787082213389,0.0
20260818-194317,1787082213491,0.0
20260818-194317,1787082213593,0.0
20260818-194317,1787082213695,-0.0
20260818-194317,1787082213797,0.0
20260818-194317,1787082213812,-0.0
20260818-194317,1787082213899,-0.0
20260818-194317,1787082229062,0.0
20260818-194317,1787082229301,0.0
20260818-194317,1787082229403,0.0
20260818-194317,1787082229505,0.0
20260818-194317,1787082229405,0.0
20260818-194317,1787082229607,-0.0
20260818-194317,1787082229709,-0.0
20260818-194317,1787082229594,0.0
20260818-194317,1787082229811,0.0
20260818-194317,1787082229913,-0.0
20260818-194317,1787082230015,0.0
20260818-194317,1787082230117,-0.0
20260818-194317,1787082229996,0.0
20260818-194317,1787082230219,0.0
20260818-194317,1787082230321,-0.0
20260818-194317,1787082230423,-0.0
20260818-194317,1787082230525,-0.0
20260818-194317,1787082230627,-0.0
20260818-194317,1787082230532,-0.0
20260818-194317,1787082230729,0.0
20260818-194317,1787082230831,0.0
20260818-194317,1787082230933,-0.0
20260818-194317,1787082231035,-0.0
20260818-194317,1787082231137,-0.0
20260818-194317,1787082231036,-0.0
20260818-194317,1787082231239,0.0
20260818-194317,1787082231341,-0.0
20260818-194317,1787082231443,0.0
20260818-194317,1787082231545,-0.0
20260818-194317,1787082231647,0.0
20260818-194317,1787082231749,0.0
20260818-194317,1787082231851,0.0
20260818-194317,1787082231953,-0.0
20260818-194317,1787082232055,-0.0
20260818-194317,1787082232157,0.0
20260818-194317,1787082232064,-0.0
20260818-194317,1787082232259,0.0
20260818-194317,1787082232361,0.0
20260818-194317,1787082232463,0.0
20260818-194317,1787082232565,-0.0
20260818-194317,1787082232508,-0.0
20260818-194317,1787082232667,-0.0
20260818-194317,1787082232769,-0.0
20260818-194317,1787082232871,0.0
20260818-194317,1787082232973,0.0
20260818-194317,1787082233075,-0.0
20260818-194317,1787082233020,0.0
20260818-194317,1787082233177,0.0
20260818-194317,1787082233279,-0.0
20260818-194317,1787082233381,-0.0
20260818-194317,1787082233483,0.0
20260818-194317,1787082233585,0.0
20260818-194317,1787082233687,-0.0
20260818-194317,1787082233789,-0.0
20260818-194317,1787082233694,0.0
20260818-194317,1787082233891,0.0
20260818-194317,1787082233993,0.0
20260818-194317,1787082233862,-0.0
20260818-194317,1787082234095,0.0
20260818-194317,1787082234033,0.0
20260818-194317,1787082234197,0.0
20260818-194317,1787082234299,-0.0
20260818-194317,1787082234401,-0.0
20260818-194317,1787082234375,-0.0
20260818-194317,1787082234503,0.0
20260818-194317,1787082234443,0.0
20260818-194317,1787082234605,-0.0
20260818-194317,1787082251639,-0.0
20260818-194317,1787082251843,-0.0
20260818-194317,1787082251945,-0.0
20260818-194317,1787082252047,-0.0
20260818-194317,1787082252083,0.0
20260818-194317,1787082252149,0.0
20260818-194317,1787082252086,-0.0
20260818-194317,1787082252251,0.0
20260818-194317,1787082252353,0.0
20260818-194317,1787082252455,-0.0
20260818-194317,1787082252557,-0.0
20260818-194317,1787082252659,0.0
20260818-194317,1787082252761,0.0
20260818-194317,1787082252965,-0.0
20260818-194317,1787082255821,-0.0
20260818-194317,1787082255923,-0.0
20260818-194317,1787082255849,0.0
20260818-194317,1787082256025,-0.0
20260818-194317,1787082256127,-0.0
20260818-194317,1787082256229,-0.0
20260818-194317,1787082256331,-0.0
20260818-194317,1787082256433,-0.0
20260818-194317,1787082256637,0.0
20260818-194317,1787082256739,-0.0
20260818-194317,1787082256943,0.0
20260818-194317,1787082257045,0.0
20260818-194317,1787082256930,-0.0
20260818-194317,1787082257147,0.0
20260818-194317,1787082257249,0.0
20260818-194317,1787082257351,0.0
20260818-194317,1787082257453,0.0
20260818-194317,1787082257388,-0.0
20260818-194317,1787082257555,0.0
20260818-194317,1787082257657,0.0
20260818-194317,1787082257759,0.0
20260818-194317,1787082257771,-0.0
20260818-194317,1787082257861,-0.0
20260818-194317,1787082257963,-0.0
20260818-194317,1787082257827,-0.0
20260818-194317,1787082258065,-0.0
20260818-194317,1787082258167,-0.0
20260818-194317,1787082258029,-0.0
20260818-194317,1787082258269,0.0
20260818-194317,1787082258371,0.0
20260818-194317,1787082258473,0.0
20260818-194317,1787082258575,-0.0
20260818-194317,1787082258779,-0.0
20260818-194317,1787082258650,0.0
20260818-194317,1787082258881,0.0
20260818-194317,1787082259085,-0.0
20260818-194317,1787082259187,-0.0
20260818-194317,1787082259079,0.0
20260818-194317,1787082259391,-0.0
20260818-194317,1787082259493,-0.0
20260818-194317,1787082290909,-0.0
20260818-194317,1787082291011,-0.0
20260818-194317,1787082290894,0.0
20260818-194317,1787082291113,-0.0
20260818-194317,1787082291215,-0.0
20260818-194317,1787082291317,-0.0
20260818-194317,1787082291211,-0.0
20260818-194317,1787082291419,0.0
20260818-194317,1787082291521,0.0
20260818-194317,1787082291623,-0.0
20260818-194317,1787082291725,0.0
20260818-194317,1787082291624,-0.0
20260818-194317,1787082291827,0.0
20260818-194317,1787082291929,0.0
20260818-194317,1787082292031,0.0
20260818-194317,1787082292133,0.0
20260818-194317,1787082292085,0.0
20260818-194317,1787082336097,1.6861828147023041
20260818-194317,1787082336212,-1.6861828147023041
20260818-194317,1787082336212,1.6861828147023041
20260818-194317,1787082336212,-1.6861828147023041
20260818-194317,1787082336212,-1.6861828147023041
20260818-194317,1787082336212,-1.6861828147023041
20260818-194317,1787082336212,1.6861828147023041
20260818-194317,1787082336215,-1.6861828147023041
20260818-194317,1787082336215,-1.6861828147023041
20260818-194317,1787082336215,-1.6861828147023041
20260818-194317,1787082336220,1.6861828147023041
20260818-194317,1787082336220,-1.6861828147023041
20260818-194317,1787082336225,-1.6861828147023041
20260818-194317,1787082336231,-1.6861828147023041
20260818-194317,1787082336280,-1.6861828147023041
20260818-194317,1787082336280,1.6861828147023041
20260818-194317,1787082336280,1.6861828147023041
20260818-194317,1787082336280,-1.6861828147023041
20260818-194317,1787082336280,1.6861828147023041
20260818-194317,1787082336280,-1.6861828147023041
20260818-194317,1787082336280,1.6861828147023041
20260818-194317,1787082336280,-1.6861828147023041
20260818-194317,1787082336280,1.6861828147023041
20260818-194317,1787082336280,-1.6861828147023041
20260818-194317,1787082336280,-1.6861828147023041
20260818-194317,1787082336280,-1.6861828147023041
20260818-194317,1787082336280,1.6861828147023041
20260818-194317,1787082336286,-1.14468598865588
20260818-194317,1787082336286,1.14468598865588
20260818-194317,1787082336286,-1.14468598865588
20260818-194317,1787082336286,1.14468598865588
20260818-194317,1787082336286,1.14468598865588
20260818-194317,1787082336286,-1.14468598865588
20260818-194317,1787082336286,1.14468598865588
20260818-194317,1787082336286,-1.14468598865588
20260818-194317,1787082336286,-1.14468598865588
20260818-194317,1787082336286,-1.14468598865588
20260818-194317,1787082336199,-1.14468598865588
20260818-194317,1787082336286,-1.14468598865588
20260818-194317,1787082336286,-1.14468598865588
20260818-194317,1787082336286,-1.14468598865588
20260818-194317,1787082336286,1.14468598865588
20260818-194317,1787082336286,-1.14468598865588
20260818-194317,1787082336286,1.14468598865588
20260818-194317,1787082336506,-1.14468598865588
20260818-194317,1787082336301,-0.0
20260818-194317,1787082336403,-0.0
20260818-194317,1787082336505,0.0
20260818-194317,1787082336607,0.0
20260818-194317,1787082336709,-0.0
20260818-194317,1787082336811,-0.0
20260818-194317,1787082336913,-0.0
20260818-194317,1787082337015,0.0
20260818-194317,1787082337117,-0.0
20260818-194317,1787082337219,-0.0
20260818-194317,1787082337321,-0.0
20260818-194317,1787082337190,-0.0
20260818-194317,1787082337423,-0.0
20260818-194317,1787082337355,0.0
20260818-194317,1787082337525,0.0
20260818-194317,1787082337627,-0.0
20260818-194317,1787082337729,0.0
20260818-194618,1787082388935,-0.0
20260818-194618,1787082389037,0.0
20260818-194618,1787082389139,0.0
20260818-194618,1787082389024,-0.0
20260818-194618,1787082389241,0.0
20260818-194618,1787082390261,-0.0
20260818-194618,1787082390363,0.0
20260818-194618,1787082390465,-0.0
20260818-194618,1787082390567,-0.0
20260818-194618,1787082390669,-0.0
20260818-194618,1787082390771,-0.0
20260818-194618,1787082390873,0.0
20260818-194618,1787082390774,-0.0
20260818-194618,1787082390975,-0.1856035091432294
20260818-194618,1787082391077,0.1856035091432294
20260818-194618,1787082391179,0.1856035091432294
20260818-194618,1787082391025,-0.1856035091432294
20260818-194618,1787082391281,-0.1856035091432294
20260818-194618,1787082391383,-0.1856035091432294
20260818-194618,1787082391392,0.1856035091432294
20260818-194618,1787082391429,-0.1856035091432294
20260818-194618,1787082391430,-0.1856035091432294
20260818-194618,1787082391430,-0.1856035091432294
20260818-194618,1787082391431,-0.1856035091432294
20260818-194618,1787082391431,-0.1856035091432294
20260818-194618,1787082391432,0.1856035091432294
20260818-194618,1787082391432,-0.1856035091432294
20260818-194618,1787082391485,0.0
20260818-194618,1787082391587,-0.0
20260818-194618,1787082391689,-0.0
20260818-194618,1787082391791,-0.0
20260818-194618,1787082391893,0.0
20260818-194618,1787082391995,0.0
20260818-194618,1787082392097,-0.0
20260818-194618,1787082392199,-0.0
20260818-194618,1787082392301,-0.0
20260818-194618,1787082392403,0.0
20260818-194618,1787082392505,-0.0
20260818-194618,1787082392574,-0.0
20260818-194618,1787082392607,-0.0
20260818-194618,1787082392709,-0.0
20260818-194618,1787082392586,-0.0
20260818-194618,1787082392811,0.0
20260818-194618,1787082392913,0.0
20260818-194618,1787082393015,-0.0
20260818-194618,1787082393025,-0.0
20260818-194618,1787082393117,-0.0
20260818-194618,1787082393219,-0.0
20260818-194618,1787082393114,0.0
20260818-194618,1787082393321,0.0
20260818-194618,1787082393423,-0.0
20260818-194618,1787082393525,0.0
20260818-194618,1787082393450,-0.0
20260818-194618,1787082393627,-0.0
20260818-194618,1787082393729,-0.0
20260818-194618,1787082393831,-0.0
20260818-194618,1787082393770,-0.0
20260818-194618,1787082393933,-0.0
20260818-194618,1787082394035,-0.0
20260818-194618,1787082394137,-0.0
20260818-194618,1787082394239,-0.0
20260818-194618,1787082394341,0.0
20260818-194618,1787082394443,0.0
20260818-194618,1787082394545,-0.0
20260818-194618,1787082394450,-0.0
20260818-194618,1787082394647,0.0
20260818-194618,1787082394749,-0.0
20260818-194618,1787082394851,-0.0
20260818-194618,1787082394794,-0.0
20260818-194618,1787082394953,-0.0
20260818-194618,1787082395055,0.0
20260818-194618,1787082395026,-0.0
20260818-194618,1787082395157,-0.0
20260818-194618,1787082395259,-0.0
20260818-194618,1787082395119,0.0
20260818-194618,1787082395361,0.0
20260818-194618,1787082395463,-0.0
20260818-194618,1787082395565,-0.0
20260818-194618,1787082395416,-0.0
20260818-194618,1787082395667,-0.0
20260818-194618,1787082395769,-0.3866668007111576
20260818-194618,1787082395871,0.3866668007111576
20260818-194618,1787082395973,-0.3866668007111576
20260818-194618,1787082395888,-0.3866668007111576
20260818-194618,1787082396075,0.3866668007111576
20260818-194618,1787082396177,-0.3866668007111576
20260818-194618,1787082396209,-0.0
20260818-194618,1787082396209,0.0
20260818-194618,1787082396209,0.0
20260818-194618,1787082396209,-0.0
20260818-194618,1787082396209,0.0
20260818-194618,1787082396209,0.0
20260818-194618,1787082396209,-0.0
20260818-194618,1787082396209,-0.0
20260818-194618,1787082396209,-0.0
20260818-194618,1787082396209,0.0
20260818-194618,1787082396209,-0.0
20260818-194618,1787082396209,-0.0
20260818-194618,1787082396209,-0.0
20260818-194618,1787082396209,-0.0
20260818-194618,1787082396209,0.0
20260818-194618,1787082396209,-0.0
20260818-194618,1787082396209,-0.0
20260818-194618,1787082396209,-0.0
20260818-194618,1787082396279,-0.0
20260818-194618,1787082396209,-0.0
20260818-194618,1787082396381,0.0
20260818-194618,1787082396483,-0.0
20260818-194618,1787082396585,-0.0
20260818-194618,1787082396687,0.0
20260818-194618,1787082396615,-0.0
20260818-194618,1787082396789,-0.0
20260818-194618,1787082396891,-0.0
20260818-194618,1787082396993,0.0
20260818-194618,1787082397095,-0.0
20260818-194618,1787082397026,0.0
20260818-194618,1787082397197,-0.0
20260818-194618,1787082397299,0.0
20260818-194618,1787082397401,-0.0
20260818-194618,1787082397290,-0.0
20260818-194618,1787082397503,-0.0
20260818-194618,1787082397605,-0.0
20260818-194618,1787082403113,-0.0
20260818-194618,1787082403027,-0.0
20260818-194618,1787082403215,-0.0
20260818-194618,1787082403317,-0.0
20260818-194618,1787082403419,-0.0
20260818-194618,1787082403521,0.0
20260818-194618,1787082403623,-0.0
20260818-194618,1787082403559,-0.0
20260818-194618,1787082403725,0.0
20260818-194618,1787082403827,0.0
20260818-194618,1787082403929,-0.0
20260818-194618,1787082404031,-0.0
20260818-194618,1787082404133,-0.0
20260818-194618,1787082404235,-0.0
20260818-194618,1787082404337,-0.0
20260818-194618,1787082404439,-0.0
20260818-194618,1787082404541,0.0
20260818-194618,1787082404414,0.0
20260818-194618,1787082404643,-0.0
20260818-194618,1787082404745,0.0
20260818-194618,1787082404733,-0.0
20260818-194618,1787082404847,-0.0
20260818-194618,1787082404745,-0.0
20260818-194618,1787082404949,-0.0
20260818-194618,1787082405051,0.0
20260818-194618,1787082405153,-0.0
20260818-194618,1787082405027,-0.0
20260818-194618,1787082405255,-0.0
20260818-194618,1787082405197,-0.0
20260818-194618,1787082405357,-0.0
20260818-194618,1787082405459,-0.0
20260818-194618,1787082405561,-0.0
20260818-194618,1787082405663,-0.0
20260818-194618,1787082405517,-0.0
20260818-194618,1787082405765,0.0
20260818-194618,1787082405867,-0.0
20260818-194618,1787082405969,-0.0
20260818-194618,1787082406071,-0.0
20260818-194618,1787082406173,-0.0
20260818-194618,1787082406275,-0.0
20260818-194618,1787082406377,-0.0
20260818-194618,1787082406326,-0.0
20260818-194618,1787082406479,-0.0
20260818-194618,1787082406581,-0.0
20260818-194618,1787082406683,-0.0
20260818-194618,1787082406531,-0.0
20260818-194618,1787082406785,0.0
20260818-194618,1787082406782,0.0
20260818-194618,1787082406887,-0.0
20260818-194618,1787082406989,-0.0
20260818-194618,1787082406843,-0.0
20260818-194618,1787082407091,-0.0
20260818-194618,1787082407028,-0.0
20260818-194618,1787082407193,-0.0
20260818-194618,1787082407295,-0.0
20260818-194618,1787082407397,-0.0
20260818-194618,1787082407499,0.0
20260818-194618,1787082407601,-0.0
20260818-194618,1787082407529,0.0
20260818-194618,1787082407703,-0.0
20260818-194618,1787082407805,-0.0
20260818-194618,1787082407907,-0.0
20260818-194618,1787082408009,-0.0
20260818-194618,1787082408111,-0.0
20260818-194618,1787082408213,-0.0
20260818-194618,1787082414333,-0.0
20260818-194618,1787082414233,0.0
20260818-194618,1787082414435,0.0
20260818-194618,1787082414537,-0.0
20260818-194618,1787082414639,-0.0
20260818-194618,1787082414741,-0.0
20260818-194618,1787082414843,-0.0
20260818-194618,1787082414945,0.0
20260818-194618,1787082415047,-0.0
20260818-194618,1787082414930,0.0
20260818-194618,1787082415149,-0.0
20260818-194618,1787082415140,-0.0
20260818-194618,1787082415251,-0.0
20260818-194618,1787082415154,-0.0
20260818-194618,1787082415353,-0.0
20260818-194618,1787082415455,-0.0
20260818-194618,1787082511862,0.17017313569618536
20260818-194618,1787082511862,0.17017313569618536
20260818-194618,1787082511862,0.17017313569618536
20260818-194618,1787082511862,0.17017313569618536
20260818-194618,1787082511862,0.17017313569618536
20260818-194618,1787082511949,0.09282242837486039
20260818-194618,1787082511864,0.09282242837486039
20260818-194618,1787082512051,0.09282242837486039
20260818-194618,1787082511997,0.09282242837486039
20260818-194618,1787082512153,0.09282242837486039
20260818-194618,1787082512255,0.09282242837486039
20260818-194618,1787082512329,0.09282242837486039
20260818-194618,1787082512330,-0.0
20260818-194618,1787082512357,0.0
20260818-194618,1787082512459,-0.0
20260818-194618,1787082512330,0.0
20260818-194618,1787082512561,-0.0
20260818-194618,1787082512485,-0.0
20260818-194618,1787082512663,-0.0
20260818-194618,1787082512765,-0.0
20260818-194618,1787082512867,-0.0
20260818-194618,1787082512812,-0.0
20260818-194618,1787082512969,-0.0
20260818-194618,1787082513071,-0.0
20260818-194618,1787082513173,-0.0
20260818-194618,1787082513275,-0.0
20260818-194618,1787082513377,-0.0
20260818-194618,1787082513479,-0.0
20260818-194618,1787082513581,-0.0
20260818-194618,1787082513683,-0.0
20260818-194618,1787082513785,-0.0
20260818-194618,1787082513887,-0.0
20260818-194618,1787082513989,-0.0
20260818-194618,1787082514091,-0.0
20260818-194618,1787082514193,0.0
20260818-194618,1787082514108,-0.0
20260818-194618,1787082514295,-0.0
20260818-194618,1787082514397,0.0
20260818-194618,1787082514499,0.0
20260818-194618,1787082514601,0.0
20260818-194618,1787082514703,-0.0
20260818-194618,1787082514805,-0.0
20260818-194618,1787082514907,-0.0
20260818-194618,1787082515009,0.0
20260818-194618,1787082515111,0.0
20260818-194618,1787082515213,0.030941096660309246
20260818-194618,1787082515315,0.030941096660309246
20260818-194618,1787082515417,0.030941096660309246
20260818-194618,1787082515519,0.030941096660309246
20260818-194618,1787082515621,-0.030941096660309246
20260818-194618,1787082515659,0.030941096660309246
20260818-194618,1787082515723,-0.0
20260818-194618,1787082515661,-0.0
20260818-194618,1787082515825,-0.0
20260818-194618,1787082515927,-0.0
20260818-194618,1787082516029,-0.0
20260818-194618,1787082516131,-0.0
20260818-194618,1787082516233,0.0
20260818-194618,1787082516204,0.0
20260818-194618,1787082516335,-0.0
20260818-194618,1787082516272,-0.0
20260818-194618,1787082516437,0.0
20260818-194618,1787082516539,-0.0
20260818-194618,1787082516641,-0.0
20260818-194618,1787082516743,-0.0
20260818-194618,1787082516845,0.0
20260818-194618,1787082516856,-0.0
20260818-194618,1787082516947,-0.0
20260818-194618,1787082516865,-0.0
20260818-194618,1787082517049,0.0
20260818-194618,1787082517151,-0.0
20260818-194618,1787082517253,-0.0
20260818-194618,1787082517162,-0.0
20260818-194618,1787082517355,0.0
20260818-194618,1787082517457,-0.0
20260818-194618,1787082517559,-0.0
20260818-194618,1787082517661,0.0
20260818-194618,1787082517566,0.0
20260818-194618,1787082517763,0.0
20260818-194618,1787082517865,-0.0
20260818-194618,1787082517748,-0.0
20260818-194618,1787082517967,-0.0
20260818-194618,1787082518069,-0.0
20260818-194618,1787082518171,-0.0
20260818-194618,1787082518273,-0.0
20260818-194618,1787082518375,-0.0
20260818-194618,1787082518477,-0.0
20260818-194618,1787082518579,-0.0
20260818-194618,1787082518681,-0.0
20260818-194618,1787082518535,-0.0
20260818-194618,1787082518783,-0.0
20260818-194618,1787082518885,-0.0
20260818-194618,1787082518987,0.0
20260818-194618,1787082519089,-0.0
20260818-194618,1787082519191,0.0
20260818-194618,1787082519293,-0.0
20260818-194618,1787082519395,-0.0
20260818-194618,1787082519497,-0.0
20260818-194618,1787082519599,-0.0
20260818-194618,1787082519701,-0.0
20260818-194618,1787082519803,-0.0
20260818-194618,1787082519905,0.0
20260818-194618,1787082520007,-0.0
20260818-194618,1787082520020,0.0
20260818-194618,1787082520109,-0.0
20260818-194618,1787082520211,-0.0
20260818-194618,1787082520057,-0.0
20260818-194618,1787082520313,-0.0
20260818-194618,1787082520415,0.0
20260818-194618,1787082520517,-0.0
20260818-194618,1787082520619,-0.0
20260818-194618,1787082520721,-0.0
20260818-194618,1787082520597,-0.0
20260818-194618,1787082520823,-0.0
20260818-194618,1787082520925,-0.0
20260818-194618,1787082521027,0.0
20260818-194618,1787082521129,0.0
20260818-194618,1787082521231,-0.0
20260818-194618,1787082521333,-0.0
20260818-194618,1787082521435,-0.0
20260818-194618,1787082521537,-0.0
20260818-194618,1787082521639,-0.0
20260818-194618,1787082521559,-0.0
20260818-194618,1787082521741,-0.0
20260818-194618,1787082521843,-0.0
20260818-194618,1787082521945,-0.0
20260818-194618,1787082522047,-0.0
20260818-194618,1787082521971,-0.0
20260818-194618,1787082522149,-0.0
20260818-194618,1787082522251,-0.0
20260818-194618,1787082522353,-0.0
20260818-194618,1787082522455,-0.0
20260818-194618,1787082522557,-0.0
20260818-194618,1787082522659,0.0
20260818-194618,1787082522761,0.0
20260818-194618,1787082522863,-0.0
20260818-194618,1787082522965,0.0
20260818-194618,1787082523067,0.0
20260818-194618,1787082523169,-0.0
20260818-194618,1787082523271,-0.0
20260818-194618,1787082523191,-0.0
20260818-194618,1787082523373,-0.0
20260818-194618,1787082523475,-0.0
20260818-194618,1787082523577,-0.0
20260818-194618,1787082523437,-0.0
20260818-194618,1787082523679,-0.0
20260818-194618,1787082523781,0.0
20260818-194618,1787082523883,-0.0
20260818-194618,1787082523985,0.0
20260818-194618,1787082524087,0.0
20260818-194618,1787082524189,-0.0
20260818-194618,1787082524291,-0.0
20260818-194618,1787082524393,0.0
20260818-194618,1787082524495,-0.0
20260818-194618,1787082524597,-0.0
20260818-194618,1787082524699,-0.0
20260818-194618,1787082524801,-0.0
20260818-194618,1787082524903,-0.0
20260818-194618,1787082524779,-0.0
20260818-194618,1787082525005,-0.0
20260818-194618,1787082525107,-0.0
20260818-194618,1787082524987,-0.0
20260818-194618,1787082525209,-0.0
20260818-194618,1787082525311,-0.0
20260818-194618,1787082525413,0.0
20260818-194618,1787082525515,-0.0
20260818-194618,1787082525376,0.0
20260818-194618,1787082525617,0.0
20260818-194618,1787082525719,0.0
20260818-194618,1787082525821,-0.0
20260818-194618,1787082525923,-0.0
20260818-194618,1787082525824,0.0
20260818-194618,1787082526025,-0.0
20260818-194618,1787082525941,0.0
20260818-194618,1787082526127,0.0
20260818-194618,1787082526229,-0.0
20260818-194618,1787082526331,-0.0
20260818-194618,1787082526433,-0.0
20260818-194618,1787082526535,-0.0
20260818-194618,1787082526637,0.0
20260818-194618,1787082526739,-0.0
20260818-194618,1787082526841,0.0
20260818-194618,1787082526943,0.0
20260818-194618,1787082527045,-0.0
20260818-194618,1787082527147,-0.0
20260818-194618,1787082527249,-0.0
20260818-194618,1787082527230,-0.0
20260818-194618,1787082527351,0.0
20260818-194618,1787082527453,0.0
20260818-194618,1787082527327,0.0
20260818-194618,1787082527555,-0.0
20260818-194618,1787082527657,0.0
20260818-194618,1787082527759,-0.0
20260818-194618,1787082527700,0.0
20260818-194618,1787082527861,-0.26300013536726646
20260818-194618,1787082527963,-0.26300013536726646
20260818-194618,1787082528065,0.26300013536726646
20260818-194618,1787082528167,0.26300013536726646
20260818-194618,1787082528269,0.26300013536726646
20260818-194618,1787082528332,0.0
20260818-194618,1787082528332,0.0
20260818-194618,1787082528332,-0.0
20260818-194618,1787082528332,-0.0
20260818-194618,1787082528332,-0.0
20260818-194618,1787082528332,-0.0
20260818-194618,1787082528332,0.0
20260818-194618,1787082528332,-0.0
20260818-194618,1787082528332,0.0
20260818-194618,1787082528332,-0.0
20260818-194618,1787082528332,-0.0
20260818-194618,1787082528332,-0.0
20260818-194618,1787082528371,-0.0
20260818-194618,1787082528473,-0.0
20260818-194618,1787082528332,-0.0
20260818-194618,1787082528575,0.0
20260818-194618,1787082528677,0.0
20260818-194618,1787082528779,-0.0
20260818-194618,1787082528645,-0.0
20260818-194618,1787082528881,-0.0
20260818-194618,1787082528983,-0.0
20260818-194618,1787082529085,0.0
20260818-194618,1787082529187,-0.0
20260818-194618,1787082529289,0.0
20260818-194618,1787082529391,-0.0
20260818-194618,1787082529493,-0.0
20260818-194618,1787082529595,0.0
20260818-194618,1787082529519,-0.0
20260818-194618,1787082529697,-0.0
20260818-194618,1787082529799,-0.0
20260818-194618,1787082529901,-0.0
20260818-194618,1787082530003,0.0
20260818-194618,1787082530105,-0.0
20260818-194618,1787082530207,-0.0
20260818-194618,1787082530309,0.0
20260818-194618,1787082530411,-0.0
20260818-194618,1787082530513,-0.0
20260818-194618,1787082530615,-0.0
20260818-194618,1787082530717,-0.0
20260818-194618,1787082530819,-0.0
20260818-194618,1787082530921,-0.0
20260818-194618,1787082531023,-0.0
20260818-194618,1787082531125,-0.0
20260818-194618,1787082531227,-0.0
20260818-194618,1787082531329,-0.0
20260818-194618,1787082531431,0.0
20260818-194618,1787082531533,-0.0
20260818-194618,1787082531635,-0.0
20260818-194618,1787082531737,0.0
20260818-194618,1787082531657,-0.0
20260818-194618,1787082531839,0.0
20260818-194618,1787082531941,-0.0
20260818-194618,1787082532043,0.0
20260818-194618,1787082532145,-0.0
20260818-194618,1787082532247,-0.0
20260818-194618,1787082532138,-0.0
20260818-194618,1787082532349,-0.0
20260818-194618,1787082532451,-0.0
20260818-194618,1787082532553,0.0
20260818-194618,1787082532450,-0.0
20260818-194618,1787082532655,-0.0
20260818-194618,1787082532757,0.0
20260818-194618,1787082532859,-0.0
20260818-194618,1787082532961,-0.0
20260818-194618,1787082532860,-0.0
20260818-194618,1787082533063,0.0
20260818-194618,1787082533165,-0.0
20260818-194618,1787082533267,-0.0
20260818-194618,1787082533201,-0.0
20260818-194618,1787082533369,-0.0
20260818-194618,1787082533471,0.0
20260818-194618,1787082533328,-0.0
20260818-194618,1787082533573,-0.0
20260818-194618,1787082533675,0.0
20260818-194618,1787082533555,-0.0
20260818-194618,1787082533777,0.0
20260818-194618,1787082533879,-0.0
20260818-194618,1787082533981,-0.0
20260818-194618,1787082533873,-0.0
20260818-194618,1787082534083,0.0
20260818-194618,1787082534185,-0.0
20260818-194618,1787082534287,-0.0
20260818-194618,1787082534389,-0.0
20260818-194618,1787082534491,-0.0
20260818-194618,1787082534593,0.0
20260818-194618,1787082534695,0.0
20260818-194618,1787082534797,0.0
20260818-194618,1787082534899,-0.0
20260818-194618,1787082535001,-0.0
20260818-194618,1787082534932,-0.0
20260818-194618,1787082535103,0.0
20260818-194618,1787082535205,-0.0
20260818-194618,1787082535307,-0.0
20260818-194618,1787082535196,-0.0
20260818-194618,1787082535409,-0.0
20260818-194618,1787082535511,-0.0
20260818-194618,1787082535613,-0.0
20260818-194618,1787082535715,-0.0
20260818-194618,1787082535727,-0.0
20260818-194618,1787082535817,-0.0
20260818-194618,1787082535739,-0.0
20260818-194618,1787082535919,-0.0
20260818-194618,1787082536021,-0.0
20260818-194618,1787082536123,-0.0
20260818-194618,1787082535986,-0.0
20260818-194618,1787082536225,0.0
20260818-194618,1787082536327,0.0
20260818-194618,1787082536429,-0.0
20260818-194618,1787082536531,0.0
20260818-194618,1787082536633,-0.0
20260818-194618,1787082536502,-0.0
20260818-194618,1787082536735,-0.0
20260818-194618,1787082536837,0.0
20260818-194618,1787082536939,-0.0
20260818-194618,1787082537041,0.0
20260818-194618,1787082537143,-0.0
20260818-194618,1787082537245,-0.0
20260818-194618,1787082537347,-0.0
20260818-194618,1787082537349,-0.0
20260818-194618,1787082537449,-0.0
20260818-194618,1787082537358,0.0
20260818-194618,1787082537551,-0.0
20260818-194618,1787082537653,-0.0
20260818-194618,1787082537755,-0.0
20260818-194618,1787082537857,-0.0
20260818-194618,1787082537959,-0.0
20260818-194618,1787082538061,0.0
20260818-194618,1787082537945,-0.0
20260818-194618,1787082538163,-0.0
20260818-194618,1787082538265,-0.0
20260818-194618,1787082538152,0.0
20260818-194618,1787082538367,0.0
20260818-194618,1787082538469,-0.0
20260818-194618,1787082538571,-0.0
20260818-194618,1787082538673,0.0
20260818-194618,1787082538775,-0.0
20260818-194618,1787082538877,-0.0
20260818-194618,1787082538979,-0.0
20260818-194618,1787082539081,-0.0
20260818-194618,1787082539183,-0.0
20260818-194618,1787082539285,-0.0
20260818-194618,1787082539387,-0.0
20260818-194618,1787082539489,-0.0
20260818-194618,1787082539591,0.0
20260818-194618,1787082539693,-0.0
20260818-194618,1787082539795,-0.0
20260818-194618,1787082539897,-0.0
20260818-194618,1787082539999,-0.0
20260818-194618,1787082540101,-0.0
20260818-194618,1787082540203,0.0
20260818-194618,1787082540305,-0.0
20260818-194618,1787082540407,-0.0
20260818-194618,1787082540509,-0.0
20260818-194618,1787082540611,-0.0
20260818-194618,1787082540713,0.0
20260818-194618,1787082540600,-0.0
20260818-194618,1787082540761,-0.0
20260818-194618,1787082540815,-0.0
20260818-194618,1787082540917,0.0
20260818-194618,1787082540810,-0.0
20260818-194618,1787082541019,-0.0
20260818-194618,1787082540940,0.0
20260818-194618,1787082541121,-0.0
20260818-194618,1787082541223,-0.0
20260818-194618,1787082541325,-0.0
20260818-194618,1787082541217,-0.0
20260818-194618,1787082541427,-0.0
20260818-194618,1787082541529,0.0
20260818-194618,1787082541631,-0.0
20260818-194618,1787082541733,-0.0
20260818-194618,1787082541648,0.0
20260818-194618,1787082541835,-0.0
20260818-194618,1787082541937,-0.0
20260818-194618,1787082541910,-0.0
20260818-194618,1787082542039,0.7426081481136454
20260818-194618,1787082542141,0.7426081481136454
20260818-194618,1787082542024,0.7426081481136454
20260818-194618,1787082542243,-0.7426081481136454
20260818-194618,1787082542345,0.7426081481136454
20260818-194618,1787082542419,0.7426081481136454
20260818-194618,1787082542419,0.7426081481136454
20260818-194618,1787082542419,0.7426081481136454
20260818-194618,1787082542419,0.7426081481136454
20260818-194618,1787082542419,-0.7426081481136454
20260818-194618,1787082542419,-0.7426081481136454
20260818-194618,1787082542419,0.7426081481136454
20260818-194618,1787082542419,0.7426081481136454
20260818-194618,1787082542428,0.7426081481136454
20260818-194618,1787082542435,-0.7426081481136454
20260818-194618,1787082542435,0.7426081481136454
20260818-194618,1787082542435,-0.7426081481136454
20260818-194618,1787082542435,-0.7426081481136454
20260818-194618,1787082542435,0.7426081481136454
20260818-194618,1787082542435,0.7426081481136454
20260818-194618,1787082542435,0.7426081481136454
20260818-194618,1787082542435,-0.7426081481136454
20260818-194618,1787082542435,0.7426081481136454
20260818-194618,1787082542435,0.7426081481136454
20260818-194618,1787082542435,0.7426081481136454
20260818-194618,1787082542435,0.7426081481136454
20260818-194618,1787082542435,0.7426081481136454
20260818-194618,1787082542435,0.7426081481136454
20260818-194618,1787082542435,0.7426081481136454
20260818-194618,1787082542435,-0.7426081481136454
20260818-194618,1787082542435,0.7426081481136454
20260818-194618,1787082542435,0.7426081481136454
20260818-194618,1787082542435,-0.7426081481136454
20260818-194618,1787082542435,0.7426081481136454
20260818-194618,1787082542435,-0.7426081481136454
20260818-194618,1787082542435,0.7426081481136454
20260818-194618,1787082542437,0.12377568442196529
20260818-194618,1787082542447,-0.12377568442196529
20260818-194618,1787082542437,0.12377568442196529
20260818-194618,1787082542446,0.12377568442196529
20260818-194618,1787082542446,0.12377568442196529
20260818-194618,1787082542446,0.12377568442196529
20260818-194618,1787082542449,0.12377568442196529
20260818-194618,1787082542449,-0.12377568442196529
20260818-194618,1787082542449,-0.12377568442196529
20260818-194618,1787082542449,0.12377568442196529
20260818-194618,1787082542457,0.12377568442196529
20260818-194618,1787082542457,0.12377568442196529
20260818-194618,1787082542457,0.12377568442196529
20260818-194618,1787082542458,0.12377568442196529
20260818-194618,1787082542471,0.12377568442196529
20260818-194618,1787082542549,0.0
20260818-194618,1787082542487,-0.0
20260818-194618,1787082542651,-0.0
20260818-194618,1787082542545,0.0
20260818-194618,1787082542753,-0.0
20260818-194618,1787082542855,-0.0
20260818-194618,1787082542957,0.0
20260818-194618,1787082543059,0.0
20260818-194618,1787082542963,-0.0
20260818-194618,1787082543161,0.0
20260818-194618,1787082543263,-0.0
20260818-194618,1787082543365,-0.0
20260818-194618,1787082543467,-0.0
20260818-194618,1787082543569,0.0
20260818-194618,1787082543474,-0.0
20260818-194618,1787082543671,-0.0
20260818-194618,1787082543773,-0.0
20260818-194618,1787082543643,0.0
20260818-194618,1787082543875,-0.0
20260818-194618,1787082543977,-0.0
20260818-194618,1787082544079,0.0
20260818-194618,1787082544181,-0.0
20260818-194618,1787082544283,-0.0
20260818-194618,1787082544200,-0.0
20260818-194618,1787082544385,-0.0
20260818-194618,1787082544487,-0.0
20260818-194618,1787082544589,-0.0
20260818-194618,1787082544691,-0.0
20260818-194618,1787082544555,0.0
20260818-194618,1787082544793,0.0
20260818-194618,1787082544895,0.0
20260818-194618,1787082544756,-0.0
20260818-194618,1787082544997,-0.0
20260818-194618,1787082545099,-0.0
20260818-194618,1787082545201,-0.0
20260818-194618,1787082545303,0.0
20260818-194618,1787082545405,-0.0
20260818-194618,1787082545507,0.0
20260818-194618,1787082545609,-0.0
20260818-194618,1787082545498,-0.0
20260818-194618,1787082545711,0.34038734532637954
20260818-194618,1787082545813,0.34038734532637954
20260818-194618,1787082545915,-0.34038734532637954
20260818-194618,1787082546017,0.34038734532637954
20260818-194618,1787082546119,-0.34038734532637954
20260818-194618,1787082546122,0.34038734532637954
20260818-194618,1787082546125,0.34038734532637954
20260818-194618,1787082546210,-0.0
20260818-194618,1787082546210,-0.0
20260818-194618,1787082546210,0.0
20260818-194618,1787082546210,-0.0
20260818-194618,1787082546210,-0.0
20260818-194618,1787082546210,-0.0
20260818-194618,1787082546210,-0.0
20260818-194618,1787082546210,0.0
20260818-194618,1787082546210,0.0
20260818-194618,1787082546210,-0.0
20260818-194618,1787082546210,0.0
20260818-194618,1787082546210,-0.0
20260818-194618,1787082546210,0.0
20260818-194618,1787082546221,0.0
20260818-194618,1787082546323,-0.0
20260818-194618,1787082546210,0.0
20260818-194618,1787082546425,-0.0
20260818-194618,1787082546462,-0.0
20260818-194618,1787082546464,0.0
20260818-194618,1787082546527,-0.0
20260818-194618,1787082546464,-0.0
20260818-194618,1787082546629,-0.0
20260818-194618,1787082546731,-0.0
20260818-194618,1787082546833,-0.0
20260818-194618,1787082546761,-0.0
20260818-194618,1787082546935,-0.0
20260818-194618,1787082547037,-0.0
20260818-194618,1787082547139,0.0
20260818-194618,1787082547241,-0.0
20260818-194618,1787082547110,-0.0
20260818-194618,1787082547343,-0.0
20260818-194618,1787082547445,-0.0
20260818-194618,1787082547547,-0.0
20260818-194618,1787082547502,0.0
20260818-194618,1787082547649,-0.0
20260818-194618,1787082547751,0.0
20260818-194618,1787082547617,-0.0
20260818-194618,1787082547853,-0.0
20260818-194618,1787082547955,-0.0
20260818-194618,1787082547970,-0.0
20260818-194618,1787082548057,-0.0
20260818-194618,1787082548004,-0.0
20260818-194618,1787082548159,-0.0
20260818-194618,1787082548261,-0.0
20260818-194618,1787082548363,0.0
20260818-194618,1787082548233,-0.0
20260818-194618,1787082548465,0.0
20260818-194618,1787082548567,0.0
20260818-194618,1787082548463,-0.0
20260818-194618,1787082548669,-0.0
20260818-194618,1787082548771,-0.0
20260818-194618,1787082548873,-0.0
20260818-194618,1787082548975,-0.0
20260818-194618,1787082549077,-0.0
20260818-194618,1787082549179,0.0
20260818-194618,1787082549281,-0.0
20260818-194618,1787082549383,-0.0
20260818-194618,1787082549485,-0.0
20260818-194618,1787082549424,-0.0
20260818-194618,1787082549587,-0.0
20260818-194618,1787082549689,-0.0
20260818-194618,1787082549791,0.0
20260818-194618,1787082549893,-0.0
20260818-194618,1787082549995,-0.0
20260818-194618,1787082550097,0.0
20260818-194618,1787082550199,0.0
20260818-194618,1787082550301,-0.0
20260818-194618,1787082550403,-0.0
20260818-194618,1787082550334,0.0
20260818-194618,1787082550607,-0.0
20260818-194618,1787082551321,0.0
20260818-194618,1787082551234,0.0
20260818-194618,1787082551423,-0.0
20260818-194618,1787082551525,-0.0
20260818-194618,1787082551627,0.0
20260818-194618,1787082551729,-0.0
20260818-194618,1787082551641,-0.0
20260818-194618,1787082551831,0.0
20260818-194618,1787082551889,-0.0
20260818-194618,1787082551933,-0.0
20260818-194618,1787082552035,-0.0
20260818-194618,1787082551932,-0.0
20260818-194618,1787082552137,-0.0
20260818-194618,1787082552239,-0.0
20260818-194618,1787082552341,0.0
20260818-194618,1787082552204,-0.0
20260818-194618,1787082552443,0.0
20260818-194618,1787082552545,-0.0
20260818-194618,1787082557951,0.0
20260818-194618,1787082558053,-0.0
20260818-194618,1787082558155,-0.0
20260818-194618,1787082558032,-0.0
20260818-194618,1787082558257,-0.0
20260818-194618,1787082558359,0.0
20260818-194618,1787082558461,0.0
20260818-194618,1787082558563,-0.0
20260818-194618,1787082558665,0.0
20260818-194920,1787082561725,-0.0
20260818-194920,1787082561827,0.0
20260818-194920,1787082561929,-0.0
20260818-194920,1787082562031,0.0
20260818-194920,1787082562133,0.0
20260818-194920,1787082561999,0.0
20260818-194920,1787082562643,0.0
20260818-194920,1787082562745,0.0
20260818-194920,1787082562847,0.0
20260818-194920,1787082562949,0.0
20260818-194920,1787082563051,0.0
20260818-194920,1787082562956,0.0
20260818-194920,1787082563153,0.0
20260818-194920,1787082563255,0.0
20260818-194920,1787082563357,0.0
20260818-194920,1787082563459,0.0
20260818-194920,1787082563561,0.0
20260818-194920,1787082563663,0.0
20260818-194920,1787082563765,0.0
20260818-194920,1787082563867,0.0
20260818-194920,1787082563969,0.0
20260818-194920,1787082564071,0.0
20260818-194920,1787082564173,0.0
20260818-194920,1787082564026,0.0
20260818-194920,1787082564275,0.0
20260818-194920,1787082564377,0.0
20260818-194920,1787082564479,0.0
20260818-194920,1787082564581,0.0
20260818-194920,1787082564683,0.0
20260818-194920,1787082564785,0.0
20260818-194920,1787082564887,0.0
20260818-194920,1787082564943,0.0
20260818-194920,1787082564989,0.0
20260818-194920,1787082564951,0.0
20260818-194920,1787082565295,0.0
20260818-194920,1787082565601,0.0
20260818-194920,1787082565530,-0.0
20260818-194920,1787082565703,-0.0
20260818-194920,1787082565710,0.0
20260818-194920,1787082565805,0.0
20260818-194920,1787082565907,0.0
20260818-194920,1787082565747,-0.0
20260818-194920,1787082566009,0.0
20260818-194920,1787082566111,0.0
20260818-194920,1787082565961,-0.0
20260818-194920,1787082566213,0.0
20260818-194920,1787082566315,0.0
20260818-194920,1787082566417,0.0
20260818-194920,1787082566519,0.0
20260818-194920,1787082566621,-0.0
20260818-194920,1787082566723,0.0
20260818-194920,1787082566825,0.0
20260818-194920,1787082568049,0.0
20260818-194920,1787082567922,0.0
20260818-194920,1787082568151,0.0
20260818-194920,1787082568253,0.0
20260818-194920,1787082568355,0.0
20260818-194920,1787082568457,0.0
20260818-194920,1787082568559,0.0
20260818-194920,1787082568661,0.0
20260818-194920,1787082568586,-0.0
20260818-194920,1787082568763,0.0
20260818-194920,1787082568865,0.0
20260818-194920,1787082568786,-0.0
20260818-194920,1787082568967,0.0
20260818-194920,1787082569069,0.0
20260818-194920,1787082568959,0.0
20260818-194920,1787082569579,0.0
20260818-194920,1787082569681,0.0
20260818-194920,1787082569783,-0.0
20260818-194920,1787082569885,0.0
20260818-194920,1787082569691,0.0
20260818-194920,1787082569987,0.0
20260818-194920,1787082569839,0.0
20260818-194920,1787082570089,0.0
20260818-194920,1787082570011,0.0
20260818-194920,1787082570191,0.0
20260818-194920,1787082570293,0.0
20260818-194920,1787082570395,0.0
20260818-194920,1787082570497,0.0
20260818-194920,1787082570599,0.0
20260818-194920,1787082570701,0.0
20260818-194920,1787082570803,0.0
20260818-194920,1787082570660,0.0
20260818-194920,1787082570905,0.0
20260818-194920,1787082571007,0.0
20260818-194920,1787082571109,0.0
20260818-194920,1787082571019,-0.0
20260818-194920,1787082571211,0.0
20260818-194920,1787082571313,-0.0
20260818-194920,1787082571415,0.0
20260818-194920,1787082571517,0.0
20260818-194920,1787082571424,0.0
20260818-194920,1787082571619,0.0
20260818-194920,1787082571721,0.0
20260818-194920,1787082571823,-0.0
20260818-194920,1787082571925,0.0
20260818-194920,1787082572027,0.0
20260818-194920,1787082572129,0.0
20260818-194920,1787082572046,0.0
20260818-194920,1787082572231,0.0
20260818-194920,1787082572333,-0.0
20260818-194920,1787082572168,0.0
20260818-194920,1787082572435,-0.0
20260818-194920,1787082572537,0.0
20260818-194920,1787082572639,0.0
20260818-194920,1787082572741,0.0
20260818-194920,1787082572843,0.0
20260818-194920,1787082572945,0.0
20260818-194920,1787082573047,0.0
20260818-194920,1787082572947,0.0
20260818-194920,1787082573149,0.0
20260818-194920,1787082573251,0.0
20260818-194920,1787082573353,0.0
20260818-194920,1787082573455,0.0
20260818-194920,1787082573350,0.0
20260818-194920,1787082573557,0.0
20260818-194920,1787082573659,0.0
20260818-194920,1787082573761,0.0
20260818-194920,1787082573863,0.0
20260818-194920,1787082573965,0.0
20260818-194920,1787082574067,0.0
20260818-194920,1787082573945,-0.0
20260818-194920,1787082574169,0.0
20260818-194920,1787082574271,0.0
20260818-194920,1787082574373,0.0
20260818-194920,1787082577031,0.0
20260818-194920,1787082577229,-0.0
20260818-194920,1787082577167,0.0
20260818-194920,1787082577331,0.0
20260818-194920,1787082577433,0.0
20260818-194920,1787082577332,0.0
20260818-194920,1787082577535,0.0
20260818-194920,1787082577637,0.0
20260818-194920,1787082577739,0.0
20260818-194920,1787082577841,0.0
20260818-194920,1787082577760,0.0
20260818-194920,1787082577943,0.0
20260818-194920,1787082578045,0.0
20260818-194920,1787082577899,0.0
20260818-194920,1787082578147,0.0
20260818-194920,1787082578249,0.0
20260818-194920,1787082578351,0.3094535746142854
20260818-194920,1787082578453,0.3094535746142854
20260818-194920,1787082578312,-0.0
20260818-194920,1787082578555,0.3094535746142854
20260818-194920,1787082578657,0.3094535746142854
20260818-194920,1787082578575,0.3094535746142854
20260818-194920,1787082578759,0.3094535746142854
20260818-194920,1787082578804,0.3094535746142854
20260818-194920,1787082578812,0.3094535746142854
20260818-194920,1787082578812,0.3094535746142854
20260818-194920,1787082578812,0.3094535746142854
20260818-194920,1787082578812,0.3094535746142854
20260818-194920,1787082578812,0.3094535746142854
20260818-194920,1787082578812,-0.3094535746142854
20260818-194920,1787082578812,0.3094535746142854
20260818-194920,1787082578812,0.3094535746142854
20260818-194920,1787082578812,0.3094535746142854
20260818-194920,1787082578812,0.3094535746142854
20260818-194920,1787082578814,0.3094535746142854
20260818-194920,1787082578861,0.0
20260818-194920,1787082578963,0.0
20260818-194920,1787082579065,-0.0
20260818-194920,1787082578940,0.0
20260818-194920,1787082579167,0.0
20260818-194920,1787082579269,0.0
20260818-194920,1787082579371,0.0
20260818-194920,1787082579473,0.0
20260818-194920,1787082579575,0.0
20260818-194920,1787082579677,0.0
20260818-194920,1787082579779,0.0
20260818-194920,1787082579621,0.0
20260818-194920,1787082579881,0.0
20260818-194920,1787082579983,0.0
20260818-194920,1787082579886,0.0
20260818-194920,1787082580085,0.0
20260818-194920,1787082580005,0.0
20260818-194920,1787082580187,0.0
20260818-194920,1787082580289,0.0
20260818-194920,1787082580391,0.0
20260818-194920,1787082580493,0.0
20260818-194920,1787082580595,-0.0
20260818-194920,1787082580697,-0.0
20260818-194920,1787082580799,-0.0
20260818-194920,1787082580901,0.0
20260818-194920,1787082580821,0.0
20260818-194920,1787082581003,-0.0
20260818-194920,1787082581105,0.0
20260818-194920,1787082581207,-0.0
20260818-194920,1787082581309,0.0
20260818-194920,1787082581197,0.0
20260818-194920,1787082581411,0.0
20260818-194920,1787082581513,0.0
20260818-194920,1787082581615,0.0
20260818-194920,1787082581717,0.0
20260818-194920,1787082581819,0.0
20260818-194920,1787082581921,0.0
20260818-194920,1787082581835,0.0
20260818-194920,1787082582023,0.0
20260818-194920,1787082582125,-0.0
20260818-194920,1787082582227,0.0
20260818-194920,1787082582329,-0.0
20260818-194920,1787082582431,0.0
20260818-194920,1787082582533,0.0
20260818-194920,1787082582635,0.0
20260818-194920,1787082582737,0.0
20260818-194920,1787082582839,0.0
20260818-194920,1787082582941,0.0
20260818-194920,1787082582848,0.0
20260818-194920,1787082583043,0.0
20260818-194920,1787082583145,0.0
20260818-194920,1787082583247,0.0
20260818-194920,1787082583125,0.0
20260818-194920,1787082583349,0.0
20260818-194920,1787082583451,0.0
20260818-194920,1787082583553,0.0
20260818-194920,1787082583655,0.0
20260818-194920,1787082583757,0.0
20260818-194920,1787082583859,0.0
20260818-194920,1787082583801,0.0
20260818-194920,1787082583961,0.0
20260818-194920,1787082583866,0.0
20260818-194920,1787082584063,0.0
20260818-194920,1787082584165,0.603415797579402
20260818-194920,1787082584066,0.0
20260818-194920,1787082584267,0.603415797579402
20260818-194920,1787082584369,1.268720394911981
20260818-194920,1787082584471,1.268720394911981
20260818-194920,1787082584573,1.4079701943526886
20260818-194920,1787082584584,1.4079701943526886
20260818-194920,1787082584643,1.4079701943526886
20260818-194920,1787082584644,1.4079701943526886
20260818-194920,1787082584644,1.4079701943526886
20260818-194920,1787082584644,1.4079701943526886
20260818-194920,1787082584644,-1.4079701943526886
20260818-194920,1787082584644,1.4079701943526886
20260818-194920,1787082584646,-1.4079701943526886
20260818-194920,1787082584646,1.4079701943526886
20260818-194920,1787082584646,1.4079701943526886
20260818-194920,1787082584646,1.4079701943526886
20260818-194920,1787082584646,1.4079701943526886
20260818-194920,1787082584646,1.4079701943526886
20260818-194920,1787082584649,1.4079701943526886
20260818-194920,1787082584653,1.4079701943526886
20260818-194920,1787082584653,1.4079701943526886
20260818-194920,1787082584653,1.4079701943526886
20260818-194920,1787082584653,1.4079701943526886
20260818-194920,1787082584653,1.4079701943526886
20260818-194920,1787082584653,1.4079701943526886
20260818-194920,1787082584653,1.4079701943526886
20260818-194920,1787082584653,1.4079701943526886
20260818-194920,1787082584653,-1.4079701943526886
20260818-194920,1787082584653,1.4079701943526886
20260818-194920,1787082584653,1.4079701943526886
20260818-194920,1787082584653,1.4079701943526886
20260818-194920,1787082584653,-1.4079701943526886
20260818-194920,1787082584675,0.8045058516192753
20260818-194920,1787082584777,0.8045058516192753
20260818-194920,1787082584658,-0.8045058516192753
20260818-194920,1787082584809,0.8045058516192753
20260818-194920,1787082584812,0.8045058516192753
20260818-194920,1787082584834,0.8045058516192753
20260818-194920,1787082584834,0.8045058516192753
20260818-194920,1787082584834,0.8045058516192753
20260818-194920,1787082584834,0.8045058516192753
20260818-194920,1787082584834,0.8045058516192753
20260818-194920,1787082584834,0.8045058516192753
20260818-194920,1787082584834,0.8045058516192753
20260818-194920,1787082584834,0.8045058516192753
20260818-194920,1787082584834,0.8045058516192753
20260818-194920,1787082584834,0.8045058516192753
20260818-194920,1787082584834,0.8045058516192753
20260818-194920,1787082584834,0.8045058516192753
20260818-194920,1787082584834,0.8045058516192753
20260818-194920,1787082584834,0.8045058516192753
20260818-194920,1787082584834,0.8045058516192753
20260818-194920,1787082584835,0.8045058516192753
20260818-194920,1787082584835,0.8045058516192753
20260818-194920,1787082584835,0.8045058516192753
20260818-194920,1787082584835,0.8045058516192753
20260818-194920,1787082584835,0.8045058516192753
20260818-194920,1787082584835,-0.8045058516192753
20260818-194920,1787082584835,0.8045058516192753
20260818-194920,1787082584835,0.8045058516192753
20260818-194920,1787082584835,-0.8045058516192753
20260818-194920,1787082584835,0.8045058516192753
20260818-194920,1787082584835,0.8045058516192753
20260818-194920,1787082584835,0.8045058516192753
20260818-194920,1787082584835,-0.8045058516192753
20260818-194920,1787082584846,0.8045058516192753
20260818-194920,1787082584855,-0.13923213477580598
20260818-194920,1787082584855,0.13923213477580598
20260818-194920,1787082584879,0.13923213477580598
20260818-194920,1787082584855,0.13923213477580598
20260818-194920,1787082584919,0.13923213477580598
20260818-194920,1787082584919,-0.13923213477580598
20260818-194920,1787082584919,0.13923213477580598
20260818-194920,1787082584933,0.13923213477580598
20260818-194920,1787082584970,0.13923213477580598
20260818-194920,1787082584982,0.0
20260818-194920,1787082584982,0.0
20260818-194920,1787082584981,0.06188047013597139
20260818-194920,1787082585083,0.0
20260818-194920,1787082584982,0.0
20260818-194920,1787082585185,0.0
20260818-194920,1787082585116,0.0
20260818-194920,1787082585287,0.0
20260818-194920,1787082585389,0.0
20260818-194920,1787082585491,0.0
20260818-194920,1787082585399,0.0
20260818-194920,1787082585593,0.0
20260818-194920,1787082585695,0.0
20260818-194920,1787082585693,0.0
20260818-194920,1787082585797,-0.0
20260818-194920,1787082585899,0.0
20260818-194920,1787082585743,0.0
20260818-194920,1787082586001,0.0
20260818-194920,1787082585939,0.0
20260818-194920,1787082586103,0.0
20260818-194920,1787082586205,0.0
20260818-194920,1787082586070,0.0
20260818-194920,1787082586307,0.0
20260818-194920,1787082586409,0.0
20260818-194920,1787082586511,0.0
20260818-194920,1787082586613,0.0
20260818-194920,1787082586715,0.0
20260818-194920,1787082586693,-0.0
20260818-194920,1787082586817,0.0
20260818-194920,1787082586715,-0.0
20260818-194920,1787082586919,0.0
20260818-194920,1787082587021,0.0
20260818-194920,1787082586952,0.0
20260818-194920,1787082587123,-0.0
20260818-194920,1787082587225,0.0
20260818-194920,1787082587327,0.0
20260818-194920,1787082587429,0.0
20260818-194920,1787082587531,0.0
20260818-194920,1787082587633,-0.0
20260818-194920,1787082587553,0.0
20260818-194920,1787082587705,-0.0
20260818-194920,1787082587735,0.0
20260818-194920,1787082587837,0.0
20260818-194920,1787082587725,0.0
20260818-194920,1787082587939,0.0
20260818-194920,1787082588041,0.0
20260818-194920,1787082588143,-0.0
20260818-194920,1787082588066,0.0
20260818-194920,1787082588245,0.0
20260818-194920,1787082588347,0.0
20260818-194920,1787082588449,0.0
20260818-194920,1787082588551,0.0
20260818-194920,1787082588653,0.0
20260818-194920,1787082588755,0.0
20260818-194920,1787082588857,0.0
20260818-194920,1787082588959,-0.0
20260818-194920,1787082589061,0.0
20260818-194920,1787082589163,0.0
20260818-194920,1787082589265,0.0
20260818-194920,1787082589367,0.0
20260818-194920,1787082589469,0.0
20260818-194920,1787082589571,0.0
20260818-194920,1787082589492,0.0
20260818-194920,1787082589673,0.0
20260818-194920,1787082589775,0.0
20260818-194920,1787082589877,0.0
20260818-194920,1787082589979,0.0
20260818-194920,1787082590081,0.0
20260818-194920,1787082590183,0.0
20260818-194920,1787082590070,0.0
20260818-194920,1787082590285,0.0
20260818-194920,1787082590387,0.0
20260818-194920,1787082590489,0.0
20260818-194920,1787082590591,0.0
20260818-194920,1787082590693,0.0
20260818-194920,1787082590539,-0.0
20260818-194920,1787082590795,0.0
20260818-194920,1787082590897,0.0
20260818-194920,1787082590999,0.0
20260818-194920,1787082591101,0.0
20260818-194920,1787082591006,0.0
20260818-194920,1787082591203,0.0
20260818-194920,1787082591305,0.0
20260818-194920,1787082591407,-0.0
20260818-194920,1787082591509,0.0
20260818-194920,1787082591611,0.0
20260818-194920,1787082591524,0.0
20260818-194920,1787082591713,0.0
20260818-194920,1787082591815,0.0
20260818-194920,1787082591917,0.0
20260818-194920,1787082592019,-0.0
20260818-194920,1787082592121,0.0
20260818-194920,1787082592223,0.0
20260818-194920,1787082592070,0.0
20260818-194920,1787082592325,0.0
20260818-194920,1787082592427,0.0
20260818-194920,1787082592529,-0.0
20260818-194920,1787082592465,0.0
20260818-194920,1787082592631,0.0
20260818-194920,1787082592733,0.0
20260818-194920,1787082592835,0.0
20260818-194920,1787082592762,0.0
20260818-194920,1787082592937,0.0
20260818-194920,1787082593039,0.0
20260818-194920,1787082593141,0.0
20260818-194920,1787082593243,0.0
20260818-194920,1787082593345,-0.0
20260818-194920,1787082593447,-0.0
20260818-194920,1787082593549,0.0
20260818-194920,1787082593651,0.0
20260818-194920,1787082593753,0.0
20260818-194920,1787082593855,-0.0
20260818-194920,1787082593957,0.0
20260818-194920,1787082594059,0.0
20260818-194920,1787082594161,0.0
20260818-194920,1787082594071,0.0
20260818-194920,1787082594263,0.0
20260818-194920,1787082594365,0.0
20260818-194920,1787082594224,0.0
20260818-194920,1787082594467,0.0
20260818-194920,1787082594569,0.0
20260818-194920,1787082594671,-0.0
20260818-194920,1787082594773,0.0
20260818-194920,1787082597833,0.0
20260818-194920,1787082597935,0.0
20260818-194920,1787082598037,0.0
20260818-194920,1787082598139,0.0
20260818-194920,1787082598241,0.0
20260818-194920,1787082598343,0.0
20260818-194920,1787082598445,-0.0
20260818-194920,1787082598547,0.0
20260818-194920,1787082598649,0.0
20260818-194920,1787082598751,-0.0
20260818-194920,1787082598853,0.0
20260818-194920,1787082598955,0.0
20260818-194920,1787082599057,0.0
20260818-194920,1787082599159,0.0
20260818-194920,1787082599261,0.0
20260818-194920,1787082599363,0.0
20260818-194920,1787082599465,0.0
20260818-194920,1787082599567,0.0
20260818-194920,1787082599669,0.0
20260818-194920,1787082599625,0.0
20260818-194920,1787082599771,0.0
20260818-194920,1787082599708,0.0
20260818-194920,1787082599873,0.0
20260818-194920,1787082599975,0.0
20260818-194920,1787082600077,0.0
20260818-194920,1787082600179,0.0
20260818-194920,1787082600281,0.0
20260818-194920,1787082602117,0.12375213375569293
20260818-194920,1787082601812,0.12375213375569293
20260818-194920,1787082602033,-0.12375213375569293
20260818-194920,1787082602089,0.12375213375569293
20260818-194920,1787082602089,0.12375213375569293
20260818-194920,1787082602090,0.12375213375569293
20260818-194920,1787082602090,0.12375213375569293
20260818-194920,1787082602090,0.12375213375569293
20260818-194920,1787082602090,0.12375213375569293
20260818-194920,1787082602090,0.12375213375569293
20260818-194920,1787082602093,0.12375213375569293
20260818-194920,1787082602093,0.12375213375569293
20260818-194920,1787082602093,0.12375213375569293
20260818-194920,1787082602093,0.12375213375569293
20260818-194920,1787082602093,-0.12375213375569293
20260818-194920,1787082602093,0.12375213375569293
20260818-194920,1787082602093,-0.12375213375569293
20260818-194920,1787082602093,0.12375213375569293
20260818-194920,1787082602093,0.12375213375569293
20260818-194920,1787082602093,0.12375213375569293
20260818-194920,1787082602093,-0.12375213375569293
20260818-194920,1787082602097,0.12375213375569293
20260818-194920,1787082602097,0.12375213375569293
20260818-194920,1787082602097,0.12375213375569293
20260818-194920,1787082602097,0.12375213375569293
20260818-194920,1787082602097,0.12375213375569293
20260818-194920,1787082602097,0.12375213375569293
20260818-194920,1787082602097,0.12375213375569293
20260818-194920,1787082602097,0.12375213375569293
20260818-194920,1787082602097,-0.12375213375569293
20260818-194920,1787082602097,0.12375213375569293
20260818-194920,1787082602097,0.12375213375569293
20260818-194920,1787082602097,0.12375213375569293
20260818-194920,1787082602114,0.12375213375569293
20260818-194920,1787082602114,0.12375213375569293
20260818-194920,1787082602114,0.12375213375569293
20260818-194920,1787082602114,-0.12375213375569293
20260818-194920,1787082602114,-0.12375213375569293
20260818-194920,1787082602114,-0.12375213375569293
20260818-194920,1787082602152,0.12375213375569293
20260818-194920,1787082602152,0.12375213375569293
20260818-194920,1787082602167,0.12375213375569293
20260818-194920,1787082602173,0.12375213375569293
20260818-194920,1787082602219,-0.0
20260818-194920,1787082602184,0.0
20260818-194920,1787082602199,-0.0
20260818-194920,1787082602321,0.0
20260818-194920,1787082656177,0.0
20260818-194920,1787082656279,0.0
20260818-194920,1787082656381,0.0
20260818-194920,1787082658829,0.0
20260818-194920,1787082658730,0.0
20260818-194920,1787082658931,0.0
20260818-194920,1787082659033,0.0
20260818-194920,1787082659135,0.0
20260818-194920,1787082659237,0.0
20260818-194920,1787082659339,-0.0
20260818-194920,1787082659441,0.0
20260818-194920,1787082659543,-0.0
20260818-194920,1787082659645,0.0
20260818-194920,1787082659747,0.0
20260818-194920,1787082659849,0.0
20260818-194920,1787082659951,0.0
20260818-194920,1787082660053,0.0
20260818-194920,1787082660155,0.0
20260818-194920,1787082660257,0.0
20260818-194920,1787082660359,0.0
20260818-194920,1787082660461,0.0
20260818-194920,1787082660563,0.0
20260818-194920,1787082660665,0.0
20260818-194920,1787082660663,0.0
20260818-194920,1787082660767,0.0
20260818-194920,1787082660700,0.0
20260818-194920,1787082660869,0.0
20260818-194920,1787082660971,0.0
20260818-194920,1787082660821,-0.0
20260818-194920,1787082661073,0.0
20260818-194920,1787082661175,0.0
20260818-194920,1787082661277,-0.0
20260818-194920,1787082661379,0.0
20260818-194920,1787082661481,0.0
20260818-194920,1787082661583,0.0
20260818-194920,1787082661685,0.0
20260818-194920,1787082661787,-0.0
20260818-194920,1787082661889,0.0
20260818-194920,1787082661991,-0.0
20260818-194920,1787082662093,0.0
20260818-194920,1787082662195,0.0
20260818-194920,1787082662297,0.0
20260818-194920,1787082662399,0.0
20260818-194920,1787082662501,0.0
20260818-194920,1787082662603,0.0
20260818-194920,1787082662705,0.0
20260818-194920,1787082662807,-0.0
20260818-194920,1787082662909,0.0
20260818-194920,1787082663011,-0.0
20260818-194920,1787082663113,0.0
20260818-194920,1787082663215,0.0
20260818-194920,1787082663317,0.0
20260818-194920,1787082663419,0.0
20260818-194920,1787082663521,-0.0
20260818-194920,1787082663488,0.0
20260818-194920,1787082663623,0.0
20260818-194920,1787082663725,0.0
20260818-194920,1787082663570,0.0
20260818-194920,1787082663827,0.0
20260818-194920,1787082663929,0.0
20260818-194920,1787082664031,0.0
20260818-194920,1787082664133,0.0
20260818-194920,1787082664235,0.0
20260818-194920,1787082664337,0.0
20260818-194920,1787082664439,0.0
20260818-194920,1787082664541,0.0
20260818-194920,1787082664643,0.24753758123383882
20260818-194920,1787082664745,0.24753758123383882
20260818-194920,1787082664847,0.24753758123383882
20260818-194920,1787082664896,0.24753758123383882
20260818-194920,1787082664949,0.24753758123383882
20260818-194920,1787082665051,-0.24753758123383882
20260818-194920,1787082664939,0.24753758123383882
20260818-194920,1787082665109,0.24753758123383882
20260818-194920,1787082665115,0.24753758123383882
20260818-194920,1787082665115,0.24753758123383882
20260818-194920,1787082665118,0.24753758123383882
20260818-194920,1787082665118,0.24753758123383882
20260818-194920,1787082665119,0.24753758123383882
20260818-194920,1787082665119,-0.24753758123383882
20260818-194920,1787082665121,0.24753758123383882
20260818-194920,1787082665121,0.24753758123383882
20260818-194920,1787082665153,0.0
20260818-194920,1787082665255,0.0
20260818-194920,1787082665164,0.0
20260818-194920,1787082665357,0.0
20260818-194920,1787082665459,0.0
20260818-194920,1787082665561,0.0
20260818-194920,1787082665663,0.0
20260818-194920,1787082665765,0.0
20260818-194920,1787082665867,0.0
20260818-194920,1787082665969,-0.0
20260818-194920,1787082665878,-0.0
20260818-194920,1787082666071,0.0
20260818-194920,1787082666173,0.0
20260818-194920,1787082666275,0.0
20260818-194920,1787082666377,0.0
20260818-194920,1787082666479,0.0
20260818-194920,1787082666581,0.0
20260818-194920,1787082666683,0.0
20260818-194920,1787082666785,0.0
20260818-194920,1787082666887,0.0
20260818-194920,1787082666989,0.0
20260818-194920,1787082667091,0.0
20260818-194920,1787082667193,0.0
20260818-194920,1787082667070,0.0
20260818-194920,1787082667229,-0.0
20260818-194920,1787082667295,0.0
20260818-194920,1787082667397,0.0
20260818-194920,1787082667248,0.0
20260818-194920,1787082667499,0.0
20260818-194920,1787082667601,0.0
20260818-194920,1787082667703,0.0
20260818-194920,1787082667805,-0.0
20260818-194920,1787082667907,0.0
20260818-194920,1787082668009,0.0
20260818-194920,1787082668111,0.0
20260818-194920,1787082668213,0.0
20260818-194920,1787082668078,0.0
20260818-194920,1787082668315,0.0
20260818-194920,1787082668417,0.0
20260818-194920,1787082668519,0.0
20260818-194920,1787082668376,0.0
20260818-194920,1787082668621,0.0
20260818-194920,1787082668723,0.0
20260818-194920,1787082668825,0.0
20260818-194920,1787082668927,0.0
20260818-194920,1787082669029,0.0
20260818-194920,1787082669131,0.0
20260818-194920,1787082669233,0.0
20260818-194920,1787082669335,-0.0
20260818-194920,1787082669437,0.0
20260818-194920,1787082669539,0.0
20260818-194920,1787082669641,0.3712971808479003
20260818-194920,1787082669743,0.3712971808479003
20260818-194920,1787082669845,0.3712971808479003
20260818-194920,1787082669947,0.3712971808479003
20260818-194920,1787082670049,0.3712971808479003
20260818-194920,1787082670096,0.3712971808479003
20260818-194920,1787082670097,0.3712971808479003
20260818-194920,1787082670101,0.3712971808479003
20260818-194920,1787082670102,0.3712971808479003
20260818-194920,1787082670106,0.3712971808479003
20260818-194920,1787082670106,0.3712971808479003
20260818-194920,1787082670106,0.3712971808479003
20260818-194920,1787082670106,0.3712971808479003
20260818-194920,1787082670106,0.3712971808479003
20260818-194920,1787082670151,0.0
20260818-194920,1787082670253,0.0
20260818-194920,1787082670108,-0.0
20260818-194920,1787082670355,-0.0
20260818-194920,1787082670457,0.0
20260818-194920,1787082670559,0.0
20260818-194920,1787082670661,0.0
20260818-194920,1787082670763,0.0
20260818-194920,1787082670865,0.0
20260818-194920,1787082670967,0.0
20260818-194920,1787082671069,0.0
20260818-194920,1787082670917,0.0
20260818-194920,1787082671171,0.0
20260818-194920,1787082671273,0.0
20260818-194920,1787082671375,0.0
20260818-194920,1787082671477,0.0
20260818-194920,1787082671579,0.0
20260818-194920,1787082671681,0.0
20260818-194920,1787082671623,0.0
20260818-194920,1787082671783,0.0
20260818-194920,1787082671885,-0.0
20260818-194920,1787082671987,0.0
20260818-194920,1787082672089,0.0
20260818-194920,1787082672191,0.0
20260818-194920,1787082672293,-0.0
20260818-194920,1787082672183,0.0
20260818-194920,1787082672395,0.0
20260818-194920,1787082672497,0.0
20260818-194920,1787082672599,-0.0
20260818-194920,1787082672701,0.0
20260818-194920,1787082672803,0.0
20260818-194920,1787082672905,-0.0
20260818-194920,1787082672791,0.0
20260818-194920,1787082673007,0.0
20260818-194920,1787082673109,0.0
20260818-194920,1787082673211,0.0
20260818-194920,1787082673313,0.0
20260818-194920,1787082673415,0.0
20260818-194920,1787082673517,0.0
20260818-194920,1787082673576,0.0
20260818-194920,1787082673619,0.0
20260818-194920,1787082673721,0.0
20260818-194920,1787082673594,0.0
20260818-194920,1787082673823,0.0
20260818-194920,1787082673925,0.0
20260818-194920,1787082674027,0.0
20260818-194920,1787082674129,0.0
20260818-194920,1787082674231,0.0
20260818-194920,1787082674333,-0.0
20260818-194920,1787082674435,-0.0
20260818-194920,1787082674366,0.0
20260818-194920,1787082674537,0.0
20260818-194920,1787082674639,0.0
20260818-194920,1787082674741,0.0
20260818-194920,1787082674843,0.0
20260818-194920,1787082674945,0.0
20260818-194920,1787082675047,0.0
20260818-194920,1787082675149,0.0
20260818-194920,1787082675024,0.0
20260818-194920,1787082675251,0.0
20260818-194920,1787082675353,-0.0
20260818-194920,1787082675455,0.0
20260818-194920,1787082675557,0.0
20260818-194920,1787082675659,-0.0
20260818-194920,1787082675761,0.0
20260818-194920,1787082675863,0.0
20260818-194920,1787082675965,0.0
20260818-194920,1787082676067,0.0
20260818-194920,1787082676169,0.0
20260818-194920,1787082676271,0.0
20260818-194920,1787082676373,0.0
20260818-194920,1787082676475,0.0
20260818-194920,1787082676577,0.0
20260818-194920,1787082676679,0.0
20260818-194920,1787082676781,0.0
20260818-194920,1787082676883,1.4232530149389961
20260818-194920,1787082676985,1.407782873471387
20260818-194920,1787082677087,0.8508577806689753
20260818-194920,1787082677022,-0.8508577806689753
20260818-194920,1787082677189,0.8508577806689753
20260818-194920,1787082677230,0.8508577806689753
20260818-194920,1787082677278,0.8508577806689753
20260818-194920,1787082677278,0.8508577806689753
20260818-194920,1787082677278,0.8508577806689753
20260818-194920,1787082677278,0.8508577806689753
20260818-194920,1787082677278,0.8508577806689753
20260818-194920,1787082677278,0.8508577806689753
20260818-194920,1787082677278,0.8508577806689753
20260818-194920,1787082677278,0.8508577806689753
20260818-194920,1787082677278,0.8508577806689753
20260818-194920,1787082677278,0.8508577806689753
20260818-194920,1787082677278,0.8508577806689753
20260818-194920,1787082677278,0.8508577806689753
20260818-194920,1787082677278,0.8508577806689753
20260818-194920,1787082677278,-0.8508577806689753
20260818-194920,1787082677278,0.8508577806689753
20260818-194920,1787082677278,0.8508577806689753
20260818-194920,1787082677278,0.8508577806689753
20260818-194920,1787082677278,0.8508577806689753
20260818-194920,1787082677278,0.8508577806689753
20260818-194920,1787082677278,0.8508577806689753
20260818-194920,1787082677278,0.8508577806689753
20260818-194920,1787082677278,0.8508577806689753
20260818-194920,1787082677278,-0.8508577806689753
20260818-194920,1787082677278,0.8508577806689753
20260818-194920,1787082677278,0.8508577806689753
20260818-194920,1787082677278,0.8508577806689753
20260818-194920,1787082677279,0.8508577806689753
20260818-194920,1787082677279,0.8508577806689753
20260818-194920,1787082677279,0.8508577806689753
20260818-194920,1787082677279,0.8508577806689753
20260818-194920,1787082677279,0.8508577806689753
20260818-194920,1787082677279,0.8508577806689753
20260818-194920,1787082677279,0.8508577806689753
20260818-194920,1787082677279,0.8508577806689753
20260818-194920,1787082677279,-0.8508577806689753
20260818-194920,1787082677279,0.8508577806689753
20260818-194920,1787082677279,0.8508577806689753
20260818-194920,1787082677279,0.8508577806689753
20260818-194920,1787082677279,0.8508577806689753
20260818-194920,1787082677279,0.8508577806689753
20260818-194920,1787082677279,0.8508577806689753
20260818-194920,1787082677279,0.8508577806689753
20260818-194920,1787082677279,0.8508577806689753
20260818-194920,1787082677279,-0.8508577806689753
20260818-194920,1787082677279,0.8508577806689753
20260818-194920,1787082677279,0.8508577806689753
20260818-194920,1787082677279,0.8508577806689753
20260818-194920,1787082677279,0.8508577806689753
20260818-194920,1787082677280,0.8508577806689753
20260818-194920,1787082677280,0.8508577806689753
20260818-194920,1787082677280,0.8508577806689753
20260818-194920,1787082677284,0.8508577806689753
20260818-194920,1787082677284,0.8508577806689753
20260818-194920,1787082677284,0.8508577806689753
20260818-194920,1787082677284,0.8508577806689753
20260818-194920,1787082677284,0.8508577806689753
20260818-194920,1787082677284,0.8508577806689753
20260818-194920,1787082677284,0.8508577806689753
20260818-194920,1787082677284,0.8508577806689753
20260818-194920,1787082677284,0.8508577806689753
20260818-194920,1787082677285,0.8508577806689753
20260818-194920,1787082677285,0.8508577806689753
20260818-194920,1787082677285,0.8508577806689753
20260818-194920,1787082677291,-0.41764083970737936
20260818-194920,1787082677286,-0.41764083970737936
20260818-194920,1787082677286,-0.41764083970737936
20260818-194920,1787082677286,-0.41764083970737936
20260818-194920,1787082677286,-0.41764083970737936
20260818-194920,1787082677286,-0.41764083970737936
20260818-194920,1787082677286,-0.41764083970737936
20260818-194920,1787082677286,-0.41764083970737936
20260818-194920,1787082677286,-0.41764083970737936
20260818-194920,1787082677286,0.41764083970737936
20260818-194920,1787082677286,-0.41764083970737936
20260818-194920,1787082677286,0.41764083970737936
20260818-194920,1787082677286,-0.41764083970737936
20260818-194920,1787082677288,-0.41764083970737936
20260818-194920,1787082677290,-0.41764083970737936
20260818-194920,1787082677292,-0.41764083970737936
20260818-194920,1787082677296,-0.41764083970737936
20260818-194920,1787082677296,-0.41764083970737936
20260818-194920,1787082677296,-0.41764083970737936
20260818-194920,1787082677296,-0.41764083970737936
20260818-194920,1787082677308,-0.41764083970737936
20260818-194920,1787082677312,-0.41764083970737936
20260818-194920,1787082677312,-0.41764083970737936
20260818-194920,1787082677312,0.41764083970737936
20260818-194920,1787082677312,-0.41764083970737936
20260818-194920,1787082677325,-0.41764083970737936
20260818-194920,1787082677326,-0.41764083970737936
20260818-194920,1787082685043,0.0
20260818-194920,1787082685247,-0.0
20260818-194920,1787082685349,0.0
20260818-194920,1787082685221,0.0
20260818-194920,1787082685451,0.0
20260818-194920,1787082685553,0.0
20260818-194920,1787082685655,0.0
20260818-194920,1787082685757,0.0
20260818-194920,1787082685859,0.0
20260818-194920,1787082685736,0.0
20260818-194920,1787082685961,0.0
20260818-194920,1787082686573,0.0
20260818-194920,1787082686675,0.0
20260818-194920,1787082686559,0.0
20260818-194920,1787082686777,0.0
20260818-194920,1787082686700,0.0
20260818-194920,1787082686879,0.0
20260818-194920,1787082686981,0.0
20260818-194920,1787082687083,0.0
20260818-194920,1787082687185,0.0
20260818-194920,1787082687287,0.0
20260818-194920,1787082687389,0.0
20260818-194920,1787082728495,0.0
20260818-194920,1787082728597,0.0
20260818-194920,1787082728464,0.0
20260818-194920,1787082728699,0.0
20260818-194920,1787082728801,0.0
20260818-194920,1787082728903,0.0
20260818-194920,1787082729005,0.0
20260818-194920,1787082729107,0.0
20260818-194920,1787082729209,0.0
20260818-194920,1787082729311,0.0
20260818-194920,1787082729413,0.0
20260818-194920,1787082729348,-0.0
20260818-194920,1787082729515,0.0
20260818-194920,1787082729617,0.0
20260818-194920,1787082729719,-0.0
20260818-194920,1787082729821,0.0
20260818-194920,1787082729923,0.0
20260818-194920,1787082730025,0.0
20260818-194920,1787082730127,0.0
20260818-194920,1787082729986,-0.0
20260818-194920,1787082730229,0.0
20260818-194920,1787082730331,0.0
20260818-194920,1787082730190,0.0
20260818-194920,1787082730433,-0.0
20260818-194920,1787082730535,0.0
20260818-194920,1787082730637,-0.0
20260818-194920,1787082730739,-0.0
20260818-194920,1787082730841,0.0
20260818-194920,1787082730943,0.0
20260818-194920,1787082731045,0.0
20260818-194920,1787082730915,0.0
20260818-194920,1787082731147,0.0
20260818-194920,1787082731249,-0.0
20260818-194920,1787082731351,0.0
20260818-194920,1787082731453,-0.0
20260818-194920,1787082731555,0.0
20260818-194920,1787082731480,0.0
20260818-194920,1787082731657,0.0
20260818-194920,1787082731759,0.0
20260818-194920,1787082731616,0.0
20260818-194920,1787082731861,-0.0
20260818-194920,1787082731963,-0.0
20260818-194920,1787082732065,0.0
20260818-194920,1787082732167,0.0
20260818-194920,1787082732269,0.0
20260818-194920,1787082732371,0.0
20260818-194920,1787082732473,0.0
20260818-194920,1787082732575,0.0
20260818-194920,1787082732677,0.0
20260818-194920,1787082732779,0.0
20260818-194920,1787082732881,0.0
20260818-194920,1787082732983,0.0
20260818-194920,1787082733085,0.0
20260818-194920,1787082733187,0.0
20260818-194920,1787082733289,0.0
20260818-194920,1787082733391,0.0
20260818-194920,1787082733493,0.0
20260818-194920,1787082733595,0.0
20260818-194920,1787082733697,-0.0
20260818-194920,1787082733799,-0.0
20260818-194920,1787082733644,0.0
20260818-194920,1787082733901,0.0
20260818-194920,1787082734003,0.0
20260818-194920,1787082733851,0.0
20260818-194920,1787082734105,0.0
20260818-194920,1787082734207,0.0
20260818-194920,1787082734309,0.0
20260818-194920,1787082734411,0.0
20260818-194920,1787082734322,0.0
20260818-194920,1787082734513,0.0
20260818-194920,1787082734615,0.0
20260818-194920,1787082734717,0.0
20260818-194920,1787082734819,0.0
20260818-194920,1787082734921,0.0
20260818-194920,1787082735023,0.0
20260818-194920,1787082735125,0.0
20260818-194920,1787082735227,-0.0
20260818-194920,1787082735329,0.0
20260818-194920,1787082735431,-0.0
20260818-194920,1787082735533,0.0
20260818-194920,1787082735635,0.0
20260818-194920,1787082735505,0.0
20260818-194920,1787082735737,0.0
20260818-194920,1787082735839,-0.0
20260818-194920,1787082735941,0.0
20260818-194920,1787082736043,-0.0
20260818-194920,1787082736145,0.0
20260818-194920,1787082736247,0.0
20260818-194920,1787082736108,0.0
20260818-194920,1787082736349,0.0
20260818-194920,1787082736451,0.0
20260818-194920,1787082736553,0.0
20260818-194920,1787082736655,0.0
20260818-194920,1787082736757,0.0
20260818-194920,1787082736859,0.0
20260818-194920,1787082736961,0.0
20260818-194920,1787082737063,0.0
20260818-194920,1787082737165,0.0
20260818-194920,1787082737267,0.0
20260818-194920,1787082737369,-0.0
20260818-194920,1787082737471,0.0
20260818-194920,1787082737573,-0.0
20260818-194920,1787082737675,-0.0
20260818-194920,1787082737777,0.0
20260818-194920,1787082737682,0.0
20260818-194920,1787082737879,0.0
20260818-194920,1787082737981,-0.0
20260818-194920,1787082738083,-0.0
20260818-194920,1787082738185,0.0
20260818-194920,1787082738287,0.0
20260818-194920,1787082738389,0.0
20260818-194920,1787082738491,0.0
20260818-194920,1787082738593,-0.0
20260818-194920,1787082738695,0.0
20260818-194920,1787082738797,-0.0
20260818-194920,1787082738899,-0.0
20260818-194920,1787082739001,-0.0
20260818-194920,1787082738917,0.0
20260818-194920,1787082739103,0.0
20260818-194920,1787082739205,-0.0
20260818-194920,1787082739307,0.0
20260818-194920,1787082739409,0.0
20260818-194920,1787082739323,0.0
20260818-194920,1787082739511,0.0
20260818-194920,1787082739613,0.0
20260818-194920,1787082739715,0.0
20260818-194920,1787082739817,0.0
20260818-194920,1787082739919,0.0
20260818-194920,1787082740021,0.0
20260818-195221,1787082743374,0.30936789178929885
20260818-195221,1787082743591,0.30936789178929885
20260818-195221,1787082743607,0.30936789178929885
20260818-195221,1787082743610,0.30936789178929885
20260818-195221,1787082743610,-0.30936789178929885
20260818-195221,1787082743610,0.30936789178929885
20260818-195221,1787082743611,-0.30936789178929885
20260818-195221,1787082743611,0.30936789178929885
20260818-195221,1787082743611,0.30936789178929885
20260818-195221,1787082743611,0.30936789178929885
20260818-195221,1787082743611,0.30936789178929885
20260818-195221,1787082743611,0.30936789178929885
20260818-195221,1787082743611,0.30936789178929885
20260818-195221,1787082743611,-0.30936789178929885
20260818-195221,1787082743611,0.30936789178929885
20260818-195221,1787082743611,0.30936789178929885
20260818-195221,1787082743693,0.0
20260818-195221,1787082743645,0.0
20260818-195221,1787082743795,0.0
20260818-195221,1787082743897,-0.0
20260818-195221,1787082743999,0.0
20260818-195221,1787082744101,0.0
20260818-195221,1787082743980,-0.0
20260818-195221,1787082744203,0.0
20260818-195221,1787082744305,-0.0
20260818-195221,1787082744232,-0.0
20260818-195221,1787082744407,0.0
20260818-195221,1787082744509,0.0
20260818-195221,1787082744611,0.0
20260818-195221,1787082744713,0.0
20260818-195221,1787082744815,0.0
20260818-195221,1787082744917,-0.0
20260818-195221,1787082745019,0.0
20260818-195221,1787082745121,0.0
20260818-195221,1787082745223,-0.0
20260818-195221,1787082745325,0.0
20260818-195221,1787082745427,-0.0
20260818-195221,1787082745529,-0.0
20260818-195221,1787082745631,-0.0
20260818-195221,1787082745733,0.0
20260818-195221,1787082745835,-0.0
20260818-195221,1787082745937,-0.0
20260818-195221,1787082746039,0.0
20260818-195221,1787082746141,-0.0
20260818-195221,1787082746243,0.0
20260818-195221,1787082746345,-0.0
20260818-195221,1787082746447,-0.0
20260818-195221,1787082746549,0.0
20260818-195221,1787082746651,0.0
20260818-195221,1787082746753,-0.0
20260818-195221,1787082746855,0.0
20260818-195221,1787082746957,-0.0
20260818-195221,1787082747059,0.0
20260818-195221,1787082747161,0.0
20260818-195221,1787082747263,0.0
20260818-195221,1787082747365,0.0
20260818-195221,1787082747467,-0.0
20260818-195221,1787082747569,0.0
20260818-195221,1787082747671,0.0
20260818-195221,1787082747773,-0.0
20260818-195221,1787082747875,0.0
20260818-195221,1787082747977,0.0
20260818-195221,1787082748079,-0.0
20260818-195221,1787082748181,-0.0
20260818-195221,1787082748283,0.0
20260818-195221,1787082748385,0.0
20260818-195221,1787082748487,-0.0
20260818-195221,1787082748589,0.0
20260818-195221,1787082748691,-0.0
20260818-195221,1787082748793,-1.1291578725123392
20260818-195221,1787082748895,1.1291578725123392
20260818-195221,1787082748997,1.1291578725123392
20260818-195221,1787082749099,-1.1291578725123392
20260818-195221,1787082749201,1.1291578725123392
20260818-195221,1787082749205,1.1291578725123392
20260818-195221,1787082749205,-1.1291578725123392
20260818-195221,1787082749205,-1.1291578725123392
20260818-195221,1787082749205,1.1291578725123392
20260818-195221,1787082749205,1.1291578725123392
20260818-195221,1787082749205,1.1291578725123392
20260818-195221,1787082749205,1.1291578725123392
20260818-195221,1787082749205,1.1291578725123392
20260818-195221,1787082749205,-1.1291578725123392
20260818-195221,1787082749205,1.1291578725123392
20260818-195221,1787082749205,-1.1291578725123392
20260818-195221,1787082749205,1.1291578725123392
20260818-195221,1787082749205,1.1291578725123392
20260818-195221,1787082749205,1.1291578725123392
20260818-195221,1787082749206,1.1291578725123392
20260818-195221,1787082749209,-1.1291578725123392
20260818-195221,1787082749209,1.1291578725123392
20260818-195221,1787082749209,1.1291578725123392
20260818-195221,1787082749209,-1.1291578725123392
20260818-195221,1787082749209,1.1291578725123392
20260818-195221,1787082749216,-1.1291578725123392
20260818-195221,1787082749216,-1.1291578725123392
20260818-195221,1787082749216,1.1291578725123392
20260818-195221,1787082749216,1.1291578725123392
20260818-195221,1787082749221,-1.1291578725123392
20260818-195221,1787082749221,-1.1291578725123392
20260818-195221,1787082749221,1.1291578725123392
20260818-195221,1787082749221,1.1291578725123392
20260818-195221,1787082749221,1.1291578725123392
20260818-195221,1787082749221,-1.1291578725123392
20260818-195221,1787082749221,-1.1291578725123392
20260818-195221,1787082749221,-1.1291578725123392
20260818-195221,1787082749229,-1.1291578725123392
20260818-195221,1787082749229,1.1291578725123392
20260818-195221,1787082749229,1.1291578725123392
20260818-195221,1787082749229,-1.1291578725123392
20260818-195221,1787082749229,1.1291578725123392
20260818-195221,1787082749229,1.1291578725123392
20260818-195221,1787082749229,-1.1291578725123392
20260818-195221,1787082749229,1.1291578725123392
20260818-195221,1787082749229,-1.1291578725123392
20260818-195221,1787082749229,1.1291578725123392
20260818-195221,1787082749229,1.1291578725123392
20260818-195221,1787082749229,-1.1291578725123392
20260818-195221,1787082749229,1.1291578725123392
20260818-195221,1787082749246,1.1291578725123392
20260818-195221,1787082749263,-1.1291578725123392
20260818-195221,1787082749263,1.1291578725123392
20260818-195221,1787082749263,1.1291578725123392
20260818-195221,1787082749263,1.1291578725123392
20260818-195221,1787082749263,1.1291578725123392
20260818-195221,1787082749303,0.0
20260818-195221,1787082749417,0.0
20260818-195221,1787082749405,-0.0
20260818-195221,1787082749507,-0.0
20260818-195221,1787082749609,0.0
20260818-195221,1787082749466,-0.0
20260818-195221,1787082749711,0.26292488467992214
20260818-195221,1787082749813,-0.26292488467992214
20260818-195221,1787082749915,0.26292488467992214
20260818-195221,1787082750017,0.26292488467992214
20260818-195221,1787082750119,0.26292488467992214
20260818-195221,1787082750173,-0.26292488467992214
20260818-195221,1787082750173,0.26292488467992214
20260818-195221,1787082750173,0.26292488467992214
20260818-195221,1787082750173,0.26292488467992214
20260818-195221,1787082750173,-0.26292488467992214
20260818-195221,1787082750175,0.0
20260818-195221,1787082750221,0.0
20260818-195221,1787082750323,-0.0
20260818-195221,1787082750175,-0.0
20260818-195221,1787082750425,0.0
20260818-195221,1787082750527,0.0
20260818-195221,1787082750629,-0.0
20260818-195221,1787082750527,-0.0
20260818-195221,1787082750731,-0.0
20260818-195221,1787082750833,0.0
20260818-195221,1787082750935,-0.0
20260818-195221,1787082751037,-0.0
20260818-195221,1787082751139,0.0
20260818-195221,1787082751241,0.0
20260818-195221,1787082751343,0.0
20260818-195221,1787082751445,-0.0
20260818-195221,1787082751547,-0.0
20260818-195221,1787082751413,0.0
20260818-195221,1787082751649,-0.0
20260818-195221,1787082751751,0.0
20260818-195221,1787082751671,0.0
20260818-195221,1787082751853,-0.0
20260818-195221,1787082751955,-0.0
20260818-195221,1787082752057,-0.0
20260818-195221,1787082752159,0.0
20260818-195221,1787082752261,0.0
20260818-195221,1787082752363,-0.0
20260818-195221,1787082752465,-0.0
20260818-195221,1787082752567,-0.0
20260818-195221,1787082752669,-0.0
20260818-195221,1787082752771,0.0
20260818-195221,1787082752873,0.0
20260818-195221,1787082752750,-0.0
20260818-195221,1787082752975,-0.0
20260818-195221,1787082753077,0.0
20260818-195221,1787082753179,-0.0
20260818-195221,1787082753281,0.0
20260818-195221,1787082753139,0.0
20260818-195221,1787082753383,0.0
20260818-195221,1787082753485,0.0
20260818-195221,1787082753587,-0.0
20260818-195221,1787082753689,-0.0
20260818-195221,1787082753791,0.0
20260818-195221,1787082753893,0.0
20260818-195221,1787082753995,0.0
20260818-195221,1787082754097,-0.0
20260818-195221,1787082754199,-0.0
20260818-195221,1787082754301,0.0
20260818-195221,1787082754403,-0.0
20260818-195221,1787082754505,0.0
20260818-195221,1787082754607,0.0
20260818-195221,1787082754709,-0.0
20260818-195221,1787082754811,0.0
20260818-195221,1787082754913,0.0
20260818-195221,1787082755015,0.0
20260818-195221,1787082755117,0.0
20260818-195221,1787082755219,-0.0
20260818-195221,1787082755321,0.0
20260818-195221,1787082755423,0.0
20260818-195221,1787082755525,-0.0
20260818-195221,1787082755627,-0.0
20260818-195221,1787082755729,0.0
20260818-195221,1787082755629,-0.0
20260818-195221,1787082755831,-0.0
20260818-195221,1787082755933,-0.0
20260818-195221,1787082756035,0.0
20260818-195221,1787082756137,0.0
20260818-195221,1787082756239,-0.0
20260818-195221,1787082756341,-0.0
20260818-195221,1787082756443,-0.0
20260818-195221,1787082756545,0.0
20260818-195221,1787082756647,0.0
20260818-195221,1787082756749,0.0
20260818-195221,1787082756851,-0.0
20260818-195221,1787082756953,-0.0
20260818-195221,1787082757055,-0.0
20260818-195221,1787082756993,-0.0
20260818-195221,1787082757157,0.0
20260818-195221,1787082757259,-0.0
20260818-195221,1787082757361,0.0
20260818-195221,1787082757463,-0.0
20260818-195221,1787082757565,0.0
20260818-195221,1787082757457,-0.0
20260818-195221,1787082757667,-0.0
20260818-195221,1787082757769,-0.0
20260818-195221,1787082757871,-0.0
20260818-195221,1787082757973,-0.0
20260818-195221,1787082758075,-0.0
20260818-195221,1787082758177,0.0
20260818-195221,1787082758279,0.0
20260818-195221,1787082758381,-0.0
20260818-195221,1787082758483,0.0
20260818-195221,1787082758585,-0.0
20260818-195221,1787082758687,0.0
20260818-195221,1787082758789,0.0
20260818-195221,1787082758891,0.0
20260818-195221,1787082758775,-0.0
20260818-195221,1787082758993,-0.0
20260818-195221,1787082759095,0.0
20260818-195221,1787082759197,0.0
20260818-195221,1787082759299,-0.0
20260818-195221,1787082759401,-0.0
20260818-195221,1787082759503,-0.0
20260818-195221,1787082759605,0.0
20260818-195221,1787082759707,0.0
20260818-195221,1787082759809,-0.0
20260818-195221,1787082759911,-0.0
20260818-195221,1787082760013,-0.0
20260818-195221,1787082760115,0.0
20260818-195221,1787082760039,-0.0
20260818-195221,1787082760217,-0.0
20260818-195221,1787082760319,-0.0
20260818-195221,1787082760421,0.0
20260818-195221,1787082760523,0.0
20260818-195221,1787082760625,0.0
20260818-195221,1787082760727,0.0
20260818-195221,1787082760829,-0.0
20260818-195221,1787082760931,0.0
20260818-195221,1787082761033,0.0
20260818-195221,1787082761135,0.0
20260818-195221,1787082761237,-0.0
20260818-195221,1787082761339,0.0
20260818-195221,1787082761441,0.0
20260818-195221,1787082761543,0.0
20260818-195221,1787082761645,0.0
20260818-195221,1787082761747,0.0
20260818-195221,1787082761849,-0.0
20260818-195221,1787082761951,-0.0
20260818-195221,1787082762053,-0.0
20260818-195221,1787082762155,-0.0
20260818-195221,1787082762040,-0.0
20260818-195221,1787082762257,0.0
20260818-195221,1787082762149,0.0
20260818-195221,1787082762359,0.0
20260818-195221,1787082762461,0.0
20260818-195221,1787082762563,-0.0
20260818-195221,1787082762665,0.0
20260818-195221,1787082762767,0.0
20260818-195221,1787082762869,0.0
20260818-195221,1787082762971,-0.0
20260818-195221,1787082763073,0.0
20260818-195221,1787082763175,0.0
20260818-195221,1787082763277,0.0
20260818-195221,1787082763379,0.0
20260818-195221,1787082763481,-0.0
20260818-195221,1787082763583,0.0
20260818-195221,1787082763685,0.0
20260818-195221,1787082763787,0.0
20260818-195221,1787082763889,-0.0
20260818-195221,1787082763991,-0.0
20260818-195221,1787082764093,0.0
20260818-195221,1787082764195,-0.0
20260818-195221,1787082764040,0.0
20260818-195221,1787082764297,0.0
20260818-195221,1787082764399,0.0
20260818-195221,1787082764501,0.0
20260818-195221,1787082764603,0.0
20260818-195221,1787082764705,-0.0
20260818-195221,1787082764807,-0.0
20260818-195221,1787082764688,0.0
20260818-195221,1787082764909,0.0
20260818-195221,1787082765011,-0.0
20260818-195221,1787082765113,-0.0
20260818-195221,1787082765215,0.0
20260818-195221,1787082765317,-0.0
20260818-195221,1787082765419,-0.0
20260818-195221,1787082765521,0.0
20260818-195221,1787082765623,0.0
20260818-195221,1787082765725,0.0
20260818-195221,1787082765590,-0.0
20260818-195221,1787082765827,-0.0
20260818-195221,1787082765929,0.0
20260818-195221,1787082766031,-0.0
20260818-195221,1787082766133,0.0
20260818-195221,1787082766235,0.0
20260818-195221,1787082766040,-0.0
20260818-195221,1787082766337,0.0
20260818-195221,1787082766347,-0.0
20260818-195221,1787082766439,0.0
20260818-195221,1787082766377,0.0
20260818-195221,1787082766541,0.0
20260818-195221,1787082766643,0.0
20260818-195221,1787082766745,0.0
20260818-195221,1787082766847,0.0
20260818-195221,1787082766949,0.0
20260818-195221,1787082767051,0.0
20260818-195221,1787082767153,-0.0
20260818-195221,1787082767255,-0.0
20260818-195221,1787082767357,-0.0
20260818-195221,1787082767459,0.0
20260818-195221,1787082767365,0.0
20260818-195221,1787082767561,0.0
20260818-195221,1787082767663,-0.0
20260818-195221,1787082767765,0.0
20260818-195221,1787082767811,0.0
20260818-195221,1787082767867,0.0
20260818-195221,1787082767969,-0.0
20260818-195221,1787082767814,-0.0
20260818-195221,1787082768071,-0.0
20260818-195221,1787082768173,0.0
20260818-195221,1787082768041,-0.0
20260818-195221,1787082768275,-0.0
20260818-195221,1787082768377,0.0
20260818-195221,1787082768479,0.0
20260818-195221,1787082768581,0.0
20260818-195221,1787082768683,-0.0
20260818-195221,1787082768785,0.0
20260818-195221,1787082768637,-0.0
20260818-195221,1787082768887,-0.0
20260818-195221,1787082768989,0.0
20260818-195221,1787082769091,-0.0
20260818-195221,1787082768958,-0.0
20260818-195221,1787082769193,-0.0
20260818-195221,1787082769098,0.0
20260818-195221,1787082769295,-0.0
20260818-195221,1787082769397,-0.0
20260818-195221,1787082769499,-0.0
20260818-195221,1787082769601,-0.0
20260818-195221,1787082769703,0.0
20260818-195221,1787082769805,0.0
20260818-195221,1787082769907,0.0
20260818-195221,1787082770009,0.0
20260818-195221,1787082770111,0.0
20260818-195221,1787082770042,-0.0
20260818-195221,1787082770213,0.0
20260818-195221,1787082770315,0.0
20260818-195221,1787082770417,0.0
20260818-195221,1787082773783,0.0
20260818-195221,1787082773885,-0.0
20260818-195221,1787082773987,-0.0
20260818-195221,1787082774089,0.0
20260818-195221,1787082774013,-0.0
20260818-195221,1787082774191,0.0
20260818-195221,1787082799489,-0.0
20260818-195221,1787082800407,-0.0
20260818-195221,1787082800509,-0.0
20260818-195221,1787082800394,0.0
20260818-195221,1787082800611,-0.0
20260818-195221,1787082800713,-0.0
20260818-195221,1787082800815,-0.0
20260818-195221,1787082800917,-0.0
20260818-195221,1787082801019,-0.0
20260818-195221,1787082801121,-0.0
20260818-195221,1787082801017,-0.0
20260818-195221,1787082801223,0.0
20260818-195221,1787082801325,0.0
20260818-195221,1787082801427,-0.0
20260818-195221,1787082801529,-0.0
20260818-195221,1787082801631,0.0
20260818-195221,1787082801733,0.0
20260818-195221,1787082801835,-0.0
20260818-195221,1787082801937,-0.0
20260818-195221,1787082802039,0.0
20260818-195221,1787082801963,0.0
20260818-195221,1787082802141,0.0
20260818-195221,1787082802243,0.0
20260818-195221,1787082802345,0.0
20260818-195221,1787082802447,0.0
20260818-195221,1787082802549,0.0
20260818-195221,1787082802489,0.0
20260818-195221,1787082802651,0.0
20260818-195221,1787082802753,-0.0
20260818-195221,1787082802855,0.0
20260818-195221,1787082802957,-0.0
20260818-195221,1787082803059,-0.0
20260818-195221,1787082803161,-0.0
20260818-195221,1787082803263,-0.0
20260818-195221,1787082803365,0.0
20260818-195221,1787082803467,0.0
20260818-195221,1787082803569,0.0
20260818-195221,1787082803671,-0.0
20260818-195221,1787082803773,-0.0
20260818-195221,1787082803710,-0.0
20260818-195221,1787082803875,0.0
20260818-195221,1787082803977,0.0
20260818-195221,1787082804079,0.0
20260818-195221,1787082804181,0.0
20260818-195221,1787082804283,0.0
20260818-195221,1787082804224,0.0
20260818-195221,1787082804385,0.0
20260818-195221,1787082804487,-0.0
20260818-195221,1787082804589,-0.0
20260818-195221,1787082804691,-0.0
20260818-195221,1787082804793,0.0
20260818-195221,1787082804895,0.0
20260818-195221,1787082804761,-0.0
20260818-195221,1787082804997,0.0
20260818-195221,1787082805099,0.0
20260818-195221,1787082805201,0.0
20260818-195221,1787082805303,0.0
20260818-195221,1787082805232,0.0
20260818-195221,1787082805405,0.0
20260818-195221,1787082805507,0.0
20260818-195221,1787082805609,-0.0
20260818-195221,1787082805711,0.0
20260818-195221,1787082805632,0.0
20260818-195221,1787082805813,0.0
20260818-195221,1787082805915,-0.0
20260818-195221,1787082806017,0.0
20260818-195221,1787082805883,0.0
20260818-195221,1787082806119,-0.0
20260818-195221,1787082806221,0.0
20260818-195221,1787082806323,-0.0
20260818-195221,1787082806425,0.0
20260818-195221,1787082806527,-0.0
20260818-195221,1787082806629,-0.0
20260818-195221,1787082806731,0.0
20260818-195221,1787082806833,-0.0
20260818-195221,1787082806935,-0.0
20260818-195221,1787082807037,0.0
20260818-195221,1787082806891,0.0
20260818-195221,1787082807139,0.0
20260818-195221,1787082807241,-0.0
20260818-195221,1787082807343,-0.0
20260818-195221,1787082807445,-0.0
20260818-195221,1787082807297,-0.0
20260818-195221,1787082807547,-0.0
20260818-195221,1787082807649,0.0
20260818-195221,1787082807538,0.0
20260818-195221,1787082807751,0.0
20260818-195221,1787082807853,-0.0
20260818-195221,1787082807955,0.0
20260818-195221,1787082808057,0.0
20260818-195221,1787082808159,0.0
20260818-195221,1787082808001,0.0
20260818-195221,1787082808261,0.0
20260818-195221,1787082808363,0.0
20260818-195221,1787082808465,0.0
20260818-195221,1787082808567,0.0
20260818-195221,1787082808669,-0.0
20260818-195221,1787082808771,-0.0
20260818-195221,1787082808873,0.0
20260818-195221,1787082808975,0.0
20260818-195221,1787082809077,0.0
20260818-195221,1787082809179,0.0
20260818-195221,1787082809281,-0.0
20260818-195221,1787082809383,0.0
20260818-195221,1787082809485,-0.0
20260818-195221,1787082809350,0.0
20260818-195221,1787082809587,-0.0
20260818-195221,1787082809689,0.0
20260818-195221,1787082809791,-0.0
20260818-195221,1787082809893,0.0
20260818-195221,1787082809995,0.0
20260818-195221,1787082810097,0.0
20260818-195221,1787082810199,0.0
20260818-195221,1787082810301,0.0
20260818-195221,1787082810403,-0.0
20260818-195221,1787082810505,-0.0
20260818-195221,1787082810607,0.0
20260818-195221,1787082810709,-0.0
20260818-195221,1787082810811,0.0
20260818-195221,1787082810913,-0.0
20260818-195221,1787082811015,0.0
20260818-195221,1787082811117,0.0
20260818-195221,1787082811219,0.0
20260818-195221,1787082811321,-0.0
20260818-195221,1787082811423,0.0
20260818-195221,1787082811525,-0.0
20260818-195221,1787082811627,-0.0
20260818-195221,1787082811729,0.0
20260818-195221,1787082811831,-0.0
20260818-195221,1787082811933,0.0
20260818-195221,1787082812035,-0.0
20260818-195221,1787082812137,0.0
20260818-195221,1787082812239,-0.0
20260818-195221,1787082812341,0.0
20260818-195221,1787082812443,-0.0
20260818-195221,1787082812351,-0.0
20260818-195221,1787082812545,0.0
20260818-195221,1787082812647,0.0
20260818-195221,1787082812749,0.0
20260818-195221,1787082812851,0.0
20260818-195221,1787082812953,0.0
20260818-195221,1787082813055,0.0
20260818-195221,1787082813157,-0.0
20260818-195221,1787082813259,0.0
20260818-195221,1787082813361,-0.0
20260818-195221,1787082813463,0.0
20260818-195221,1787082813565,0.0
20260818-195221,1787082813667,-0.0
20260818-195221,1787082813769,-0.0
20260818-195221,1787082813871,0.0
20260818-195221,1787082813973,-0.0
20260818-195221,1787082814075,0.0
20260818-195221,1787082814177,0.0
20260818-195221,1787082814279,0.0
20260818-195221,1787082814381,0.0
20260818-195221,1787082814483,-0.0
20260818-195221,1787082814585,0.0
20260818-195221,1787082814687,0.0
20260818-195221,1787082814789,0.0
20260818-195221,1787082814891,-0.0
20260818-195221,1787082814827,0.0
20260818-195221,1787082814993,0.0
20260818-195221,1787082815095,0.0
20260818-195221,1787082815197,0.0
20260818-195221,1787082815299,-0.0
20260818-195221,1787082815401,0.0
20260818-195221,1787082815503,0.0
20260818-195221,1787082815605,0.0
20260818-195221,1787082815572,0.0
20260818-195221,1787082815707,0.0
20260818-195221,1787082815809,-0.0
20260818-195221,1787082815669,-0.0
20260818-195221,1787082815911,0.0
20260818-195221,1787082816013,-0.0
20260818-195221,1787082816115,0.0
20260818-195221,1787082816217,-0.0
20260818-195221,1787082816319,-0.0
20260818-195221,1787082816185,0.0
20260818-195221,1787082816421,0.0
20260818-195221,1787082816523,0.0
20260818-195221,1787082816625,0.0
20260818-195221,1787082816727,0.0
20260818-195221,1787082816829,0.0
20260818-195221,1787082816931,0.0
20260818-195221,1787082817033,-0.0
20260818-195221,1787082817135,-0.0
20260818-195221,1787082817237,0.0
20260818-195221,1787082817339,0.0
20260818-195221,1787082817441,0.0
20260818-195221,1787082817543,0.0
20260818-195221,1787082817645,0.0
20260818-195221,1787082817747,0.0
20260818-195221,1787082817849,0.0
20260818-195221,1787082817951,-0.0
20260818-195221,1787082818053,0.0
20260818-195221,1787082818155,0.0
20260818-195221,1787082818257,0.0
20260818-195221,1787082818359,-0.0
20260818-195221,1787082818461,0.0
20260818-195221,1787082818563,-0.0
20260818-195221,1787082818665,-0.0
20260818-195221,1787082818767,-0.0
20260818-195221,1787082818869,-0.0
20260818-195221,1787082818971,0.0
20260818-195221,1787082819073,0.0
20260818-195221,1787082819056,0.0
20260818-195221,1787082819175,0.0
20260818-195221,1787082819103,0.0
20260818-195221,1787082819277,-0.0
20260818-195221,1787082819379,-0.0
20260818-195221,1787082819481,0.0
20260818-195221,1787082819583,-0.0
20260818-195221,1787082819685,-0.0
20260818-195221,1787082819787,0.0
20260818-195221,1787082819889,0.0
20260818-195221,1787082819991,0.0
20260818-195221,1787082820093,0.0
20260818-195221,1787082820195,0.0
20260818-195221,1787082820297,0.0
20260818-195221,1787082820399,-0.0
20260818-195221,1787082820501,0.0
20260818-195221,1787082820603,0.0
20260818-195221,1787082820705,0.0
20260818-195221,1787082820807,-0.0
20260818-195221,1787082820909,0.0
20260818-195221,1787082821011,-0.0
20260818-195221,1787082821057,0.0
20260818-195221,1787082821113,0.0
20260818-195221,1787082821100,0.0
20260818-195221,1787082821215,-0.0
20260818-195221,1787082821317,0.0
20260818-195221,1787082821161,0.0
20260818-195221,1787082821419,0.0
20260818-195221,1787082821521,0.0
20260818-195221,1787082821623,-0.0
20260818-195221,1787082821725,0.0
20260818-195221,1787082821827,-0.0
20260818-195221,1787082821929,0.0
20260818-195221,1787082822031,0.0
20260818-195221,1787082821882,-0.0
20260818-195221,1787082822133,0.0
20260818-195221,1787082822235,-0.0
20260818-195221,1787082822337,0.0
20260818-195221,1787082822439,0.0
20260818-195221,1787082822541,0.0
20260818-195221,1787082822643,0.0
20260818-195221,1787082822745,-0.0
20260818-195221,1787082822847,0.0
20260818-195221,1787082822949,0.0
20260818-195221,1787082823051,0.0
20260818-195221,1787082823153,-0.0
20260818-195221,1787082823059,-0.0
20260818-195221,1787082823255,0.0
20260818-195221,1787082823357,0.0
20260818-195221,1787082823459,0.0
20260818-195221,1787082823561,0.0
20260818-195221,1787082823663,0.0
20260818-195221,1787082823765,-0.0
20260818-195221,1787082823867,0.0
20260818-195221,1787082823969,-0.0
20260818-195221,1787082824071,0.0
20260818-195221,1787082824173,-0.0
20260818-195221,1787082824275,0.0
20260818-195221,1787082824377,-0.0
20260818-195221,1787082824479,0.0
20260818-195221,1787082824581,0.0
20260818-195221,1787082824683,0.0
20260818-195221,1787082824785,0.0
20260818-195221,1787082824887,-0.0
20260818-195221,1787082824989,-0.0
20260818-195221,1787082825091,0.0
20260818-195221,1787082825193,0.0
20260818-195221,1787082825059,-0.0
20260818-195221,1787082825295,-0.0
20260818-195221,1787082825397,0.0
20260818-195221,1787082825499,0.0
20260818-195221,1787082825601,-0.0
20260818-195221,1787082825703,0.0
20260818-195221,1787082825805,0.0
20260818-195221,1787082825907,0.0
20260818-195221,1787082825813,-0.0
20260818-195221,1787082826009,0.0
20260818-195221,1787082826111,0.0
20260818-195221,1787082826213,-0.0
20260818-195221,1787082826174,0.0
20260818-195221,1787082826315,0.0
20260818-195221,1787082826417,0.0
20260818-195221,1787082826306,-0.0
20260818-195221,1787082826519,0.0
20260818-195221,1787082826621,0.0
20260818-195221,1787082826723,0.0
20260818-195221,1787082826825,0.0
20260818-195221,1787082826927,-0.0
20260818-195221,1787082827029,0.0
20260818-195221,1787082827060,-0.0
20260818-195221,1787082827131,-0.0
20260818-195221,1787082827233,-0.0
20260818-195221,1787082827103,-0.0
20260818-195221,1787082827335,-0.0
20260818-195221,1787082827437,-0.0
20260818-195221,1787082827539,0.0
20260818-195221,1787082827425,0.0
20260818-195221,1787082827641,0.0
20260818-195221,1787082827743,0.0
20260818-195221,1787082827845,0.0
20260818-195221,1787082827947,0.0
20260818-195221,1787082828049,0.0
20260818-195221,1787082828151,0.0
20260818-195221,1787082828253,-0.0
20260818-195221,1787082828355,-0.0
20260818-195221,1787082828457,0.0
20260818-195221,1787082828331,-0.0
20260818-195221,1787082828559,-0.0
20260818-195221,1787082828661,0.0
20260818-195221,1787082828763,0.0
20260818-195221,1787082828865,-0.0
20260818-195221,1787082828967,-0.0
20260818-195221,1787082829069,0.0
20260818-195221,1787082829171,-0.0
20260818-195221,1787082829063,-0.0
20260818-195221,1787082829273,-0.0
20260818-195221,1787082829375,-0.0
20260818-195221,1787082829247,0.0
20260818-195221,1787082829477,0.0
20260818-195221,1787082829579,-0.0
20260818-195221,1787082829681,0.0
20260818-195221,1787082829783,0.0
20260818-195221,1787082829686,-0.0
20260818-195221,1787082829885,-0.0
20260818-195221,1787082829987,0.0
20260818-195221,1787082830089,-0.0
20260818-195221,1787082830191,0.0
20260818-195221,1787082830293,0.0
20260818-195221,1787082830395,0.0
20260818-195221,1787082830497,-0.0
20260818-195221,1787082830599,-0.0
20260818-195221,1787082830701,0.0
20260818-195221,1787082830803,0.0
20260818-195221,1787082830905,0.0
20260818-195221,1787082831007,-0.0
20260818-195221,1787082831042,0.0
20260818-195221,1787082831109,-0.0
20260818-195221,1787082831211,0.0
20260818-195221,1787082831062,-0.0
20260818-195221,1787082831313,0.0
20260818-195221,1787082831415,0.0
20260818-195221,1787082831517,0.0
20260818-195221,1787082831619,0.0
20260818-195221,1787082831501,0.0
20260818-195221,1787082831721,-0.0
20260818-195221,1787082831823,-0.0
20260818-195221,1787082831925,0.0
20260818-195221,1787082831849,-0.0
20260818-195221,1787082832027,0.0
20260818-195221,1787082832129,0.0
20260818-195221,1787082832231,0.0
20260818-195221,1787082832333,-0.0
20260818-195221,1787082832435,-0.0
20260818-195221,1787082832537,0.0
20260818-195221,1787082832396,-0.0
20260818-195221,1787082832639,-0.0
20260818-195221,1787082832741,0.0
20260818-195221,1787082832843,-0.0
20260818-195221,1787082832945,-0.0
20260818-195221,1787082832806,-0.0
20260818-195221,1787082833047,0.0
20260818-195221,1787082872043,1.7015234048411436
20260818-195221,1787082872043,1.7015234048411436
20260818-195221,1787082872043,-1.7015234048411436
20260818-195221,1787082872043,1.7015234048411436
20260818-195221,1787082872043,-1.7015234048411436
20260818-195221,1787082872043,1.7015234048411436
20260818-195221,1787082872043,-1.7015234048411436
20260818-195221,1787082872043,-1.7015234048411436
20260818-195221,1787082872043,-1.7015234048411436
20260818-195221,1787082872043,-1.7015234048411436
20260818-195221,1787082872043,1.7015234048411436
20260818-195221,1787082872043,-1.7015234048411436
20260818-195221,1787082872043,1.7015234048411436
20260818-195221,1787082872043,-1.7015234048411436
20260818-195221,1787082872043,1.7015234048411436
20260818-195221,1787082872043,1.7015234048411436
20260818-195221,1787082872066,-1.7015234048411436
20260818-195221,1787082872085,-1.7015234048411436
20260818-195221,1787082872089,1.7015234048411436
20260818-195221,1787082872089,-1.7015234048411436
20260818-195221,1787082872089,1.7015234048411436
20260818-195221,1787082872089,-1.7015234048411436
20260818-195221,1787082872089,1.7015234048411436
20260818-195221,1787082872090,-1.7015234048411436
20260818-195221,1787082872090,1.7015234048411436
20260818-195221,1787082872090,-1.7015234048411436
20260818-195221,1787082872090,1.7015234048411436
20260818-195221,1787082872090,1.7015234048411436
20260818-195221,1787082872090,-1.7015234048411436
20260818-195221,1787082872090,-1.7015234048411436
20260818-195221,1787082872090,-1.7015234048411436
20260818-195221,1787082872090,1.7015234048411436
20260818-195221,1787082872091,-1.7015234048411436
20260818-195221,1787082872091,-1.7015234048411436
20260818-195221,1787082872115,0.0
20260818-195221,1787082872319,-0.0
20260818-195221,1787082872421,-0.0
20260818-195221,1787082872523,-0.0
20260818-195221,1787082872625,-0.0
20260818-195221,1787082872727,-0.0
20260818-195221,1787082872829,0.0
20260818-195221,1787082872931,-0.0
20260818-195221,1787082873033,-0.0
20260818-195221,1787082873135,-0.0
20260818-195221,1787082873237,0.0
20260818-195221,1787082873339,-0.0
20260818-195221,1787082873441,-0.0
20260818-195221,1787082873543,-0.0
20260818-195221,1787082873645,0.0
20260818-195221,1787082873747,-0.0
20260818-195221,1787082873588,-0.0
20260818-195221,1787082873849,0.0
20260818-195221,1787082873951,-0.0
20260818-195221,1787082874053,0.0
20260818-195221,1787082874155,-0.0
20260818-195221,1787082874257,0.0
20260818-195221,1787082874359,-0.0
20260818-195221,1787082874461,-0.0
20260818-195221,1787082874430,0.0
20260818-195221,1787082874563,0.0
20260818-195221,1787082874665,0.0
20260818-195221,1787082874532,0.0
20260818-195221,1787082874767,-0.0
20260818-195221,1787082874869,0.0
20260818-195221,1787082874971,-0.0
20260818-195221,1787082874839,-0.0
20260818-195221,1787082875073,0.0
20260818-195221,1787082875175,0.0
20260818-195221,1787082875113,0.0
20260818-195221,1787082875277,-0.0
20260818-195221,1787082875379,-0.0
20260818-195221,1787082875230,-0.0
20260818-195221,1787082875481,0.0
20260818-195221,1787082875583,-0.0
20260818-195221,1787082875685,-0.0
20260818-195221,1787082875787,0.0
20260818-195221,1787082875629,0.0
20260818-195221,1787082875889,0.0
20260818-195221,1787082875991,-0.0
20260818-195221,1787082876093,0.0
20260818-195221,1787082876195,0.0
20260818-195221,1787082876297,0.0
20260818-195221,1787082876399,-0.0
20260818-195221,1787082876501,0.0
20260818-195221,1787082876603,-0.0
20260818-195221,1787082876705,0.0
20260818-195221,1787082876807,0.0
20260818-195221,1787082876909,0.0
20260818-195221,1787082877011,-0.0
20260818-195221,1787082877113,0.0
20260818-195221,1787082877215,0.0
20260818-195221,1787082877317,-0.0
20260818-195221,1787082877419,0.0
20260818-195221,1787082877521,-0.0
20260818-195221,1787082877623,-0.0
20260818-195221,1787082877725,0.0
20260818-195221,1787082877827,-0.0
20260818-195221,1787082877929,0.0
20260818-195221,1787082877932,0.0
20260818-195221,1787082878031,0.0
20260818-195221,1787082878133,-0.0
20260818-195221,1787082877990,-0.0
20260818-195221,1787082878235,0.0
20260818-195221,1787082878337,-0.0
20260818-195221,1787082878439,-0.0
20260818-195221,1787082878367,0.0
20260818-195221,1787082878541,-0.0
20260818-195221,1787082878643,0.0
20260818-195221,1787082878745,0.0
20260818-195221,1787082878847,-0.0
20260818-195221,1787082878949,-0.0
20260818-195221,1787082879051,0.0
20260818-195221,1787082879153,0.0
20260818-195221,1787082879050,0.0
20260818-195221,1787082879255,0.0
20260818-195221,1787082879238,0.0
20260818-195221,1787082879357,0.0
20260818-195221,1787082879260,-0.0
20260818-195221,1787082879459,0.0
20260818-195221,1787082879561,-0.0
20260818-195221,1787082879663,0.0
20260818-195221,1787082879566,-0.0
20260818-195221,1787082879765,0.0
20260818-195221,1787082879867,-0.0
20260818-195221,1787082879969,-0.0
20260818-195221,1787082880071,-0.0
20260818-195221,1787082880173,0.0
20260818-195221,1787082880275,0.0
20260818-195221,1787082880377,-0.0
20260818-195221,1787082880152,0.0
20260818-195221,1787082880479,0.0
20260818-195221,1787082880581,-0.046413081063217
20260818-195221,1787082880599,-0.046413081063217
20260818-195221,1787082880683,0.046413081063217
20260818-195221,1787082880616,0.046413081063217
20260818-195221,1787082880785,-0.046413081063217
20260818-195221,1787082880887,-0.046413081063217
20260818-195221,1787082880989,0.046413081063217
20260818-195221,1787082880994,-0.046413081063217
20260818-195221,1787082880994,-0.046413081063217
20260818-195221,1787082880994,-0.046413081063217
20260818-195221,1787082880994,0.046413081063217
20260818-195221,1787082880999,-0.046413081063217
20260818-195221,1787082881091,0.0
20260818-195221,1787082881193,0.0
20260818-195221,1787082881045,0.0
20260818-195221,1787082881295,0.0
20260818-195221,1787082881397,0.0
20260818-195221,1787082881499,0.0
20260818-195221,1787082881601,0.0
20260818-195221,1787082881703,0.0
20260818-195221,1787082881565,0.0
20260818-195221,1787082881805,-0.0
20260818-195221,1787082881907,-0.0
20260818-195221,1787082882009,-0.0
20260818-195221,1787082882111,0.0
20260818-195221,1787082882213,-0.0
20260818-195221,1787082882315,0.0
20260818-195221,1787082882417,0.0
20260818-195221,1787082882519,0.0
20260818-195221,1787082882438,0.0
20260818-195221,1787082882621,-0.0
20260818-195221,1787082882723,0.0
20260818-195221,1787082882605,0.0
20260818-195221,1787082882825,0.0
20260818-195221,1787082882927,0.0
20260818-195221,1787082882836,-0.0
20260818-195221,1787082883029,-0.0
20260818-195221,1787082883131,0.0
20260818-195221,1787082883039,0.0
20260818-195221,1787082883233,0.0
20260818-195221,1787082883335,-0.0
20260818-195221,1787082883437,0.0
20260818-195221,1787082883539,0.0
20260818-195221,1787082883641,-0.0
20260818-195221,1787082883743,0.0
20260818-195221,1787082883845,0.0
20260818-195221,1787082883947,0.0
20260818-195221,1787082884049,-0.0
20260818-195221,1787082884151,0.0
20260818-195221,1787082884048,0.0
20260818-195221,1787082884253,-0.0
20260818-195221,1787082884355,0.0
20260818-195221,1787082884457,0.0
20260818-195221,1787082884559,-0.0
20260818-195221,1787082884661,0.0
20260818-195221,1787082884763,-0.0
20260818-195221,1787082884865,0.0
20260818-195221,1787082884967,-0.0
20260818-195221,1787082885069,0.0
20260818-195221,1787082885171,0.0
20260818-195221,1787082885273,0.0
20260818-195221,1787082885375,0.0
20260818-195221,1787082885231,0.0
20260818-195221,1787082885477,0.0
20260818-195221,1787082885579,-0.0
20260818-195221,1787082885681,0.0
20260818-195221,1787082885783,-0.0
20260818-195221,1787082885885,-0.0
20260818-195221,1787082885739,-0.0
20260818-195221,1787082885987,0.0
20260818-195221,1787082886089,0.0
20260818-195221,1787082886191,0.0
20260818-195221,1787082886073,-0.0
20260818-195221,1787082886293,0.0
20260818-195221,1787082886395,-0.0
20260818-195221,1787082886497,-0.0
20260818-195221,1787082886337,0.0
20260818-195221,1787082886599,0.0
20260818-195221,1787082886701,-0.0
20260818-195221,1787082886614,0.0
20260818-195221,1787082886803,-0.0
20260818-195221,1787082886905,0.0
20260818-195221,1787082887007,0.0
20260818-195221,1787082887109,0.0
20260818-195221,1787082887211,0.0
20260818-195221,1787082887313,0.0
20260818-195221,1787082887415,0.0
20260818-195221,1787082887517,0.0
20260818-195221,1787082887619,-0.0
20260818-195221,1787082887721,0.0
20260818-195221,1787082887823,-0.0
20260818-195221,1787082887925,0.0
20260818-195221,1787082887917,-0.0
20260818-195221,1787082888027,0.0
20260818-195221,1787082888006,0.0
20260818-195221,1787082888129,-0.0
20260818-195221,1787082888231,0.0
20260818-195221,1787082888074,0.0
20260818-195221,1787082888333,0.0
20260818-195221,1787082888435,0.0
20260818-195221,1787082888537,0.0
20260818-195221,1787082888639,0.03094219765366702
20260818-195221,1787082888741,0.03094219765366702
20260818-195221,1787082888843,-0.03094219765366702
20260818-195221,1787082888945,-0.03094219765366702
20260818-195221,1787082889035,-0.03094219765366702
20260818-195221,1787082889039,0.0
20260818-195221,1787082889047,-0.0
20260818-195221,1787082889149,0.0
20260818-195221,1787082889039,0.0
20260818-195221,1787082889251,0.0
20260818-195221,1787082889353,0.0
20260818-195221,1787082889455,-0.0
20260818-195221,1787082889557,-0.0
20260818-195221,1787082889659,0.0
20260818-195221,1787082889761,-0.0
20260818-195221,1787082889863,0.0
20260818-195221,1787082889965,0.0
20260818-195221,1787082890067,0.0
20260818-195221,1787082890169,-0.0
20260818-195221,1787082890271,-0.0
20260818-195221,1787082890373,-0.0
20260818-195221,1787082890108,-0.0
20260818-195221,1787082890475,0.0
20260818-195221,1787082890577,0.0
20260818-195221,1787082890679,0.0
20260818-195221,1787082890781,-0.0
20260818-195221,1787082890883,-0.0
20260818-195221,1787082890985,-0.0
20260818-195221,1787082891087,0.0
20260818-195221,1787082891189,0.0
20260818-195221,1787082891291,0.0
20260818-195221,1787082891393,0.0
20260818-195221,1787082891495,-0.0
20260818-195221,1787082891597,0.0
20260818-195221,1787082891699,0.0
20260818-195221,1787082891801,0.0
20260818-195221,1787082891903,0.0
20260818-195221,1787082892005,0.0
20260818-195221,1787082892107,-0.0
20260818-195221,1787082892209,0.0
20260818-195221,1787082892076,0.0
20260818-195221,1787082892311,-0.0
20260818-195221,1787082892413,0.0
20260818-195221,1787082892309,-0.0
20260818-195221,1787082892515,0.0
20260818-195221,1787082892617,0.0
20260818-195221,1787082892465,0.0
20260818-195221,1787082892719,-0.0
20260818-195221,1787082892821,-0.0
20260818-195221,1787082892923,0.0
20260818-195221,1787082893025,-0.0
20260818-195221,1787082893127,-0.0
20260818-195221,1787082893229,-0.0
20260818-195221,1787082893331,-0.0
20260818-195221,1787082893433,0.0
20260818-195221,1787082893311,0.0
20260818-195221,1787082893535,-0.0
20260818-195221,1787082893637,-0.0
20260818-195221,1787082893739,0.0
20260818-195221,1787082893841,0.0
20260818-195221,1787082895881,0.0
20260818-195221,1787082895983,-0.0
20260818-195221,1787082896085,0.0
20260818-195221,1787082896391,0.0
20260818-195221,1787082896493,0.0
20260818-195221,1787082896387,-0.0
20260818-195221,1787082896595,-0.0
20260818-195221,1787082896697,0.0
20260818-195221,1787082896799,0.0
20260818-195221,1787082896901,0.0
20260818-195221,1787082897003,-0.0
20260818-195221,1787082897105,0.0
20260818-195221,1787082897207,0.0
20260818-195221,1787082897309,-0.0
20260818-195221,1787082897411,-0.0
20260818-195221,1787082897513,0.0
20260818-195221,1787082897615,-0.0
20260818-195221,1787082897503,0.0
20260818-195221,1787082897717,0.0
20260818-195221,1787082897819,0.0
20260818-195221,1787082897921,-0.0
20260818-195221,1787082898023,-0.0
20260818-195221,1787082897960,-0.0
20260818-195221,1787082898125,0.0
20260818-195221,1787082898227,0.0
20260818-195221,1787082898329,0.0
20260818-195221,1787082898236,0.0
20260818-195221,1787082898431,-0.0
20260818-195221,1787082898533,-0.0
20260818-195221,1787082898635,-0.0
20260818-195221,1787082898737,0.0
20260818-195221,1787082898839,-0.0
20260818-195221,1787082898941,0.0
20260818-195221,1787082899043,0.0
20260818-195221,1787082899145,0.0
20260818-195221,1787082899032,-0.0
20260818-195221,1787082899247,0.0
20260818-195221,1787082899349,-0.0
20260818-195221,1787082899333,0.0
20260818-195221,1787082899451,0.0
20260818-195221,1787082899362,0.0
20260818-195221,1787082899553,-0.0
20260818-195221,1787082899655,-0.0
20260818-195221,1787082899757,0.0
20260818-195221,1787082899859,0.0
20260818-195221,1787082899961,-0.0
20260818-195221,1787082900573,-0.0
20260818-195221,1787082900675,0.0
20260818-195221,1787082900777,-0.0
20260818-195221,1787082900879,-0.0
20260818-195221,1787082900423,0.0
20260818-195221,1787082900981,-0.0
20260818-195221,1787082902307,0.0
20260818-195221,1787082902613,0.0
20260818-195221,1787082902715,0.0
20260818-195221,1787082902480,0.0
20260818-195221,1787082902817,0.0
20260818-195221,1787082902732,0.0
20260818-195221,1787082903429,0.0
20260818-195221,1787082903531,-0.0
20260818-195221,1787082903633,0.0
20260818-195221,1787082903735,-0.0
20260818-195221,1787082903837,0.0
20260818-195221,1787082903939,-0.0
20260818-195221,1787082903966,0.0
20260818-195221,1787082904041,-0.0
20260818-195221,1787082903983,0.0
20260818-195221,1787082904143,-0.0
20260818-195221,1787082904245,0.0
20260818-195221,1787082904347,0.0
20260818-195221,1787082904449,0.0
20260818-195221,1787082904551,0.0
20260818-195221,1787082904476,0.0
20260818-195221,1787082904653,0.0
20260818-195221,1787082904755,0.0
20260818-195221,1787082904857,0.0
20260818-195221,1787082904959,0.0
20260818-195221,1787082905061,0.0
20260818-195221,1787082905163,-0.0
20260818-195221,1787082905265,0.0
20260818-195221,1787082905367,0.0
20260818-195221,1787082905469,-0.0
20260818-195221,1787082905571,-0.0
20260818-195221,1787082905673,-0.0
20260818-195221,1787082905775,0.0
20260818-195221,1787082905877,-0.0
20260818-195221,1787082905979,0.0
20260818-195221,1787082906081,0.0
20260818-195221,1787082906183,-0.0
20260818-195221,1787082906285,-0.0
20260818-195221,1787082906387,0.0
20260818-195221,1787082906489,0.0
20260818-195221,1787082906591,-0.0
20260818-195221,1787082906693,0.0
20260818-195221,1787082906795,-0.0
20260818-195221,1787082906897,-0.0
20260818-195221,1787082906999,0.0
20260818-195221,1787082907101,0.0
20260818-195221,1787082907203,-0.0
20260818-195221,1787082907305,-0.0
20260818-195221,1787082907407,0.0
20260818-195221,1787082907509,0.0
20260818-195221,1787082907611,-0.0
20260818-195221,1787082907713,0.0
20260818-195221,1787082907815,0.0
20260818-195221,1787082907917,0.0
20260818-195221,1787082907824,-0.0
20260818-195221,1787082908019,0.0
20260818-195221,1787082908121,0.0
20260818-195221,1787082908223,0.0
20260818-195221,1787082908325,-0.0
20260818-195221,1787082908427,0.0
20260818-195221,1787082908529,-0.0
20260818-195221,1787082908631,0.0
20260818-195221,1787082908733,-0.0
20260818-195221,1787082908835,0.0
20260818-195221,1787082908937,-0.0
20260818-195221,1787082909039,-0.0
20260818-195221,1787082909141,0.0
20260818-195221,1787082909243,0.0
20260818-195221,1787082909345,-0.0
20260818-195221,1787082909447,0.0
20260818-195221,1787082909549,0.0
20260818-195221,1787082909651,0.0
20260818-195221,1787082909753,0.0
20260818-195221,1787082909855,0.0
20260818-195221,1787082909957,0.0
20260818-195221,1787082910059,-0.0
20260818-195221,1787082910161,-0.0
20260818-195221,1787082910063,-0.0
20260818-195221,1787082910263,0.0
20260818-195221,1787082910365,0.0
20260818-195221,1787082910467,0.0
20260818-195221,1787082910569,0.0
20260818-195221,1787082910483,0.0
20260818-195221,1787082910671,-0.0
20260818-195221,1787082910773,-0.0
20260818-195221,1787082910651,0.0
20260818-195221,1787082910875,-0.0
20260818-195221,1787082910977,0.0
20260818-195221,1787082911079,0.0
20260818-195221,1787082911181,0.0
20260818-195221,1787082911283,-0.0
20260818-195221,1787082911385,0.0
20260818-195221,1787082911312,0.0
20260818-195221,1787082911487,0.0
20260818-195221,1787082911589,0.0
20260818-195221,1787082911691,-0.0
20260818-195221,1787082911793,0.0
20260818-195221,1787082911895,0.0
20260818-195221,1787082911997,-0.0
20260818-195221,1787082912099,-0.0
20260818-195221,1787082912201,0.0
20260818-195221,1787082912108,0.0
20260818-195221,1787082912303,-0.0
20260818-195221,1787082912405,-0.0
20260818-195221,1787082912507,-0.0
20260818-195221,1787082912609,0.0
20260818-195221,1787082912711,-0.0
20260818-195221,1787082912813,-0.0
20260818-195221,1787082912915,0.0
20260818-195221,1787082913017,-0.0
20260818-195221,1787082913119,-0.0
20260818-195221,1787082917301,0.0
20260818-195221,1787082917607,-0.0
20260818-195221,1787082917485,0.0
20260818-195221,1787082917709,0.0
20260818-195221,1787082917811,-0.0
20260818-195221,1787082917676,0.0
20260818-195221,1787082917913,-0.0
20260818-195221,1787082918015,0.0
20260818-195221,1787082918117,-0.0
20260818-195221,1787082917992,-0.0
20260818-195221,1787082918219,-0.0
20260818-195221,1787082918321,0.0
20260818-195221,1787082918423,0.0
20260818-195221,1787082918525,0.0
20260818-195221,1787082918627,0.0
20260818-195221,1787082918729,-0.0
20260818-195221,1787082918573,-0.0
20260818-195221,1787082918831,-0.0
20260818-195221,1787082918933,-0.0
20260818-195221,1787082918826,0.0
20260818-195221,1787082919035,0.0
20260818-195221,1787082919137,0.0
20260818-195221,1787082919239,0.0
20260818-195221,1787082919341,0.0
20260818-195221,1787082919443,-0.0
20260818-195221,1787082919545,-0.0
20260818-195221,1787082919647,-0.0
20260818-195221,1787082919749,-0.0
20260818-195221,1787082919851,0.0
20260818-195221,1787082919953,0.0
20260818-195221,1787082920055,0.0
20260818-195221,1787082919953,-0.0
20260818-195221,1787082920157,0.0
20260818-195221,1787082920259,0.0
20260818-195221,1787082920361,0.0
20260818-195221,1787082920463,0.0
20260818-195221,1787082920565,-0.0
20260818-195221,1787082920424,-0.0
20260818-195221,1787082920667,0.0
20260818-195221,1787082920769,-0.0
20260818-195221,1787082920871,0.0
20260818-195221,1787082920973,0.0
20260818-195221,1787082921075,0.0
20260818-195221,1787082920932,-0.0
20260818-195221,1787082921177,0.0
20260818-195221,1787082921279,0.0
20260818-195221,1787082921165,0.0
20260818-195221,1787082921381,0.0
20260818-195221,1787082921483,-0.0
20260818-212451,1787088300033,0.6193383762960623
20260818-212451,1787088300178,0.6193383762960623
20260818-212451,1787088300180,0.6193383762960623
20260818-212451,1787088300181,0.6193383762960623
20260818-212451,1787088300181,0.6193383762960623
20260818-212451,1787088300181,0.6193383762960623
20260818-212451,1787088300181,0.6193383762960623
20260818-212451,1787088300181,0.6193383762960623
20260818-212451,1787088300181,0.6193383762960623
20260818-212451,1787088300182,0.6193383762960623
20260818-212451,1787088300182,0.6193383762960623
20260818-212451,1787088300182,0.6193383762960623
20260818-212451,1787088300182,0.6193383762960623
20260818-212451,1787088300182,0.6193383762960623
20260818-212451,1787088300182,0.6193383762960623
20260818-212451,1787088300183,0.6193383762960623
20260818-212451,1787088300189,0.6193383762960623
20260818-212451,1787088300190,0.6193383762960623
20260818-212451,1787088300190,0.6193383762960623
20260818-212451,1787088300190,0.6193383762960623
20260818-212451,1787088300190,0.6193383762960623
20260818-212451,1787088300190,0.6193383762960623
20260818-212451,1787088300190,0.6193383762960623
20260818-212451,1787088300191,0.6193383762960623
20260818-212451,1787088300192,0.6193383762960623
20260818-212451,1787088300192,0.6193383762960623
20260818-212451,1787088300192,0.6193383762960623
20260818-212451,1787088300192,0.6193383762960623
20260818-212451,1787088300192,0.6193383762960623
20260818-212451,1787088300193,0.6193383762960623
20260818-212451,1787088300193,0.6193383762960623
20260818-212451,1787088300198,0.6193383762960623
20260818-212451,1787088300221,0.07741310185783702
20260818-212451,1787088300232,0.07741310185783702
20260818-212451,1787088300232,0.07741310185783702
20260818-212451,1787088300237,0.07741310185783702
20260818-212451,1787088300238,0.07741310185783702
20260818-212451,1787088300247,0.07741310185783702
20260818-212451,1787088300323,0.0
20260818-212451,1787088300425,0.0
20260818-212451,1787088300293,0.0
20260818-212451,1787088300527,0.0
20260818-212451,1787088300629,0.0
20260818-212451,1787088300731,0.0
20260818-212451,1787088300833,0.0
20260818-212451,1787088300935,0.0
20260818-212451,1787088301037,0.0
20260818-212451,1787088301139,0.0
20260818-212451,1787088301241,0.0
20260818-212451,1787088301125,0.0
20260818-212451,1787088301343,0.0
20260818-212451,1787088301265,0.0
20260818-212451,1787088301445,0.0
20260818-212451,1787088301547,0.0
20260818-212451,1787088301462,0.0
20260818-212451,1787088301649,0.7431600248034164
20260818-212451,1787088301751,0.7431600248034164
20260818-212451,1787088301853,0.7431600248034164
20260818-212451,1787088301955,0.7431600248034164
20260818-212451,1787088302057,0.7431600248034164
20260818-212451,1787088302057,0.7431600248034164
20260818-212451,1787088302066,0.7431600248034164
20260818-212451,1787088302066,0.7431600248034164
20260818-212451,1787088302066,0.7431600248034164
20260818-212451,1787088302066,0.7431600248034164
20260818-212451,1787088302066,0.7431600248034164
20260818-212451,1787088302066,0.7431600248034164
20260818-212451,1787088302066,0.7431600248034164
20260818-212451,1787088302069,0.7431600248034164
20260818-212451,1787088302069,0.7431600248034164
20260818-212451,1787088302069,0.7431600248034164
20260818-212451,1787088302069,0.7431600248034164
20260818-212451,1787088302069,0.7431600248034164
20260818-212451,1787088302070,0.7431600248034164
20260818-212451,1787088302070,0.7431600248034164
20260818-212451,1787088302070,0.7431600248034164
20260818-212451,1787088302070,0.7431600248034164
20260818-212451,1787088302072,0.7431600248034164
20260818-212451,1787088302072,0.7431600248034164
20260818-212451,1787088302072,0.7431600248034164
20260818-212451,1787088302072,0.7431600248034164
20260818-212451,1787088302072,0.7431600248034164
20260818-212451,1787088302072,0.7431600248034164
20260818-212451,1787088302072,0.7431600248034164
20260818-212451,1787088302072,0.7431600248034164
20260818-212451,1787088302072,0.7431600248034164
20260818-212451,1787088302072,0.7431600248034164
20260818-212451,1787088302072,0.7431600248034164
20260818-212451,1787088302072,0.7431600248034164
20260818-212451,1787088302072,0.7431600248034164
20260818-212451,1787088302072,0.7431600248034164
20260818-212451,1787088302072,0.7431600248034164
20260818-212451,1787088302072,0.7431600248034164
20260818-212451,1787088302159,0.0
20260818-212451,1787088302075,0.0
20260818-212451,1787088302261,0.0
20260818-212451,1787088302363,0.0
20260818-212451,1787088302251,0.0
20260818-212451,1787088302465,0.0
20260818-212451,1787088302567,0.0
20260818-212451,1787088302669,0.0
20260818-212451,1787088302517,0.0
20260818-212451,1787088302771,0.0
20260818-212451,1787088302873,0.0
20260818-212451,1787088302975,0.0
20260818-212451,1787088303077,0.0
20260818-212451,1787088303179,0.0
20260818-212451,1787088303281,0.0
20260818-212451,1787088303192,0.0
20260818-212451,1787088303383,0.0
20260818-212451,1787088303485,0.0
20260818-212451,1787088303587,0.0
20260818-212451,1787088303689,0.0
20260818-212451,1787088303791,0.0
20260818-212451,1787088303893,0.0
20260818-212451,1787088303995,0.0
20260818-212451,1787088304097,0.0
20260818-212451,1787088304199,0.0
20260818-212451,1787088304301,0.0
20260818-212451,1787088304403,0.0
20260818-212451,1787088304505,0.0
20260818-212451,1787088304607,0.0
20260818-212451,1787088304709,0.0
20260818-212451,1787088304811,0.0
20260818-212451,1787088304913,0.0
20260818-212451,1787088305015,0.0
20260818-212451,1787088305117,0.0
20260818-212451,1787088305219,0.0
20260818-212451,1787088305101,0.0
20260818-212451,1787088305321,0.0
20260818-212451,1787088305423,0.0
20260818-212451,1787088305305,0.0
20260818-212451,1787088305525,0.0
20260818-212451,1787088305627,0.0
20260818-212451,1787088305729,0.0
20260818-212451,1787088305831,0.0
20260818-212451,1787088305933,0.0
20260818-212451,1787088306035,0.0
20260818-212451,1787088306137,0.0
20260818-212451,1787088306239,0.0
20260818-212451,1787088306341,0.0
20260818-212451,1787088306227,0.0
20260818-212451,1787088306443,0.0
20260818-212451,1787088306545,0.0
20260818-212451,1787088306647,0.0
20260818-212451,1787088306749,0.0
20260818-212451,1787088306851,0.0
20260818-212451,1787088306783,0.0
20260818-212451,1787088306953,0.0
20260818-212451,1787088307055,0.0
20260818-212451,1787088312563,0.0
20260818-212451,1787088312483,0.0
20260818-212451,1787088312665,0.0
20260818-212451,1787088312767,0.0
20260818-212451,1787088312869,0.0
20260818-212451,1787088312971,0.0
20260818-212451,1787088313073,0.0
20260818-212451,1787088313175,0.0
20260818-212451,1787088313277,0.0
20260818-212451,1787088313379,0.0
20260818-212451,1787088313481,0.0
20260818-212451,1787088313583,0.0
20260818-212451,1787088313685,0.5882913001761558
20260818-212451,1787088313787,0.5882913001761558
20260818-212451,1787088313889,0.5882913001761558
20260818-212451,1787088313991,0.5882913001761558
20260818-212451,1787088314093,0.5882913001761558
20260818-212451,1787088314154,0.5882913001761558
20260818-212451,1787088314156,0.5882913001761558
20260818-212451,1787088314156,0.5882913001761558
20260818-212451,1787088314156,0.5882913001761558
20260818-212451,1787088314156,0.5882913001761558
20260818-212451,1787088314156,0.5882913001761558
20260818-212451,1787088314156,0.5882913001761558
20260818-212451,1787088314156,0.5882913001761558
20260818-212451,1787088314156,0.5882913001761558
20260818-212451,1787088314156,0.5882913001761558
20260818-212451,1787088314156,0.5882913001761558
20260818-212451,1787088314166,0.35605010399030157
20260818-212451,1787088314166,0.35605010399030157
20260818-212451,1787088314166,0.35605010399030157
20260818-212451,1787088314166,0.35605010399030157
20260818-212451,1787088314166,0.35605010399030157
20260818-212451,1787088314166,0.35605010399030157
20260818-212451,1787088314166,0.35605010399030157
20260818-212451,1787088314166,0.35605010399030157
20260818-212451,1787088314166,0.35605010399030157
20260818-212451,1787088314166,0.35605010399030157
20260818-212451,1787088314166,0.35605010399030157
20260818-212451,1787088314166,0.35605010399030157
20260818-212451,1787088314166,0.35605010399030157
20260818-212451,1787088314195,0.35605010399030157
20260818-212451,1787088314166,0.35605010399030157
20260818-212451,1787088314297,0.35605010399030157
20260818-212451,1787088314399,0.35605010399030157
20260818-212451,1787088314230,0.35605010399030157
20260818-212451,1787088314501,0.35605010399030157
20260818-212451,1787088314603,0.35605010399030157
20260818-212451,1787088314648,0.35605010399030157
20260818-212451,1787088314661,0.35605010399030157
20260818-212451,1787088314662,0.0
20260818-212451,1787088314662,0.0
20260818-212451,1787088314662,0.0
20260818-212451,1787088314662,0.0
20260818-212451,1787088314662,0.0
20260818-212451,1787088314662,0.0
20260818-212451,1787088314662,0.0
20260818-212451,1787088314662,0.0
20260818-212451,1787088314662,0.0
20260818-212451,1787088314662,0.0
20260818-212451,1787088314662,0.0
20260818-212451,1787088314662,0.0
20260818-212451,1787088314705,0.0
20260818-212451,1787088314662,0.0
20260818-212451,1787088314807,0.0
20260818-212451,1787088314704,0.0
20260818-212451,1787088314909,0.0
20260818-212451,1787088315011,0.0
20260818-212451,1787088315113,0.0
20260818-212451,1787088314957,0.0
20260818-212451,1787088315215,0.0
20260818-212451,1787088315317,0.0
20260818-212752,1787088481579,-0.0
20260818-212752,1787088481681,-0.0
20260818-212752,1787088481568,-0.0
20260818-212752,1787088481783,-0.0
20260818-212752,1787088481885,-0.0
20260818-212752,1787088481987,-0.0
20260818-212752,1787088484639,-0.0
20260818-212752,1787088484741,-0.0
20260818-212752,1787088484843,-0.0
20260818-212752,1787088484945,-0.0
20260818-212752,1787088485047,-0.0
20260818-212752,1787088485149,-0.0
20260818-212752,1787088485251,-0.0
20260818-212752,1787088485353,-0.0
20260818-212752,1787088485455,-0.0
20260818-212752,1787088485557,-0.0
20260818-212752,1787088485659,-0.0
20260818-212752,1787088485578,-0.0
20260818-212752,1787088485761,-0.0
20260818-212752,1787088485863,-0.0
20260818-212752,1787088485965,-0.0
20260818-212752,1787088486067,-0.0
20260818-212752,1787088486169,-0.0
20260818-212752,1787088486062,-0.0
20260818-212752,1787088486271,-0.0
20260818-212752,1787088486373,-0.0
20260818-212752,1787088486475,-0.0
20260818-212752,1787088486577,-0.0
20260818-212752,1787088486679,-0.0
20260818-212752,1787088486781,-0.0
20260818-212752,1787088486778,-0.0
20260818-212752,1787088486883,-0.0
20260818-212752,1787088486985,-0.0
20260818-212752,1787088486842,-0.0
20260818-212752,1787088487087,-0.0
20260818-212752,1787088487189,-0.0
20260818-212752,1787088487291,-0.0
20260818-212752,1787088487190,-0.0
20260818-212752,1787088487393,-0.0
20260818-212752,1787088487495,-0.0
20260818-212752,1787088487597,-0.0
20260818-212752,1787088487478,-0.0
20260818-212752,1787088487699,-0.0
20260818-212752,1787088487801,-0.0
20260818-212752,1787088487903,-0.0
20260818-212752,1787088488005,-0.0
20260818-212752,1787088488107,-0.0
20260818-212752,1787088488209,-0.0
20260818-212752,1787088488311,-0.0
20260818-212752,1787088488413,-0.0
20260818-212752,1787088488515,-0.0
20260818-212752,1787088488617,-0.0
20260818-212752,1787088488719,-0.0
20260818-212752,1787088488821,-0.0
20260818-212752,1787088488923,-0.0
20260818-212752,1787088489025,-0.0
20260818-212752,1787088489127,-0.0
20260818-212752,1787088489229,-0.0
20260818-212752,1787088489331,-0.0
20260818-212752,1787088489433,-0.0
20260818-212752,1787088489535,-0.0
20260818-212752,1787088489637,-0.0
20260818-212752,1787088489739,-0.0
20260818-212752,1787088489841,-0.0
20260818-212752,1787088489943,-0.0
20260818-212752,1787088490045,-0.0
20260818-212752,1787088490147,-0.0
20260818-212752,1787088490249,-0.0
20260818-212752,1787088490351,-0.0
20260818-212752,1787088490453,-0.0
20260818-212752,1787088490555,-0.0
20260818-212752,1787088490657,-0.0
20260818-212752,1787088490759,-0.0
20260818-212752,1787088490861,-0.0
20260818-212752,1787088490963,-0.0
20260818-212752,1787088490896,-0.0
20260818-212752,1787088491065,-0.0
20260818-212752,1787088491167,-0.0
20260818-212752,1787088491062,-0.0
20260818-212752,1787088491269,-0.0
20260818-212752,1787088491371,-0.0
20260818-212752,1787088522481,-0.0
20260818-212752,1787088522583,-0.0
20260818-212752,1787088522468,-0.0
20260818-212752,1787088522685,-0.0
20260818-212752,1787088522787,-0.0
20260818-212752,1787088522889,-0.0
20260818-212752,1787088522991,-0.0
20260818-212752,1787088522915,-0.0
20260818-212752,1787088523093,-0.0
20260818-212752,1787088523195,-0.0
20260818-212752,1787088523297,-0.0
20260818-212752,1787088523399,-0.0
20260818-212752,1787088523501,-0.0
20260818-212752,1787088523603,-0.0
20260818-212752,1787088523705,-0.0
20260818-212752,1787088523807,-0.0
20260818-212752,1787088523909,-0.0
20260818-212752,1787088524011,-0.0
20260818-212752,1787088524113,-0.0
20260818-212752,1787088524026,-0.0
20260818-212752,1787088524215,-0.0
20260818-212752,1787088524317,-0.0
20260818-212752,1787088524419,-0.0
20260818-212752,1787088524623,-0.0
20260818-212752,1787088524725,-0.0
20260818-212752,1787088524827,-0.0
20260818-212752,1787088524929,-0.0
20260818-212752,1787088525031,-0.0
20260818-212752,1787088525133,-0.0
20260818-212752,1787088527479,-0.0
20260818-212752,1787088527387,-0.0
20260818-212752,1787088527581,-0.0
20260818-212752,1787088527683,-0.0
20260818-212752,1787088527785,-0.0
20260818-212752,1787088527887,-0.0
20260818-212752,1787088527748,-0.0
20260818-212752,1787088527989,-0.0
20260818-212752,1787088528091,-0.0
20260818-212752,1787088528193,-0.0
20260818-212752,1787088528295,-0.0
20260818-212752,1787088528397,-0.0
20260818-212752,1787088528499,-0.0
20260818-212752,1787088528601,-0.0
20260818-212752,1787088528703,-0.0
20260818-212752,1787088528805,-0.0
20260818-212752,1787088528907,-0.0
20260818-212752,1787088529009,-0.0
20260818-212752,1787088529111,-0.0
20260818-212752,1787088529213,-0.0
20260818-212752,1787088529095,-0.0
20260818-212752,1787088529825,-0.0
20260818-212752,1787088529736,-0.0
20260818-212752,1787088529927,-0.0
20260818-212752,1787088530029,-0.0
20260818-212752,1787088530131,-0.0
20260818-212752,1787088530233,-0.0
20260818-212752,1787088530335,-0.0
20260818-212752,1787088530437,-0.0
20260818-212752,1787088530539,-0.0
20260818-212752,1787088530413,-0.0
20260818-212752,1787088530641,-0.0
20260818-212752,1787088530743,-0.0
20260818-212752,1787088530845,-0.0
20260818-212752,1787088530947,-0.0
20260818-212752,1787088531049,-0.0
20260818-212752,1787088531151,-0.0
20260818-212752,1787088531253,-0.0
20260818-212752,1787088531355,-0.0
20260818-212752,1787088531457,-0.0
20260818-212752,1787088531559,-0.0
20260818-212752,1787088531661,-0.0
20260818-212752,1787088531763,-0.0
20260818-212752,1787088531865,-0.0
20260818-212752,1787088531967,-0.0
20260818-212752,1787088532069,-0.0
20260818-212752,1787088532131,-0.0
20260818-212752,1787088532171,-0.0
20260818-212752,1787088532273,-0.0
20260818-212752,1787088532139,-0.0
20260818-212752,1787088532375,-0.0
20260818-212752,1787088532477,-0.0
20260818-212752,1787088532579,-0.0
20260818-212752,1787088532681,-0.0
20260818-212752,1787088532597,-0.0
20260818-212752,1787088532783,-0.0
20260818-212752,1787088532885,-0.0
20260818-212752,1787088532987,-0.0
20260818-212752,1787088533089,-0.0
20260818-212752,1787088533191,-0.0
20260818-212752,1787088533293,-0.0
20260818-212752,1787088533395,-0.0
20260818-212752,1787088533497,-0.0
20260818-212752,1787088533347,-0.0
20260818-212752,1787088533599,-0.0
20260818-212752,1787088533701,-0.0
20260818-212752,1787088533803,-0.0
20260818-212752,1787088533905,-0.0
20260818-212752,1787088533821,-0.0
20260818-212752,1787088534007,-0.0
20260818-212752,1787088534109,-0.0
20260818-212752,1787088534056,-0.0
20260818-212752,1787088534211,-0.0
20260818-212752,1787088534313,-0.0
20260818-212752,1787088534230,-0.0
20260818-212752,1787088534415,-0.0
20260818-212752,1787088534517,-0.0
20260818-212752,1787088534619,-0.0
20260818-212752,1787088534721,-0.0
20260818-212752,1787088534823,-0.0
20260818-212752,1787088534925,-0.0
20260818-212752,1787088535027,-0.0
20260818-212752,1787088535129,-0.0
20260818-212752,1787088535231,-0.0
20260818-212752,1787088535333,-0.0
20260818-212752,1787088535435,-0.0
20260818-212752,1787088535537,-0.0
20260818-212752,1787088535639,-0.0
20260818-212752,1787088535741,-0.0
20260818-212752,1787088535620,-0.0
20260818-212752,1787088535843,-0.0
20260818-212752,1787088535945,-0.0
20260818-212752,1787088536047,-0.0
20260818-212752,1787088536149,-0.0
20260818-212752,1787088536251,-0.0
20260818-212752,1787088536353,-0.0
20260818-212752,1787088536455,-0.0
20260818-212752,1787088536557,-0.0
20260818-212752,1787088537271,-0.0
20260818-212752,1787088537373,-0.0
20260818-212752,1787088537475,-0.0
20260818-212752,1787088538393,-0.0
20260818-212752,1787088538495,-0.0
20260818-212752,1787088538431,-0.0
20260818-212752,1787088538597,-0.0
20260818-212752,1787088538699,-0.0
20260818-212752,1787088538801,-0.0
20260818-212752,1787088538903,-0.0
20260818-212752,1787088539005,-0.0
20260818-212752,1787088539107,-0.0
20260818-212752,1787088539209,-0.0
20260818-212752,1787088539311,-0.0
20260818-212752,1787088539413,-0.0
20260818-212752,1787088539515,-0.0
20260818-212752,1787088539617,-0.0
20260818-212752,1787088539719,-0.0
20260818-212752,1787088539821,-0.0
20260818-212752,1787088539923,-0.0
20260818-212752,1787088540025,-0.0
20260818-212752,1787088540127,-0.0
20260818-212752,1787088540007,-0.0
20260818-212752,1787088540229,-0.0
20260818-212752,1787088540331,-0.0
20260818-212752,1787088540211,-0.0
20260818-212752,1787088540433,-0.0
20260818-212752,1787088540535,-0.0
20260818-212752,1787088540637,-0.0
20260818-212752,1787088540514,-0.0
20260818-212752,1787088540739,-0.0
20260818-212752,1787088541147,-0.0
20260818-212752,1787088541249,-0.0
20260818-212752,1787088541351,-0.0
20260818-212752,1787088541453,-0.0
20260818-212752,1787088541555,-0.0
20260818-212752,1787088541657,-0.0
20260818-212752,1787088541759,-0.0
20260818-212752,1787088541861,-0.0
20260818-212752,1787088541963,-0.0
20260818-212752,1787088542065,-0.0
20260818-212752,1787088542167,-0.0
20260818-212752,1787088542269,-0.0
20260818-212752,1787088542184,-0.0
20260818-212752,1787088542371,-0.0
20260818-212752,1787088542473,-0.0
20260818-212752,1787088542575,-0.0
20260818-212752,1787088542677,-0.0
20260818-212752,1787088542779,-0.0
20260818-212752,1787088542881,-0.0
20260818-212752,1787088542983,-0.0
20260818-212752,1787088543085,-0.0
20260818-212752,1787088543187,-0.0
20260818-212752,1787088543289,-0.0
20260818-212752,1787088543391,-0.0
20260818-212752,1787088543493,-0.0
20260818-212752,1787088543595,-0.0
20260818-212752,1787088543697,-0.0
20260818-212752,1787088543799,-0.0
20260818-212752,1787088543901,-0.0
20260818-212752,1787088544003,-0.0
20260818-212752,1787088544105,-0.0
20260818-212752,1787088544207,-0.0
20260818-212752,1787088544309,-0.0
20260818-212752,1787088544411,-0.0
20260818-212752,1787088544513,-0.0
20260818-212752,1787088544615,-0.0
20260818-212752,1787088544717,-0.0
20260818-212752,1787088544819,-0.0
20260818-212752,1787088544921,-0.0
20260818-212752,1787088545023,-0.0
20260818-212752,1787088545125,-0.0
20260818-212752,1787088545227,-0.0
20260818-212752,1787088545329,-0.0
20260818-212752,1787088545431,-0.0
20260818-212752,1787088545533,-0.0
20260818-212752,1787088545635,-0.0
20260818-212752,1787088545737,-0.0
20260818-212752,1787088545839,-0.0
20260818-212752,1787088545723,-0.0
20260818-212752,1787088545941,-0.0
20260818-212752,1787088546043,-0.0
20260818-212752,1787088546145,-0.0
20260818-212752,1787088546247,-0.0
20260818-212752,1787088546349,-0.0
20260818-212752,1787088546451,-0.0
20260818-212752,1787088546553,-0.0
20260818-212752,1787088546655,-0.0
20260818-212752,1787088546757,-0.0
20260818-212752,1787088546859,-0.0
20260818-212752,1787088546961,-0.0
20260818-212752,1787088546882,-0.0
20260818-212752,1787088547063,-0.0
20260818-212752,1787088547165,-0.0
20260818-212752,1787088547267,-0.0
20260818-212752,1787088547369,-0.0
20260818-212752,1787088547471,-0.0
20260818-212752,1787088547573,-0.0
20260818-212752,1787088547675,-0.0
20260818-212752,1787088547777,-0.0
20260818-212752,1787088547879,-0.0
20260818-212752,1787088547981,-0.0
20260818-212752,1787088548083,-0.0
20260818-212752,1787088548185,-0.0
20260818-212752,1787088548287,-0.0
20260818-212752,1787088548389,-0.0
20260818-212752,1787088548491,-0.0
20260818-212752,1787088548593,-0.0
20260818-212752,1787088548695,-0.0
20260818-212752,1787088548797,-0.0
20260818-212752,1787088548648,-0.0
20260818-212752,1787088548899,-0.0
20260818-212752,1787088549001,-0.0
20260818-212752,1787088549103,-0.0
20260818-212752,1787088548953,-0.0
20260818-212752,1787088549205,-0.0
20260818-212752,1787088549307,-0.0
20260818-212752,1787088549409,-0.0
20260818-212752,1787088549511,-0.0
20260818-212752,1787088549613,-0.0
20260818-212752,1787088549715,-0.0
20260818-212752,1787088549817,-0.0
20260818-212752,1787088549919,-0.0
20260818-212752,1787088550021,-0.0
20260818-212752,1787088550123,-0.0
20260818-212752,1787088550225,-0.0
20260818-212752,1787088550327,-0.0
20260818-212752,1787088550429,-0.0
20260818-212752,1787088550531,-0.0
20260818-212752,1787088550633,-0.0
20260818-212752,1787088550735,-0.0
20260818-212752,1787088550837,-0.0
20260818-212752,1787088550939,-0.0
20260818-212752,1787088551041,-0.0
20260818-212752,1787088551143,-0.0
20260818-212752,1787088551245,-0.0
20260818-212752,1787088551347,-0.0
20260818-212752,1787088551449,-0.0
20260818-212752,1787088551551,-0.0
20260818-212752,1787088551653,-0.0
20260818-212752,1787088551560,-0.0
20260818-212752,1787088551755,-0.0
20260818-212752,1787088551857,-0.0
20260818-212752,1787088551959,-0.0
20260818-212752,1787088552061,-0.0
20260818-212752,1787088552163,-0.0
20260818-212752,1787088552265,-0.0
20260818-212752,1787088552367,-0.0
20260818-212752,1787088552252,-0.0
20260818-212752,1787088552469,-0.0
20260818-212752,1787088552571,-0.0
20260818-212752,1787088552492,-0.0
20260818-212752,1787088552673,-0.0
20260818-212752,1787088552775,-0.0
20260818-212752,1787088552877,-0.0
20260818-212752,1787088552979,-0.0
20260818-212752,1787088553081,-0.0
20260818-212752,1787088553183,-0.0
20260818-212752,1787088553285,-0.0
20260818-212752,1787088553387,-0.0
20260818-212752,1787088553489,-0.0
20260818-212752,1787088553591,-0.0
20260818-212752,1787088553693,-0.0
20260818-212752,1787088553795,-0.0
20260818-212752,1787088553897,-0.0
20260818-212752,1787088553999,-0.0
20260818-212752,1787088554101,-0.0
20260818-212752,1787088554203,-0.0
20260818-212752,1787088554141,-0.0
20260818-212752,1787088554305,-0.0
20260818-212752,1787088554407,-0.0
20260818-212752,1787088554276,-0.0
20260818-212752,1787088554509,-0.0
20260818-212752,1787088554611,-0.0
20260818-212752,1787088554713,-0.0
20260818-212752,1787088554815,-0.0
20260818-212752,1787088554917,-0.0
20260818-212752,1787088555019,-0.0
20260818-212752,1787088555121,-0.0
20260818-212752,1787088555223,-0.0
20260818-212752,1787088555325,-0.0
20260818-212752,1787088555427,-0.0
20260818-212752,1787088555529,-0.0
20260818-212752,1787088555397,-0.0
20260818-212752,1787088555631,-0.0
20260818-212752,1787088555733,-0.0
20260818-212752,1787088555835,-0.0
20260818-212752,1787088555937,-0.0
20260818-212752,1787088556039,-0.0
20260818-212752,1787088556141,-0.0
20260818-212752,1787088556243,-0.0
20260818-212752,1787088556345,-0.0
20260818-212752,1787088556447,-0.0
20260818-212752,1787088556549,-0.0
20260818-212752,1787088556651,-0.0
20260818-212752,1787088556753,-0.0
20260818-212752,1787088556855,-0.0
20260818-212752,1787088556957,-0.0
20260818-212752,1787088557059,-0.0
20260818-212752,1787088557161,-0.0
20260818-212752,1787088557263,-0.0
20260818-212752,1787088557365,-0.0
20260818-212752,1787088557467,-0.0
20260818-212752,1787088557569,-0.0
20260818-212752,1787088557671,-0.0
20260818-212752,1787088557773,-0.0
20260818-212752,1787088557875,-0.0
20260818-212752,1787088557977,-0.0
20260818-212752,1787088558079,-0.0
20260818-212752,1787088558181,-0.0
20260818-212752,1787088558283,-0.0
20260818-212752,1787088558385,-0.0
20260818-212752,1787088558487,-0.0
20260818-212752,1787088558589,-0.0
20260818-212752,1787088558691,-0.0
20260818-212752,1787088558793,-0.0
20260818-212752,1787088558895,-0.0
20260818-212752,1787088558997,-0.0
20260818-212752,1787088559099,-0.0
20260818-212752,1787088559201,-0.0
20260818-212752,1787088559303,-0.0
20260818-212752,1787088559405,-0.0
20260818-212752,1787088559507,-0.0
20260818-212752,1787088559609,-0.0
20260818-212752,1787088559711,-0.0
20260818-212752,1787088559813,-0.0
20260818-212752,1787088559915,-0.0
20260818-212752,1787088560017,-0.0
20260818-212752,1787088560119,-0.0
20260818-212752,1787088560221,-0.0
20260818-212752,1787088560323,-0.0
20260818-212752,1787088560425,-0.0
20260818-212752,1787088560527,-0.0
20260818-212752,1787088560629,-0.0
20260818-212752,1787088560523,-0.0
20260818-212752,1787088560731,-0.0
20260818-212752,1787088560833,-0.0
20260818-212752,1787088560935,-0.0
20260818-212752,1787088561037,-0.0
20260818-212752,1787088561139,-0.0
20260818-212752,1787088561241,-0.0
20260818-212752,1787088561343,-0.0
20260818-212752,1787088561445,-0.0
20260818-212752,1787088561547,-0.0
20260818-212752,1787088561649,-0.0
20260818-212752,1787088561751,-0.0
20260818-212752,1787088561853,-0.0
20260818-212752,1787088561955,-0.0
20260818-212752,1787088562057,-0.0
20260818-212752,1787088562159,-0.0
20260818-212752,1787088562261,-0.0
20260818-212752,1787088562363,-0.0
20260818-212752,1787088562281,-0.0
20260818-212752,1787088562465,-0.0
20260818-212752,1787088562567,-0.0
20260818-212752,1787088562669,-0.0
20260818-212752,1787088562771,-0.0
20260818-212752,1787088562873,-0.0
20260818-212752,1787088562975,-0.0
20260818-212752,1787088563077,-0.0
20260818-212752,1787088563179,-0.0
20260818-212752,1787088563281,-0.0
20260818-212752,1787088563383,-0.0
20260818-212752,1787088563485,-0.0
20260818-212752,1787088563587,-0.0
20260818-212752,1787088563689,-0.0
20260818-212752,1787088563791,-0.0
20260818-212752,1787088563893,-0.0
20260818-212752,1787088563995,-0.0
20260818-212752,1787088564097,-0.0
20260818-212752,1787088564199,-0.0
20260818-212752,1787088564301,-0.0
20260818-212752,1787088564230,-0.0
20260818-212752,1787088564403,-0.0
20260818-212752,1787088564505,-0.0
20260818-212752,1787088564607,-0.0
20260818-212752,1787088564709,-0.0
20260818-212752,1787088564811,-0.0
20260818-212752,1787088564913,-0.0
20260818-212752,1787088565015,-0.0
20260818-212752,1787088565117,-0.0
20260818-212752,1787088565219,-0.0
20260818-212752,1787088565321,-0.0
20260818-212752,1787088565423,-0.0
20260818-212752,1787088565525,-0.0
20260818-212752,1787088565627,-0.0
20260818-212752,1787088565729,-0.0
20260818-212752,1787088565831,-0.0
20260818-212752,1787088565933,-0.0
20260818-212752,1787088566035,-0.0
20260818-212752,1787088566137,-0.0
20260818-212752,1787088566020,-0.0
20260818-212752,1787088566239,-0.0
20260818-212752,1787088566341,-0.0
20260818-212752,1787088566443,-0.0
20260818-212752,1787088566545,-0.0
20260818-212752,1787088566435,-0.0
20260818-212752,1787088611181,-0.0
20260818-212752,1787088611323,-0.0
20260818-212752,1787088611425,-0.0
20260818-212752,1787088611527,-0.0
20260818-212752,1787088611629,-0.0
20260818-212752,1787088611525,-0.0
20260818-212752,1787088611731,-0.0
20260818-212752,1787088611833,-0.0
20260818-212752,1787088611935,-0.0
20260818-212752,1787088612037,-0.0
20260818-212752,1787088612139,-0.0
20260818-212752,1787088612241,-0.0
20260818-212752,1787088612343,-0.0
20260818-212752,1787088612445,-0.0
20260818-212752,1787088612547,-0.0
20260818-212752,1787088612649,-0.0
20260818-212752,1787088612638,-0.0
20260818-212752,1787088612751,-0.0
20260818-212752,1787088612853,-0.0
20260818-212752,1787088612701,-0.0
20260818-212752,1787088612955,-0.0
20260818-212752,1787088613057,-0.0
20260818-212752,1787088613159,-0.0
20260818-212752,1787088613261,-0.0
20260818-212752,1787088613166,-0.0
20260818-212752,1787088613363,-0.0
20260818-212752,1787088613465,-0.0
20260818-212752,1787088613567,-0.0
20260818-212752,1787088613669,-0.0
20260818-212752,1787088613771,-0.0
20260818-212752,1787088613693,-0.0
20260818-212752,1787088613873,-0.0
20260818-212752,1787088613798,-0.0
20260818-212752,1787088613975,-0.0
20260818-212752,1787088614077,-0.0
20260818-212752,1787088614179,-0.0
20260818-212752,1787088614067,-0.0
20260818-212752,1787088614281,-0.0
20260818-212752,1787088614383,-0.0
20260818-212752,1787088614230,-0.0
20260818-212752,1787088614485,-0.0
20260818-212752,1787088614587,-0.0
20260818-212752,1787088614689,-0.0
20260818-212752,1787088614791,-0.0
20260818-212752,1787088614718,-0.0
20260818-212752,1787088614893,-0.0
20260818-212752,1787088614995,-0.0
20260818-212752,1787088615097,-0.0
20260818-212752,1787088615199,-0.0
20260818-212752,1787088615301,-0.0
20260818-212752,1787088615403,-0.0
20260818-212752,1787088615505,-0.0
20260818-212752,1787088615607,-0.0
20260818-212752,1787088615709,-0.0
20260818-212752,1787088615811,-0.0
20260818-212752,1787088615913,-0.0
20260818-212752,1787088616015,-0.0
20260818-212752,1787088616117,-0.0
20260818-212752,1787088616219,-0.0
20260818-212752,1787088616321,-0.0
20260818-212752,1787088616423,-0.0
20260818-212752,1787088616525,-0.0
20260818-212752,1787088616627,-0.0
20260818-212752,1787088616729,-0.0
20260818-212752,1787088616831,-0.0
20260818-212752,1787088616933,-0.0
20260818-212752,1787088617035,-0.0
20260818-212752,1787088616897,-0.0
20260818-212752,1787088617137,-0.0
20260818-212752,1787088617239,-0.0
20260818-212752,1787088617341,-0.0
20260818-212752,1787088617192,-0.0
20260818-212752,1787088617443,-0.0
20260818-212752,1787088617545,-0.0
20260818-212752,1787088617647,-0.0
20260818-212752,1787088617749,-0.0
20260818-212752,1787088617851,-0.0
20260818-212752,1787088617953,-0.0
20260818-212752,1787088618055,-0.0
20260818-212752,1787088617953,-0.0
20260818-212752,1787088618157,-0.0
20260818-212752,1787088618259,-0.0
20260818-212752,1787088618110,-0.0
20260818-212752,1787088618361,-0.0
20260818-212752,1787088618463,-0.0
20260818-212752,1787088618565,-0.0
20260818-212752,1787088618667,-0.0
20260818-212752,1787088618769,-0.0
20260818-212752,1787088618871,-0.0
20260818-212752,1787088618973,-0.0
20260818-212752,1787088618821,-0.0
20260818-212752,1787088619075,-0.0
20260818-212752,1787088619177,-0.0
20260818-212752,1787088619279,-0.0
20260818-212752,1787088619381,-0.0
20260818-212752,1787088619483,-0.0
20260818-212752,1787088619585,-0.0
20260818-212752,1787088619687,-0.0
20260818-212752,1787088619789,-0.0
20260818-212752,1787088619891,-0.0
20260818-212752,1787088619993,-0.0
20260818-212752,1787088620095,-0.0
20260818-212752,1787088620197,-0.0
20260818-212752,1787088620299,-0.0
20260818-212752,1787088620401,-0.0
20260818-212752,1787088620503,-0.0
20260818-212752,1787088620605,-0.0
20260818-212752,1787088620707,-0.0
20260818-212752,1787088620809,-0.0
20260818-212752,1787088620911,-0.0
20260818-212752,1787088621013,-0.0
20260818-212752,1787088621115,-0.0
20260818-212752,1787088621217,-0.0
20260818-212752,1787088621319,-0.0
20260818-212752,1787088621421,-0.0
20260818-212752,1787088621523,-0.0
20260818-212752,1787088621625,-0.0
20260818-212752,1787088621727,-0.0
20260818-212752,1787088621829,-0.0
20260818-212752,1787088621931,-0.0
20260818-212752,1787088621864,-0.0
20260818-212752,1787088622033,-0.0
20260818-212752,1787088622135,-0.0
20260818-212752,1787088622237,-0.0
20260818-212752,1787088622111,-0.0
20260818-212752,1787088622339,-0.0
20260818-212752,1787088622441,-0.0
20260818-212752,1787088622317,-0.0
20260818-212752,1787088622543,-0.0
20260818-212752,1787088622645,-0.0
20260818-212752,1787088622560,-0.0
20260818-212752,1787088622747,-0.0
20260818-212752,1787088622849,-0.0
20260818-212752,1787088622951,-0.0
20260818-212752,1787088623053,-0.0
20260818-212752,1787088623155,-0.0
20260818-212752,1787088623257,-0.0
20260818-212752,1787088623185,-0.0
20260818-212752,1787088623359,-0.0
20260818-212752,1787088623461,-0.0
20260818-212752,1787088623563,-0.0
20260818-212752,1787088623665,-0.0
20260818-212752,1787088623767,-0.0
20260818-212752,1787088623644,-0.0
20260818-212752,1787088623869,-0.0
20260818-212752,1787088623971,-0.0
20260818-212752,1787088624073,-0.0
20260818-212752,1787088623993,-0.0
20260818-212752,1787088624175,-0.0
20260818-212752,1787088624277,-0.0
20260818-212752,1787088624379,-0.0
20260818-212752,1787088624481,-0.0
20260818-212752,1787088624583,-0.0
20260818-212752,1787088624685,-0.0
20260818-212752,1787088624787,-0.0
20260818-212752,1787088624889,-0.0
20260818-212752,1787088624991,-0.0
20260818-212752,1787088625093,-0.0
20260818-212752,1787088625195,-0.0
20260818-212752,1787088625297,-0.0
20260818-212752,1787088625399,-0.0
20260818-212752,1787088625501,-0.0
20260818-212752,1787088625603,-0.0
20260818-212752,1787088625705,-0.0
20260818-212752,1787088625807,-0.0
20260818-212752,1787088625909,-0.0
20260818-212752,1787088626011,-0.0
20260818-212752,1787088625933,-0.0
20260818-212752,1787088626113,-0.0
20260818-212752,1787088626215,-0.0
20260818-212752,1787088626317,-0.0
20260818-212752,1787088626419,-0.0
20260818-212752,1787088626521,-0.0
20260818-212752,1787088626623,-0.0
20260818-212752,1787088626725,-0.0
20260818-212752,1787088626827,-0.0
20260818-212752,1787088626929,-0.0
20260818-212752,1787088627031,-0.0
20260818-212752,1787088627133,-0.0
20260818-212752,1787088627235,-0.0
20260818-212752,1787088627337,-0.0
20260818-212752,1787088627439,-0.0
20260818-212752,1787088627541,-0.0
20260818-212752,1787088627643,-0.0
20260818-212752,1787088627745,-0.0
20260818-212752,1787088627847,-0.0
20260818-212752,1787088627949,-0.0
20260818-212752,1787088628051,-0.0
20260818-212752,1787088627996,-0.0
20260818-212752,1787088628153,-0.0
20260818-212752,1787088628255,-0.0
20260818-212752,1787088628357,-0.0
20260818-212752,1787088628459,-0.0
20260818-212752,1787088628561,-0.0
20260818-212752,1787088628663,-0.0
20260818-212752,1787088628765,-0.0
20260818-212752,1787088628867,-0.0
20260818-212752,1787088628969,-0.0
20260818-212752,1787088629071,-0.0
20260818-212752,1787088629173,-0.0
20260818-212752,1787088629275,-0.0
20260818-212752,1787088629377,-0.0
20260818-212752,1787088629479,-0.0
20260818-212752,1787088629581,-0.0
20260818-212752,1787088629683,-0.0
20260818-212752,1787088629785,-0.0
20260818-212752,1787088629887,-0.0
20260818-212752,1787088629989,-0.0
20260818-212752,1787088630091,-0.0
20260818-212752,1787088630193,-0.0
20260818-212752,1787088630295,-0.0
20260818-212752,1787088630397,-0.0
20260818-212752,1787088630250,-0.0
20260818-212752,1787088630499,-0.0
20260818-212752,1787088630601,-0.0
20260818-212752,1787088630530,-0.0
20260818-212752,1787088630703,-0.0
20260818-212752,1787088630805,-0.0
20260818-212752,1787088630907,-0.0
20260818-212752,1787088631009,-0.0
20260818-212752,1787088631111,-0.0
20260818-212752,1787088631213,-0.0
20260818-212752,1787088631315,-0.0
20260818-212752,1787088631417,-0.0
20260818-212752,1787088631519,-0.0
20260818-212752,1787088631621,-0.0
20260818-212752,1787088631723,-0.0
20260818-212752,1787088631825,-0.0
20260818-212752,1787088631927,-0.0
20260818-212752,1787088632029,-0.0
20260818-212752,1787088632131,-0.0
20260818-212752,1787088632233,-0.0
20260818-212752,1787088632335,-0.0
20260818-212752,1787088632437,-0.0
20260818-212752,1787088632539,-0.0
20260818-212752,1787088632641,-0.0
20260818-212752,1787088632743,-0.0
20260818-212752,1787088632845,-0.0
20260818-212752,1787088632947,-0.0
20260818-212752,1787088633049,-0.0
20260818-212752,1787088633151,-0.0
20260818-212752,1787088633253,-0.0
20260818-212752,1787088633355,-0.0
20260818-212752,1787088633457,-0.0
20260818-212752,1787088633559,-0.0
20260818-212752,1787088633661,-0.0
20260818-212752,1787088633763,-0.0
20260818-212752,1787088633865,-0.0
20260818-212752,1787088633967,-0.0
20260818-212752,1787088634069,-0.0
20260818-212752,1787088634171,-0.0
20260818-212752,1787088634273,-0.0
20260818-212752,1787088634375,-0.0
20260818-212752,1787088634477,-0.0
20260818-212752,1787088634579,-0.0
20260818-212752,1787088634522,-0.0
20260818-212752,1787088634681,-0.0
20260818-212752,1787088634783,-0.0
20260818-212752,1787088634885,-0.0
20260818-212752,1787088634987,-0.0
20260818-212752,1787088635089,-0.0
20260818-212752,1787088635191,-0.0
20260818-212752,1787088635293,-0.0
20260818-212752,1787088635395,-0.0
20260818-212752,1787088635497,-0.0
20260818-212752,1787088635599,-0.0
20260818-212752,1787088635701,-0.0
20260818-212752,1787088635803,-0.0
20260818-212752,1787088635905,-0.0
20260818-212752,1787088636007,-0.0
20260818-212752,1787088636109,-0.0
20260818-212752,1787088636211,-0.0
20260818-212752,1787088636313,-0.0
20260818-212752,1787088636415,-0.0
20260818-212752,1787088636517,-0.0
20260818-212752,1787088636619,-0.0
20260818-212752,1787088636721,-0.0
20260818-212752,1787088636823,-0.0
20260818-212752,1787088636925,-0.0
20260818-212752,1787088637027,-0.0
20260818-212752,1787088637129,-0.0
20260818-212752,1787088637231,-0.0
20260818-212752,1787088637333,-0.0
20260818-212752,1787088637435,-0.0
20260818-212752,1787088637537,-0.0
20260818-212752,1787088637639,-0.0
20260818-212752,1787088637741,-0.0
20260818-212752,1787088637843,-0.0
20260818-212752,1787088637742,-0.0
20260818-212752,1787088637945,-0.0
20260818-212752,1787088638047,-0.0
20260818-212752,1787088638149,-0.0
20260818-212752,1787088638085,-0.0
20260818-212752,1787088638251,-0.0
20260818-212752,1787088638353,-0.0
20260818-212752,1787088638455,-0.0
20260818-212752,1787088638557,-0.0
20260818-212752,1787088638659,-0.0
20260818-212752,1787088638761,-0.0
20260818-212752,1787088638863,-0.0
20260818-212752,1787088638965,-0.0
20260818-212752,1787088639067,-0.0
20260818-212752,1787088639169,-0.0
20260818-212752,1787088639271,-0.0
20260818-212752,1787088639373,-0.0
20260818-212752,1787088639475,-0.0
20260818-212752,1787088639371,-0.0
20260818-212752,1787088639577,-0.0
20260818-212752,1787088639679,-0.0
20260818-212752,1787088639781,-0.0
20260818-212752,1787088639640,-0.0
20260818-212752,1787088639883,-0.0
20260818-212752,1787088639985,-0.0
20260818-212752,1787088640087,-0.0
20260818-212752,1787088640189,-0.0
20260818-212752,1787088640291,-0.0
20260818-212752,1787088640393,-0.0
20260818-212752,1787088640495,-0.0
20260818-212752,1787088640521,-0.0
20260818-212752,1787088640597,-0.0
20260818-212752,1787088640699,-0.0
20260818-212752,1787088640563,-0.0
20260818-212752,1787088640801,-0.0
20260818-212752,1787088640903,-0.0
20260818-212752,1787088641005,-0.0
20260818-212752,1787088641107,-0.0
20260818-212752,1787088641209,-0.0
20260818-212752,1787088641091,-0.0
20260818-212752,1787088641311,-0.0
20260818-212752,1787088641413,-0.0
20260818-212752,1787088641515,-0.0
20260818-212752,1787088641617,-0.0
20260818-212752,1787088641719,-0.0
20260818-212752,1787088641821,-0.0
20260818-212752,1787088641923,-0.0
20260818-212752,1787088641851,-0.0
20260818-212752,1787088642025,-0.0
20260818-212752,1787088642127,-0.0
20260818-212752,1787088642229,-0.0
20260818-212752,1787088642331,-0.0
20260818-212752,1787088642433,-0.0
20260818-212752,1787088642535,-0.0
20260818-212752,1787088642637,-0.0
20260818-212752,1787088642739,-0.0
20260818-212752,1787088642841,-0.0
20260818-212752,1787088642943,-0.0
20260818-212752,1787088643045,-0.0
20260818-212752,1787088642937,-0.0
20260818-212752,1787088643147,-0.0
20260818-212752,1787088643249,-0.0
20260818-212752,1787088643351,-0.0
20260818-212752,1787088643453,-0.0
20260818-212752,1787088643555,-0.0
20260818-212752,1787088643657,-0.0
20260818-212752,1787088643759,-0.0
20260818-212752,1787088643861,-0.0
20260818-212752,1787088643963,-0.0
20260818-212752,1787088644065,-0.0
20260818-212752,1787088644167,-0.0
20260818-212752,1787088644269,-0.0
20260818-212752,1787088644155,-0.0
20260818-212752,1787088644371,-0.0
20260818-212752,1787088644473,-0.0
20260818-212752,1787088644575,-0.0
20260818-212752,1787088644677,-0.0
20260818-212752,1787088644779,-0.0
20260818-212752,1787088644881,-0.0
20260818-212752,1787088644761,-0.0
20260818-212752,1787088644983,-0.0
20260818-212752,1787088645085,-0.0
20260818-212752,1787088645187,-0.0
20260818-212752,1787088645289,-0.0
20260818-212752,1787088645391,-0.0
20260818-212752,1787088645493,-0.0
20260818-212752,1787088645595,-0.0
20260818-212752,1787088645697,-0.0
20260818-212752,1787088645565,-0.0
20260818-212752,1787088645799,-0.0
20260818-212752,1787088645901,-0.0
20260818-212752,1787088646003,-0.0
20260818-212752,1787088646105,-0.0
20260818-212752,1787088646207,-0.0
20260818-212752,1787088646309,-0.0
20260818-212752,1787088646411,-0.0
20260818-212752,1787088646295,-0.0
20260818-212752,1787088646513,-0.0
20260818-212752,1787088646422,-0.0
20260818-212752,1787088646615,-0.0
20260818-212752,1787088646717,-0.0
20260818-212752,1787088646639,-0.0
20260818-212752,1787088646819,-0.0
20260818-212752,1787088646921,-0.0
20260818-212752,1787088646851,-0.0
20260818-212752,1787088647023,-0.0
20260818-212752,1787088647125,-0.0
20260818-212752,1787088647227,-0.0
20260818-212752,1787088647329,-0.0
20260818-212752,1787088647431,-0.0
20260818-212752,1787088647533,-0.0
20260818-212752,1787088647635,-0.0
20260818-212752,1787088647737,-0.0
20260818-212752,1787088647839,-0.0
20260818-212752,1787088647941,-0.0
20260818-212752,1787088648043,-0.0
20260818-212752,1787088648145,-0.0
20260818-212752,1787088648046,-0.0
20260818-212752,1787088648247,-0.0
20260818-212752,1787088648349,-0.0
20260818-212752,1787088648451,-0.0
20260818-212752,1787088648553,-0.0
20260818-212752,1787088648655,-0.0
20260818-212752,1787088648556,-0.0
20260818-212752,1787088648757,-0.0
20260818-212752,1787088648859,-0.0
20260818-212752,1787088648961,-0.0
20260818-212752,1787088649063,-0.0
20260818-212752,1787088649165,-0.0
20260818-212752,1787088649267,-0.0
20260818-212752,1787088649369,-0.0
20260818-212752,1787088649290,-0.0
20260818-212752,1787088649471,-0.0
20260818-212752,1787088649573,-0.0
20260818-212752,1787088649675,-0.0
20260818-212752,1787088649777,-0.0
20260818-212752,1787088649879,-0.0
20260818-212752,1787088649981,-0.0
20260818-212752,1787088650083,-0.0
20260818-212752,1787088650185,-0.0
20260818-212752,1787088650287,-0.0
20260818-212752,1787088650235,-0.0
20260818-212752,1787088650389,-0.0
20260818-212752,1787088650491,-0.0
20260818-212752,1787088650368,-0.0
20260818-212752,1787088650593,-0.0
20260818-212752,1787088650695,-0.0
20260818-212752,1787088650797,-0.0
20260818-212752,1787088650899,-0.0
20260818-212752,1787088651001,-0.0
20260818-212752,1787088651103,-0.0
20260818-212752,1787088651042,-0.0
20260818-212752,1787088651205,-0.0
20260818-212752,1787088651307,-0.0
20260818-212752,1787088651409,-0.0
20260818-212752,1787088651511,-0.0
20260818-212752,1787088651613,-0.0
20260818-212752,1787088651715,-0.0
20260818-212752,1787088651817,-0.0
20260818-212752,1787088651919,-0.0
20260818-212752,1787088652021,-0.0
20260818-212752,1787088652123,-0.0
20260818-213053,1787088657110,-0.0
20260818-213053,1787088657325,-0.0
20260818-213053,1787088657427,-0.0
20260818-213053,1787088657366,-0.0
20260818-213053,1787088657529,-0.0
20260818-213053,1787088657631,-0.0
20260818-213053,1787088657733,-0.0
20260818-213053,1787088657639,-0.0
20260818-213053,1787088657835,-0.0
20260818-213053,1787088657937,-0.0
20260818-213053,1787088658039,-0.0
20260818-213053,1787088658141,-0.0
20260818-213053,1787088658243,-0.0
20260818-213053,1787088658345,-0.0
20260818-213053,1787088658447,-0.0
20260818-213053,1787088658549,-0.0
20260818-213053,1787088658651,-0.0
20260818-213053,1787088658753,-0.0
20260818-213053,1787088658855,-0.0
20260818-213053,1787088658957,-0.0
20260818-213053,1787088658852,-0.0
20260818-213053,1787088659059,-0.0
20260818-213053,1787088659161,-0.0
20260818-213053,1787088659263,-0.0
20260818-213053,1787088659365,-0.0
20260818-213053,1787088659467,-0.0
20260818-213053,1787088659569,-0.0
20260818-213053,1787088659671,-0.0
20260818-213053,1787088659773,-0.0
20260818-213053,1787088659875,-0.0
20260818-213053,1787088659977,-0.0
20260818-213053,1787088660079,-0.0
20260818-213053,1787088660181,-0.0
20260818-213053,1787088660283,-0.0
20260818-213053,1787088660385,-0.0
20260818-213053,1787088660259,-0.0
20260818-213053,1787088660487,-0.0
20260818-213053,1787088660589,-0.0
20260818-213053,1787088660691,-0.0
20260818-213053,1787088660566,-0.0
20260818-213053,1787088660793,-0.0
20260818-213053,1787088660895,-0.0
20260818-213053,1787088660997,-0.0
20260818-213053,1787088661099,-0.0
20260818-213053,1787088661009,-0.0
20260818-213053,1787088661201,-0.0
20260818-213053,1787088661303,-0.0
20260818-213053,1787088661405,-0.0
20260818-213053,1787088661507,-0.0
20260818-213053,1787088661609,-0.0
20260818-213053,1787088661711,-0.0
20260818-213053,1787088661813,-0.0
20260818-213053,1787088661915,-0.0
20260818-213053,1787088662017,-0.0
20260818-213053,1787088662119,-0.0
20260818-213053,1787088662221,-0.0
20260818-213053,1787088662323,-0.0
20260818-213053,1787088662425,-0.0
20260818-213053,1787088662527,-0.0
20260818-213053,1787088662629,-0.0
20260818-213053,1787088662731,-0.0
20260818-213053,1787088662833,-0.0
20260818-213053,1787088662935,-0.0
20260818-213053,1787088663037,-0.0
20260818-213053,1787088663139,-0.0
20260818-213053,1787088663241,-0.0
20260818-213053,1787088663089,-0.0
20260818-213053,1787088663343,-0.0
20260818-213053,1787088663445,-0.0
20260818-213053,1787088663305,-0.0
20260818-213053,1787088663547,-0.0
20260818-213053,1787088663649,-0.0
20260818-213053,1787088663751,-0.0
20260818-213053,1787088663618,-0.0
20260818-213053,1787088663853,-0.0
20260818-213053,1787088663955,-0.0
20260818-213053,1787088664057,-0.0
20260818-213053,1787088664159,-0.0
20260818-213053,1787088664261,-0.0
20260818-213053,1787088664363,-0.0
20260818-213053,1787088664465,-0.0
20260818-213053,1787088664362,-0.0
20260818-213053,1787088664567,-0.0
20260818-213053,1787088664669,-0.0
20260818-213053,1787088664771,-0.0
20260818-213053,1787088664873,-0.0
20260818-213053,1787088664975,-0.0
20260818-213053,1787088665077,-0.0
20260818-213053,1787088665179,-0.0
20260818-213053,1787088665281,-0.0
20260818-213053,1787088665383,-0.0
20260818-213053,1787088665292,-0.0
20260818-213053,1787088665485,-0.0
20260818-213053,1787088665587,-0.0
20260818-213053,1787088665689,-0.0
20260818-213053,1787088665791,-0.0
20260818-213053,1787088665893,-0.0
20260818-213053,1787088665995,-0.0
20260818-213053,1787088666097,-0.0
20260818-213053,1787088666199,-0.0
20260818-213053,1787088666301,-0.0
20260818-213053,1787088666403,-0.0
20260818-213053,1787088666505,-0.0
20260818-213053,1787088666607,-0.0
20260818-213053,1787088666709,-0.0
20260818-213053,1787088666811,-0.0
20260818-213053,1787088666660,-0.0
20260818-213053,1787088666913,-0.0
20260818-213053,1787088667015,-0.0
20260818-213053,1787088667117,-0.0
20260818-213053,1787088667219,-0.0
20260818-213053,1787088667321,-0.0
20260818-213053,1787088667423,-0.0
20260818-213053,1787088667525,-0.0
20260818-213053,1787088667627,-0.0
20260818-213053,1787088667729,-0.0
20260818-213053,1787088667831,-0.0
20260818-213053,1787088667690,-0.0
20260818-213053,1787088667933,-0.0
20260818-213053,1787088668035,-0.0
20260818-213053,1787088668137,-0.0
20260818-213053,1787088668239,-0.0
20260818-213053,1787088668341,-0.0
20260818-213053,1787088668443,-0.0
20260818-213053,1787088668545,-0.0
20260818-213053,1787088668647,-0.0
20260818-213053,1787088668555,-0.0
20260818-213053,1787088668749,-0.0
20260818-213053,1787088668851,-0.0
20260818-213053,1787088668953,-0.0
20260818-213053,1787088669055,-0.0
20260818-213053,1787088669157,-0.0
20260818-213053,1787088669259,-0.0
20260818-213053,1787088669361,-0.0
20260818-213053,1787088669463,-0.0
20260818-213053,1787088669565,-0.0
20260818-213053,1787088669667,-0.0
20260818-213053,1787088669557,-0.0
20260818-213053,1787088669769,-0.0
20260818-213053,1787088669871,-0.0
20260818-213053,1787088669973,-0.0
20260818-213053,1787088670075,-0.0
20260818-213053,1787088670177,-0.0
20260818-213053,1787088670279,-0.0
20260818-213053,1787088670381,-0.0
20260818-213053,1787088670483,-0.0
20260818-213053,1787088670585,-0.0
20260818-213053,1787088670687,-0.0
20260818-213053,1787088670575,-0.0
20260818-213053,1787088670789,-0.0
20260818-213053,1787088670891,-0.0
20260818-213053,1787088670993,-0.0
20260818-213053,1787088671095,-0.0
20260818-213053,1787088671197,-0.0
20260818-213053,1787088671050,-0.0
20260818-213053,1787088671299,-0.0
20260818-213053,1787088671401,-0.0
20260818-213053,1787088671503,-0.0
20260818-213053,1787088671412,-0.0
20260818-213053,1787088671605,-0.0
20260818-213053,1787088671707,-0.0
20260818-213053,1787088671583,-0.0
20260818-213053,1787088671809,-0.0
20260818-213053,1787088671911,-0.0
20260818-213053,1787088672013,-0.0
20260818-213053,1787088672115,-0.0
20260818-213053,1787088672217,-0.0
20260818-213053,1787088672319,-0.0
20260818-213053,1787088672421,-0.0
20260818-213053,1787088672523,-0.0
20260818-213053,1787088672625,-0.0
20260818-213053,1787088672727,-0.0
20260818-213053,1787088672639,-0.0
20260818-213053,1787088672829,-0.0
20260818-213053,1787088672931,-0.0
20260818-213053,1787088672816,-0.0
20260818-213053,1787088673033,-0.0
20260818-213053,1787088673135,-0.0
20260818-213053,1787088673101,-0.0
20260818-213053,1787088673237,-0.0
20260818-213053,1787088673339,-0.0
20260818-213053,1787088675382,2.0435382006199725
20260818-213053,1787088675386,2.0435382006199725
20260818-213053,1787088675386,2.0435382006199725
20260818-213053,1787088675386,2.0435382006199725
20260818-213053,1787088675386,2.0435382006199725
20260818-213053,1787088675386,2.0435382006199725
20260818-213053,1787088675386,2.0435382006199725
20260818-213053,1787088675386,2.0435382006199725
20260818-213053,1787088675386,2.0435382006199725
20260818-213053,1787088675386,2.0435382006199725
20260818-213053,1787088675386,2.0435382006199725
20260818-213053,1787088675388,2.0435382006199725
20260818-213053,1787088675388,2.0435382006199725
20260818-213053,1787088675388,2.0435382006199725
20260818-213053,1787088675388,2.0435382006199725
20260818-213053,1787088675388,2.0435382006199725
20260818-213053,1787088675388,2.0435382006199725
20260818-213053,1787088675388,2.0435382006199725
20260818-213053,1787088675388,2.0435382006199725
20260818-213053,1787088675388,2.0435382006199725
20260818-213053,1787088675388,2.0435382006199725
20260818-213053,1787088675388,2.0435382006199725
20260818-213053,1787088675388,2.0435382006199725
20260818-213053,1787088675388,2.0435382006199725
20260818-213053,1787088675388,2.0435382006199725
20260818-213053,1787088675388,2.0435382006199725
20260818-213053,1787088675388,2.0435382006199725
20260818-213053,1787088675388,2.0435382006199725
20260818-213053,1787088675388,2.0435382006199725
20260818-213053,1787088675388,2.0435382006199725
20260818-213053,1787088675388,2.0435382006199725
20260818-213053,1787088675390,2.0435382006199725
20260818-213053,1787088675390,2.0435382006199725
20260818-213053,1787088675390,2.0435382006199725
20260818-213053,1787088675390,2.0435382006199725
20260818-213053,1787088675390,2.0435382006199725
20260818-213053,1787088675390,2.0435382006199725
20260818-213053,1787088675390,2.0435382006199725
20260818-213053,1787088675390,2.0435382006199725
20260818-213053,1787088675392,2.0435382006199725
20260818-213053,1787088675392,2.0435382006199725
20260818-213053,1787088675393,2.0435382006199725
20260818-213053,1787088675401,2.0435382006199725
20260818-213053,1787088675401,2.0435382006199725
20260818-213053,1787088675401,2.0435382006199725
20260818-213053,1787088675401,2.0435382006199725
20260818-213053,1787088675401,2.0435382006199725
20260818-213053,1787088675403,2.0435382006199725
20260818-213053,1787088675417,2.0435382006199725
20260818-213053,1787088675481,1.0683173459914073
20260818-213053,1787088675583,1.0683173459914073
20260818-213053,1787088675685,1.0683173459914073
20260818-213053,1787088675702,1.0683173459914073
20260818-213053,1787088675785,1.0683173459914073
20260818-213053,1787088675785,1.0683173459914073
20260818-213053,1787088675785,1.0683173459914073
20260818-213053,1787088675785,1.0683173459914073
20260818-213053,1787088675790,1.0683173459914073
20260818-213053,1787088675790,1.0683173459914073
20260818-213053,1787088675791,1.0683173459914073
20260818-213053,1787088675791,1.0683173459914073
20260818-213053,1787088675793,1.0683173459914073
20260818-213053,1787088675793,1.0683173459914073
20260818-213053,1787088675793,1.0683173459914073
20260818-213053,1787088675793,1.0683173459914073
20260818-213053,1787088675793,1.0683173459914073
20260818-213053,1787088675794,1.0683173459914073
20260818-213053,1787088675794,1.0683173459914073
20260818-213053,1787088675794,1.0683173459914073
20260818-213053,1787088675794,1.0683173459914073
20260818-213053,1787088675812,1.0683173459914073
20260818-213053,1787088675812,1.0683173459914073
20260818-213053,1787088675813,1.0683173459914073
20260818-213053,1787088675825,1.0683173459914073
20260818-213053,1787088675825,1.0683173459914073
20260818-213053,1787088675825,1.0683173459914073
20260818-213053,1787088675837,1.0683173459914073
20260818-213053,1787088675787,0.5032213910897299
20260818-213053,1787088675842,0.5032213910897299
20260818-213053,1787088675889,-0.0
20260818-213354,1787088836606,-0.0
20260818-213354,1787088836849,-0.0
20260818-213354,1787088836951,-0.0
20260818-213354,1787088837053,-0.0
20260818-213354,1787088837155,0.0
20260818-213354,1787088837257,-0.0
20260818-213354,1787088837359,-0.0
20260818-213354,1787088837461,-0.0
20260818-213354,1787088837563,-0.0
20260818-213354,1787088837665,-0.0
20260818-213354,1787088837767,-0.0
20260818-213354,1787088837869,-0.0
20260818-213354,1787088837761,-0.0
20260818-213354,1787088837971,-0.0
20260818-213354,1787088838073,-0.0
20260818-213354,1787088838175,-0.0
20260818-213354,1787088838277,-0.0
20260818-213354,1787088838379,-0.0
20260818-213354,1787088838481,-0.0
20260818-213354,1787088838583,-0.0
20260818-213354,1787088838467,-0.0
20260818-213354,1787088838685,-0.0
20260818-213354,1787088838787,-0.0
20260818-213354,1787088838889,-0.0
20260818-213354,1787088838991,-0.0
20260818-213354,1787088838855,-0.0
20260818-213354,1787088839093,-0.0
20260818-213354,1787088839195,-0.0
20260818-213354,1787088839062,-0.0
20260818-213354,1787088839297,-0.0
20260818-213354,1787088839399,-0.0
20260818-213354,1787088839501,-0.0
20260818-213354,1787088839603,-0.0
20260818-213354,1787088839705,-0.0
20260818-213354,1787088839807,-0.0
20260818-213354,1787088839909,-0.0
20260818-213354,1787088840011,-0.0
20260818-213354,1787088840113,-0.0
20260818-213354,1787088840215,-0.0
20260818-213354,1787088840102,-0.0
20260818-213354,1787088840254,-0.0
20260818-213354,1787088840317,-0.0
20260818-213354,1787088840419,-0.0
20260818-213354,1787088840310,-0.0
20260818-213354,1787088840521,-0.0
20260818-213354,1787088840623,-0.0
20260818-213354,1787088840725,-0.0
20260818-213354,1787088840589,0.0
20260818-213354,1787088840827,-0.0
20260818-213354,1787088840733,-0.0
20260818-213354,1787088840929,-0.0
20260818-213354,1787088841031,-0.0
20260818-213354,1787088840964,-0.0
20260818-213354,1787088841133,-0.0
20260818-213354,1787088841235,-0.0
20260818-213354,1787088841337,-0.0
20260818-213354,1787088841439,-0.0
20260818-213354,1787088841541,-0.0
20260818-213354,1787088841643,-0.0
20260818-213354,1787088841745,-0.0
20260818-213354,1787088841847,-0.0
20260818-213354,1787088841949,-0.0
20260818-213354,1787088841858,-0.0
20260818-213354,1787088842051,-0.0
20260818-213354,1787088842153,-0.0
20260818-213354,1787088842255,-0.0
20260818-213354,1787088842357,-0.0
20260818-213354,1787088842459,-0.0
20260818-213354,1787088842561,-0.0
20260818-213354,1787088842663,-0.0
20260818-213354,1787088842765,-0.0
20260818-213354,1787088842867,-0.0
20260818-213354,1787088842969,-0.0
20260818-213354,1787088842833,-0.0
20260818-213354,1787088843071,-0.0
20260818-213354,1787088843173,-0.0
20260818-213354,1787088843275,-0.0
20260818-213354,1787088843377,-0.0
20260818-213354,1787088843479,-0.0
20260818-213354,1787088843581,-0.0
20260818-213354,1787088843683,-0.0
20260818-213354,1787088843785,-0.0
20260818-213354,1787088843887,-0.0
20260818-213354,1787088843989,-0.0
20260818-213354,1787088844091,-0.0
20260818-213354,1787088844193,-0.0
20260818-213354,1787088844295,-0.0
20260818-213354,1787088844397,-0.0
20260818-213354,1787088844499,-0.0
20260818-213354,1787088844601,-0.0
20260818-213354,1787088844703,-0.0
20260818-213354,1787088844805,-0.0
20260818-213354,1787088844907,-0.0
20260818-213354,1787088845009,-0.0
20260818-213354,1787088845111,-0.0
20260818-213354,1787088845213,-0.0
20260818-213354,1787088845315,-0.0
20260818-213354,1787088845417,-0.0
20260818-213354,1787088845519,-0.0
20260818-213354,1787088845621,-0.0
20260818-213354,1787088845723,-0.0
20260818-213354,1787088845825,-0.0
20260818-213354,1787088845927,-0.0
20260818-213354,1787088846029,-0.0
20260818-213354,1787088846131,-0.0
20260818-213354,1787088846233,-0.0
20260818-213354,1787088846335,-0.0
20260818-213354,1787088846437,-0.0
20260818-213354,1787088846539,-0.0
20260818-213354,1787088846641,-0.0
20260818-213354,1787088846743,-0.0
20260818-213354,1787088846607,-0.0
20260818-213354,1787088846845,-0.0
20260818-213354,1787088846947,-0.0
20260818-213354,1787088847049,-0.0
20260818-213354,1787088847151,0.0
20260818-213354,1787088847253,-0.0
20260818-213354,1787088847355,-0.0
20260818-213354,1787088847238,-0.0
20260818-213354,1787088847457,-0.0
20260818-213354,1787088847559,-0.0
20260818-213354,1787088847661,-0.0
20260818-213354,1787088847763,-0.0
20260818-213354,1787088847865,-0.0
20260818-213354,1787088847751,-0.0
20260818-213354,1787088847967,-0.0
20260818-213354,1787088848069,-0.0
20260818-213354,1787088848171,0.0
20260818-213354,1787088848273,-0.0
20260818-213354,1787088848375,-0.0
20260818-213354,1787088862084,0.6658351469603325
20260818-213354,1787088862086,0.6658351469603325
20260818-213354,1787088862086,0.6658351469603325
20260818-213354,1787088862086,0.6658351469603325
20260818-213354,1787088862086,0.6658351469603325
20260818-213354,1787088862088,-0.6658351469603325
20260818-213354,1787088862095,0.6658351469603325
20260818-213354,1787088862095,0.6658351469603325
20260818-213354,1787088862095,0.6658351469603325
20260818-213354,1787088862095,0.6658351469603325
20260818-213354,1787088862095,0.6658351469603325
20260818-213354,1787088862095,0.6658351469603325
20260818-213354,1787088862095,0.6658351469603325
20260818-213354,1787088862095,0.6658351469603325
20260818-213354,1787088862096,0.6658351469603325
20260818-213354,1787088862096,0.6658351469603325
20260818-213354,1787088862096,0.6658351469603325
20260818-213354,1787088862096,0.6658351469603325
20260818-213354,1787088862096,0.6658351469603325
20260818-213354,1787088862096,0.6658351469603325
20260818-213354,1787088862096,0.6658351469603325
20260818-213354,1787088862096,0.6658351469603325
20260818-213354,1787088862096,0.6658351469603325
20260818-213354,1787088862096,0.6658351469603325
20260818-213354,1787088862097,0.6658351469603325
20260818-213354,1787088862097,0.6658351469603325
20260818-213354,1787088862097,0.6658351469603325
20260818-213354,1787088862097,0.6658351469603325
20260818-213354,1787088862097,0.6658351469603325
20260818-213354,1787088862097,-0.6658351469603325
20260818-213354,1787088862097,0.6658351469603325
20260818-213354,1787088862097,0.6658351469603325
20260818-213354,1787088862097,0.6658351469603325
20260818-213354,1787088862097,0.6658351469603325
20260818-213354,1787088862097,0.6658351469603325
20260818-213354,1787088862102,0.6658351469603325
20260818-213354,1787088862145,-0.0
20260818-213354,1787088862247,-0.0
20260818-213354,1787088862349,-0.0
20260818-213354,1787088862204,-0.0
20260818-213354,1787088862451,-0.0
20260818-213354,1787088862370,-0.0
20260818-213354,1787088862553,-0.0
20260818-213354,1787088862655,-0.0
20260818-213354,1787088862590,-0.0
20260818-213354,1787088862757,-0.0
20260818-213354,1787088862859,-0.0
20260818-213354,1787088862961,-0.0
20260818-213354,1787088863063,-0.0
20260818-213354,1787088863165,-0.0
20260818-213354,1787088863267,-0.0
20260818-213354,1787088863369,-0.0
20260818-213354,1787088863257,-0.0
20260818-213354,1787088863471,-0.0
20260818-213354,1787088863573,-0.0
20260818-213354,1787088863675,-0.0
20260818-213354,1787088863777,-0.0
20260818-213354,1787088863879,-0.0
20260818-213354,1787088863981,-0.0
20260818-213354,1787088863919,-0.0
20260818-213354,1787088864083,-0.0
20260818-213354,1787088864185,-0.0
20260818-213354,1787088864287,-0.0
20260818-213354,1787088864232,-0.0
20260818-213354,1787088864389,-0.0
20260818-213354,1787088864491,-0.0
20260818-213354,1787088864593,-0.0
20260818-213354,1787088864470,-0.0
20260818-213354,1787088864695,-0.0
20260818-213354,1787088864797,-0.0
20260818-213354,1787088864899,-0.0
20260818-213354,1787088865001,-0.0
20260818-213354,1787088865103,-0.0
20260818-213354,1787088865205,-0.0
20260818-213354,1787088865307,-0.0
20260818-213354,1787088865409,-0.0
20260818-213354,1787088865511,-0.0
20260818-213354,1787088865613,-0.0
20260818-213354,1787088865715,-0.0
20260818-213354,1787088865817,-0.0
20260818-213354,1787088865919,-0.0
20260818-213354,1787088866021,0.0
20260818-213354,1787088865919,-0.0
20260818-213354,1787088866123,-0.0
20260818-213354,1787088866225,-0.0
20260818-213354,1787088866327,-0.0
20260818-213354,1787088866429,-0.0
20260818-213354,1787088866531,-0.0
20260818-213354,1787088866633,-0.0
20260818-213354,1787088866735,-0.0
20260818-213354,1787088866837,-0.0
20260818-213354,1787088866772,0.0
20260818-213354,1787088866939,-0.0
20260818-213354,1787088867041,-0.0
20260818-213354,1787088867143,-0.0
20260818-213354,1787088867245,-0.0
20260818-213354,1787088867347,-0.0
20260818-213354,1787088867449,-0.0
20260818-213354,1787088867551,-0.0
20260818-213354,1787088867653,-0.0
20260818-213354,1787088867755,-0.0
20260818-213354,1787088867857,-0.0
20260818-213354,1787088867959,-0.0
20260818-213354,1787088868061,-0.0
20260818-213354,1787088868163,-0.0
20260818-213354,1787088868265,-0.0
20260818-213354,1787088868367,-0.0
20260818-213354,1787088868254,-0.0
20260818-213354,1787088868469,-0.0
20260818-213354,1787088868571,-0.0
20260818-213354,1787088868673,-0.0
20260818-213354,1787088868775,-0.0
20260818-213354,1787088868673,-0.0
20260818-213354,1787088868877,-0.0
20260818-213354,1787088868979,-0.0
20260818-213354,1787088869081,-0.0
20260818-213354,1787088869183,-0.0
20260818-213354,1787088869285,-0.0
20260818-213354,1787088869387,-0.0
20260818-213354,1787088869320,-0.0
20260818-213354,1787088869489,-0.0
20260818-213354,1787088869591,-0.0
20260818-213354,1787088869693,-0.0
20260818-213354,1787088869795,-0.0
20260818-213354,1787088869897,-0.0
20260818-213354,1787088869999,-0.0
20260818-213354,1787088870101,-0.0
20260818-213354,1787088870203,-0.0
20260818-213354,1787088870305,-0.0
20260818-213354,1787088870407,-0.0
20260818-213354,1787088870509,-0.0
20260818-213354,1787088870611,-0.0
20260818-213354,1787088870713,-0.0
20260818-213354,1787088870815,-0.0
20260818-213354,1787088870694,-0.0
20260818-213354,1787088870917,-0.0
20260818-213354,1787088871019,-0.0
20260818-213354,1787088871121,-0.0
20260818-213354,1787088871223,-0.0
20260818-213354,1787088871325,-0.0
20260818-213354,1787088871427,-0.0
20260818-213354,1787088871529,0.0
20260818-213354,1787088871631,-0.0
20260818-213354,1787088871733,-0.0
20260818-213354,1787088871835,-0.0
20260818-213354,1787088871937,-0.0
20260818-213354,1787088872039,-0.0
20260818-213354,1787088872141,-0.0
20260818-213354,1787088872243,-0.0
20260818-213354,1787088872345,-0.0
20260818-213354,1787088872447,-0.0
20260818-213354,1787088872549,-0.0
20260818-213354,1787088872651,-0.0
20260818-213354,1787088872753,-0.0
20260818-213354,1787088872855,-0.0
20260818-213354,1787088872957,-0.0
20260818-213354,1787088873059,-0.0
20260818-213354,1787088873161,0.0
20260818-213354,1787088873263,-0.0
20260818-213354,1787088873365,-0.0
20260818-213354,1787088873467,-0.0
20260818-213354,1787088873515,-0.0
20260818-213354,1787088873569,-0.0
20260818-213354,1787088873671,-0.0
20260818-213354,1787088873529,-0.0
20260818-213354,1787088873773,-0.0
20260818-213354,1787088873875,-0.0
20260818-213354,1787088873977,-0.0
20260818-213354,1787088873894,-0.0
20260818-213354,1787088874079,-0.0
20260818-213354,1787088874181,-0.0
20260818-213354,1787088874283,-0.0
20260818-213354,1787088874230,-0.0
20260818-213354,1787088874385,-0.0
20260818-213354,1787088874487,-0.0
20260818-213354,1787088874589,-0.0
20260818-213354,1787088874691,-0.0
20260818-213354,1787088874588,-0.0
20260818-213354,1787088874793,-0.0
20260818-213354,1787088874895,-0.0
20260818-213354,1787088874997,-0.0
20260818-213354,1787088875099,-0.0
20260818-213354,1787088875201,-0.0
20260818-213354,1787088875303,-0.0
20260818-213354,1787088875405,-0.0
20260818-213354,1787088875507,-0.0
20260818-213354,1787088875609,0.0
20260818-213354,1787088875711,-0.0
20260818-213354,1787088875813,-0.0
20260818-213354,1787088875915,-0.0
20260818-213354,1787088876017,-0.0
20260818-213354,1787088875868,-0.0
20260818-213354,1787088876119,-0.0
20260818-213354,1787088876221,-0.0
20260818-213354,1787088876323,-0.0
20260818-213354,1787088876425,-0.0
20260818-213354,1787088876527,-0.0
20260818-213354,1787088876629,0.0
20260818-213354,1787088876731,-0.0
20260818-213354,1787088876833,-0.0
20260818-213354,1787088876935,-0.0
20260818-213354,1787088877037,-0.0
20260818-213354,1787088877139,-0.0
20260818-213354,1787088877241,-0.0
20260818-213354,1787088877151,-0.0
20260818-213354,1787088877343,-0.0
20260818-213354,1787088877445,-0.0
20260818-213354,1787088880199,-0.0
20260818-213354,1787088880301,-0.0
20260818-213354,1787088880403,-0.0
20260818-213354,1787088880505,-0.0
20260818-213354,1787088880607,-0.0
20260818-213354,1787088880709,-0.0
20260818-213354,1787088880811,-0.0
20260818-213354,1787088880913,-0.0
20260818-213354,1787088881015,-0.0
20260818-213354,1787088881117,-0.0
20260818-213354,1787088881219,-0.0
20260818-213354,1787088881321,-0.0
20260818-213354,1787088881423,-0.0
20260818-213354,1787088881525,-0.0
20260818-213354,1787088881627,-0.0
20260818-213354,1787088881729,-0.0
20260818-213354,1787088881831,-0.0
20260818-213354,1787088881933,-0.0
20260818-213354,1787088882035,-0.0
20260818-213354,1787088882137,-0.0
20260818-213354,1787088882239,-0.0
20260818-213354,1787088882341,-0.0
20260818-213354,1787088882443,-0.0
20260818-213354,1787088882545,-0.0
20260818-213354,1787088882647,-0.0
20260818-213354,1787088882749,-0.0
20260818-213354,1787088882851,-0.0
20260818-213354,1787088882953,0.0
20260818-213354,1787088883055,-0.0
20260818-213354,1787088883157,-0.0
20260818-213354,1787088883259,-0.0
20260818-213354,1787088883361,-0.0
20260818-213354,1787088883463,-0.0
20260818-213354,1787088883565,-0.0
20260818-213354,1787088883667,-0.0
20260818-213354,1787088883769,-0.0
20260818-213354,1787088883871,-0.0
20260818-213354,1787088883973,-0.0
20260818-213354,1787088884075,-0.0
20260818-213354,1787088884177,-0.0
20260818-213354,1787088884038,-0.0
20260818-213354,1787088884279,-0.0
20260818-213354,1787088884381,-0.0
20260818-213354,1787088884483,-0.0
20260818-213354,1787088884585,-0.0
20260818-213354,1787088884687,-0.0
20260818-213354,1787088884620,0.0
20260818-213354,1787088884789,-0.0
20260818-213354,1787088884891,-0.0
20260818-213354,1787088884838,-0.0
20260818-213354,1787088884993,-0.0
20260818-213354,1787088885095,-0.0
20260818-213354,1787088885197,-0.0
20260818-213354,1787088885299,-0.0
20260818-213354,1787088885401,-0.0
20260818-213354,1787088885503,-0.0
20260818-213354,1787088885419,-0.0
20260818-213354,1787088885605,-0.0
20260818-213354,1787088885707,-0.0
20260818-213354,1787088885809,-0.0
20260818-213354,1787088885911,-0.0
20260818-213354,1787088886013,-0.0
20260818-213354,1787088886115,-0.0
20260818-213354,1787088886217,-0.0
20260818-213354,1787088886319,-0.0
20260818-213354,1787088886421,-0.0
20260818-213354,1787088886328,-0.0
20260818-213354,1787088886523,-0.0
20260818-213354,1787088886625,-0.0
20260818-213354,1787088886727,-0.0
20260818-213354,1787088886829,-0.0
20260818-213354,1787088886931,-0.0
20260818-213354,1787088887033,-0.0
20260818-213354,1787088887135,-0.0
20260818-213354,1787088887237,-0.0
20260818-213354,1787088887339,-0.0
20260818-213354,1787088887441,-0.0
20260818-213354,1787088887543,-0.0
20260818-213354,1787088887645,-0.0
20260818-213354,1787088887747,-0.0
20260818-213354,1787088887849,-0.0
20260818-213354,1787088887951,-0.0
20260818-213354,1787088888053,-0.0
20260818-213354,1787088888155,-0.0
20260818-213354,1787088888257,-0.0
20260818-213354,1787088888359,-0.0
20260818-213354,1787088888461,-0.0
20260818-213354,1787088888563,0.0
20260818-213354,1787088888665,-0.0
20260818-213354,1787088888548,-0.0
20260818-213354,1787088888767,-0.0
20260818-213354,1787088888869,-0.0
20260818-213354,1787088888971,-0.0
20260818-213354,1787088889073,-0.0
20260818-213354,1787088889175,-0.0
20260818-213354,1787088889043,-0.0
20260818-213354,1787088889277,-0.0
20260818-213354,1787088889379,-0.0
20260818-213354,1787088889481,-0.0
20260818-213354,1787088889583,-0.0
20260818-213354,1787088889525,-0.0
20260818-213354,1787088889685,0.0
20260818-213354,1787088889787,-0.0
20260818-213354,1787088889889,-0.0
20260818-213354,1787088889991,-0.0
20260818-213354,1787088890093,-0.0
20260818-213354,1787088890195,-0.0
20260818-213354,1787088890297,-0.0
20260818-213354,1787088890399,-0.0
20260818-213354,1787088890501,-0.0
20260818-213354,1787088890603,-0.0
20260818-213354,1787088890705,-0.0
20260818-213354,1787088890807,-0.0
20260818-213354,1787088890909,-0.0
20260818-213354,1787088890771,-0.0
20260818-213354,1787088891011,-0.0
20260818-213354,1787088891113,-0.0
20260818-213354,1787088891012,-0.0
20260818-213354,1787088891215,-0.0
20260818-213354,1787088891317,-0.0
20260818-213354,1787088891419,-0.0
20260818-213354,1787088891521,0.0
20260818-213354,1787088891623,-0.0
20260818-213354,1787088891725,-0.0
20260818-213354,1787088891827,-0.0
20260818-213354,1787088891929,-0.0
20260818-213354,1787088892031,-0.0
20260818-213354,1787088892133,-0.0
20260818-213354,1787088892235,-0.0
20260818-213354,1787088892337,-0.0
20260818-213354,1787088892220,-0.0
20260818-213354,1787088892439,-0.0
20260818-213354,1787088892541,-0.0
20260818-213354,1787088892643,-0.0
20260818-213354,1787088892745,-0.0
20260818-213354,1787088892847,-0.0
20260818-213354,1787088892949,-0.0
20260818-213354,1787088892802,-0.0
20260818-213354,1787088894275,-0.0
20260818-213354,1787088894377,-0.0
20260818-213354,1787088894226,-0.0
20260818-213354,1787088894479,-0.0
20260818-213354,1787088894581,-0.0
20260818-213354,1787088894683,-0.0
20260818-213354,1787088894785,-0.0
20260818-213354,1787088894887,-0.0
20260818-213354,1787088894989,-0.0
20260818-213354,1787088895091,-0.0
20260818-213354,1787088895055,-0.0
20260818-213354,1787088895193,-0.0
20260818-213354,1787088895132,-0.0
20260818-213354,1787088895295,-0.0
20260818-213354,1787088895397,-0.0
20260818-213354,1787088895499,-0.0
20260818-213354,1787088895601,-0.0
20260818-213354,1787088895703,-0.0
20260818-213354,1787088895805,-0.0
20260818-213354,1787088895907,-0.0
20260818-213354,1787088895814,-0.0
20260818-213354,1787088896009,-0.0
20260818-213354,1787088896111,-0.0
20260818-213354,1787088896213,-0.0
20260818-213354,1787088896118,-0.0
20260818-213354,1787088896315,-0.0
20260818-213354,1787088896417,-0.0
20260818-213354,1787088896293,-0.0
20260818-213354,1787088896519,-0.0
20260818-213354,1787088896621,-0.0
20260818-213354,1787088896723,-0.0
20260818-213354,1787088896825,0.0
20260818-213354,1787088896927,-0.0
20260818-213354,1787088897029,-0.0
20260818-213354,1787088897131,-0.0
20260818-213354,1787088897233,-0.0
20260818-213354,1787088897335,-0.0
20260818-213354,1787088897437,-0.0
20260818-213354,1787088897539,-0.0
20260818-213354,1787088897641,-0.0
20260818-213354,1787088897743,-0.0
20260818-213354,1787088897607,-0.0
20260818-213354,1787088897845,-0.0
20260818-213354,1787088897947,-0.0
20260818-213354,1787088897814,-0.0
20260818-213354,1787088898049,-0.0
20260818-213354,1787088898151,-0.0
20260818-213354,1787088898253,-0.0
20260818-213354,1787088898355,-0.0
20260818-213354,1787088898457,-0.0
20260818-213354,1787088898559,-0.0
20260818-213354,1787088898661,-0.0
20260818-213354,1787088898568,-0.0
20260818-213354,1787088898763,-0.0
20260818-213354,1787088898865,-0.0
20260818-213354,1787088898967,-0.0
20260818-213354,1787088899069,-0.0
20260818-213354,1787088899171,-0.0
20260818-213354,1787088899273,-0.0
20260818-213354,1787088899375,-0.0
20260818-213354,1787088899477,-0.0
20260818-213354,1787088899335,-0.0
20260818-213354,1787088899579,-0.0
20260818-213354,1787088899681,-0.0
20260818-213354,1787088899783,-0.0
20260818-213354,1787088899885,-0.0
20260818-213354,1787088899832,-0.0
20260818-213354,1787088899987,-0.0
20260818-213354,1787088900089,-0.0
20260818-213354,1787088900191,-0.0
20260818-213354,1787088900293,-0.0
20260818-213354,1787088900220,-0.0
20260818-213354,1787088900395,0.0
20260818-213354,1787088900497,-0.0
20260818-213354,1787088900599,-0.0
20260818-213354,1787088900701,-0.0
20260818-213354,1787088900803,-0.0
20260818-213354,1787088900905,-0.0
20260818-213354,1787088901007,-0.0
20260818-213354,1787088901109,-0.0
20260818-213354,1787088901211,-0.0
20260818-213354,1787088901313,-0.0
20260818-213354,1787088901207,-0.0
20260818-213354,1787088901415,-0.0
20260818-213354,1787088901517,-0.0
20260818-213354,1787088901619,-0.0
20260818-213354,1787088901721,-0.0
20260818-213354,1787088901823,-0.0
20260818-213354,1787088901925,-0.0
20260818-213354,1787088902027,-0.0
20260818-213354,1787088902129,-0.0
20260818-213354,1787088902231,-0.0
20260818-213354,1787088902333,-0.0
20260818-213354,1787088902435,-0.0
20260818-213354,1787088902537,-0.0
20260818-213354,1787088902409,0.0
20260818-213354,1787088902639,-0.0
20260818-213354,1787088902741,-0.0
20260818-213354,1787088902843,-0.0
20260818-213354,1787088902945,-0.0
20260818-213354,1787088903047,-0.0
20260818-213354,1787088903149,-0.0
20260818-213354,1787088903251,-0.0
20260818-213354,1787088903353,-0.0
20260818-213354,1787088903455,-0.0
20260818-213354,1787088903557,-0.0
20260818-213354,1787088903659,-0.0
20260818-213354,1787088903761,0.0
20260818-213354,1787088903863,-0.0
20260818-213354,1787088903965,-0.0
20260818-213354,1787088904067,-0.0
20260818-213354,1787088904169,-0.0
20260818-213354,1787088904095,-0.0
20260818-213354,1787088904271,-0.0
20260818-213354,1787088904373,-0.0
20260818-213354,1787088904577,-0.0
20260818-213354,1787088904446,-0.0
20260818-213354,1787088904679,-0.0
20260818-213354,1787088904781,-0.0
20260818-213354,1787088904883,-0.0
20260818-213354,1787088904736,-0.0
20260818-213354,1787088904985,-0.0
20260818-213354,1787088905087,-0.0
20260818-213354,1787088905189,-0.0
20260818-213354,1787088905291,-0.0
20260818-213354,1787088905393,-0.0
20260818-213354,1787088905495,-0.0
20260818-213354,1787088905597,-0.0
20260818-213354,1787088905699,-0.0
20260818-213354,1787088905801,-0.0
20260818-213354,1787088905903,-0.0
20260818-213354,1787088906005,-0.0
20260818-213354,1787088906107,-0.0
20260818-213354,1787088906029,-0.0
20260818-213354,1787088906209,0.0
20260818-213354,1787088906311,-0.0
20260818-213354,1787088906218,-0.0
20260818-213354,1787088906413,-0.0
20260818-213354,1787088906515,-0.0
20260818-213354,1787088906617,-0.0
20260818-213354,1787088906719,0.0
20260818-213354,1787088906821,0.0
20260818-213354,1787088906923,-0.0
20260818-213354,1787088907025,-0.0
20260818-213354,1787088907127,-0.0
20260818-213354,1787088907229,-0.0
20260818-213354,1787088907331,-0.0
20260818-213354,1787088907433,-0.0
20260818-213354,1787088907535,-0.0
20260818-213354,1787088907637,-0.0
20260818-213354,1787088907739,-0.0
20260818-213354,1787088907841,-0.0
20260818-213354,1787088907943,-0.0
20260818-213354,1787088908045,-0.0
20260818-213354,1787088908147,-0.0
20260818-213354,1787088908249,-0.0
20260818-213354,1787088908351,-0.0
20260818-213354,1787088908453,-0.0
20260818-213354,1787088908555,-0.0
20260818-213354,1787088908438,-0.0
20260818-213354,1787088908657,-0.0
20260818-213354,1787088908759,-0.0
20260818-213354,1787088908861,-0.0
20260818-213354,1787088908963,-0.0
20260818-213354,1787088909065,-0.0
20260818-213354,1787088909135,-0.0
20260818-213354,1787088909167,-0.0
20260818-213354,1787088909269,-0.0
20260818-213354,1787088909155,-0.0
20260818-213354,1787088909371,0.0
20260818-213354,1787088909272,-0.0
20260818-213354,1787088909473,-0.0
20260818-213354,1787088914981,-0.4645670815508798
20260818-213354,1787088914990,-0.4645670815508798
20260818-213354,1787088915002,-0.4645670815508798
20260818-213354,1787088915003,-0.4645670815508798
20260818-213354,1787088915003,-0.4645670815508798
20260818-213354,1787088915003,-0.4645670815508798
20260818-213354,1787088915003,-0.4645670815508798
20260818-213354,1787088915134,-0.3251924248756442
20260818-213354,1787088915134,0.3251924248756442
20260818-213354,1787088915134,-0.3251924248756442
20260818-213354,1787088915134,-0.3251924248756442
20260818-213354,1787088915134,-0.3251924248756442
20260818-213354,1787088915134,-0.3251924248756442
20260818-213354,1787088915134,-0.3251924248756442
20260818-213354,1787088915134,-0.3251924248756442
20260818-213354,1787088915134,-0.3251924248756442
20260818-213354,1787088915134,-0.3251924248756442
20260818-213354,1787088915134,-0.3251924248756442
20260818-213354,1787088915134,-0.3251924248756442
20260818-213354,1787088915134,-0.3251924248756442
20260818-213354,1787088915083,-0.3251924248756442
20260818-213354,1787088915134,-0.3251924248756442
20260818-213354,1787088915287,-0.0
20260818-213354,1787088915167,-0.0
20260818-213354,1787088915389,-0.0
20260818-213354,1787088915491,-0.0
20260818-213354,1787088915593,-0.0
20260818-213354,1787088935075,-0.0
20260818-213354,1787088935177,-0.0
20260818-213354,1787088935279,-0.0
20260818-213354,1787088935381,-0.0
20260818-213354,1787088935483,-0.0
20260818-213354,1787088935585,-0.0
20260818-213354,1787088935687,-0.0
20260818-213354,1787088935578,-0.0
20260818-213354,1787088935789,-0.0
20260818-213354,1787088935891,-0.0
20260818-213354,1787088935827,-0.0
20260818-213354,1787088935993,-0.0
20260818-213354,1787088935888,-0.0
20260818-213354,1787088936095,-0.0
20260818-213354,1787088936197,-0.0
20260818-213354,1787088936299,-0.0
20260818-213354,1787088936401,-0.0
20260818-213354,1787088936809,-0.0
20260818-213354,1787088937013,-0.0
20260818-213354,1787088936906,-0.0
20260818-213354,1787088937115,-0.0
20260818-213354,1787088937217,-0.0
20260818-213354,1787088937319,-0.0
20260818-213354,1787088937421,-0.0
20260818-213354,1787088937523,-0.0
20260818-213354,1787088937625,-0.0
20260818-213354,1787088937727,-0.0
20260818-213354,1787088937829,-0.0
20260818-213354,1787088937931,-0.0
20260818-213354,1787088938033,-0.0
20260818-213354,1787088938135,-0.0
20260818-213354,1787088995561,-0.0
20260818-213354,1787088995663,-0.0
20260818-213354,1787088995765,-0.0
20260818-213354,1787088995867,-0.0
20260818-213354,1787088995969,-0.0
20260818-213354,1787088996989,-0.0
20260818-213354,1787088997091,-0.0
20260818-213354,1787088996973,-0.0
20260818-213354,1787088997193,-0.0
20260818-213354,1787088997295,-0.0
20260818-213354,1787088997397,-0.0
20260818-213354,1787088997499,-0.0
20260818-213354,1787088998213,-0.0
20260818-213354,1787088998315,-0.0
20260818-213354,1787088998175,-0.0
20260818-213354,1787088998417,-0.0
20260818-213354,1787088999947,-0.0
20260818-213354,1787089000049,-0.0
20260818-213354,1787089000151,-0.0
20260818-213354,1787089000253,-0.0
20260818-213354,1787089000355,-0.0
20260818-213354,1787089000457,-0.0
20260818-213354,1787089000559,-0.0
20260818-213354,1787089000661,-0.0
20260818-213354,1787089000763,0.0
20260818-213354,1787089000865,-0.0
20260818-213354,1787089000967,-0.0
20260818-213354,1787089001069,-0.0
20260818-213354,1787089001171,-0.0
20260818-213354,1787089001273,-0.0
20260818-213354,1787089001375,-0.0
20260818-213354,1787089001477,-0.0
20260818-213354,1787089001579,-0.0
20260818-213354,1787089001681,-0.0
20260818-213354,1787089001783,-0.0
20260818-213354,1787089001885,-0.0
20260818-213354,1787089001987,-0.0
20260818-213354,1787089002089,-0.0
20260818-213354,1787089001959,-0.0
20260818-213354,1787089002191,-0.0
20260818-213354,1787089002293,-0.0
20260818-213354,1787089002395,-0.0
20260818-213354,1787089002497,-0.0
20260818-213354,1787089002599,-0.0
20260818-213354,1787089002701,-0.0
20260818-213354,1787089002803,-0.0
20260818-213354,1787089002905,-0.0
20260818-213354,1787089003007,-0.0
20260818-213354,1787089003109,-0.0
20260818-213354,1787089003042,-0.0
20260818-213354,1787089011473,-0.0
20260818-213354,1787089011575,-0.0
20260818-213354,1787089011677,-0.0
20260818-213354,1787089011779,-0.0
20260818-213354,1787089011881,-0.0
20260818-213354,1787089011983,-0.0
20260818-213354,1787089012085,-0.0
20260818-213354,1787089012187,-0.0
20260818-213354,1787089012289,-0.0
20260818-213354,1787089012218,-0.0
20260818-213354,1787089012391,-0.0
20260818-213354,1787089012493,-0.0
20260818-213354,1787089012595,-0.0
20260818-213354,1787089012697,-0.0
20260818-213354,1787089012799,-0.0
20260818-213354,1787089012901,-0.0
20260818-213354,1787089013003,-0.0
20260818-213354,1787089013105,-0.0
20260818-213354,1787089013207,-0.0
20260818-213354,1787089013123,-0.0
20260818-213354,1787089013309,-0.0
20260818-213354,1787089013411,-0.0
20260818-213354,1787089013513,-0.0
20260818-213354,1787089013615,-0.0
20260818-213354,1787089013717,-0.0
20260818-213354,1787089013819,-0.0
20260818-213354,1787089013921,-0.0
20260818-213354,1787089014023,-0.0
20260818-213655,1787089016675,-0.0
20260818-213655,1787089016728,-0.0
20260818-213655,1787089016981,-0.0
20260818-213655,1787089017083,-0.0
20260818-213655,1787089017185,-0.0
20260818-213655,1787089017287,-0.0
20260818-213655,1787089017389,-0.0
20260818-213655,1787089017491,-0.0
20260818-213655,1787089017593,-0.0
20260818-213655,1787089017695,-0.0
20260818-213655,1787089017797,-0.0
20260818-213655,1787089017692,-0.0
20260818-213655,1787089017899,-0.0
20260818-213655,1787089018001,-0.0
20260818-213655,1787089018103,-0.0
20260818-213655,1787089018205,-0.0
20260818-213655,1787089018307,-0.0
20260818-213655,1787089018409,-0.0
20260818-213655,1787089018511,-0.0
20260818-213655,1787089018613,-0.0
20260818-213655,1787089018715,-0.0
20260818-213655,1787089018817,-0.0
20260818-213655,1787089018919,-0.0
20260818-213655,1787089019021,-0.0
20260818-213655,1787089019123,-0.0
20260818-213655,1787089019225,-0.0
20260818-213655,1787089019327,-0.0
20260818-213655,1787089019429,-0.0
20260818-213655,1787089019531,-0.0
20260818-213655,1787089019633,-0.0
20260818-213655,1787089019735,-0.0
20260818-213655,1787089019837,-0.0
20260818-213655,1787089019939,-0.0
20260818-213655,1787089020041,-0.0
20260818-213655,1787089019953,-0.0
20260818-213655,1787089020143,-0.0
20260818-213655,1787089020245,-0.0
20260818-213655,1787089020347,-0.0
20260818-213655,1787089020449,-0.0
20260818-213655,1787089020551,-0.0
20260818-213655,1787089020653,-0.0
20260818-213655,1787089020755,-0.0
20260818-213655,1787089020959,-0.0
20260818-213655,1787089021061,-0.0
20260818-213655,1787089021163,-0.0
20260818-213655,1787089021021,-0.0
20260818-213655,1787089021265,-0.0
20260818-213655,1787089021367,-0.0
20260818-213655,1787089021469,-0.0
20260818-213655,1787089021571,-0.0
20260818-213655,1787089021775,-0.0
20260818-213655,1787089021877,-0.0
20260818-213655,1787089021979,-0.0
20260818-213655,1787089022081,-0.0
20260818-213655,1787089022183,-0.0
20260818-213655,1787089022489,-0.0
20260818-213655,1787089022591,-0.0
20260818-213655,1787089022693,-0.0
20260818-213655,1787089022795,-0.0
20260818-213655,1787089022999,-0.0
20260818-213655,1787089028507,-0.0
20260818-213655,1787089028609,-0.0
20260818-213655,1787089028711,-0.0
20260818-213655,1787089028813,-0.0
20260818-213655,1787089028915,-0.0
20260818-213655,1787089029017,-0.0
20260818-213655,1787089029119,-0.0
20260818-213655,1787089029221,-0.0
20260818-213655,1787089029323,-0.0
20260818-213655,1787089029425,-0.0
20260818-213655,1787089029527,-0.0
20260818-213655,1787089029629,-0.0
20260818-213655,1787089029731,-0.0
20260818-213655,1787089029833,-0.0
20260818-213655,1787089029935,-0.0
20260818-213655,1787089030037,-0.0
20260818-213655,1787089030139,-0.0
20260818-213655,1787089030241,-0.0
20260818-213655,1787089030343,-0.0
20260818-213655,1787089030445,-0.0
20260818-213655,1787089030547,-0.0
20260818-213655,1787089030649,-0.0
20260818-213655,1787089030751,-0.0
20260818-213655,1787089030853,-0.0
20260818-213655,1787089030955,-0.0
20260818-213655,1787089031057,-0.0
20260818-213655,1787089031159,-0.0
20260818-213655,1787089031261,-0.0
20260818-213655,1787089031363,-0.0
20260818-213655,1787089031465,-0.0
20260818-213655,1787089031567,-0.0
20260818-213655,1787089035035,-0.0
20260818-213655,1787089035072,-0.0
20260818-213655,1787089035137,-0.0
20260818-213655,1787089035239,-0.0
20260818-213655,1787089035094,-0.0
20260818-213655,1787089035341,-0.0
20260818-213655,1787089035443,-0.0
20260818-213655,1787089035545,-0.0
20260818-213655,1787089035647,-0.0
20260818-213655,1787089035749,-0.0
20260818-213655,1787089035851,-0.0
20260818-213655,1787089035794,-0.0
20260818-213655,1787089035953,-0.0
20260818-213655,1787089036055,-0.0
20260818-213655,1787089036157,-0.0
20260818-213655,1787089036259,-0.0
20260818-213655,1787089036155,-0.0
20260818-213655,1787089036361,-0.0
20260818-213655,1787089036463,-0.0
20260818-213655,1787089036565,-0.0
20260818-213655,1787089036494,-0.0
20260818-213655,1787089036667,-0.0
20260818-213655,1787089036769,-0.0
20260818-213655,1787089036656,-0.0
20260818-213655,1787089036871,-0.0
20260818-213655,1787089036973,-0.0
20260818-213655,1787089037075,-0.0
20260818-213655,1787089037177,-0.0
20260818-213655,1787089037279,-0.0
20260818-213655,1787089037198,-0.0
20260818-213655,1787089037381,-0.0
20260818-213655,1787089037483,-0.0
20260818-213655,1787089037585,-0.0
20260818-213655,1787089037687,-0.0
20260818-213655,1787089037789,-0.0
20260818-213655,1787089037891,-0.0
20260818-213655,1787089037993,-0.0
20260818-213655,1787089037898,-0.0
20260818-213655,1787089038095,-0.0
20260818-213655,1787089038197,-0.0
20260818-213655,1787089038299,-0.0
20260818-213655,1787089038401,-0.0
20260818-213655,1787089038503,-0.0
20260818-213655,1787089038605,-0.0
20260818-213655,1787089038707,-0.0
20260818-213655,1787089038602,-0.0
20260818-213655,1787089038809,-0.0
20260818-213655,1787089038911,-0.0
20260818-213655,1787089039013,-0.0
20260818-213655,1787089039115,-0.0
20260818-213655,1787089039015,-0.0
20260818-213655,1787089039217,-0.0
20260818-213655,1787089039319,-0.0
20260818-213655,1787089039421,-0.0
20260818-213655,1787089039302,-0.0
20260818-213655,1787089039523,-0.0
20260818-213655,1787089039625,-0.0
20260818-213655,1787089039727,-0.0
20260818-213655,1787089039829,-0.0
20260818-213655,1787089039931,-0.0
20260818-213655,1787089040033,-0.0
20260818-213655,1787089040135,-0.0
20260818-213655,1787089040002,-0.0
20260818-213655,1787089040237,-0.0
20260818-213655,1787089040339,-0.0
20260818-213655,1787089040441,-0.0
20260818-213655,1787089040543,-0.0
20260818-213655,1787089040645,-0.0
20260818-213655,1787089040747,-0.0
20260818-213655,1787089040849,-0.0
20260818-213655,1787089040705,-0.0
20260818-213655,1787089040951,-0.0
20260818-213655,1787089041053,-0.0
20260818-213655,1787089041155,-0.0
20260818-213655,1787089041257,-0.0
20260818-213655,1787089041123,-0.0
20260818-213655,1787089041359,-0.0
20260818-213655,1787089041461,-0.0
20260818-213655,1787089041563,-0.0
20260818-213655,1787089041415,-0.0
20260818-213655,1787089041665,-0.0
20260818-213655,1787089041767,-0.0
20260818-213655,1787089041643,-0.0
20260818-213655,1787089041869,-0.0
20260818-213655,1787089041971,-0.0
20260818-213655,1787089042073,-0.0
20260818-213655,1787089042175,-0.0
20260818-213655,1787089042115,-0.0
20260818-213655,1787089042277,-0.0
20260818-213655,1787089042379,-0.0
20260818-213655,1787089042481,-0.0
20260818-213655,1787089042583,-0.0
20260818-213655,1787089042685,-0.0
20260818-213655,1787089042787,-0.0
20260818-213655,1787089042889,-0.0
20260818-213655,1787089042815,-0.0
20260818-213655,1787089042991,-0.0
20260818-213655,1787089043093,-0.0
20260818-213655,1787089043195,-0.0
20260818-213655,1787089043297,-0.0
20260818-213655,1787089043158,-0.0
20260818-213655,1787089043399,-0.0
20260818-213655,1787089043501,-0.0
20260818-213655,1787089043603,-0.0
20260818-213655,1787089043515,-0.0
20260818-213655,1787089043705,-0.0
20260818-213655,1787089043807,-0.0
20260818-213655,1787089043909,-0.0
20260818-213655,1787089044011,-0.0
20260818-213655,1787089044113,-0.0
20260818-213655,1787089044215,-0.0
20260818-213655,1787089044317,-0.0
20260818-213655,1787089044215,-0.0
20260818-213655,1787089044419,-0.0
20260818-213655,1787089044521,-0.0
20260818-213655,1787089044623,-0.0
20260818-213655,1787089044725,-0.0
20260818-213655,1787089044827,-0.0
20260818-213655,1787089044929,-0.0
20260818-213655,1787089045031,-0.0
20260818-213655,1787089044914,-0.0
20260818-213655,1787089045133,-0.0
20260818-213655,1787089045072,-0.0
20260818-213655,1787089045235,-0.0
20260818-213655,1787089045541,-0.0
20260818-213655,1787089045847,-0.0
20260818-213655,1787089046561,-0.0
20260818-213655,1787089048193,-0.0
20260818-213655,1787089048044,-0.0
20260818-213655,1787089059789,0.4955152003154403
20260818-213655,1787089059799,0.4955152003154403
20260818-213655,1787089059801,0.4955152003154403
20260818-213655,1787089059806,0.4955152003154403
20260818-213655,1787089059809,0.4955152003154403
20260818-213655,1787089059809,0.4955152003154403
20260818-213655,1787089059809,0.4955152003154403
20260818-213655,1787089059809,0.4955152003154403
20260818-213655,1787089059812,0.4955152003154403
20260818-213655,1787089059819,0.4955152003154403
20260818-213655,1787089059819,0.4955152003154403
20260818-213655,1787089059819,0.4955152003154403
20260818-213655,1787089059822,0.4955152003154403
20260818-213655,1787089059866,0.4955152003154403
20260818-213655,1787089059866,0.4955152003154403
20260818-213655,1787089059866,0.4955152003154403
20260818-213655,1787089059866,0.4955152003154403
20260818-213655,1787089059866,0.4955152003154403
20260818-213655,1787089059821,0.17033888921875134
20260818-213655,1787089059923,-0.0
20260818-213655,1787089060025,-0.0
20260818-213655,1787089060127,-0.0
20260818-213655,1787089060229,-0.0
20260818-213655,1787089060331,-0.0
20260818-213655,1787089060433,-0.0
20260818-213655,1787089060535,-0.0
20260818-213655,1787089060637,-0.0
20260818-213655,1787089060739,-0.0
20260818-213655,1787089060841,-0.0
20260818-213655,1787089060806,-0.0
20260818-213655,1787089060943,-0.0
20260818-213655,1787089061045,-0.0
20260818-213655,1787089060933,-0.0
20260818-213655,1787089061147,-0.0
20260818-213655,1787089061249,-0.0
20260818-213655,1787089061351,-0.0
20260818-213655,1787089061453,-0.0
20260818-213655,1787089061555,-0.0
20260818-213655,1787089061657,-0.0
20260818-213655,1787089061759,-0.0
20260818-213655,1787089061611,-0.0
20260818-213655,1787089061861,-0.0
20260818-213655,1787089061963,-0.0
20260818-213655,1787089062065,-0.0
20260818-213655,1787089062167,-0.0
20260818-213655,1787089062269,-0.0
20260818-213655,1787089062371,-0.0
20260818-213655,1787089062473,-0.0
20260818-213655,1787089062575,-0.0
20260818-213655,1787089062677,-0.0
20260818-213655,1787089062779,-0.0
20260818-213655,1787089062881,-0.0
20260818-213655,1787089062983,-0.0
20260818-213655,1787089063085,-0.0
20260818-213655,1787089063187,-0.0
20260818-213655,1787089063289,-0.0
20260818-213655,1787089063391,-0.0
20260818-213655,1787089063493,-0.0
20260818-213655,1787089063595,-0.0
20260818-213655,1787089063697,-0.0
20260818-213655,1787089063799,-0.0
20260818-213655,1787089063901,-0.0
20260818-213655,1787089064003,-0.0
20260818-213655,1787089063908,-0.0
20260818-213655,1787089064105,-0.0
20260818-213655,1787089064207,-0.0
20260818-213655,1787089064055,-0.0
20260818-213655,1787089064309,-0.0
20260818-213655,1787089064215,-0.0
20260818-213655,1787089064411,-0.0
20260818-213655,1787089064513,-0.0
20260818-213655,1787089064615,-0.0
20260818-213655,1787089064717,-0.0
20260818-213655,1787089064819,-0.0
20260818-213655,1787089064921,-0.0
20260818-213655,1787089065023,-0.0
20260818-213655,1787089065125,-0.0
20260818-213655,1787089065227,-0.0
20260818-213655,1787089065130,-0.0
20260818-213655,1787089065329,-0.0
20260818-213655,1787089065431,-0.0
20260818-213655,1787089065533,-0.0
20260818-213655,1787089065635,-0.0
20260818-213655,1787089065737,-0.0
20260818-213655,1787089065596,-0.0
20260818-213655,1787089065839,-0.0
20260818-213655,1787089065941,-0.0
20260818-213655,1787089066043,-0.0
20260818-213655,1787089065952,-0.0
20260818-213655,1787089066145,-0.0
20260818-213655,1787089066247,-0.0
20260818-213655,1787089066349,-0.0
20260818-213655,1787089066451,-0.0
20260818-213655,1787089066553,-0.0
20260818-213655,1787089066655,-0.0
20260818-213655,1787089066757,-0.0
20260818-213655,1787089066859,-0.0
20260818-213655,1787089066961,-0.0
20260818-213655,1787089067063,-0.0
20260818-213655,1787089067165,-0.0
20260818-213655,1787089067114,-0.0
20260818-213655,1787089067267,-0.0
20260818-213655,1787089067369,-0.0
20260818-213655,1787089067471,-0.0
20260818-213655,1787089067573,-0.0
20260818-213655,1787089067675,-0.0
20260818-213655,1787089067777,-0.0
20260818-213655,1787089067879,-0.0
20260818-213655,1787089067981,-0.0
20260818-213655,1787089068083,-0.0
20260818-213655,1787089068185,-0.0
20260818-213655,1787089068287,-0.0
20260818-213655,1787089068389,-0.0
20260818-213655,1787089068491,-0.0
20260818-213655,1787089068593,-0.0
20260818-213655,1787089068695,-0.0
20260818-213655,1787089068797,-0.0
20260818-213655,1787089068899,-0.0
20260818-213655,1787089069001,-0.0
20260818-213655,1787089069016,-0.0
20260818-213655,1787089069103,-0.0
20260818-213655,1787089069205,-0.0
20260818-213655,1787089069074,-0.0
20260818-213655,1787089069307,-0.0
20260818-213655,1787089069409,-0.0
20260818-213655,1787089069511,-0.0
20260818-213655,1787089069372,-0.0
20260818-213655,1787089069613,-0.0
20260818-213655,1787089069715,-0.0
20260818-213655,1787089069565,-0.0
20260818-213655,1787089069817,-0.0
20260818-213655,1787089069919,-0.0
20260818-213655,1787089070021,-0.0
20260818-213655,1787089070123,-0.0
20260818-213655,1787089070225,-0.0
20260818-213655,1787089070327,-0.0
20260818-213655,1787089070429,-0.0
20260818-213655,1787089070531,-0.0
20260818-213655,1787089070633,-0.0
20260818-213655,1787089070735,-0.0
20260818-213655,1787089070837,-0.0
20260818-213655,1787089070939,-0.0
20260818-213655,1787089071041,-0.0
20260818-213655,1787089071143,-0.0
20260818-213655,1787089071245,-0.0
20260818-213655,1787089071347,-0.0
20260818-213655,1787089071449,-0.0
20260818-213655,1787089071551,-0.0
20260818-213655,1787089071653,-0.0
20260818-213655,1787089071755,-0.0
20260818-213655,1787089071857,-0.0
20260818-213655,1787089071959,-0.0
20260818-213655,1787089072061,-0.0
20260818-213655,1787089072163,-0.0
20260818-213655,1787089072265,-0.0
20260818-213655,1787089072367,-0.0
20260818-213655,1787089072469,-0.0
20260818-213655,1787089072571,-0.0
20260818-213655,1787089072673,-0.0
20260818-213655,1787089072531,-0.0
20260818-213655,1787089072775,-0.0
20260818-213655,1787089072877,-0.0
20260818-213655,1787089072979,-0.0
20260818-213655,1787089073081,-0.0
20260818-213655,1787089073183,-0.0
20260818-213655,1787089073285,-0.0
20260818-213655,1787089073139,-0.0
20260818-213655,1787089073387,-0.0
20260818-213655,1787089073489,-0.0
20260818-213655,1787089073591,-0.0
20260818-213655,1787089073693,-0.0
20260818-213655,1787089073795,-0.0
20260818-213655,1787089073897,-0.0
20260818-213655,1787089073999,-0.0
20260818-213655,1787089073940,-0.0
20260818-213655,1787089074101,-0.0
20260818-213655,1787089074203,-0.0
20260818-213655,1787089074305,-0.0
20260818-213655,1787089074407,-0.0
20260818-213655,1787089074509,-0.0
20260818-213655,1787089074547,-0.0
20260818-213655,1787089074611,-0.0
20260818-213655,1787089074713,-0.0
20260818-213655,1787089074603,-0.0
20260818-213655,1787089074815,-0.0
20260818-213655,1787089074917,-0.0
20260818-213655,1787089074945,-0.0
20260818-213655,1787089075019,-0.0
20260818-213655,1787089075121,-0.0
20260818-213655,1787089075015,-0.0
20260818-213655,1787089075223,-0.0
20260818-213655,1787089075325,-0.0
20260818-213655,1787089075427,-0.0
20260818-213655,1787089075529,-0.0
20260818-213655,1787089075631,-0.0
20260818-213655,1787089075733,-0.0
20260818-213655,1787089075835,-0.0
20260818-213655,1787089075937,-0.0
20260818-213655,1787089076039,-0.0
20260818-213655,1787089076141,-0.0
20260818-213655,1787089076243,-0.0
20260818-213655,1787089076345,-0.0
20260818-213655,1787089076447,-0.0
20260818-213655,1787089076549,-0.0
20260818-213655,1787089076470,-0.0
20260818-213655,1787089076651,-0.0
20260818-213655,1787089076753,-0.0
20260818-213655,1787089076855,-0.0
20260818-213655,1787089076957,-0.0
20260818-213655,1787089077059,-0.0
20260818-213655,1787089077161,-0.0
20260818-213655,1787089077263,-0.0
20260818-213655,1787089077365,-0.0
20260818-213655,1787089077467,-0.0
20260818-213655,1787089077569,-0.0
20260818-213655,1787089077671,-0.0
20260818-213655,1787089077773,-0.0
20260818-213655,1787089077875,-0.0
20260818-213655,1787089077977,-0.0
20260818-213655,1787089078079,-0.0
20260818-213655,1787089078181,-0.0
20260818-213655,1787089078283,-0.0
20260818-213655,1787089078385,-0.0
20260818-213655,1787089078487,-0.0
20260818-213655,1787089078589,-0.0
20260818-213655,1787089078691,-0.0
20260818-213655,1787089078793,-0.0
20260818-213655,1787089078895,-0.0
20260818-213655,1787089078830,-0.0
20260818-213655,1787089078997,-0.0
20260818-213655,1787089079099,-0.0
20260818-213655,1787089079201,-0.0
20260818-213655,1787089079303,-0.0
20260818-213655,1787089079405,-0.0
20260818-213655,1787089079507,-0.0
20260818-213655,1787089079609,-0.0
20260818-213655,1787089079711,-0.0
20260818-213655,1787089079813,-0.0
20260818-213655,1787089079915,-0.0
20260818-213655,1787089079861,-0.0
20260818-213655,1787089080017,-0.0
20260818-213655,1787089079952,-0.0
20260818-213655,1787089080119,-0.0
20260818-213655,1787089080221,-0.0
20260818-213655,1787089080323,-0.0
20260818-213655,1787089080425,0.3251979642616451
20260818-213655,1787089080323,-0.0
20260818-213655,1787089080527,0.5265109897568419
20260818-213655,1787089080629,0.8517089540162336
20260818-213655,1787089080571,0.8517089540162336
20260818-213655,1787089080731,1.50210488253727
20260818-213655,1787089080820,1.50210488253727
20260818-213655,1787089080822,1.50210488253727
20260818-213655,1787089080822,1.50210488253727
20260818-213655,1787089080822,1.50210488253727
20260818-213655,1787089080825,2.2763857498247555
20260818-213655,1787089080826,2.2763857498247555
20260818-213655,1787089080826,2.2763857498247555
20260818-213655,1787089080826,2.2763857498247555
20260818-213655,1787089080826,2.2763857498247555
20260818-213655,1787089080827,2.2763857498247555
20260818-213655,1787089080827,2.2763857498247555
20260818-213655,1787089080829,2.2763857498247555
20260818-213655,1787089080830,2.2763857498247555
20260818-213655,1787089080831,2.2763857498247555
20260818-213655,1787089080831,2.2763857498247555
20260818-213655,1787089080833,1.9512512398562067
20260818-213655,1787089080833,1.9512512398562067
20260818-213655,1787089080837,1.9512512398562067
20260818-213655,1787089080837,1.9512512398562067
20260818-213655,1787089080837,1.9512512398562067
20260818-213655,1787089080837,1.9512512398562067
20260818-213655,1787089080837,1.9512512398562067
20260818-213655,1787089080833,1.9512512398562067
20260818-213655,1787089080837,1.9512512398562067
20260818-213655,1787089080934,1.9512512398562067
20260818-213655,1787089080935,1.7499668977482508
20260818-213655,1787089080937,1.9512512398562067
20260818-213655,1787089080937,1.9512512398562067
20260818-213655,1787089080937,1.9512512398562067
20260818-213655,1787089080935,1.7499668977482508
20260818-213655,1787089080958,1.7499668977482508
20260818-213655,1787089081028,1.7499668977482508
20260818-213655,1787089081028,1.7499668977482508
20260818-213655,1787089081031,1.7499668977482508
20260818-213655,1787089081031,1.7499668977482508
20260818-213655,1787089081031,1.7499668977482508
20260818-213655,1787089081031,1.7499668977482508
20260818-213655,1787089081033,1.7499668977482508
20260818-213655,1787089081037,1.4247981471424804
20260818-213655,1787089081139,1.4247981471424804
20260818-213655,1787089081107,1.4247981471424804
20260818-213655,1787089081197,1.4247981471424804
20260818-213655,1787089081197,1.4247981471424804
20260818-213655,1787089081197,1.4247981471424804
20260818-213655,1787089081197,1.4247981471424804
20260818-213655,1787089081197,1.4247981471424804
20260818-213655,1787089081197,1.4247981471424804
20260818-213655,1787089081197,1.4247981471424804
20260818-213655,1787089081197,1.4247981471424804
20260818-213655,1787089081197,1.4247981471424804
20260818-213655,1787089081197,1.4247981471424804
20260818-213655,1787089081197,1.4247981471424804
20260818-213655,1787089081197,1.4247981471424804
20260818-213655,1787089081197,1.4247981471424804
20260818-213655,1787089081197,1.4247981471424804
20260818-213655,1787089081197,1.4247981471424804
20260818-213655,1787089081197,1.4247981471424804
20260818-213655,1787089081197,1.4247981471424804
20260818-213655,1787089081197,1.4247981471424804
20260818-213655,1787089081197,1.4247981471424804
20260818-213655,1787089081197,1.4247981471424804
20260818-213655,1787089081197,1.4247981471424804
20260818-213655,1787089081197,1.4247981471424804
20260818-213655,1787089081197,1.4247981471424804
20260818-213655,1787089081197,1.4247981471424804
20260818-213655,1787089081197,1.4247981471424804
20260818-213655,1787089081197,1.4247981471424804
20260818-213655,1787089081197,1.4247981471424804
20260818-213655,1787089081197,1.4247981471424804
20260818-213655,1787089081197,1.4247981471424804
20260818-213655,1787089081197,1.4247981471424804
20260818-213655,1787089081197,1.4247981471424804
20260818-213655,1787089081197,1.4247981471424804
20260818-213655,1787089081241,0.7743971898674773
20260818-213655,1787089081204,0.7743971898674773
20260818-213655,1787089081308,0.7743971898674773
20260818-213655,1787089081308,0.7743971898674773
20260818-213655,1787089081309,0.7743971898674773
20260818-213655,1787089081309,0.7743971898674773
20260818-213655,1787089081309,0.7743971898674773
20260818-213655,1787089081309,0.7743971898674773
20260818-213655,1787089081309,0.7743971898674773
20260818-213655,1787089081309,0.7743971898674773
20260818-213655,1787089081309,0.7743971898674773
20260818-213655,1787089081309,0.7743971898674773
20260818-213655,1787089081318,0.7743971898674773
20260818-213655,1787089081318,0.7743971898674773
20260818-213655,1787089081318,0.7743971898674773
20260818-213655,1787089081318,0.7743971898674773
20260818-213655,1787089081318,0.7743971898674773
20260818-213655,1787089081318,0.7743971898674773
20260818-213655,1787089081318,0.7743971898674773
20260818-213655,1787089081318,0.7743971898674773
20260818-213655,1787089081318,0.7743971898674773
20260818-213655,1787089081318,0.7743971898674773
20260818-213655,1787089081319,0.7743971898674773
20260818-213655,1787089081319,0.7743971898674773
20260818-213655,1787089081319,0.7743971898674773
20260818-213655,1787089081319,0.7743971898674773
20260818-213655,1787089081319,0.7743971898674773
20260818-213655,1787089081319,0.7743971898674773
20260818-213655,1787089081319,0.7743971898674773
20260818-213655,1787089081319,0.7743971898674773
20260818-213655,1787089081319,0.7743971898674773
20260818-213655,1787089081319,0.7743971898674773
20260818-213655,1787089081319,0.7743971898674773
20260818-213655,1787089081322,-0.0
20260818-213655,1787089081322,-0.0
20260818-213655,1787089081343,-0.0
20260818-213655,1787089081445,-0.0
20260818-213655,1787089081322,-0.0
20260818-213655,1787089081547,-0.0
20260818-213655,1787089081649,-0.0
20260818-213655,1787089081751,-0.0
20260818-213655,1787089081853,-0.0
20260818-213655,1787089081955,-0.0
20260818-213655,1787089082057,-0.0
20260818-213655,1787089082159,-0.0
20260818-213655,1787089082261,-0.0
20260818-213655,1787089082363,-0.0
20260818-213655,1787089082325,-0.0
20260818-213655,1787089082465,-0.0
20260818-213655,1787089082380,-0.0
20260818-213655,1787089082567,-0.0
20260818-213655,1787089082505,-0.0
20260818-213655,1787089082669,-0.0
20260818-213655,1787089082771,-0.0
20260818-213655,1787089082873,-0.0
20260818-213655,1787089082975,-0.0
20260818-213655,1787089083077,-0.0
20260818-213655,1787089083179,-0.0
20260818-213655,1787089083281,-0.0
20260818-213655,1787089083383,-0.0
20260818-213655,1787089083485,-0.0
20260818-213655,1787089083587,-0.0
20260818-213655,1787089083689,-0.0
20260818-213655,1787089083623,-0.0
20260818-213655,1787089083791,-0.0
20260818-213655,1787089083893,-0.0
20260818-213655,1787089083995,-0.0
20260818-213655,1787089084097,-0.0
20260818-213655,1787089084199,-0.0
20260818-213655,1787089084301,-0.0
20260818-213655,1787089084403,-0.0
20260818-213655,1787089084505,-0.0
20260818-213655,1787089084607,-0.0
20260818-213655,1787089084709,-0.0
20260818-213655,1787089084811,-0.0
20260818-213655,1787089084711,-0.0
20260818-213655,1787089084913,-0.0
20260818-213655,1787089085015,-0.0
20260818-213655,1787089085117,-0.0
20260818-213655,1787089085016,-0.0
20260818-213655,1787089085219,-0.0
20260818-213655,1787089085118,-0.0
20260818-213655,1787089085321,-0.0
20260818-213655,1787089085423,-0.0
20260818-213655,1787089085324,-0.0
20260818-213655,1787089085525,-0.0
20260818-213655,1787089085450,-0.0
20260818-213655,1787089085627,-0.0
20260818-213655,1787089085729,-0.0
20260818-213655,1787089085831,-0.0
20260818-213655,1787089085692,-0.0
20260818-213655,1787089085933,-0.0
20260818-213655,1787089086035,-0.0
20260818-213655,1787089085940,-0.0
20260818-213655,1787089086137,-0.0
20260818-213655,1787089086239,-0.0
20260818-213655,1787089086341,-0.0
20260818-213655,1787089086443,-0.0
20260818-213655,1787089086545,-0.0
20260818-213655,1787089086647,-0.0
20260818-213655,1787089086749,-0.0
20260818-213655,1787089086851,-0.0
20260818-213655,1787089086953,-0.0
20260818-213655,1787089087055,-0.0
20260818-213655,1787089087157,-0.0
20260818-213655,1787089087007,-0.0
20260818-213655,1787089087259,-0.0
20260818-213655,1787089087361,-0.0
20260818-213655,1787089087463,-0.0
20260818-213655,1787089087319,-0.0
20260818-213655,1787089087565,-0.0
20260818-213655,1787089087667,-0.0
20260818-213655,1787089087769,-0.0
20260818-213655,1787089087871,-0.0
20260818-213655,1787089087973,-0.0
20260818-213655,1787089088075,-0.0
20260818-213655,1787089088003,-0.0
20260818-213655,1787089088177,-0.0
20260818-213655,1787089088279,-0.0
20260818-213655,1787089088152,-0.0
20260818-213655,1787089088381,-0.0
20260818-213655,1787089088483,-0.0
20260818-213655,1787089088585,-0.0
20260818-213655,1787089088687,-0.0
20260818-213655,1787089088789,-0.0
20260818-213655,1787089088891,-0.0
20260818-213655,1787089088993,-0.0
20260818-213655,1787089089095,-0.0
20260818-213655,1787089089197,-0.0
20260818-213655,1787089089299,-0.0
20260818-213655,1787089089230,-0.0
20260818-213655,1787089089401,-0.0
20260818-213655,1787089089503,-0.0
20260818-213655,1787089089605,-0.0
20260818-213655,1787089089707,-0.0
20260818-213655,1787089089569,-0.0
20260818-213655,1787089089809,-0.0
20260818-213655,1787089089911,-0.0
20260818-213655,1787089090013,-0.0
20260818-213655,1787089090115,-0.0
20260818-213655,1787089090217,-0.0
20260818-213655,1787089090319,-0.0
20260818-213655,1787089090421,-0.0
20260818-213655,1787089090523,-0.0
20260818-213655,1787089090625,-0.0
20260818-213655,1787089090727,-0.0
20260818-213655,1787089090829,-0.0
20260818-213655,1787089090931,-0.0
20260818-213655,1787089091033,-0.0
20260818-213655,1787089090957,-0.0
20260818-213655,1787089091135,-0.0
20260818-213655,1787089091081,-0.0
20260818-213655,1787089091237,-0.0
20260818-213655,1787089091339,-0.0
20260818-213655,1787089091318,-0.0
20260818-213655,1787089091441,-0.0
20260818-213655,1787089091368,-0.0
20260818-213655,1787089091543,-0.0
20260818-213655,1787089091493,-0.0
20260818-213655,1787089091645,-0.0
20260818-213655,1787089091747,-0.0
20260818-213655,1787089091707,-0.0
20260818-213655,1787089091849,-0.0
20260818-213655,1787089091846,-0.0
20260818-213655,1787089091951,-0.0
20260818-213655,1787089092053,-0.0
20260818-213655,1787089091930,-0.0
20260818-213655,1787089092155,-0.0
20260818-213655,1787089092257,-0.0
20260818-213655,1787089092359,-0.0
20260818-213655,1787089092305,-0.0
20260818-213655,1787089092461,-0.0
20260818-213655,1787089092563,-0.0
20260818-213655,1787089092665,-0.0
20260818-213655,1787089092555,-0.0
20260818-213655,1787089092767,-0.0
20260818-213655,1787089092869,-0.0
20260818-213655,1787089092796,-0.0
20260818-213655,1787089092971,-0.0
20260818-213655,1787089093073,-0.0
20260818-213655,1787089093008,-0.0
20260818-213655,1787089093175,-0.0
20260818-213655,1787089093277,-0.0
20260818-213655,1787089093379,-0.0
20260818-213655,1787089093296,-0.0
20260818-213655,1787089093481,-0.0
20260818-213655,1787089093583,-0.0
20260818-213655,1787089093685,-0.0
20260818-213655,1787089093623,-0.0
20260818-213655,1787089093787,-0.0
20260818-213655,1787089093733,-0.0
20260818-213655,1787089093889,-0.0
20260818-213655,1787089093991,-0.0
20260818-213655,1787089094093,-0.0
20260818-213655,1787089094008,-0.0
20260818-213655,1787089094195,-0.0
20260818-213655,1787089094297,-0.0
20260818-213655,1787089094399,-0.0
20260818-213655,1787089094296,-0.0
20260818-213655,1787089094501,-0.0
20260818-213655,1787089094603,-0.0
20260818-213655,1787089094705,-0.0
20260818-213655,1787089094807,-0.0
20260818-213655,1787089094909,-0.0
20260818-213655,1787089094806,-0.0
20260818-213655,1787089095011,-0.0
20260818-213655,1787089095113,-0.0
20260818-213655,1787089095215,-0.0
20260818-213655,1787089095100,-0.0
20260818-213655,1787089095317,-0.0
20260818-213655,1787089095419,-0.0
20260818-213655,1787089095296,-0.0
20260818-213655,1787089095521,-0.0
20260818-213655,1787089095623,-0.0
20260818-213655,1787089095725,-0.0
20260818-213655,1787089095827,-0.0
20260818-213655,1787089095929,-0.0
20260818-213655,1787089095795,-0.0
20260818-213655,1787089096031,-0.0
20260818-213655,1787089096133,-0.0
20260818-213655,1787089096235,-0.0
20260818-213655,1787089096337,-0.0
20260818-213655,1787089096439,-0.0
20260818-213655,1787089096296,-0.0
20260818-213655,1787089096541,-0.0
20260818-213655,1787089096643,-0.0
20260818-213655,1787089096745,-0.0
20260818-213655,1787089096847,-0.0
20260818-213655,1787089096797,-0.0
20260818-213655,1787089096949,-0.0
20260818-213655,1787089097051,-0.0
20260818-213655,1787089096917,-0.0
20260818-213655,1787089097153,-0.0
20260818-213655,1787089097255,-0.0
20260818-213655,1787089097239,-0.0
20260818-213655,1787089097357,-0.0
20260818-213655,1787089097307,-0.0
20260818-213655,1787089097459,-0.0
20260818-213655,1787089097561,-0.0
20260818-213655,1787089097663,-0.0
20260818-213655,1787089097765,-0.0
20260818-213655,1787089097867,-0.0
20260818-213655,1787089097740,-0.0
20260818-213655,1787089097969,-0.0
20260818-213655,1787089097871,-0.0
20260818-213655,1787089098071,-0.0
20260818-213655,1787089098173,-0.0
20260818-213655,1787089098275,-0.0
20260818-213655,1787089098377,-0.0
20260818-213655,1787089098296,-0.0
20260818-213655,1787089098479,-0.0
20260818-213655,1787089098581,-0.0
20260818-213655,1787089098683,-0.0
20260818-213655,1787089098785,-0.0
20260818-213655,1787089098887,-0.0
20260818-213655,1787089098795,-0.0
20260818-213655,1787089098989,-0.0
20260818-213655,1787089099091,-0.0
20260818-213655,1787089099006,-0.0
20260818-213655,1787089099193,-0.0
20260818-213655,1787089099295,-0.0
20260818-213655,1787089099397,-0.0
20260818-213655,1787089099296,-0.0
20260818-213655,1787089099499,-0.0
20260818-213655,1787089099601,-0.0
20260818-213655,1787089099703,-0.0
20260818-213655,1787089099805,-0.0
20260818-213655,1787089099907,-0.0
20260818-213655,1787089099805,-0.0
20260818-213655,1787089100009,-0.0
20260818-213655,1787089100111,-0.0
20260818-213655,1787089100213,-0.0
20260818-213655,1787089100315,-0.0
20260818-213655,1787089100417,-0.0
20260818-213655,1787089100297,-0.0
20260818-213655,1787089100519,-0.0
20260818-213655,1787089100621,-0.0
20260818-213655,1787089100510,-0.0
20260818-213655,1787089100723,-0.0
20260818-213655,1787089100825,-0.0
20260818-213655,1787089100927,-0.0
20260818-213655,1787089101029,-0.0
20260818-213655,1787089101131,-0.0
20260818-213655,1787089101233,-0.0
20260818-213655,1787089101335,-0.0
20260818-213655,1787089101437,-0.0
20260818-213655,1787089101539,-0.0
20260818-213655,1787089101641,-0.0
20260818-213655,1787089101743,-0.0
20260818-213655,1787089101845,-0.0
20260818-213655,1787089101947,-0.0
20260818-213655,1787089102049,-0.0
20260818-213655,1787089102151,-0.0
20260818-213655,1787089102253,-0.0
20260818-213655,1787089102355,-0.0
20260818-213655,1787089102457,-0.0
20260818-213655,1787089102559,-0.0
20260818-213655,1787089102661,-0.0
20260818-213655,1787089102763,-0.0
20260818-213655,1787089102865,-0.0
20260818-213655,1787089102967,-0.0
20260818-213655,1787089102883,-0.0
20260818-213655,1787089103069,-0.0
20260818-213655,1787089103171,-0.0
20260818-213655,1787089103273,-0.0
20260818-213655,1787089103375,-0.0
20260818-213655,1787089103477,-0.0
20260818-213655,1787089103579,-0.0
20260818-213655,1787089103681,-0.0
20260818-213655,1787089103594,-0.0
20260818-213655,1787089103783,-0.0
20260818-213655,1787089103885,-0.0
20260818-213655,1787089103987,-0.0
20260818-213655,1787089104089,-0.0
20260818-213655,1787089104191,-0.0
20260818-213655,1787089104293,-0.0
20260818-213655,1787089104214,-0.0
20260818-213655,1787089104395,-0.0
20260818-213655,1787089104497,-0.0
20260818-213655,1787089104599,-0.0
20260818-213655,1787089104701,-0.0
20260818-213655,1787089104803,-0.0
20260818-213655,1787089104905,-0.0
20260818-213655,1787089105007,-0.0
20260818-213655,1787089105109,-0.0
20260818-213655,1787089105211,-0.0
20260818-213655,1787089105116,-0.0
20260818-213655,1787089105313,-0.0
20260818-213655,1787089105415,-0.0
20260818-213655,1787089105517,-0.0
20260818-213655,1787089105619,-0.0
20260818-213655,1787089105721,-0.0
20260818-213655,1787089105823,-0.0
20260818-213655,1787089105925,-0.0
20260818-213655,1787089106027,-0.0
20260818-213655,1787089105912,-0.0
20260818-213655,1787089106129,-0.0
20260818-213655,1787089106231,-0.0
20260818-213655,1787089106333,-0.0
20260818-213655,1787089106435,-0.0
20260818-213655,1787089106537,-0.0
20260818-213655,1787089106639,-0.0
20260818-213655,1787089106556,-0.0
20260818-213655,1787089106741,-0.0
20260818-213655,1787089106843,-0.0
20260818-213655,1787089106945,-0.0
20260818-213655,1787089107047,-0.0
20260818-213655,1787089107149,-0.0
20260818-213655,1787089107251,-0.0
20260818-213655,1787089107186,-0.0
20260818-213655,1787089107353,-0.0
20260818-213655,1787089107455,-0.0
20260818-213655,1787089107557,-0.0
20260818-213655,1787089107659,-0.0
20260818-213655,1787089107761,-0.0
20260818-213655,1787089107863,-0.0
20260818-213655,1787089107965,-0.0
20260818-213655,1787089108067,-0.0
20260818-213655,1787089108169,-0.0
20260818-213655,1787089108271,-0.0
20260818-213655,1787089108373,-0.0
20260818-213655,1787089108475,-0.0
20260818-213655,1787089108384,-0.0
20260818-213655,1787089108577,-0.0
20260818-213655,1787089108679,-0.0
20260818-213655,1787089108781,-0.0
20260818-213655,1787089108883,-0.0
20260818-213655,1787089108985,-0.0
20260818-213655,1787089109087,-0.0
20260818-213655,1787089109189,-0.0
20260818-213655,1787089109291,-0.0
20260818-213655,1787089109393,-0.0
20260818-213655,1787089109495,-0.0
20260818-213655,1787089109597,-0.0
20260818-213655,1787089109699,-0.0
20260818-213655,1787089109801,-0.0
20260818-213655,1787089109903,-0.0
20260818-213655,1787089110005,-0.0
20260818-213655,1787089110107,-0.0
20260818-213655,1787089110209,-0.0
20260818-213655,1787089110311,-0.0
20260818-213655,1787089110200,-0.0
20260818-213655,1787089110413,-0.0
20260818-213655,1787089110515,-0.0
20260818-213655,1787089110617,-0.0
20260818-213655,1787089110719,-0.0
20260818-213655,1787089110821,-0.0
20260818-213655,1787089110923,-0.0
20260818-213655,1787089111025,-0.0
20260818-213655,1787089111127,-0.0
20260818-213655,1787089111229,-0.0
20260818-213655,1787089111331,-0.0
20260818-213655,1787089111194,-0.0
20260818-213655,1787089111433,-0.0
20260818-213655,1787089111535,-0.0
20260818-213655,1787089111637,-0.0
20260818-213655,1787089111529,-0.0
20260818-213655,1787089111739,-0.0
20260818-213655,1787089111841,-0.0
20260818-213655,1787089111714,-0.0
20260818-213655,1787089111943,-0.0
20260818-213655,1787089112045,-0.0
20260818-213655,1787089112147,-0.0
20260818-213655,1787089112249,-0.0
20260818-213655,1787089112351,-0.0
20260818-213655,1787089112453,-0.0
20260818-213655,1787089112555,-0.0
20260818-213655,1787089112657,-0.0
20260818-213655,1787089112759,-0.0
20260818-213655,1787089112861,-0.0
20260818-213655,1787089112963,-0.0
20260818-213655,1787089113065,-0.0
20260818-213655,1787089113167,-0.0
20260818-213655,1787089113269,-0.0
20260818-213655,1787089113371,-0.0
20260818-213655,1787089113473,-0.0
20260818-213655,1787089113575,-0.0
20260818-213655,1787089113677,-0.0
20260818-213655,1787089113779,-0.0
20260818-213655,1787089113881,-0.0
20260818-213655,1787089113983,-0.0
20260818-213655,1787089114085,-0.0
20260818-213655,1787089114187,-0.0
20260818-213655,1787089114289,-0.0
20260818-213655,1787089114391,-0.0
20260818-213655,1787089114493,-0.0
20260818-213655,1787089114595,-0.0
20260818-213655,1787089114445,-0.0
20260818-213655,1787089114697,-0.0
20260818-213655,1787089114799,-0.0
20260818-213655,1787089114901,-0.0
20260818-213655,1787089115003,-0.0
20260818-213655,1787089115105,-0.0
20260818-213655,1787089115207,-0.0
20260818-213655,1787089115309,-0.0
20260818-213655,1787089115411,-0.0
20260818-213655,1787089115513,-0.0
20260818-213655,1787089115615,-0.0
20260818-213655,1787089115494,-0.0
20260818-213655,1787089115717,-0.0
20260818-213655,1787089115819,-0.0
20260818-213655,1787089115921,-0.0
20260818-213655,1787089115791,-0.0
20260818-213655,1787089116023,-0.0
20260818-213655,1787089116125,-0.0
20260818-213655,1787089116227,-0.0
20260818-213655,1787089116329,-0.0
20260818-213655,1787089116431,-0.0
20260818-213655,1787089116533,-0.0
20260818-213655,1787089116635,-0.0
20260818-213655,1787089116737,-0.0
20260818-213655,1787089116839,-0.0
20260818-213655,1787089116766,-0.0
20260818-213655,1787089116941,-0.0
20260818-213655,1787089117043,-0.0
20260818-213655,1787089117145,-0.0
20260818-213655,1787089117247,-0.0
20260818-213655,1787089117349,-0.0
20260818-213655,1787089117451,-0.0
20260818-213655,1787089117553,-0.0
20260818-213655,1787089117655,-0.0
20260818-213655,1787089117757,-0.0
20260818-213655,1787089117859,-0.0
20260818-213655,1787089117961,-0.0
20260818-213655,1787089118063,-0.0
20260818-213655,1787089118165,-0.0
20260818-213655,1787089118267,-0.0
20260818-213655,1787089118369,-0.0
20260818-213655,1787089118471,-0.0
20260818-213655,1787089118573,-0.0
20260818-213655,1787089118675,-0.0
20260818-213655,1787089118777,-0.0
20260818-213655,1787089118879,-0.0
20260818-213655,1787089118981,-0.0
20260818-213655,1787089119083,-0.0
20260818-213655,1787089119185,-0.0
20260818-213655,1787089119287,-0.0
20260818-213655,1787089119389,-0.0
20260818-213655,1787089119491,-0.0
20260818-213655,1787089119593,-0.0
20260818-213655,1787089119695,-0.0
20260818-213655,1787089119797,-0.0
20260818-213655,1787089119715,-0.0
20260818-213655,1787089119899,-0.0
20260818-213655,1787089120001,-0.0
20260818-213655,1787089120103,-0.0
20260818-213655,1787089120205,-0.0
20260818-213655,1787089120307,-0.0
20260818-213655,1787089120409,-0.0
20260818-213655,1787089120511,-0.0
20260818-213655,1787089120613,-0.0
20260818-213655,1787089120525,-0.0
20260818-213655,1787089120715,-0.0
20260818-213655,1787089120817,-0.0
20260818-213655,1787089120919,-0.0
20260818-213655,1787089121021,-0.0
20260818-213655,1787089121123,-0.0
20260818-213655,1787089121225,-0.0
20260818-213655,1787089121327,-0.0
20260818-213655,1787089121429,-0.0
20260818-213655,1787089121531,-0.0
20260818-213655,1787089121633,-0.0
20260818-213655,1787089121735,-0.0
20260818-213655,1787089121837,-0.0
20260818-213655,1787089121939,-0.0
20260818-213655,1787089122041,-0.0
20260818-213655,1787089122143,-0.0
20260818-213655,1787089122245,-0.0
20260818-213655,1787089122118,-0.0
20260818-213655,1787089122347,-0.0
20260818-213655,1787089122449,-0.0
20260818-213655,1787089122551,-0.0
20260818-213655,1787089122653,-0.0
20260818-213655,1787089122755,-0.0
20260818-213655,1787089122857,-0.0
20260818-213655,1787089122708,-0.0
20260818-213655,1787089122959,-0.0
20260818-213655,1787089123061,-0.0
20260818-213655,1787089123163,-0.0
20260818-213655,1787089123265,-0.0
20260818-213655,1787089123367,0.06195657309035996
20260818-213655,1787089123469,0.06195657309035996
20260818-213655,1787089123377,0.06195657309035996
20260818-213655,1787089123571,0.06195657309035996
20260818-213655,1787089123673,0.06195657309035996
20260818-213655,1787089123771,-0.0
20260818-213655,1787089123771,-0.0
20260818-213655,1787089123775,-0.0
20260818-213655,1787089123877,-0.0
20260818-213655,1787089123771,-0.0
20260818-213655,1787089123979,-0.0
20260818-213655,1787089124081,-0.0
20260818-213655,1787089124183,-0.0
20260818-213655,1787089124285,-0.0
20260818-213655,1787089124387,-0.0
20260818-213655,1787089124489,-0.0
20260818-213655,1787089124591,-0.0
20260818-213655,1787089124693,-0.0
20260818-213655,1787089124795,-0.0
20260818-213655,1787089124897,-0.0
20260818-213655,1787089124999,-0.0
20260818-213655,1787089125101,-0.0
20260818-213655,1787089125003,-0.0
20260818-213655,1787089125203,-0.0
20260818-213655,1787089125305,-0.0
20260818-213655,1787089125407,-0.0
20260818-213655,1787089125395,-0.0
20260818-213655,1787089125509,-0.0
20260818-213655,1787089125417,-0.0
20260818-213655,1787089125611,-0.0
20260818-213655,1787089125713,-0.0
20260818-213655,1787089125815,-0.0
20260818-213655,1787089125917,-0.0
20260818-213655,1787089126019,-0.0
20260818-213655,1787089126121,-0.0
20260818-213655,1787089126223,-0.0
20260818-213655,1787089126325,-0.0
20260818-213655,1787089126427,-0.0
20260818-213655,1787089126529,-0.0
20260818-213655,1787089126631,-0.0
20260818-213655,1787089126733,-0.0
20260818-213655,1787089126835,-0.0
20260818-213655,1787089126937,-0.0
20260818-213655,1787089127039,-0.0
20260818-213655,1787089127141,-0.0
20260818-213655,1787089127051,-0.0
20260818-213655,1787089127243,-0.0
20260818-213655,1787089127345,-0.0
20260818-213655,1787089127447,-0.0
20260818-213655,1787089127549,-0.0
20260818-213655,1787089127651,-0.0
20260818-213655,1787089127706,-0.0
20260818-213655,1787089127753,-0.0
20260818-213655,1787089127855,-0.0
20260818-213655,1787089127742,-0.0
20260818-213655,1787089127957,-0.0
20260818-213655,1787089128059,-0.0
20260818-213655,1787089128161,-0.0
20260818-213655,1787089128048,-0.0
20260818-213655,1787089128263,-0.0
20260818-213655,1787089128365,-0.0
20260818-213655,1787089128467,-0.0
20260818-213655,1787089128315,-0.0
20260818-213655,1787089128569,-0.0
20260818-213655,1787089128671,-0.0
20260818-213655,1787089128773,-0.0
20260818-213655,1787089128875,-0.0
20260818-213655,1787089128977,-0.0
20260818-213655,1787089129045,-0.0
20260818-213655,1787089129079,-0.0
20260818-213655,1787089129181,-0.0
20260818-213655,1787089129058,-0.0
20260818-213655,1787089129283,-0.0
20260818-213655,1787089129385,0.7589727226743379
20260818-213655,1787089129487,0.7589727226743379
20260818-213655,1787089129589,0.7589727226743379
20260818-213655,1787089129691,0.7589727226743379
20260818-213655,1787089129769,0.7589727226743379
20260818-213655,1787089129769,0.7589727226743379
20260818-213655,1787089129769,0.7589727226743379
20260818-213655,1787089129769,0.7589727226743379
20260818-213655,1787089129769,0.7589727226743379
20260818-213655,1787089129769,0.7589727226743379
20260818-213655,1787089129769,0.7589727226743379
20260818-213655,1787089129769,0.7589727226743379
20260818-213655,1787089129770,0.7589727226743379
20260818-213655,1787089129770,0.7589727226743379
20260818-213655,1787089129770,0.7589727226743379
20260818-213655,1787089129770,0.7589727226743379
20260818-213655,1787089129770,0.7589727226743379
20260818-213655,1787089129771,0.7589727226743379
20260818-213655,1787089129771,0.7589727226743379
20260818-213655,1787089129771,0.7589727226743379
20260818-213655,1787089129772,0.7589727226743379
20260818-213655,1787089129772,0.7589727226743379
20260818-213655,1787089129772,0.7589727226743379
20260818-213655,1787089129772,0.7589727226743379
20260818-213655,1787089129772,0.7589727226743379
20260818-213655,1787089129772,0.7589727226743379
20260818-213655,1787089129772,0.7589727226743379
20260818-213655,1787089129773,0.7589727226743379
20260818-213655,1787089129773,0.7589727226743379
20260818-213655,1787089129773,0.7589727226743379
20260818-213655,1787089129773,0.7589727226743379
20260818-213655,1787089129773,0.7589727226743379
20260818-213655,1787089129773,0.7589727226743379
20260818-213655,1787089129773,0.7589727226743379
20260818-213655,1787089129773,0.7589727226743379
20260818-213655,1787089129773,0.7589727226743379
20260818-213655,1787089129774,0.7589727226743379
20260818-213655,1787089129775,0.7589727226743379
20260818-213655,1787089129775,0.7589727226743379
20260818-213655,1787089129798,0.7589727226743379
20260818-213655,1787089129798,0.7589727226743379
20260818-213655,1787089129798,0.7589727226743379
20260818-213655,1787089129793,0.09294162568709326
20260818-213655,1787089129895,-0.0
20260818-213655,1787089129803,-0.0
20260818-213655,1787089129997,-0.0
20260818-213655,1787089130099,-0.0
20260818-213655,1787089130201,-0.0
20260818-213655,1787089130303,-0.0
20260818-213655,1787089130405,-0.0
20260818-213655,1787089130609,-0.0
20260818-213655,1787089130711,-0.0
20260818-213655,1787089130813,-0.0
20260818-213655,1787089130915,-0.0
20260818-213655,1787089131017,-0.0
20260818-213655,1787089131119,-0.0
20260818-213655,1787089131221,-0.0
20260818-213655,1787089131323,-0.0
20260818-213655,1787089131425,-0.0
20260818-213655,1787089131527,-0.0
20260818-213655,1787089131629,-0.0
20260818-213655,1787089131731,-0.0
20260818-213655,1787089131620,-0.0
20260818-213655,1787089131833,-0.0
20260818-213655,1787089131935,-0.0
20260818-213655,1787089132037,-0.0
20260818-213655,1787089132139,0.15490414918508796
20260818-213655,1787089132241,0.17039456410449846
20260818-213655,1787089132184,0.17039456410449846
20260818-213655,1787089132343,0.17039456410449846
20260818-213655,1787089132445,0.17039456410449846
20260818-213655,1787089132547,0.17039456410449846
20260818-213655,1787089132545,0.17039456410449846
20260818-213655,1787089132557,0.17039456410449846
20260818-213655,1787089132564,0.015490654876081849
20260818-213655,1787089132564,0.015490654876081849
20260818-213655,1787089132649,0.015490654876081849
20260818-213655,1787089132564,0.015490654876081849
20260818-213655,1787089132681,0.015490654876081849
20260818-213655,1787089132751,-0.0
20260818-213655,1787089132682,-0.0
20260818-213655,1787089132853,-0.0
20260818-213655,1787089132955,-0.0
20260818-213655,1787089132906,-0.0
20260818-213655,1787089133057,-0.0
20260818-213655,1787089133159,-0.0
20260818-213655,1787089133261,-0.0
20260818-213655,1787089133121,-0.0
20260818-213655,1787089133363,-0.0
20260818-213655,1787089133465,-0.0
20260818-213655,1787089133567,-0.0
20260818-213655,1787089133669,-0.0
20260818-213655,1787089133771,-0.0
20260818-213655,1787089133873,-0.0
20260818-213655,1787089133975,-0.0
20260818-213655,1787089134077,-0.0
20260818-213655,1787089134179,-0.0
20260818-213655,1787089134085,-0.0
20260818-213655,1787089134281,-0.0
20260818-213655,1787089134383,-0.0
20260818-213655,1787089134276,-0.0
20260818-213655,1787089134485,-0.0
20260818-213655,1787089134587,-0.0
20260818-213655,1787089134689,-0.0
20260818-213655,1787089134584,-0.0
20260818-213655,1787089134791,-0.0
20260818-213655,1787089134893,-0.0
20260818-213655,1787089134995,0.26334154081090444
20260818-213655,1787089135097,0.26334154081090444
20260818-213655,1787089135199,0.26334154081090444
20260818-213655,1787089135301,0.26334154081090444
20260818-213655,1787089135403,0.26334154081090444
20260818-213655,1787089135334,0.26334154081090444
20260818-213655,1787089135492,0.26334154081090444
20260818-213655,1787089135492,0.26334154081090444
20260818-213655,1787089135492,0.26334154081090444
20260818-213655,1787089135492,0.26334154081090444
20260818-213655,1787089135492,0.26334154081090444
20260818-213655,1787089135492,0.26334154081090444
20260818-213655,1787089135492,0.26334154081090444
20260818-213655,1787089135492,0.26334154081090444
20260818-213655,1787089135492,0.26334154081090444
20260818-213655,1787089135492,0.26334154081090444
20260818-213655,1787089135492,0.26334154081090444
20260818-213655,1787089135492,0.26334154081090444
20260818-213655,1787089135492,0.26334154081090444
20260818-213655,1787089135505,-0.0
20260818-213655,1787089135607,0.015491086816824989
20260818-213655,1787089135497,-0.0
20260818-213655,1787089135709,0.015491086816824989
20260818-213655,1787089135811,0.015491086816824989
20260818-213655,1787089135913,0.015491086816824989
20260818-213655,1787089136015,0.015491086816824989
20260818-213655,1787089136064,0.015491086816824989
20260818-213655,1787089136117,-0.0
20260818-213655,1787089136219,-0.0
20260818-213655,1787089136094,-0.0
20260818-213655,1787089136321,-0.0
20260818-213655,1787089136423,-0.0
20260818-213655,1787089136525,-0.0
20260818-213655,1787089136627,-0.0
20260818-213655,1787089136729,-0.0
20260818-213655,1787089136831,-0.0
20260818-213655,1787089136933,-0.0
20260818-213655,1787089137035,-0.0
20260818-213655,1787089137137,-0.0
20260818-213655,1787089137239,-0.0
20260818-213655,1787089137341,-0.0
20260818-213655,1787089137443,-0.0
20260818-213655,1787089137545,-0.0
20260818-213655,1787089137647,-0.0
20260818-213655,1787089137749,-0.0
20260818-213655,1787089137851,-0.0
20260818-213655,1787089137953,-0.0
20260818-213655,1787089138055,-0.0
20260818-213655,1787089138157,-0.0
20260818-213655,1787089139075,-0.0
20260818-213655,1787089139177,-0.0
20260818-213655,1787089139279,-0.0
20260818-213655,1787089139381,-0.0
20260818-213655,1787089139483,-0.0
20260818-213655,1787089139585,-0.0
20260818-213655,1787089139687,-0.0
20260818-213655,1787089139789,-0.0
20260818-213655,1787089139891,-0.0
20260818-213655,1787089139993,-0.0
20260818-213655,1787089139914,-0.0
20260818-213655,1787089140095,-0.0
20260818-213655,1787089140197,-0.0
20260818-213655,1787089140299,-0.0
20260818-213655,1787089140401,-0.0
20260818-213655,1787089140503,-0.0
20260818-213655,1787089140605,-0.0
20260818-213655,1787089140523,-0.0
20260818-213655,1787089140707,-0.0
20260818-213655,1787089140809,-0.0
20260818-213655,1787089140911,-0.0
20260818-213655,1787089141013,-0.0
20260818-213655,1787089141115,-0.0
20260818-213655,1787089141217,-0.0
20260818-213655,1787089141319,-0.0
20260818-213655,1787089141421,-0.0
20260818-213655,1787089141523,-0.0
20260818-213655,1787089141625,-0.0
20260818-213655,1787089141727,-0.0
20260818-213655,1787089141829,-0.0
20260818-213655,1787089141931,-0.0
20260818-213655,1787089141844,-0.0
20260818-213655,1787089142033,-0.0
20260818-213655,1787089141968,-0.0
20260818-213655,1787089142135,-0.0
20260818-213655,1787089142237,-0.0
20260818-213655,1787089142339,-0.0
20260818-213655,1787089142441,-0.0
20260818-213655,1787089142543,-0.0
20260818-213655,1787089142645,-0.0
20260818-213655,1787089142747,0.340804437892975
20260818-213655,1787089142688,-0.0
20260818-213655,1787089142849,0.340804437892975
20260818-213655,1787089142951,0.340804437892975
20260818-213655,1787089143053,0.4802244352121111
20260818-213655,1787089142967,0.340804437892975
20260818-213655,1787089143155,0.4802244352121111
20260818-213655,1787089143176,0.4802244352121111
20260818-213655,1787089143176,0.4802244352121111
20260818-213655,1787089143196,0.4802244352121111
20260818-213655,1787089143197,0.4802244352121111
20260818-213655,1787089143197,0.4802244352121111
20260818-213655,1787089143197,0.4802244352121111
20260818-213655,1787089143197,0.4802244352121111
20260818-213655,1787089143197,0.4802244352121111
20260818-213655,1787089143197,0.4802244352121111
20260818-213655,1787089143207,0.4802244352121111
20260818-213655,1787089143208,0.4802244352121111
20260818-213655,1787089143208,0.4802244352121111
20260818-213655,1787089143209,0.4802244352121111
20260818-213655,1787089143210,0.4802244352121111
20260818-213655,1787089143257,0.1394247489764565
20260818-213655,1787089143359,0.1394247489764565
20260818-213655,1787089143211,0.1394247489764565
20260818-213655,1787089143461,0.1394247489764565
20260818-213655,1787089143505,-0.0
20260818-213655,1787089143505,-0.0
20260818-213655,1787089143563,-0.0
20260818-213655,1787089143665,-0.0
20260818-213655,1787089143505,-0.0
20260818-213655,1787089143767,-0.0
20260818-213655,1787089143855,-0.0
20260818-213655,1787089143869,-0.0
20260818-213655,1787089143859,-0.0
20260818-213655,1787089143971,-0.0
20260818-213655,1787089144073,-0.0
20260818-213655,1787089144175,-0.0
20260818-213655,1787089144036,-0.0
20260818-213655,1787089144277,-0.0
20260818-213655,1787089144379,-0.0
20260818-213655,1787089144312,-0.0
20260818-213655,1787089144481,-0.0
20260818-213655,1787089144583,-0.0
20260818-213655,1787089144685,-0.0
20260818-213655,1787089144599,-0.0
20260818-213655,1787089144787,-0.0
20260818-213655,1787089144889,-0.0
20260818-213655,1787089144991,-0.0
20260818-213655,1787089145093,-0.0
20260818-213655,1787089145195,-0.0
20260818-213655,1787089145297,-0.0
20260818-213655,1787089145399,-0.0
20260818-213655,1787089145501,-0.0
20260818-213655,1787089145603,-0.0
20260818-213655,1787089145705,-0.0
20260818-213655,1787089145601,-0.0
20260818-213655,1787089145807,-0.0
20260818-213655,1787089145909,-0.0
20260818-213655,1787089145818,-0.0
20260818-213655,1787089146011,0.2013941120112084
20260818-213655,1787089146113,0.27885338586149977
20260818-213655,1787089146215,0.9295112862034962
20260818-213655,1787089146317,0.9295112862034962
20260818-213655,1787089146419,0.960494995743162
20260818-213655,1787089146431,0.7591161718846886
20260818-213655,1787089146431,0.7591161718846886
20260818-213655,1787089146431,0.7591161718846886
20260818-213655,1787089146431,0.7591161718846886
20260818-213655,1787089146431,0.7591161718846886
20260818-213655,1787089146431,0.7591161718846886
20260818-213655,1787089146431,0.7591161718846886
20260818-213655,1787089146431,0.7591161718846886
20260818-213655,1787089146521,0.7591161718846886
20260818-213655,1787089146431,0.7591161718846886
20260818-213655,1787089146540,0.7591161718846886
20260818-213655,1787089146540,0.7591161718846886
20260818-213655,1787089146623,0.6816606182188021
20260818-213655,1787089146542,0.6816606182188021
20260818-213655,1787089146636,0.6816606182188021
20260818-213655,1787089146636,0.6816606182188021
20260818-213655,1787089146636,0.6816606182188021
20260818-213655,1787089146641,0.6816606182188021
20260818-213655,1787089146641,0.6816606182188021
20260818-213655,1787089146641,0.6816606182188021
20260818-213655,1787089146641,0.6816606182188021
20260818-213655,1787089146641,0.6816606182188021
20260818-213655,1787089146641,0.6816606182188021
20260818-213655,1787089146641,0.6816606182188021
20260818-213655,1787089146650,0.6816606182188021
20260818-213655,1787089146650,0.6816606182188021
20260818-213655,1787089146650,0.6816606182188021
20260818-213655,1787089146650,0.6816606182188021
20260818-213655,1787089146650,0.6816606182188021
20260818-213655,1787089146650,0.6816606182188021
20260818-213655,1787089146660,0.6816606182188021
20260818-213655,1787089146660,0.6816606182188021
20260818-213655,1787089146660,0.6816606182188021
20260818-213655,1787089146665,0.6816606182188021
20260818-213655,1787089146683,0.6816606182188021
20260818-213655,1787089146683,0.6816606182188021
20260818-213655,1787089146683,0.6816606182188021
20260818-213655,1787089146683,0.6816606182188021
20260818-213655,1787089146683,0.6816606182188021
20260818-213655,1787089146688,0.030986589778157644
20260818-213655,1787089146725,0.030986589778157644
20260818-213655,1787089146827,0.030986589778157644
20260818-213655,1787089146688,0.030986589778157644
20260818-213655,1787089146849,0.030986589778157644
20260818-213655,1787089146891,0.030986589778157644
20260818-213655,1787089146893,0.030986589778157644
20260818-213655,1787089146929,-0.0
20260818-213655,1787089147031,-0.0
20260818-213655,1787089146895,-0.0
20260818-213655,1787089147133,-0.0
20260818-213655,1787089147235,-0.0
20260818-213655,1787089147337,-0.0
20260818-213655,1787089147439,-0.0
20260818-213655,1787089147541,-0.0
20260818-213655,1787089147472,-0.0
20260818-213655,1787089147643,-0.0
20260818-213655,1787089147745,-0.0
20260818-213655,1787089147847,-0.0
20260818-213655,1787089147949,-0.0
20260818-213655,1787089147873,-0.0
20260818-213655,1787089148051,-0.0
20260818-213655,1787089148153,-0.0
20260818-213655,1787089148255,-0.0
20260818-213655,1787089148357,-0.0
20260818-213655,1787089148232,-0.0
20260818-213655,1787089148459,-0.0
20260818-213655,1787089148561,-0.17817344332483714
20260818-213655,1787089148663,-0.17817344332483714
20260818-213655,1787089148765,-3.1761352940675214
20260818-213655,1787089148867,-3.1761352940675214
20260818-213655,1787089148969,-3.1761352940675214
20260818-213655,1787089149053,-3.1761352940675214
20260818-213655,1787089150907,-0.0
20260818-213655,1787089150892,-0.0
20260818-213655,1787089151009,-0.0
20260818-213956,1787089200078,-0.0
20260818-213956,1787089200275,-0.0
20260818-213956,1787089200377,-0.0
20260818-213956,1787089200479,-0.0
20260818-213956,1787089200432,-0.0
20260818-213956,1787089200581,-0.0
20260818-213956,1787089200683,-0.0
20260818-213956,1787089200550,-0.0
20260818-213956,1787089200785,-0.0
20260818-213956,1787089200887,-0.0
20260818-213956,1787089200989,0.0
20260818-213956,1787089200929,-0.0
20260818-213956,1787089201091,-0.0
20260818-213956,1787089201193,-0.0
20260818-213956,1787089201295,-0.0
20260818-213956,1787089201213,-0.0
20260818-213956,1787089201397,-0.0
20260818-213956,1787089201499,-0.0
20260818-213956,1787089201601,-0.0
20260818-213956,1787089201703,-0.0
20260818-213956,1787089201805,-0.0
20260818-213956,1787089201907,-0.0
20260818-213956,1787089202009,-0.0
20260818-213956,1787089202111,-0.0
20260818-213956,1787089202213,-0.0
20260818-213956,1787089202315,-0.0
20260818-213956,1787089202417,-0.0
20260818-213956,1787089202519,-0.0
20260818-213956,1787089202621,-0.0
20260818-213956,1787089202723,-0.0
20260818-213956,1787089202825,-0.0
20260818-213956,1787089202927,-0.0
20260818-213956,1787089203029,-0.0
20260818-213956,1787089203131,-0.0
20260818-213956,1787089203233,-0.0
20260818-213956,1787089203335,-0.0
20260818-213956,1787089203437,-0.0
20260818-213956,1787089203539,-0.0
20260818-213956,1787089203641,-0.0
20260818-213956,1787089203743,-0.0
20260818-213956,1787089203845,-0.0
20260818-213956,1787089203947,-0.0
20260818-213956,1787089203836,-0.0
20260818-213956,1787089204049,-0.0
20260818-213956,1787089204151,0.0
20260818-213956,1787089204253,-0.0
20260818-213956,1787089204355,-0.0
20260818-213956,1787089204457,-0.0
20260818-213956,1787089204559,-0.0
20260818-213956,1787089204661,-0.0
20260818-213956,1787089204763,-0.0
20260818-213956,1787089204865,-0.0
20260818-213956,1787089204967,-0.0
20260818-213956,1787089205069,-0.0
20260818-213956,1787089205002,-0.0
20260818-213956,1787089205171,-0.0
20260818-213956,1787089205273,-0.0
20260818-213956,1787089205375,-0.0
20260818-213956,1787089205477,-0.0
20260818-213956,1787089205579,-0.0
20260818-213956,1787089205681,-0.0
20260818-213956,1787089205783,-0.0
20260818-213956,1787089205885,-0.0
20260818-213956,1787089205987,-0.0
20260818-213956,1787089206089,-0.0
20260818-213956,1787089206191,-0.0
20260818-213956,1787089206293,-0.0
20260818-213956,1787089206395,-0.0
20260818-213956,1787089206497,-0.0
20260818-213956,1787089206599,-0.0
20260818-213956,1787089206701,-0.0
20260818-213956,1787089206803,0.0
20260818-213956,1787089206905,-0.0
20260818-213956,1787089207007,-0.0
20260818-213956,1787089207109,-0.0
20260818-213956,1787089207211,-0.0
20260818-213956,1787089207313,-0.0
20260818-213956,1787089207415,-0.0
20260818-213956,1787089207517,0.01549015097340401
20260818-213956,1787089207619,0.01549015097340401
20260818-213956,1787089207721,0.01549015097340401
20260818-213956,1787089207823,0.01549015097340401
20260818-213956,1787089207752,0.01549015097340401
20260818-213956,1787089207925,-0.01549015097340401
20260818-213956,1787089207971,0.01549015097340401
20260818-213956,1787089208027,-0.0
20260818-213956,1787089208129,-0.0
20260818-213956,1787089208007,-0.0
20260818-213956,1787089208231,-0.0
20260818-213956,1787089208333,-0.0
20260818-213956,1787089208435,-0.0
20260818-213956,1787089208537,-0.0
20260818-213956,1787089208639,-0.0
20260818-213956,1787089208741,-0.0
20260818-213956,1787089208843,-0.0
20260818-213956,1787089208945,-0.0
20260818-213956,1787089209047,-0.0
20260818-213956,1787089209149,-0.0
20260818-213956,1787089209251,-0.0
20260818-213956,1787089209353,-0.0
20260818-213956,1787089209230,-0.0
20260818-213956,1787089209455,-0.0
20260818-213956,1787089209557,0.0
20260818-213956,1787089209659,-0.0
20260818-213956,1787089209761,-0.0
20260818-213956,1787089209863,-0.0
20260818-213956,1787089209965,-0.0
20260818-213956,1787089210067,-0.0
20260818-213956,1787089210169,-0.0
20260818-213956,1787089210271,-0.0
20260818-213956,1787089210373,0.030980349938091904
20260818-213956,1787089210475,0.030980349938091904
20260818-213956,1787089210577,0.030980349938091904
20260818-213956,1787089210679,0.030980349938091904
20260818-213956,1787089210781,0.030980349938091904
20260818-213956,1787089210843,0.030980349938091904
20260818-213956,1787089210883,0.0
20260818-213956,1787089210845,-0.0
20260818-213956,1787089210985,-0.0
20260818-213956,1787089211087,-0.0
20260818-213956,1787089210977,-0.0
20260818-213956,1787089211189,-0.0
20260818-213956,1787089211291,-0.0
20260818-213956,1787089211393,-0.0
20260818-213956,1787089211495,-0.0
20260818-213956,1787089211597,-0.0
20260818-213956,1787089211699,-0.0
20260818-213956,1787089211801,-0.0
20260818-213956,1787089211903,-0.0
20260818-213956,1787089212005,-0.0
20260818-213956,1787089212107,-0.0
20260818-213956,1787089212209,-0.0
20260818-213956,1787089212311,-0.0
20260818-213956,1787089212413,-0.0
20260818-213956,1787089212515,-0.0
20260818-213956,1787089212617,-0.0
20260818-213956,1787089212719,-0.0
20260818-213956,1787089212821,-0.0
20260818-213956,1787089212694,-0.0
20260818-213956,1787089212923,-0.0
20260818-213956,1787089213025,-0.0
20260818-213956,1787089213127,-0.0
20260818-213956,1787089213229,-0.0
20260818-213956,1787089213331,-0.0
20260818-213956,1787089213199,-0.0
20260818-213956,1787089213433,-0.0
20260818-213956,1787089213535,-0.0
20260818-213956,1787089213637,-0.0
20260818-213956,1787089213739,-0.0
20260818-213956,1787089213841,-0.0
20260818-213956,1787089213720,-0.0
20260818-213956,1787089213943,-0.0
20260818-213956,1787089214045,-0.0
20260818-213956,1787089213912,-0.0
20260818-213956,1787089214147,-0.0
20260818-213956,1787089214249,-0.0
20260818-213956,1787089214351,-0.0
20260818-213956,1787089214453,-0.0
20260818-213956,1787089214555,-0.0
20260818-213956,1787089214657,-0.0
20260818-213956,1787089214759,-0.0
20260818-213956,1787089214861,-0.0
20260818-213956,1787089224250,0.6505893642598177
20260818-213956,1787089224252,0.6505893642598177
20260818-213956,1787089224252,0.6505893642598177
20260818-213956,1787089224252,0.6505893642598177
20260818-213956,1787089224252,0.6505893642598177
20260818-213956,1787089224252,0.6505893642598177
20260818-213956,1787089224252,0.6505893642598177
20260818-213956,1787089224252,0.6505893642598177
20260818-213956,1787089224252,0.6505893642598177
20260818-213956,1787089224254,0.6505893642598177
20260818-213956,1787089224254,0.6505893642598177
20260818-213956,1787089224254,0.6505893642598177
20260818-213956,1787089224254,0.6505893642598177
20260818-213956,1787089224254,0.6505893642598177
20260818-213956,1787089224256,0.6505893642598177
20260818-213956,1787089224256,0.6505893642598177
20260818-213956,1787089224263,0.6505893642598177
20260818-213956,1787089224274,0.6505893642598177
20260818-213956,1787089224274,0.6505893642598177
20260818-213956,1787089224274,0.6505893642598177
20260818-213956,1787089224274,0.6505893642598177
20260818-213956,1787089224347,-0.0
20260818-213956,1787089224288,-0.0
20260818-213956,1787089224449,-0.0
20260818-213956,1787089224551,-0.0
20260818-213956,1787089224653,-0.0
20260818-213956,1787089224755,-0.0
20260818-213956,1787089224644,-0.0
20260818-213956,1787089224857,-0.0
20260818-213956,1787089224959,-0.0
20260818-213956,1787089225061,-0.0
20260818-213956,1787089225163,-0.0
20260818-213956,1787089225265,-0.0
20260818-213956,1787089225367,-0.0
20260818-213956,1787089225469,-0.0
20260818-213956,1787089225571,-0.0
20260818-213956,1787089225673,-0.0
20260818-213956,1787089225775,-0.0
20260818-213956,1787089225625,-0.0
20260818-213956,1787089225877,-0.0
20260818-213956,1787089225979,-0.0
20260818-213956,1787089225899,-0.0
20260818-213956,1787089226081,-0.0
20260818-213956,1787089226183,-0.0
20260818-213956,1787089226285,-0.0
20260818-213956,1787089226387,-0.0
20260818-213956,1787089226489,-0.0
20260818-213956,1787089226591,-0.0
20260818-213956,1787089226693,-0.0
20260818-213956,1787089226795,-0.0
20260818-213956,1787089226897,-0.0
20260818-213956,1787089226999,-0.0
20260818-213956,1787089227101,-0.0
20260818-213956,1787089227203,-0.0
20260818-213956,1787089227305,-0.0
20260818-213956,1787089227407,-0.0
20260818-213956,1787089227509,-0.0
20260818-213956,1787089227611,-0.0
20260818-213956,1787089227650,-0.0
20260818-213956,1787089227713,-0.0
20260818-213956,1787089227657,-0.0
20260818-213956,1787089227815,0.0
20260818-213956,1787089227917,-0.0
20260818-213956,1787089228019,-0.0
20260818-213956,1787089228121,-0.0
20260818-213956,1787089274939,-0.0
20260818-213956,1787089274840,-0.0
20260818-213956,1787089275041,-0.0
20260818-213956,1787089275143,-0.0
20260818-213956,1787089275245,-0.0
20260818-213956,1787089275347,-0.0
20260818-213956,1787089275449,-0.0
20260818-213956,1787089275551,0.0
20260818-213956,1787089275653,-0.0
20260818-213956,1787089275755,-0.0
20260818-213956,1787089275857,-0.0
20260818-213956,1787089275782,-0.0
20260818-213956,1787089275959,-0.0
20260818-213956,1787089276061,-0.0
20260818-213956,1787089276163,-0.0
20260818-213956,1787089276265,-0.0
20260818-213956,1787089276367,-0.0
20260818-213956,1787089276469,-0.0
20260818-213956,1787089276571,-0.0
20260818-213956,1787089276673,-0.0
20260818-213956,1787089276775,-0.0
20260818-213956,1787089276634,-0.0
20260818-213956,1787089276877,0.0
20260818-213956,1787089276979,-0.0
20260818-213956,1787089277081,-0.0
20260818-213956,1787089277183,-0.0
20260818-213956,1787089277285,-0.0
20260818-213956,1787089277387,-0.0
20260818-213956,1787089277489,-0.0
20260818-213956,1787089277591,-0.0
20260818-213956,1787089277693,-0.0
20260818-213956,1787089277795,-0.0
20260818-213956,1787089277897,-0.0
20260818-213956,1787089277999,-0.0
20260818-213956,1787089278101,-0.0
20260818-213956,1787089278203,0.0
20260818-213956,1787089278305,-0.0
20260818-213956,1787089278407,-0.0
20260818-213956,1787089278509,-0.0
20260818-213956,1787089278611,-0.0
20260818-213956,1787089278713,-0.0
20260818-213956,1787089278815,0.0
20260818-213956,1787089278917,-0.0
20260818-213956,1787089279019,-0.0
20260818-213956,1787089279121,-0.0
20260818-213956,1787089279223,-0.0
20260818-213956,1787089279325,-0.0
20260818-213956,1787089279427,-0.0
20260818-213956,1787089279529,-0.0
20260818-213956,1787089279631,-0.0
20260818-213956,1787089279733,-0.0
20260818-213956,1787089279835,-0.0
20260818-213956,1787089279937,0.0
20260818-213956,1787089280039,-0.0
20260818-213956,1787089280141,-0.0
20260818-213956,1787089280243,-0.0
20260818-213956,1787089280091,-0.0
20260818-213956,1787089280345,-0.0
20260818-213956,1787089280447,-0.0
20260818-213956,1787089280549,-0.0
20260818-213956,1787089280651,-0.0
20260818-213956,1787089280517,-0.0
20260818-213956,1787089280753,-0.0
20260818-213956,1787089280855,-0.0
20260818-213956,1787089280957,-0.0
20260818-213956,1787089281059,-0.0
20260818-213956,1787089281161,-0.0
20260818-213956,1787089281263,-0.0
20260818-213956,1787089281365,-0.0
20260818-213956,1787089281467,-0.0
20260818-213956,1787089281569,-0.0
20260818-213956,1787089281671,-0.0
20260818-213956,1787089281591,-0.0
20260818-213956,1787089281773,-0.0
20260818-213956,1787089281875,-0.0
20260818-213956,1787089281977,-0.0
20260818-213956,1787089282079,-0.0
20260818-213956,1787089282181,-0.0
20260818-213956,1787089282283,-0.0
20260818-213956,1787089282385,-0.0
20260818-213956,1787089282487,0.0
20260818-213956,1787089282589,-0.0
20260818-213956,1787089282453,-0.0
20260818-213956,1787089282691,-0.0
20260818-213956,1787089282793,-0.0
20260818-213956,1787089282895,-0.0
20260818-213956,1787089282997,-0.0
20260818-213956,1787089283099,-0.0
20260818-213956,1787089282982,-0.0
20260818-213956,1787089283201,-0.0
20260818-213956,1787089283303,-0.0
20260818-213956,1787089283405,-0.0
20260818-213956,1787089283507,-0.0
20260818-213956,1787089283609,-0.0
20260818-213956,1787089283711,-0.0
20260818-213956,1787089283813,-0.0
20260818-213956,1787089283915,-0.0
20260818-213956,1787089284017,-0.0
20260818-213956,1787089284119,-0.0
20260818-213956,1787089284020,-0.0
20260818-213956,1787089284221,-0.0
20260818-213956,1787089284323,-0.0
20260818-213956,1787089284425,-0.0
20260818-213956,1787089284527,-0.0
20260818-213956,1787089284629,-0.0
20260818-213956,1787089284731,-0.0
20260818-213956,1787089284833,-0.0
20260818-213956,1787089284736,-0.0
20260818-213956,1787089284935,-0.0
20260818-213956,1787089285037,-0.0
20260818-213956,1787089285139,-0.0
20260818-213956,1787089285241,-0.0
20260818-213956,1787089285343,0.0
20260818-213956,1787089285445,-0.0
20260818-213956,1787089285547,-0.0
20260818-213956,1787089285649,-0.0
20260818-213956,1787089285751,-0.0
20260818-213956,1787089285687,-0.0
20260818-213956,1787089285853,-0.0
20260818-213956,1787089285955,-0.0
20260818-213956,1787089286057,-0.0
20260818-213956,1787089285942,-0.0
20260818-213956,1787089286159,0.0
20260818-213956,1787089286261,-0.0
20260818-213956,1787089286363,-0.0
20260818-213956,1787089286465,-0.0
20260818-213956,1787089286567,-0.0
20260818-213956,1787089286669,-0.0
20260818-213956,1787089286771,-0.0
20260818-213956,1787089286873,-0.0
20260818-213956,1787089286975,-0.0
20260818-213956,1787089287077,-0.0
20260818-213956,1787089287179,-0.0
20260818-213956,1787089287102,-0.0
20260818-213956,1787089287281,-0.0
20260818-213956,1787089287383,-0.0
20260818-213956,1787089287485,-0.0
20260818-213956,1787089287587,-0.0
20260818-213956,1787089287487,-0.0
20260818-213956,1787089287689,0.0
20260818-213956,1787089287791,-0.0
20260818-213956,1787089287893,-0.0
20260818-213956,1787089287995,-0.0
20260818-213956,1787089288097,-0.0
20260818-213956,1787089287966,-0.0
20260818-213956,1787089288199,-0.0
20260818-213956,1787089288301,-0.0
20260818-213956,1787089288403,-0.0
20260818-213956,1787089288505,0.0
20260818-213956,1787089288607,-0.0
20260818-213956,1787089303499,-0.0
20260818-213956,1787089303601,-0.0
20260818-213956,1787089303531,-0.0
20260818-213956,1787089304315,-0.0
20260818-213956,1787089311965,-0.0
20260818-213956,1787089312067,-0.0
20260818-213956,1787089311954,-0.0
20260818-213956,1787089312169,-0.0
20260818-213956,1787089312271,-0.0
20260818-213956,1787089312156,-0.0
20260818-213956,1787089312373,-0.0
20260818-213956,1787089312475,-0.0
20260818-213956,1787089312577,-0.0
20260818-213956,1787089312679,-0.0
20260818-213956,1787089312781,-0.0
20260818-213956,1787089312713,-0.0
20260818-213956,1787089312883,-0.0
20260818-213956,1787089312985,-0.0
20260818-213956,1787089313087,-0.0
20260818-213956,1787089313189,-0.0
20260818-213956,1787089313050,0.0
20260818-213956,1787089313801,-0.0
20260818-213956,1787089313903,-0.0
20260818-213956,1787089314005,-0.0
20260818-213956,1787089314107,-0.0
20260818-213956,1787089314209,-0.0
20260818-213956,1787089314104,-0.0
20260818-213956,1787089314311,-0.0
20260818-213956,1787089314413,-0.0
20260818-213956,1787089314313,-0.0
20260818-213956,1787089314515,-0.0
20260818-213956,1787089314617,0.0
20260818-213956,1787089314719,-0.0
20260818-213956,1787089314821,-0.0
20260818-213956,1787089314676,-0.0
20260818-213956,1787089314923,-0.0
20260818-213956,1787089315025,-0.0
20260818-213956,1787089315127,-0.0
20260818-213956,1787089315229,-0.0
20260818-213956,1787089315331,-0.0
20260818-213956,1787089315433,-0.0
20260818-213956,1787089315535,-0.0
20260818-213956,1787089315404,-0.0
20260818-213956,1787089315637,-0.0
20260818-213956,1787089315739,-0.0
20260818-213956,1787089315841,-0.0
20260818-213956,1787089315943,-0.0
20260818-213956,1787089333589,0.5731000764387081
20260818-213956,1787089333621,0.5731000764387081
20260818-213956,1787089333621,0.5731000764387081
20260818-213956,1787089333621,0.5731000764387081
20260818-213956,1787089333621,0.5731000764387081
20260818-213956,1787089333627,0.5731000764387081
20260818-213956,1787089333627,0.5731000764387081
20260818-213956,1787089333627,0.5731000764387081
20260818-213956,1787089333627,0.5731000764387081
20260818-213956,1787089333627,0.5731000764387081
20260818-213956,1787089333627,0.5731000764387081
20260818-213956,1787089333627,-0.5731000764387081
20260818-213956,1787089333627,0.5731000764387081
20260818-213956,1787089333631,0.5731000764387081
20260818-213956,1787089333650,-0.0
20260818-213956,1787089333650,-0.0
20260818-213956,1787089333650,-0.0
20260818-213956,1787089333650,-0.0
20260818-213956,1787089333650,-0.0
20260818-213956,1787089333650,-0.0
20260818-213956,1787089333691,-0.0
20260818-213956,1787089333793,-0.0
20260818-213956,1787089333650,0.0
20260818-213956,1787089333895,-0.0
20260818-213956,1787089333997,-0.0
20260818-213956,1787089333869,-0.0
20260818-213956,1787089334099,-0.0
20260818-213956,1787089334201,-0.0
20260818-213956,1787089334303,-0.0
20260818-213956,1787089334229,-0.0
20260818-213956,1787089334405,-0.0
20260818-213956,1787089334507,-0.0
20260818-213956,1787089334609,-0.0
20260818-213956,1787089334678,-0.0
20260818-213956,1787089334711,-0.0
20260818-213956,1787089334693,-0.0
20260818-213956,1787089334739,-0.0
20260818-213956,1787089334813,-0.0
20260818-213956,1787089334760,-0.0
20260818-213956,1787089334915,-0.0
20260818-213956,1787089335017,-0.0
20260818-213956,1787089335119,-0.0
20260818-213956,1787089335221,0.7125436336149072
20260818-213956,1787089335323,0.7125436336149072
20260818-213956,1787089335425,0.7125436336149072
20260818-213956,1787089335527,0.7435237916000261
20260818-213956,1787089335629,0.7435237916000261
20260818-213956,1787089335654,0.7435237916000261
20260818-213956,1787089335654,0.7435237916000261
20260818-213956,1787089335654,0.7435237916000261
20260818-213956,1787089335654,0.7435237916000261
20260818-213956,1787089335654,0.7435237916000261
20260818-213956,1787089335656,-0.7435237916000261
20260818-213956,1787089335656,0.7435237916000261
20260818-213956,1787089335656,0.7435237916000261
20260818-213956,1787089335656,0.7435237916000261
20260818-213956,1787089335656,0.7435237916000261
20260818-213956,1787089335656,0.7435237916000261
20260818-213956,1787089335656,0.7435237916000261
20260818-213956,1787089335656,-0.7435237916000261
20260818-213956,1787089335662,0.7435237916000261
20260818-213956,1787089335665,0.7435237916000261
20260818-213956,1787089335670,0.030982365613856165
20260818-213956,1787089335670,0.030982365613856165
20260818-213956,1787089335670,0.030982365613856165
20260818-213956,1787089335670,0.030982365613856165
20260818-213956,1787089335731,0.030982365613856165
20260818-213956,1787089335670,0.030982365613856165
20260818-213956,1787089335833,0.030982365613856165
20260818-213956,1787089335935,0.030982365613856165
20260818-213956,1787089335946,0.030982365613856165
20260818-213956,1787089336008,0.030982365613856165
20260818-213956,1787089336037,-0.0
20260818-213956,1787089336139,-0.0
20260818-213956,1787089336009,-0.0
20260818-213956,1787089336241,-0.0
20260818-213956,1787089336343,-0.0
20260818-213956,1787089336445,-0.0
20260818-213956,1787089336547,-0.0
20260818-213956,1787089336649,-0.0
20260818-213956,1787089336751,-0.0
20260818-213956,1787089336853,-0.0
20260818-213956,1787089336955,-0.0
20260818-213956,1787089337057,-0.0
20260818-213956,1787089337159,-0.0
20260818-213956,1787089337261,-0.0
20260818-213956,1787089337145,-0.0
20260818-213956,1787089337363,-0.0
20260818-213956,1787089337465,-0.0
20260818-213956,1787089337567,-0.0
20260818-213956,1787089337669,-0.0
20260818-213956,1787089337771,-0.0
20260818-213956,1787089337873,-0.0
20260818-213956,1787089337975,-0.0
20260818-213956,1787089337869,-0.0
20260818-213956,1787089338077,-0.0
20260818-213956,1787089338179,-0.0
20260818-213956,1787089338281,-0.0
20260818-213956,1787089338383,-0.0
20260818-213956,1787089338485,-0.0
20260818-213956,1787089338587,-0.0
20260818-213956,1787089338500,-0.0
20260818-213956,1787089338689,-0.0
20260818-213956,1787089338791,-0.0
20260818-213956,1787089338893,-0.0
20260818-213956,1787089338995,0.0
20260818-213956,1787089339097,-0.0
20260818-213956,1787089339199,-0.0
20260818-213956,1787089339301,-0.0
20260818-213956,1787089339207,0.0
20260818-213956,1787089339403,-0.0
20260818-213956,1787089339505,-0.0
20260818-213956,1787089339607,-0.0
20260818-213956,1787089339709,-0.0
20260818-213956,1787089339811,-0.0
20260818-213956,1787089339913,-0.0
20260818-213956,1787089340015,-0.0
20260818-213956,1787089340117,-0.0
20260818-213956,1787089340219,-0.0
20260818-213956,1787089340321,-0.0
20260818-213956,1787089340423,-0.0
20260818-213956,1787089340525,-0.0
20260818-213956,1787089340400,0.0
20260818-213956,1787089340627,-0.0
20260818-213956,1787089340729,-0.0
20260818-213956,1787089340831,-0.0
20260818-213956,1787089340933,-0.0
20260818-213956,1787089340793,-0.0
20260818-213956,1787089341035,-0.0
20260818-213956,1787089341137,-0.0
20260818-213956,1787089341239,-0.0
20260818-213956,1787089341341,-0.0
20260818-213956,1787089341443,-0.0
20260818-213956,1787089341545,-0.0
20260818-213956,1787089341647,-0.0
20260818-213956,1787089341749,-0.0
20260818-213956,1787089341851,-0.0
20260818-213956,1787089341953,-0.0
20260818-213956,1787089342055,-0.0
20260818-213956,1787089342157,-0.0
20260818-213956,1787089342259,-0.0
20260818-213956,1787089342361,-0.0
20260818-213956,1787089342463,-0.0
20260818-213956,1787089342565,-0.0
20260818-213956,1787089342667,-0.0
20260818-213956,1787089342769,0.0
20260818-213956,1787089342871,0.4027720008382722
20260818-213956,1787089342973,0.4027720008382722
20260818-213956,1787089343075,0.4027720008382722
20260818-213956,1787089343177,0.4027720008382722
20260818-213956,1787089343279,0.4027720008382722
20260818-213956,1787089343288,0.4027720008382722
20260818-213956,1787089343288,0.4027720008382722
20260818-213956,1787089343288,0.4027720008382722
20260818-213956,1787089343288,0.4027720008382722
20260818-213956,1787089343288,0.4027720008382722
20260818-213956,1787089343288,0.4027720008382722
20260818-213956,1787089343288,0.4027720008382722
20260818-213956,1787089343288,0.4027720008382722
20260818-213956,1787089343288,0.4027720008382722
20260818-213956,1787089343288,0.4027720008382722
20260818-213956,1787089343288,0.4027720008382722
20260818-213956,1787089343288,0.4027720008382722
20260818-213956,1787089343288,0.4027720008382722
20260818-213956,1787089343288,0.4027720008382722
20260818-213956,1787089343288,0.4027720008382722
20260818-213956,1787089343288,-0.4027720008382722
20260818-213956,1787089343288,0.4027720008382722
20260818-213956,1787089343295,0.4027720008382722
20260818-213956,1787089343296,-0.0
20260818-213956,1787089343381,-0.0
20260818-213956,1787089343296,-0.0
20260818-213956,1787089343483,-0.0
20260818-213956,1787089343585,-0.0
20260818-213956,1787089343687,-0.0
20260818-213956,1787089343789,-0.0
20260818-213956,1787089343891,-0.0
20260818-213956,1787089343993,-0.0
20260818-213956,1787089343914,-0.0
20260818-213956,1787089344095,-0.0
20260818-213956,1787089344197,-0.0
20260818-213956,1787089344299,-0.0
20260818-213956,1787089344401,-0.0
20260818-213956,1787089344503,-0.0
20260818-213956,1787089344605,-0.0
20260818-213956,1787089344707,-0.0
20260818-213956,1787089344809,-0.0
20260818-213956,1787089344911,-0.0
20260818-213956,1787089345013,-0.0
20260818-213956,1787089345115,-0.0
20260818-213956,1787089345217,-0.0
20260818-213956,1787089345319,-0.0
20260818-213956,1787089345421,-0.0
20260818-213956,1787089345523,-0.0
20260818-213956,1787089345625,-0.0
20260818-213956,1787089345727,-0.0
20260818-213956,1787089345829,-0.0
20260818-213956,1787089345931,-0.0
20260818-213956,1787089346033,-0.0
20260818-213956,1787089346135,-0.0
20260818-213956,1787089345995,-0.0
20260818-213956,1787089346237,-0.0
20260818-213956,1787089346339,-0.0
20260818-213956,1787089346441,-0.0
20260818-213956,1787089346543,-0.0
20260818-213956,1787089346645,-0.0
20260818-213956,1787089346747,-0.0
20260818-213956,1787089346849,-0.0
20260818-213956,1787089346951,-0.0
20260818-213956,1787089347053,-0.0
20260818-213956,1787089347155,-0.0
20260818-213956,1787089347257,-0.0
20260818-213956,1787089347131,-0.0
20260818-213956,1787089347359,-0.0
20260818-213956,1787089347461,0.0
20260818-213956,1787089347563,-0.0
20260818-213956,1787089347665,-0.0
20260818-213956,1787089347767,-0.0
20260818-213956,1787089347869,-0.0
20260818-213956,1787089347971,-0.0
20260818-213956,1787089348073,-0.0
20260818-213956,1787089348175,-0.0
20260818-213956,1787089348277,-0.0
20260818-213956,1787089348379,-0.0
20260818-213956,1787089348481,-0.0
20260818-213956,1787089348583,-0.0
20260818-213956,1787089348685,-0.0
20260818-213956,1787089348787,-0.0
20260818-213956,1787089348889,-0.0
20260818-213956,1787089348991,-0.0
20260818-213956,1787089349093,-0.0
20260818-213956,1787089349195,-0.0
20260818-213956,1787089349297,-0.0
20260818-213956,1787089349399,-0.0
20260818-213956,1787089349501,-0.0
20260818-213956,1787089349603,-0.0
20260818-213956,1787089349705,-0.0
20260818-213956,1787089349807,-0.0
20260818-213956,1787089349704,-0.0
20260818-213956,1787089349909,-0.0
20260818-213956,1787089350011,-0.0
20260818-213956,1787089350113,0.030983709539665675
20260818-213956,1787089350215,0.030983709539665675
20260818-213956,1787089350137,-0.030983709539665675
20260818-213956,1787089350317,0.030983709539665675
20260818-213956,1787089350419,0.030983709539665675
20260818-213956,1787089350521,0.030983709539665675
20260818-213956,1787089350430,0.030983709539665675
20260818-213956,1787089350552,0.030983709539665675
20260818-213956,1787089350623,-0.0
20260818-213956,1787089350556,-0.0
20260818-213956,1787089350725,-0.0
20260818-213956,1787089350827,-0.0
20260818-213956,1787089350678,-0.0
20260818-213956,1787089350929,-0.0
20260818-213956,1787089351031,-0.0
20260818-213956,1787089351133,0.0
20260818-213956,1787089351235,-0.0
20260818-213956,1787089351337,-0.0
20260818-213956,1787089351439,0.0
20260818-213956,1787089351541,0.0
20260818-213956,1787089351643,-0.0
20260818-213956,1787089351745,-0.0
20260818-213956,1787089351847,-0.0
20260818-213956,1787089351949,-0.0
20260818-213956,1787089352051,-0.0
20260818-213956,1787089352153,-0.0
20260818-213956,1787089352255,-0.0
20260818-213956,1787089352357,-0.0
20260818-213956,1787089352459,-0.0
20260818-213956,1787089352561,0.0
20260818-213956,1787089352663,-0.0
20260818-213956,1787089352765,-0.0
20260818-213956,1787089352867,-0.0
20260818-213956,1787089352969,-0.0
20260818-213956,1787089353071,-0.0
20260818-213956,1787089353173,-0.0
20260818-213956,1787089353275,-0.0
20260818-213956,1787089353377,-0.0
20260818-213956,1787089353479,-0.0
20260818-213956,1787089353581,-0.0
20260818-213956,1787089353683,-0.0
20260818-213956,1787089353785,-0.0
20260818-213956,1787089353887,-0.0
20260818-213956,1787089353989,-0.0
20260818-213956,1787089354091,-0.0
20260818-213956,1787089354193,-0.0
20260818-213956,1787089354295,-0.0
20260818-213956,1787089354181,-0.0
20260818-213956,1787089354397,-0.0
20260818-213956,1787089354333,-0.0
20260818-213956,1787089354499,-0.0
20260818-213956,1787089354601,-0.0
20260818-213956,1787089354703,0.0
20260818-213956,1787089354805,-0.0
20260818-213956,1787089354907,-0.0
20260818-213956,1787089355009,-0.0
20260818-213956,1787089355111,-0.0
20260818-213956,1787089355213,-0.0
20260818-213956,1787089355315,-0.0
20260818-213956,1787089355417,-0.0
20260818-213956,1787089355300,-0.0
20260818-213956,1787089355519,-0.0
20260818-213956,1787089355621,-0.0
20260818-213956,1787089355723,-0.0
20260818-213956,1787089355825,-0.0
20260818-213956,1787089355927,-0.0
20260818-213956,1787089356029,-0.0
20260818-213956,1787089356131,-0.0
20260818-213956,1787089356233,-0.0
20260818-213956,1787089356335,-0.0
20260818-213956,1787089356437,-0.0
20260818-213956,1787089356539,-0.0
20260818-213956,1787089356641,0.0
20260818-213956,1787089356743,-0.0
20260818-213956,1787089356845,-0.0
20260818-213956,1787089356947,-0.0
20260818-213956,1787089357049,-0.0
20260818-213956,1787089357151,-0.0
20260818-213956,1787089357253,-0.0
20260818-213956,1787089357355,-0.0
20260818-213956,1787089357457,-0.0
20260818-213956,1787089357355,-0.0
20260818-213956,1787089357559,-0.0
20260818-213956,1787089357661,-0.0
20260818-213956,1787089357763,-0.0
20260818-213956,1787089357865,-0.0
20260818-213956,1787089357967,-0.0
20260818-213956,1787089358069,-0.0
20260818-213956,1787089358171,-0.0
20260818-213956,1787089358273,-0.0
20260818-213956,1787089358375,0.0
20260818-213956,1787089358477,0.0
20260818-213956,1787089358579,-0.0
20260818-213956,1787089358681,-0.0
20260818-213956,1787089358608,-0.0
20260818-213956,1787089358783,-0.0
20260818-213956,1787089358885,-0.0
20260818-213956,1787089358987,-0.0
20260818-213956,1787089359089,-0.0
20260818-213956,1787089359191,-0.0
20260818-213956,1787089359293,-0.0
20260818-213956,1787089359154,-0.0
20260818-213956,1787089359395,-0.0
20260818-213956,1787089359497,-0.0
20260818-213956,1787089359599,-0.0
20260818-213956,1787089359701,-0.0
20260818-213956,1787089359803,-0.0
20260818-213956,1787089359905,-0.0
20260818-213956,1787089360007,-0.0
20260818-213956,1787089360109,-0.0
20260818-213956,1787089360211,0.0
20260818-213956,1787089360313,-0.0
20260818-213956,1787089360415,-0.0
20260818-213956,1787089360517,-0.0
20260818-213956,1787089360424,-0.0
20260818-213956,1787089360619,0.0
20260818-213956,1787089360721,-0.0
20260818-213956,1787089360823,0.0
20260818-213956,1787089360925,-0.0
20260818-213956,1787089361027,-0.0
20260818-213956,1787089361129,-0.0
20260818-213956,1787089361231,-0.0
20260818-213956,1787089361333,-0.0
20260818-213956,1787089361196,-0.0
20260818-213956,1787089361435,-0.0
20260818-213956,1787089361537,-0.0
20260818-213956,1787089361639,-0.0
20260818-213956,1787089361741,-0.0
20260818-213956,1787089361843,-0.0
20260818-213956,1787089361945,-0.0
20260818-213956,1787089362047,-0.0
20260818-213956,1787089361942,-0.0
20260818-213956,1787089362149,-0.0
20260818-213956,1787089362251,-0.0
20260818-213956,1787089362353,-0.0
20260818-213956,1787089362455,-0.0
20260818-213956,1787089362557,-0.0
20260818-213956,1787089362659,-0.0
20260818-213956,1787089362761,-0.0
20260818-213956,1787089362863,-0.0
20260818-213956,1787089362965,-0.0
20260818-213956,1787089363067,-0.0
20260818-213956,1787089363169,-0.0
20260818-213956,1787089363271,-0.0
20260818-213956,1787089363373,-0.0
20260818-213956,1787089363475,-0.0
20260818-213956,1787089363577,-0.0
20260818-213956,1787089363679,-0.0
20260818-213956,1787089363781,-0.0
20260818-213956,1787089363883,-0.0
20260818-213956,1787089363985,-0.0
20260818-213956,1787089364087,0.0
20260818-213956,1787089364189,-0.0
20260818-213956,1787089364291,-0.0
20260818-213956,1787089364393,-0.0
20260818-213956,1787089364495,-0.0
20260818-213956,1787089364348,-0.0
20260818-213956,1787089364597,-0.0
20260818-213956,1787089364699,-0.0
20260818-213956,1787089364801,-0.0
20260818-213956,1787089364903,-0.0
20260818-213956,1787089365005,-0.0
20260818-213956,1787089365107,-0.0
20260818-213956,1787089365209,-0.0
20260818-213956,1787089365311,-0.0
20260818-213956,1787089365413,-0.0
20260818-213956,1787089365515,-0.0
20260818-213956,1787089365617,-0.0
20260818-213956,1787089365719,-0.0
20260818-213956,1787089365821,-0.0
20260818-213956,1787089365726,-0.0
20260818-213956,1787089365923,-0.0
20260818-213956,1787089366025,-0.0
20260818-213956,1787089366127,-0.0
20260818-213956,1787089366229,-0.0
20260818-213956,1787089366331,-0.0
20260818-213956,1787089366433,-0.0
20260818-213956,1787089366341,-0.0
20260818-213956,1787089366535,-0.0
20260818-213956,1787089366637,-0.0
20260818-213956,1787089366739,-0.0
20260818-213956,1787089366841,-0.0
20260818-213956,1787089366943,-0.0
20260818-213956,1787089367045,-0.0
20260818-213956,1787089367147,-0.0
20260818-213956,1787089367249,-0.0
20260818-213956,1787089367351,-0.0
20260818-213956,1787089367259,-0.0
20260818-213956,1787089367453,-0.0
20260818-213956,1787089367555,-0.0
20260818-213956,1787089367657,-0.0
20260818-213956,1787089367552,-0.0
20260818-213956,1787089367759,-0.0
20260818-213956,1787089367861,-0.0
20260818-213956,1787089367963,-0.0
20260818-213956,1787089368065,-0.0
20260818-213956,1787089368167,-0.0
20260818-213956,1787089368269,-0.0
20260818-213956,1787089368215,-0.0
20260818-213956,1787089368371,-0.0
20260818-213956,1787089368473,-0.0
20260818-213956,1787089368422,-0.0
20260818-213956,1787089368575,-0.0
20260818-213956,1787089368677,-0.0
20260818-213956,1787089368583,-0.0
20260818-213956,1787089368779,-0.0
20260818-213956,1787089368881,-0.0
20260818-213956,1787089368983,-0.0
20260818-213956,1787089369085,-0.0
20260818-213956,1787089369187,-0.0
20260818-213956,1787089369046,-0.0
20260818-213956,1787089369289,-0.0
20260818-213956,1787089369391,-0.0
20260818-213956,1787089369493,-0.0
20260818-213956,1787089369595,-0.0
20260818-213956,1787089369473,-0.0
20260818-213956,1787089369697,-0.0
20260818-213956,1787089369799,-0.0
20260818-213956,1787089369901,-0.0
20260818-213956,1787089370003,-0.0
20260818-213956,1787089370105,-0.0
20260818-213956,1787089370207,0.0
20260818-213956,1787089370169,-0.0
20260818-213956,1787089370309,-0.0
20260818-213956,1787089370411,-0.0
20260818-213956,1787089370267,-0.0
20260818-213956,1787089370513,-0.0
20260818-213956,1787089370615,-0.0
20260818-213956,1787089370717,-0.0
20260818-213956,1787089370819,-0.0
20260818-213956,1787089370921,-0.0
20260818-213956,1787089371023,-0.0
20260818-213956,1787089371125,-0.0
20260818-213956,1787089371227,-0.0
20260818-213956,1787089371329,-0.0
20260818-213956,1787089371431,-0.0
20260818-213956,1787089371533,-0.0
20260818-213956,1787089371635,0.0
20260818-213956,1787089371737,-0.0
20260818-213956,1787089371839,-0.0
20260818-213956,1787089371941,-0.0
20260818-213956,1787089372043,-0.0
20260818-213956,1787089372145,-0.0
20260818-213956,1787089372247,-0.0
20260818-213956,1787089372133,-0.0
20260818-213956,1787089372349,-0.0
20260818-213956,1787089372451,-0.0
20260818-213956,1787089372343,-0.0
20260818-213956,1787089372553,0.0
20260818-213956,1787089372655,-0.0
20260818-213956,1787089372757,-0.0
20260818-213956,1787089372859,-0.0
20260818-213956,1787089372961,-0.0
20260818-213956,1787089373063,-0.0
20260818-213956,1787089373165,-0.0
20260818-213956,1787089373267,-0.0
20260818-213956,1787089373369,-0.0
20260818-213956,1787089373471,-0.0
20260818-213956,1787089373573,-0.0
20260818-213956,1787089373675,-0.0
20260818-213956,1787089373777,-0.0
20260818-213956,1787089373879,-0.0
20260818-213956,1787089373981,-0.0
20260818-213956,1787089373843,-0.0
20260818-213956,1787089374083,-0.0
20260818-213956,1787089374185,-0.0
20260818-213956,1787089374287,-0.0
20260818-213956,1787089374389,-0.0
20260818-213956,1787089374491,-0.0
20260818-213956,1787089374438,-0.0
20260818-213956,1787089374593,-0.0
20260818-213956,1787089374695,-0.0
20260818-213956,1787089374797,-0.0
20260818-213956,1787089374713,-0.0
20260818-213956,1787089374899,-0.0
20260818-213956,1787089375001,-0.0
20260818-213956,1787089375103,-0.0
20260818-213956,1787089375205,-0.0
20260818-213956,1787089375307,-0.0
20260818-213956,1787089375409,-0.0
20260818-213956,1787089375310,-0.0
20260818-213956,1787089375511,0.0
20260818-213956,1787089375613,-0.0
20260818-213956,1787089375715,-0.0
20260818-213956,1787089375817,-0.0
20260818-213956,1787089375919,-0.0
20260818-213956,1787089376021,-0.0
20260818-213956,1787089376123,0.0
20260818-214257,1787089378400,-0.0
20260818-214257,1787089378571,-0.0
20260818-214257,1787089378673,-0.0
20260818-214257,1787089378775,0.07745951384859917
20260818-214257,1787089378877,0.07745951384859917
20260818-214257,1787089378979,0.07745951384859917
20260818-214257,1787089379081,0.07745951384859917
20260818-214257,1787089379183,0.07745951384859917
20260818-214257,1787089379192,0.07745951384859917
20260818-214257,1787089379192,0.07745951384859917
20260818-214257,1787089379193,0.07745951384859917
20260818-214257,1787089379193,0.07745951384859917
20260818-214257,1787089379193,0.07745951384859917
20260818-214257,1787089379285,-0.0
20260818-214257,1787089379387,-0.0
20260818-214257,1787089379489,-0.0
20260818-214257,1787089379591,-0.0
20260818-214257,1787089379693,-0.0
20260818-214257,1787089379795,-0.0
20260818-214257,1787089379897,-0.0
20260818-214257,1787089379999,-0.0
20260818-214257,1787089380101,-0.0
20260818-214257,1787089380203,-0.0
20260818-214257,1787089380305,-0.0
20260818-214257,1787089380214,-0.0
20260818-214257,1787089380407,-0.0
20260818-214257,1787089380509,-0.0
20260818-214257,1787089380611,-0.0
20260818-214257,1787089380536,-0.0
20260818-214257,1787089380713,-0.0
20260818-214257,1787089380815,-0.0
20260818-214257,1787089380917,-0.0
20260818-214257,1787089381019,-0.0
20260818-214257,1787089381121,-0.0
20260818-214257,1787089381223,-0.0
20260818-214257,1787089381325,-0.0
20260818-214257,1787089381427,-0.0
20260818-214257,1787089381529,-0.0
20260818-214257,1787089381631,-0.0
20260818-214257,1787089381733,-0.0
20260818-214257,1787089381835,-0.0
20260818-214257,1787089381937,-0.0
20260818-214257,1787089381856,-0.0
20260818-214257,1787089382039,-0.0
20260818-214257,1787089382141,-0.0
20260818-214257,1787089382243,-0.0
20260818-214257,1787089382345,-0.0
20260818-214257,1787089382447,-0.0
20260818-214257,1787089382549,-0.0
20260818-214257,1787089382651,-0.0
20260818-214257,1787089382753,-0.0
20260818-214257,1787089382855,-0.0
20260818-214257,1787089382957,-0.0
20260818-214257,1787089383059,-0.0
20260818-214257,1787089383161,-0.0
20260818-214257,1787089383263,-0.0
20260818-214257,1787089383365,-0.0
20260818-214257,1787089383467,-0.0
20260818-214257,1787089383569,-0.0
20260818-214257,1787089383671,-0.0
20260818-214257,1787089383596,-0.0
20260818-214257,1787089383773,-0.0
20260818-214257,1787089383875,-0.0
20260818-214257,1787089383977,-0.0
20260818-214257,1787089383861,-0.0
20260818-214257,1787089384079,-0.0
20260818-214257,1787089384181,-0.0
20260818-214257,1787089384283,-0.0
20260818-214257,1787089384385,-0.0
20260818-214257,1787089384487,-0.0
20260818-214257,1787089384589,-0.0
20260818-214257,1787089384691,-0.0
20260818-214257,1787089384793,-0.0
20260818-214257,1787089384895,0.04647606831097608
20260818-214257,1787089384997,0.04647606831097608
20260818-214257,1787089385099,0.04647606831097608
20260818-214257,1787089384965,0.04647606831097608
20260818-214257,1787089385201,0.04647606831097608
20260818-214257,1787089385282,0.04647606831097608
20260818-214257,1787089385303,0.04647606831097608
20260818-214257,1787089385295,0.04647606831097608
20260818-214257,1787089385405,-0.0
20260818-214257,1787089385343,-0.0
20260818-214257,1787089385507,-0.0
20260818-214257,1787089385609,-0.0
20260818-214257,1787089385711,-0.0
20260818-214257,1787089385813,-0.0
20260818-214257,1787089385915,-0.0
20260818-214257,1787089386017,-0.0
20260818-214257,1787089386119,-0.0
20260818-214257,1787089386221,-0.0
20260818-214257,1787089386323,-0.0
20260818-214257,1787089386425,-0.0
20260818-214257,1787089386527,-0.0
20260818-214257,1787089386629,-0.0
20260818-214257,1787089386731,-0.0
20260818-214257,1787089386833,-0.0
20260818-214257,1787089386935,-0.0
20260818-214257,1787089386790,-0.0
20260818-214257,1787089387037,-0.0
20260818-214257,1787089387139,-0.0
20260818-214257,1787089387241,-0.0
20260818-214257,1787089387096,-0.0
20260818-214257,1787089387343,-0.0
20260818-214257,1787089387445,-0.0
20260818-214257,1787089387547,-0.0
20260818-214257,1787089387649,-0.0
20260818-214257,1787089387751,-0.0
20260818-214257,1787089387853,-0.0
20260818-214257,1787089387955,-0.0
20260818-214257,1787089388057,-0.0
20260818-214257,1787089388159,-0.0
20260818-214257,1787089388261,-0.0
20260818-214257,1787089388363,-0.0
20260818-214257,1787089388465,-0.0
20260818-214257,1787089388567,-0.0
20260818-214257,1787089388669,-0.0
20260818-214257,1787089388771,-0.0
20260818-214257,1787089388873,-0.0
20260818-214257,1787089388975,-0.0
20260818-214257,1787089389077,-0.0
20260818-214257,1787089389179,-0.0
20260818-214257,1787089389281,-0.0
20260818-214257,1787089389383,-0.0
20260818-214257,1787089389485,-0.0
20260818-214257,1787089389587,-0.0
20260818-214257,1787089389689,-0.0
20260818-214257,1787089389598,-0.0
20260818-214257,1787089389791,-0.0
20260818-214257,1787089389893,-0.0
20260818-214257,1787089389995,-0.0
20260818-214257,1787089390097,-0.0
20260818-214257,1787089390199,-0.0
20260818-214257,1787089390301,-0.0
20260818-214257,1787089390403,-0.0
20260818-214257,1787089390505,-0.0
20260818-214257,1787089390607,-0.0
20260818-214257,1787089390709,-0.0
20260818-214257,1787089390811,-0.0
20260818-214257,1787089390913,-0.0
20260818-214257,1787089391015,-0.0
20260818-214257,1787089391117,-0.0
20260818-214257,1787089391219,-0.0
20260818-214257,1787089391321,-0.0
20260818-214257,1787089391251,-0.0
20260818-214257,1787089391423,-0.0
20260818-214257,1787089391525,-0.0
20260818-214257,1787089391627,-0.0
20260818-214257,1787089391729,-0.0
20260818-214257,1787089391831,-0.0
20260818-214257,1787089391933,-0.0
20260818-214257,1787089392035,-0.0
20260818-214257,1787089392137,-0.0
20260818-214257,1787089392239,-0.0
20260818-214257,1787089392341,-0.0
20260818-214257,1787089392443,-0.0
20260818-214257,1787089392545,-0.0
20260818-214257,1787089392647,-0.0
20260818-214257,1787089392545,-0.0
20260818-214257,1787089392749,-0.0
20260818-214257,1787089392851,-0.0
20260818-214257,1787089392953,-0.0
20260818-214257,1787089393055,-0.0
20260818-214257,1787089393157,-0.0
20260818-214257,1787089393259,-0.0
20260818-214257,1787089393361,-0.0
20260818-214257,1787089393287,-0.0
20260818-214257,1787089393463,-0.0
20260818-214257,1787089393565,-0.0
20260818-214257,1787089393667,-0.0
20260818-214257,1787089393589,-0.0
20260818-214257,1787089393769,-0.0
20260818-214257,1787089393871,-0.0
20260818-214257,1787089393767,-0.0
20260818-214257,1787089393973,-0.0
20260818-214257,1787089394075,-0.0
20260818-214257,1787089394177,-0.0
20260818-214257,1787089394279,-0.0
20260818-214257,1787089394381,-0.0
20260818-214257,1787089394483,-0.0
20260818-214257,1787089394585,-0.0
20260818-214257,1787089394687,-0.0
20260818-214257,1787089394789,-0.0
20260818-214257,1787089394891,-0.0
20260818-214257,1787089394993,-0.0
20260818-214257,1787089395095,-0.0
20260818-214257,1787089395197,-0.0
20260818-214257,1787089395299,-0.0
20260818-214257,1787089395401,-0.0
20260818-214257,1787089395503,-0.0
20260818-214257,1787089395605,-0.0
20260818-214257,1787089395707,-0.0
20260818-214257,1787089395809,-0.0
20260818-214257,1787089395911,-0.0
20260818-214257,1787089396013,-0.0
20260818-214257,1787089396115,-0.0
20260818-214257,1787089396217,-0.0
20260818-214257,1787089396135,-0.0
20260818-214257,1787089396319,-0.0
20260818-214257,1787089396421,-0.0
20260818-214257,1787089396523,-0.0
20260818-214257,1787089396625,-0.0
20260818-214257,1787089396727,-0.0
20260818-214257,1787089396829,-0.0
20260818-214257,1787089396931,-0.0
20260818-214257,1787089397033,-0.0
20260818-214257,1787089397135,-0.0
20260818-214257,1787089397022,-0.0
20260818-214257,1787089397237,-0.0
20260818-214257,1787089397339,-0.0
20260818-214257,1787089397441,-0.0
20260818-214257,1787089397543,-0.0
20260818-214257,1787089397503,-0.0
20260818-214257,1787089397645,-0.0
20260818-214257,1787089397747,-0.0
20260818-214257,1787089397616,-0.0
20260818-214257,1787089397849,-0.0
20260818-214257,1787089397951,-0.0
20260818-214257,1787089397812,-0.0
20260818-214257,1787089398053,-0.0
20260818-214257,1787089398155,-0.0
20260818-214257,1787089398257,-0.0
20260818-214257,1787089398359,-0.0
20260818-214257,1787089398461,-0.0
20260818-214257,1787089398563,-0.0
20260818-214257,1787089398665,-0.0
20260818-214257,1787089398767,-0.0
20260818-214257,1787089398869,-0.0
20260818-214257,1787089398971,-0.0
20260818-214257,1787089399073,-0.0
20260818-214257,1787089399175,-0.0
20260818-214257,1787089399277,-0.0
20260818-214257,1787089399379,-0.0
20260818-214257,1787089399481,-0.0
20260818-214257,1787089399583,-0.0
20260818-214257,1787089399685,-0.0
20260818-214257,1787089399625,-0.0
20260818-214257,1787089399787,-0.0
20260818-214257,1787089399889,-0.0
20260818-214257,1787089399991,-0.0
20260818-214257,1787089400093,-0.0
20260818-214257,1787089400006,-0.0
20260818-214257,1787089400195,-0.0
20260818-214257,1787089400297,-0.0
20260818-214257,1787089400399,-0.0
20260818-214257,1787089400501,-0.0
20260818-214257,1787089400513,-0.0
20260818-214257,1787089400603,-0.0
20260818-214257,1787089400523,-0.0
20260818-214257,1787089400705,-0.0
20260818-214257,1787089400807,-0.0
20260818-214257,1787089402508,-0.0
20260818-214257,1787089402508,-0.0
20260818-214257,1787089402508,-0.0
20260818-214257,1787089402508,-0.0
20260818-214257,1787089402541,-0.0
20260818-214257,1787089402508,-0.0
20260818-214257,1787089402643,-0.0
20260818-214257,1787089402522,-0.0
20260818-214257,1787089402745,-0.0
20260818-214257,1787089402847,-0.0
20260818-214257,1787089402949,-0.0
20260818-214257,1787089403051,-0.0
20260818-214257,1787089402953,-0.0
20260818-214257,1787089403153,-0.0
20260818-214257,1787089403255,-0.0
20260818-214257,1787089403357,-0.0
20260818-214257,1787089403459,-0.0
20260818-214257,1787089403561,-0.0
20260818-214257,1787089403663,-0.0
20260818-214257,1787089403522,-0.0
20260818-214257,1787089403765,-0.0
20260818-214257,1787089403867,-0.0
20260818-214257,1787089403969,-0.0
20260818-214257,1787089404071,-0.0
20260818-214257,1787089404173,0.43378268571947276
20260818-214257,1787089404275,0.43378268571947276
20260818-214257,1787089404377,0.43378268571947276
20260818-214257,1787089404230,0.43378268571947276
20260818-214257,1787089404479,0.43378268571947276
20260818-214257,1787089404581,0.43378268571947276
20260818-214257,1787089404603,0.43378268571947276
20260818-214257,1787089404603,0.43378268571947276
20260818-214257,1787089404603,0.43378268571947276
20260818-214257,1787089404604,0.43378268571947276
20260818-214257,1787089404605,0.43378268571947276
20260818-214257,1787089404605,0.43378268571947276
20260818-214257,1787089404609,0.43378268571947276
20260818-214257,1787089404611,-0.0
20260818-214257,1787089404611,-0.0
20260818-214257,1787089404611,-0.0
20260818-214257,1787089404611,-0.0
20260818-214257,1787089404611,-0.0
20260818-214257,1787089404611,-0.0
20260818-214257,1787089404611,-0.0
20260818-214257,1787089404683,-0.0
20260818-214257,1787089404611,-0.0
20260818-214257,1787089404785,-0.0
20260818-214257,1787089404887,-0.0
20260818-214257,1787089404989,-0.0
20260818-214257,1787089405091,-0.0
20260818-214257,1787089405193,-0.0
20260818-214257,1787089405295,-0.0
20260818-214257,1787089405397,-0.0
20260818-214257,1787089405499,-0.0
20260818-214257,1787089405601,-0.0
20260818-214257,1787089405703,-0.0
20260818-214257,1787089405805,-0.0
20260818-214257,1787089405720,-0.0
20260818-214257,1787089405907,-0.0
20260818-214257,1787089406009,-0.0
20260818-214257,1787089405936,-0.0
20260818-214257,1787089406111,-0.0
20260818-214257,1787089406213,-0.0
20260818-214257,1787089406315,-0.0
20260818-214257,1787089406417,-0.0
20260818-214257,1787089406519,-0.0
20260818-214257,1787089406426,-0.0
20260818-214257,1787089406621,-0.0
20260818-214257,1787089406723,-0.0
20260818-214257,1787089406825,-0.0
20260818-214257,1787089406927,-0.0
20260818-214257,1787089407029,-0.0
20260818-214257,1787089406962,-0.0
20260818-214257,1787089407131,-0.0
20260818-214257,1787089407233,-0.0
20260818-214257,1787089407335,-0.0
20260818-214257,1787089407437,-0.0
20260818-214257,1787089407539,-0.0
20260818-214257,1787089407580,-0.0
20260818-214257,1787089407641,-0.0
20260818-214257,1787089407743,-0.0
20260818-214257,1787089407630,-0.0
20260818-214257,1787089407845,-0.0
20260818-214257,1787089407947,-0.0
20260818-214257,1787089408049,-0.0
20260818-214257,1787089408151,-0.0
20260818-214257,1787089408253,-0.0
20260818-214257,1787089408355,-0.0
20260818-214257,1787089408457,-0.0
20260818-214257,1787089408559,-0.0
20260818-214257,1787089408661,-0.0
20260818-214257,1787089408763,-0.0
20260818-214257,1787089408865,-0.0
20260818-214257,1787089408967,-0.0
20260818-214257,1787089409069,-0.0
20260818-214257,1787089408926,-0.0
20260818-214257,1787089409171,-0.0
20260818-214257,1787089409273,-0.0
20260818-214257,1787089409375,-0.0
20260818-214257,1787089409477,-0.0
20260818-214257,1787089409407,-0.0
20260818-214257,1787089409579,-0.0
20260818-214257,1787089409681,-0.0
20260818-214257,1787089409783,-0.0
20260818-214257,1787089409885,-0.0
20260818-214257,1787089409987,-0.0
20260818-214257,1787089410089,-0.0
20260818-214257,1787089410191,-0.0
20260818-214257,1787089410293,-0.0
20260818-214257,1787089410198,-0.0
20260818-214257,1787089410395,-0.0
20260818-214257,1787089410497,-0.0
20260818-214257,1787089410599,-0.0
20260818-214257,1787089410701,-0.0
20260818-214257,1787089410803,-0.0
20260818-214257,1787089410905,-0.0
20260818-214257,1787089411007,-0.0
20260818-214257,1787089411109,-0.0
20260818-214257,1787089411211,-0.0
20260818-214257,1787089411313,-0.0
20260818-214257,1787089411415,-0.0
20260818-214257,1787089411517,-0.0
20260818-214257,1787089411619,-0.0
20260818-214257,1787089411721,-0.0
20260818-214257,1787089411823,-0.0
20260818-214257,1787089411925,-0.0
20260818-214257,1787089412027,-0.0
20260818-214257,1787089412129,-0.0
20260818-214257,1787089412231,-0.0
20260818-214257,1787089412333,-0.0
20260818-214257,1787089412435,-0.0
20260818-214257,1787089412537,-0.0
20260818-214257,1787089412639,-0.0
20260818-214257,1787089412741,-0.0
20260818-214257,1787089412843,-0.0
20260818-214257,1787089412837,-0.0
20260818-214257,1787089412945,-0.0
20260818-214257,1787089413047,-0.0
20260818-214257,1787089412925,-0.0
20260818-214257,1787089413149,-0.0
20260818-214257,1787089413251,-0.0
20260818-214257,1787089413353,-0.0
20260818-214257,1787089413455,-0.0
20260818-214257,1787089413557,-0.0
20260818-214257,1787089413659,-0.0
20260818-214257,1787089413571,-0.0
20260818-214257,1787089413761,-0.0
20260818-214257,1787089413863,-0.0
20260818-214257,1787089413730,-0.0
20260818-214257,1787089413965,-0.0
20260818-214257,1787089414067,-0.0
20260818-214257,1787089414169,-0.0
20260818-214257,1787089414093,-0.0
20260818-214257,1787089414271,-0.0
20260818-214257,1787089414373,-0.0
20260818-214257,1787089414475,-0.0
20260818-214257,1787089414577,-0.0
20260818-214257,1787089414679,-0.0
20260818-214257,1787089414542,-0.0
20260818-214257,1787089414781,-0.0
20260818-214257,1787089414883,-0.0
20260818-214257,1787089414985,-0.0
20260818-214257,1787089415087,-0.0
20260818-214257,1787089415189,-0.0
20260818-214257,1787089415291,0.015492910829973647
20260818-214257,1787089415393,0.015492910829973647
20260818-214257,1787089415495,0.015492910829973647
20260818-214257,1787089415597,0.015492910829973647
20260818-214257,1787089415469,0.015492910829973647
20260818-214257,1787089415699,0.015492910829973647
20260818-214257,1787089415801,-0.0
20260818-214257,1787089415903,-0.0
20260818-214257,1787089415775,-0.0
20260818-214257,1787089416005,-0.0
20260818-214257,1787089416107,-0.0
20260818-214257,1787089416209,-0.0
20260818-214257,1787089416311,-0.0
20260818-214257,1787089416413,-0.0
20260818-214257,1787089416515,-0.0
20260818-214257,1787089416617,-0.0
20260818-214257,1787089416719,-0.0
20260818-214257,1787089416821,-0.0
20260818-214257,1787089416923,-0.0
20260818-214257,1787089417025,-0.0
20260818-214257,1787089417127,-0.0
20260818-214257,1787089417229,-0.0
20260818-214257,1787089417121,-0.0
20260818-214257,1787089417331,-0.0
20260818-214257,1787089417433,-0.0
20260818-214257,1787089417535,-0.0
20260818-214257,1787089417637,-0.0
20260818-214257,1787089417739,-0.0
20260818-214257,1787089417841,-0.0
20260818-214257,1787089417943,-0.0
20260818-214257,1787089417859,-0.0
20260818-214257,1787089418045,-0.0
20260818-214257,1787089418147,-0.0
20260818-214257,1787089418003,-0.0
20260818-214257,1787089418249,-0.0
20260818-214257,1787089418307,-0.0
20260818-214257,1787089418351,-0.0
20260818-214257,1787089418453,-0.0
20260818-214257,1787089418318,-0.0
20260818-214257,1787089418555,-0.0
20260818-214257,1787089418657,-0.0
20260818-214257,1787089418759,-0.0
20260818-214257,1787089418635,-0.0
20260818-214257,1787089418861,-0.0
20260818-214257,1787089418963,-0.0
20260818-214257,1787089419065,-0.0
20260818-214257,1787089419167,-0.0
20260818-214257,1787089419269,-0.0
20260818-214257,1787089419371,-0.0
20260818-214257,1787089419473,-0.0
20260818-214257,1787089419575,-0.0
20260818-214257,1787089419677,-0.0
20260818-214257,1787089419779,-0.0
20260818-214257,1787089419881,-0.0
20260818-214257,1787089419983,-0.0
20260818-214257,1787089420085,-0.0
20260818-214257,1787089420187,-0.0
20260818-214257,1787089420042,-0.0
20260818-214257,1787089420289,-0.0
20260818-214257,1787089420391,-0.0
20260818-214257,1787089420493,-0.0
20260818-214257,1787089420595,-0.0
20260818-214257,1787089420697,-0.0
20260818-214257,1787089420799,-0.0
20260818-214257,1787089420901,-0.0
20260818-214257,1787089421003,-0.0
20260818-214257,1787089420855,-0.0
20260818-214257,1787089421105,-0.0
20260818-214257,1787089421207,-0.0
20260818-214257,1787089421309,-0.0
20260818-214257,1787089421411,-0.0
20260818-214257,1787089421513,-0.0
20260818-214257,1787089421464,-0.0
20260818-214257,1787089421615,-0.0
20260818-214257,1787089421717,-0.0
20260818-214257,1787089421654,-0.0
20260818-214257,1787089421819,-0.0
20260818-214257,1787089421921,-0.0
20260818-214257,1787089421795,-0.0
20260818-214257,1787089422023,-0.0
20260818-214257,1787089422125,-0.0
20260818-214257,1787089422227,-0.0
20260818-214257,1787089422329,-0.0
20260818-214257,1787089422431,-0.0
20260818-214257,1787089422533,-0.0
20260818-214257,1787089422635,-0.0
20260818-214257,1787089422737,-0.0
20260818-214257,1787089422839,-0.0
20260818-214257,1787089422941,-0.0
20260818-214257,1787089423043,-0.0
20260818-214257,1787089423145,-0.0
20260818-214257,1787089423247,-0.0
20260818-214257,1787089423349,-0.0
20260818-214257,1787089423451,-0.0
20260818-214257,1787089423553,-0.0
20260818-214257,1787089423655,-0.0
20260818-214257,1787089423757,-0.0
20260818-214257,1787089423859,-0.0
20260818-214257,1787089423961,-0.0
20260818-214257,1787089424063,-0.0
20260818-214257,1787089424165,-0.0
20260818-214257,1787089424267,-0.0
20260818-214257,1787089424369,-0.0
20260818-214257,1787089424471,-0.0
20260818-214257,1787089424378,-0.0
20260818-214257,1787089424573,-0.0
20260818-214257,1787089424675,-0.0
20260818-214257,1787089424528,-0.0
20260818-214257,1787089424777,-0.0
20260818-214257,1787089424689,-0.0
20260818-214257,1787089424879,-0.0
20260818-214257,1787089424981,-0.0
20260818-214257,1787089425083,-0.0
20260818-214257,1787089425185,-0.0
20260818-214257,1787089425287,-0.0
20260818-214257,1787089425389,-0.0
20260818-214257,1787089425491,-0.0
20260818-214257,1787089425593,-0.0
20260818-214257,1787089425695,-0.0
20260818-214257,1787089425797,-0.0
20260818-214257,1787089425899,-0.0
20260818-214257,1787089426001,-0.0
20260818-214257,1787089426103,-0.0
20260818-214257,1787089426205,-0.0
20260818-214257,1787089426307,-0.0
20260818-214257,1787089426409,-0.0
20260818-214257,1787089426511,-0.0
20260818-214257,1787089426613,-0.0
20260818-214257,1787089426715,-0.0
20260818-214257,1787089426639,-0.0
20260818-214257,1787089426817,-0.0
20260818-214257,1787089426919,-0.0
20260818-214257,1787089427021,-0.0
20260818-214257,1787089427123,-0.0
20260818-214257,1787089427225,-0.0
20260818-214257,1787089427327,-0.0
20260818-214257,1787089427429,-0.0
20260818-214257,1787089427531,-0.0
20260818-214257,1787089427633,-0.0
20260818-214257,1787089427735,-0.0
20260818-214257,1787089427837,-0.0
20260818-214257,1787089427939,-0.0
20260818-214257,1787089428041,-0.0
20260818-214257,1787089427951,-0.0
20260818-214257,1787089428143,-0.0
20260818-214257,1787089428093,-0.0
20260818-214257,1787089428245,-0.0
20260818-214257,1787089428347,-0.0
20260818-214257,1787089428449,-0.0
20260818-214257,1787089428551,-0.0
20260818-214257,1787089428653,-0.0
20260818-214257,1787089428514,-0.0
20260818-214257,1787089428755,-0.0
20260818-214257,1787089428857,-0.0
20260818-214257,1787089428731,-0.0
20260818-214257,1787089428959,-0.0
20260818-214257,1787089429061,-0.0
20260818-214257,1787089429163,-0.0
20260818-214257,1787089429065,-0.0
20260818-214257,1787089429265,-0.0
20260818-214257,1787089429367,-0.0
20260818-214257,1787089429469,-0.0
20260818-214257,1787089429571,-0.0
20260818-214257,1787089429673,-0.0
20260818-214257,1787089429775,-0.0
20260818-214257,1787089429877,-0.0
20260818-214257,1787089429979,-0.0
20260818-214257,1787089430081,-0.0
20260818-214257,1787089430183,-0.0
20260818-214257,1787089430285,-0.0
20260818-214257,1787089430387,-0.0
20260818-214257,1787089430249,-0.0
20260818-214257,1787089430489,-0.0
20260818-214257,1787089430591,-0.0
20260818-214257,1787089430693,-0.0
20260818-214257,1787089430795,-0.0
20260818-214257,1787089430897,-0.0
20260818-214257,1787089430999,-0.0
20260818-214257,1787089431101,-0.0
20260818-214257,1787089431203,-0.0
20260818-214257,1787089431305,-0.0
20260818-214257,1787089431407,-0.0
20260818-214257,1787089431509,-0.0
20260818-214257,1787089431611,-0.0
20260818-214257,1787089431713,-0.0
20260818-214257,1787089431815,-0.0
20260818-214257,1787089431712,-0.0
20260818-214257,1787089431917,-0.0
20260818-214257,1787089432019,-0.0
20260818-214257,1787089432121,-0.0
20260818-214257,1787089432223,-0.0
20260818-214257,1787089432325,-0.0
20260818-214257,1787089432427,-0.0
20260818-214257,1787089432529,-0.0
20260818-214257,1787089432631,-0.0
20260818-214257,1787089432733,0.7281679372159799
20260818-214257,1787089432835,0.7281679372159799
20260818-214257,1787089432937,0.7281679372159799
20260818-214257,1787089433039,0.7281679372159799
20260818-214257,1787089432998,0.7281679372159799
20260818-214257,1787089433133,0.6042497348674146
20260818-214257,1787089433133,0.6042497348674146
20260818-214257,1787089433133,0.6042497348674146
20260818-214257,1787089433133,0.6042497348674146
20260818-214257,1787089433133,0.6042497348674146
20260818-214257,1787089433133,0.6042497348674146
20260818-214257,1787089433133,0.6042497348674146
20260818-214257,1787089433133,0.6042497348674146
20260818-214257,1787089433133,0.6042497348674146
20260818-214257,1787089433133,0.6042497348674146
20260818-214257,1787089433133,0.6042497348674146
20260818-214257,1787089433133,0.6042497348674146
20260818-214257,1787089433133,0.6042497348674146
20260818-214257,1787089433133,0.6042497348674146
20260818-214257,1787089433141,0.6042497348674146
20260818-214257,1787089433133,0.6042497348674146
20260818-214257,1787089433208,0.8831342278829709
20260818-214257,1787089433208,0.8831342278829709
20260818-214257,1787089433208,0.8831342278829709
20260818-214257,1787089433208,0.8831342278829709
20260818-214257,1787089433208,0.8831342278829709
20260818-214257,1787089433208,0.8831342278829709
20260818-214257,1787089433208,0.8831342278829709
20260818-214257,1787089433208,0.8831342278829709
20260818-214257,1787089433208,0.8831342278829709
20260818-214257,1787089433208,0.8831342278829709
20260818-214257,1787089433208,0.8831342278829709
20260818-214257,1787089433208,0.8831342278829709
20260818-214257,1787089433221,0.5732803333100883
20260818-214257,1787089433221,0.5732803333100883
20260818-214257,1787089433221,0.5732803333100883
20260818-214257,1787089433243,0.5732803333100883
20260818-214257,1787089433345,0.5732803333100883
20260818-214257,1787089433221,0.5732803333100883
20260818-214257,1787089433447,1.1620547296789552
20260818-214257,1787089433549,1.1620547296789552
20260818-214257,1787089433651,0.8676930752655984
20260818-214257,1787089433626,0.8676930752655984
20260818-214257,1787089433626,0.8676930752655984
20260818-214257,1787089433626,0.8676930752655984
20260818-214257,1787089433626,0.8676930752655984
20260818-214257,1787089433626,0.8676930752655984
20260818-214257,1787089433626,0.8676930752655984
20260818-214257,1787089433626,0.8676930752655984
20260818-214257,1787089433627,0.8676930752655984
20260818-214257,1787089433627,0.8676930752655984
20260818-214257,1787089433627,0.8676930752655984
20260818-214257,1787089433627,0.8676930752655984
20260818-214257,1787089433627,0.8676930752655984
20260818-214257,1787089433627,0.8676930752655984
20260818-214257,1787089433627,0.8676930752655984
20260818-214257,1787089433753,0.5888081515822063
20260818-214257,1787089433701,0.5888081515822063
20260818-214257,1787089433746,0.5888081515822063
20260818-214257,1787089433746,0.5888081515822063
20260818-214257,1787089433746,0.5888081515822063
20260818-214257,1787089433746,0.5888081515822063
20260818-214257,1787089433746,0.5888081515822063
20260818-214257,1787089433746,0.5888081515822063
20260818-214257,1787089433746,0.5888081515822063
20260818-214257,1787089433746,0.5888081515822063
20260818-214257,1787089433746,0.5888081515822063
20260818-214257,1787089433746,0.5888081515822063
20260818-214257,1787089433855,0.5888081515822063
20260818-214257,1787089433746,0.5888081515822063
20260818-214257,1787089433957,-0.0
20260818-214257,1787089433785,-0.0
20260818-214257,1787089433946,-0.0
20260818-214257,1787089433946,-0.0
20260818-214257,1787089433946,-0.0
20260818-214257,1787089433946,-0.0
20260818-214257,1787089433946,-0.0
20260818-214257,1787089433946,-0.0
20260818-214257,1787089433946,-0.0
20260818-214257,1787089433946,-0.0
20260818-214257,1787089433946,-0.0
20260818-214257,1787089433946,-0.0
20260818-214257,1787089433946,-0.0
20260818-214257,1787089433946,-0.0
20260818-214257,1787089433946,-0.0
20260818-214257,1787089433946,-0.0
20260818-214257,1787089433946,-0.0
20260818-214257,1787089433946,-0.0
20260818-214257,1787089433946,-0.0
20260818-214257,1787089433946,-0.0
20260818-214257,1787089433946,-0.0
20260818-214257,1787089433946,-0.0
20260818-214257,1787089433946,-0.0
20260818-214257,1787089433946,-0.0
20260818-214257,1787089433946,-0.0
20260818-214257,1787089433946,-0.0
20260818-214257,1787089433946,-0.0
20260818-214257,1787089433946,-0.0
20260818-214257,1787089433946,-0.0
20260818-214257,1787089433946,-0.0
20260818-214257,1787089433946,-0.0
20260818-214257,1787089433946,-0.0
20260818-214257,1787089433946,-0.0
20260818-214257,1787089433946,-0.0
20260818-214257,1787089433946,-0.0
20260818-214257,1787089433946,-0.0
20260818-214257,1787089433946,-0.0
20260818-214257,1787089433946,-0.0
20260818-214257,1787089433946,-0.0
20260818-214257,1787089433946,-0.0
20260818-214257,1787089433946,-0.0
20260818-214257,1787089433956,-0.0
20260818-214257,1787089437731,0.449238733982382
20260818-214257,1787089437688,0.449238733982382
20260818-214257,1787089437833,0.8055327708541342
20260818-214257,1787089437739,0.4337484150759966
20260818-214257,1787089437935,0.8055327708541342
20260818-214257,1787089437900,0.8055327708541342
20260818-214257,1787089437965,0.8055327708541342
20260818-214257,1787089437967,0.8055327708541342
20260818-214257,1787089437967,0.8055327708541342
20260818-214257,1787089437967,0.8055327708541342
20260818-214257,1787089437969,0.37180048256514125
20260818-214257,1787089437969,0.37180048256514125
20260818-214257,1787089437969,0.37180048256514125
20260818-214257,1787089437969,0.37180048256514125
20260818-214257,1787089437969,0.37180048256514125
20260818-214257,1787089437969,0.37180048256514125
20260818-214257,1787089437969,0.37180048256514125
20260818-214257,1787089437969,0.37180048256514125
20260818-214257,1787089438037,0.37180048256514125
20260818-214257,1787089437969,0.37180048256514125
20260818-214257,1787089438139,0.3872921693396281
20260818-214257,1787089438241,0.3872921693396281
20260818-214257,1787089438234,0.3872921693396281
20260818-214257,1787089438303,0.3872921693396281
20260818-214257,1787089438303,0.3872921693396281
20260818-214257,1787089438303,0.3872921693396281
20260818-214257,1787089438303,0.3872921693396281
20260818-214257,1787089438303,0.3872921693396281
20260818-214257,1787089438303,0.3872921693396281
20260818-214257,1787089438303,0.3872921693396281
20260818-214257,1787089438308,0.015492262777564532
20260818-214257,1787089438308,0.015492262777564532
20260818-214257,1787089438308,0.015492262777564532
20260818-214257,1787089438308,0.015492262777564532
20260818-214257,1787089438343,0.015492262777564532
20260818-214257,1787089438445,0.015492262777564532
20260818-214257,1787089438308,0.015492262777564532
20260818-214257,1787089438547,0.015492262777564532
20260818-214257,1787089438550,0.015492262777564532
20260818-214257,1787089438649,-0.0
20260818-214257,1787089438558,-0.0
20260818-214257,1787089438751,-0.0
20260818-214257,1787089438853,-0.0
20260818-214257,1787089438955,0.015492286778622312
20260818-214257,1787089439057,0.015492286778622312
20260818-214257,1787089439159,0.015492286778622312
20260818-214257,1787089439261,0.015492286778622312
20260818-214257,1787089439363,0.015492286778622312
20260818-214257,1787089439465,-0.0
20260818-214257,1787089439446,-0.0
20260818-214257,1787089439567,-0.0
20260818-214257,1787089439669,-0.0
20260818-214257,1787089439527,-0.0
20260818-214257,1787089439771,-0.0
20260818-214257,1787089439873,-0.0
20260818-214257,1787089439975,-0.0
20260818-214257,1787089440077,-0.0
20260818-214257,1787089440179,-0.0
20260818-214257,1787089440091,-0.0
20260818-214257,1787089440281,-0.0
20260818-214257,1787089440383,-0.0
20260818-214257,1787089440231,-0.0
20260818-214257,1787089440485,-0.0
20260818-214257,1787089440587,-0.0
20260818-214257,1787089440689,-0.0
20260818-214257,1787089440791,-0.0
20260818-214257,1787089440893,-0.0
20260818-214257,1787089440835,-0.0
20260818-214257,1787089440995,-0.0
20260818-214257,1787089441097,-0.0
20260818-214257,1787089441199,-0.0
20260818-214257,1787089441301,-0.0
20260818-214257,1787089441403,-0.0
20260818-214257,1787089441505,-0.0
20260818-214257,1787089441398,-0.0
20260818-214257,1787089441607,-0.0
20260818-214257,1787089441709,-0.0
20260818-214257,1787089441811,-0.0
20260818-214257,1787089441698,-0.0
20260818-214257,1787089441913,-0.0
20260818-214257,1787089442015,-0.0
20260818-214257,1787089442117,-0.0
20260818-214257,1787089442049,-0.0
20260818-214257,1787089442219,-0.0
20260818-214257,1787089442123,-0.0
20260818-214257,1787089442321,-0.0
20260818-214257,1787089442423,-0.0
20260818-214257,1787089442330,-0.0
20260818-214257,1787089442525,-0.0
20260818-214257,1787089442627,-0.0
20260818-214257,1787089442729,-0.0
20260818-214257,1787089442831,-0.0
20260818-214257,1787089442933,-0.0
20260818-214257,1787089442790,-0.0
20260818-214257,1787089443035,-0.0
20260818-214257,1787089443137,-0.0
20260818-214257,1787089443018,-0.0
20260818-214257,1787089443239,-0.0
20260818-214257,1787089443341,-0.0
20260818-214257,1787089443443,-0.0
20260818-214257,1787089443545,-0.0
20260818-214257,1787089443647,-0.0
20260818-214257,1787089443749,-0.0
20260818-214257,1787089443851,-0.0
20260818-214257,1787089443953,-0.0
20260818-214257,1787089444055,-0.0
20260818-214257,1787089444157,-0.0
20260818-214257,1787089444259,-0.0
20260818-214257,1787089444361,-0.0
20260818-214257,1787089444463,-0.0
20260818-214257,1787089444565,-0.0
20260818-214257,1787089444667,-0.0
20260818-214257,1787089444769,-0.0
20260818-214257,1787089444871,-0.0
20260818-214257,1787089444973,-0.0
20260818-214257,1787089445075,-0.0
20260818-214257,1787089445177,-0.0
20260818-214257,1787089445279,-0.0
20260818-214257,1787089445381,-0.0
20260818-214257,1787089445483,-0.0
20260818-214257,1787089445585,-0.0
20260818-214257,1787089445687,-0.0
20260818-214257,1787089445789,-0.0
20260818-214257,1787089445653,-0.0
20260818-214257,1787089445891,-0.0
20260818-214257,1787089445830,-0.0
20260818-214257,1787089445993,-0.0
20260818-214257,1787089446095,-0.0
20260818-214257,1787089446197,-0.0
20260818-214257,1787089446299,-0.0
20260818-214257,1787089446401,-0.0
20260818-214257,1787089446503,-0.0
20260818-214257,1787089446605,-0.0
20260818-214257,1787089446707,-0.0
20260818-214257,1787089446809,-0.0
20260818-214257,1787089446911,-0.0
20260818-214257,1787089447013,-0.0
20260818-214257,1787089447115,-0.0
20260818-214257,1787089447217,-0.0
20260818-214257,1787089447319,-0.0
20260818-214257,1787089447421,-0.0
20260818-214257,1787089447523,-0.0
20260818-214257,1787089447625,-0.0
20260818-214257,1787089447727,-0.0
20260818-214257,1787089447629,-0.0
20260818-214257,1787089447829,-0.0
20260818-214257,1787089447771,-0.0
20260818-214257,1787089447931,-0.0
20260818-214257,1787089448033,-0.0
20260818-214257,1787089448135,-0.0
20260818-214257,1787089448237,-0.0
20260818-214257,1787089448339,-0.0
20260818-214257,1787089448441,-0.0
20260818-214257,1787089448543,-0.0
20260818-214257,1787089448645,-0.0
20260818-214257,1787089448747,-0.0
20260818-214257,1787089448849,-0.0
20260818-214257,1787089448951,-0.0
20260818-214257,1787089449053,-0.0
20260818-214257,1787089449155,-0.0
20260818-214257,1787089449100,-0.0
20260818-214257,1787089449257,-0.0
20260818-214257,1787089449359,-0.0
20260818-214257,1787089449461,-0.0
20260818-214257,1787089449563,-0.0
20260818-214257,1787089449461,-0.0
20260818-214257,1787089449665,-0.0
20260818-214257,1787089449767,-0.0
20260818-214257,1787089449869,-0.0
20260818-214257,1787089449971,-0.0
20260818-214257,1787089450073,-0.0
20260818-214257,1787089449994,-0.0
20260818-214257,1787089450175,-0.0
20260818-214257,1787089450277,-0.0
20260818-214257,1787089450379,-0.0
20260818-214257,1787089450481,-0.0
20260818-214257,1787089450583,-0.0
20260818-214257,1787089450685,-0.0
20260818-214257,1787089450631,-0.0
20260818-214257,1787089450787,-0.0
20260818-214257,1787089450889,-0.0
20260818-214257,1787089450991,-0.0
20260818-214257,1787089450872,-0.0
20260818-214257,1787089451093,-0.0
20260818-214257,1787089451195,-0.0
20260818-214257,1787089451297,-0.0
20260818-214257,1787089451399,-0.0
20260818-214257,1787089451501,-0.0
20260818-214257,1787089451603,-0.0
20260818-214257,1787089451705,-0.0
20260818-214257,1787089451807,-0.0
20260818-214257,1787089451909,-0.0
20260818-214257,1787089452011,-0.0
20260818-214257,1787089452113,-0.0
20260818-214257,1787089452215,-0.0
20260818-214257,1787089452317,-0.0
20260818-214257,1787089452419,-0.0
20260818-214257,1787089452521,-0.0
20260818-214257,1787089452623,-0.0
20260818-214257,1787089452725,-0.0
20260818-214257,1787089452827,-0.0
20260818-214257,1787089452929,-0.0
20260818-214257,1787089453031,-0.0
20260818-214257,1787089453133,-0.0
20260818-214257,1787089453235,-0.0
20260818-214257,1787089453337,-0.0
20260818-214257,1787089453439,-0.0
20260818-214257,1787089453541,-0.0
20260818-214257,1787089453643,-0.0
20260818-214257,1787089453745,-0.0
20260818-214257,1787089453605,-0.0
20260818-214257,1787089453847,-0.0
20260818-214257,1787089453949,-0.0
20260818-214257,1787089454051,-0.0
20260818-214257,1787089454153,-0.0
20260818-214257,1787089454255,-0.0
20260818-214257,1787089454145,-0.0
20260818-214257,1787089454357,-0.0
20260818-214257,1787089454459,-0.0
20260818-214257,1787089454561,-0.0
20260818-214257,1787089454503,-0.0
20260818-214257,1787089454663,-0.0
20260818-214257,1787089454765,-0.0
20260818-214257,1787089454668,-0.0
20260818-214257,1787089454867,-0.0
20260818-214257,1787089454969,-0.0
20260818-214257,1787089455071,-0.0
20260818-214257,1787089455173,-0.0
20260818-214257,1787089455080,-0.0
20260818-214257,1787089455275,-0.0
20260818-214257,1787089455377,-0.0
20260818-214257,1787089455479,-0.0
20260818-214257,1787089455581,-0.0
20260818-214257,1787089455530,-0.0
20260818-214257,1787089455683,-0.0
20260818-214257,1787089455785,-0.0
20260818-214257,1787089455887,-0.0
20260818-214257,1787089455989,-0.0
20260818-214257,1787089456091,-0.0
20260818-214257,1787089456193,-0.0
20260818-214257,1787089456295,-0.0
20260818-214257,1787089456397,-0.0
20260818-214257,1787089456499,-0.0
20260818-214257,1787089456601,-0.0
20260818-214257,1787089456703,-0.0
20260818-214257,1787089456805,-0.0
20260818-214257,1787089456907,-0.0
20260818-214257,1787089456779,-0.0
20260818-214257,1787089457009,-0.0
20260818-214257,1787089457111,-0.0
20260818-214257,1787089457213,-0.0
20260818-214257,1787089457315,-0.0
20260818-214257,1787089457417,-0.0
20260818-214257,1787089457519,-0.0
20260818-214257,1787089457621,-0.0
20260818-214257,1787089457723,-0.0
20260818-214257,1787089457622,-0.0
20260818-214257,1787089457825,-0.0
20260818-214257,1787089457927,-0.0
20260818-214257,1787089458029,-0.0
20260818-214257,1787089458131,-0.0
20260818-214257,1787089458233,-0.0
20260818-214257,1787089458335,-0.0
20260818-214257,1787089458437,-0.0
20260818-214257,1787089458539,-0.0
20260818-214257,1787089458641,-0.0
20260818-214257,1787089458743,-0.0
20260818-214257,1787089458845,-0.0
20260818-214257,1787089458947,-0.0
20260818-214257,1787089459049,-0.0
20260818-214257,1787089459151,-0.0
20260818-214257,1787089459253,-0.0
20260818-214257,1787089459355,-0.0
20260818-214257,1787089459457,-0.0
20260818-214257,1787089459559,-0.0
20260818-214257,1787089459661,-0.0
20260818-214257,1787089459763,-0.0
20260818-214257,1787089459865,-0.0
20260818-214257,1787089459967,-0.0
20260818-214257,1787089460069,-0.0
20260818-214257,1787089460171,-0.0
20260818-214257,1787089460273,-0.0
20260818-214257,1787089460375,-0.0
20260818-214257,1787089460477,-0.6196924311541075
20260818-214257,1787089460579,-0.6196924311541075
20260818-214257,1787089460512,-0.6196924311541075
20260818-214257,1787089460681,-1.3633233485394873
20260818-214257,1787089460783,-1.8745696042420767
20260818-214257,1787089460885,-1.8745696042420767
20260818-214257,1787089460891,-2.308354306050403
20260818-214257,1787089460899,-2.308354306050403
20260818-214257,1787089460902,-2.308354306050403
20260818-214257,1787089460902,-2.308354306050403
20260818-214257,1787089460902,-2.308354306050403
20260818-214257,1787089460911,-2.308354306050403
20260818-214257,1787089460911,-2.308354306050403
20260818-214257,1787089460911,-2.308354306050403
20260818-214257,1787089460911,-2.308354306050403
20260818-214257,1787089460911,-2.308354306050403
20260818-214257,1787089460911,-2.308354306050403
20260818-214257,1787089460911,-2.308354306050403
20260818-214257,1787089460911,-2.308354306050403
20260818-214257,1787089460911,-2.308354306050403
20260818-214257,1787089460920,-2.308354306050403
20260818-214257,1787089460920,-2.308354306050403
20260818-214257,1787089460924,-2.308354306050403
20260818-214257,1787089490057,1.7190153294362511
20260818-214257,1787089490059,1.7190153294362511
20260818-214257,1787089490088,1.7190153294362511
20260818-214257,1787089490094,1.7190153294362511
20260818-214257,1787089490094,1.7190153294362511
20260818-214257,1787089490094,1.7190153294362511
20260818-214257,1787089490094,1.7190153294362511
20260818-214257,1787089490094,1.7190153294362511
20260818-214257,1787089490094,1.7190153294362511
20260818-214257,1787089490103,1.7190153294362511
20260818-214257,1787089490113,1.7190153294362511
20260818-214257,1787089490113,1.7190153294362511
20260818-214257,1787089490113,1.7190153294362511
20260818-214257,1787089490135,1.7190153294362511
20260818-214257,1787089490138,1.7190153294362511
20260818-214257,1787089490142,1.7190153294362511
20260818-214257,1787089490142,1.7190153294362511
20260818-214257,1787089490142,1.7190153294362511
20260818-214257,1787089490142,1.7190153294362511
20260818-214257,1787089490142,1.7190153294362511
20260818-214257,1787089490142,1.7190153294362511
20260818-214257,1787089490142,1.7190153294362511
20260818-214257,1787089490142,1.7190153294362511
20260818-214257,1787089490147,1.7190153294362511
20260818-214257,1787089490149,1.7190153294362511
20260818-214257,1787089490151,1.7190153294362511
20260818-214257,1787089490151,1.7190153294362511
20260818-214257,1787089490154,1.7190153294362511
20260818-214257,1787089490155,1.7190153294362511
20260818-214257,1787089490159,0.8518382281764855
20260818-214257,1787089490159,0.8518382281764855
20260818-214257,1787089490193,0.8518382281764855
20260818-214257,1787089490200,0.8518382281764855
20260818-214257,1787089490202,0.8518382281764855
20260818-214257,1787089490205,0.8518382281764855
20260818-214257,1787089490206,0.8518382281764855
20260818-214257,1787089490209,0.8518382281764855
20260818-214257,1787089490209,0.8518382281764855
20260818-214257,1787089490213,0.8518382281764855
20260818-214257,1787089490213,0.8518382281764855
20260818-214257,1787089490218,0.8518382281764855
20260818-214257,1787089490218,0.8518382281764855
20260818-214257,1787089490218,0.8518382281764855
20260818-214257,1787089490219,0.8518382281764855
20260818-214257,1787089490219,0.8518382281764855
20260818-214257,1787089490261,0.49563262470730024
20260818-214257,1787089490222,0.49563262470730024
20260818-214257,1787089490319,0.49563262470730024
20260818-214257,1787089490319,0.49563262470730024
20260818-214257,1787089490328,0.49563262470730024
20260818-214257,1787089490328,0.49563262470730024
20260818-214257,1787089490328,0.49563262470730024
20260818-214257,1787089490328,0.49563262470730024
20260818-214257,1787089490328,0.49563262470730024
20260818-214257,1787089490328,0.49563262470730024
20260818-214257,1787089490331,0.49563262470730024
20260818-214257,1787089490337,0.49563262470730024
20260818-214257,1787089490337,0.49563262470730024
20260818-214257,1787089490337,0.49563262470730024
20260818-214257,1787089490337,0.49563262470730024
20260818-214257,1787089490337,0.49563262470730024
20260818-214257,1787089490337,0.49563262470730024
20260818-214257,1787089490337,0.49563262470730024
20260818-214257,1787089490337,0.49563262470730024
20260818-214257,1787089490337,0.49563262470730024
20260818-214257,1787089490337,0.49563262470730024
20260818-214257,1787089490337,0.49563262470730024
20260818-214257,1787089490340,0.49563262470730024
20260818-214257,1787089490340,0.49563262470730024
20260818-214257,1787089490342,0.49563262470730024
20260818-214257,1787089490363,-0.0
20260818-214257,1787089490465,-0.0
20260818-214257,1787089490344,-0.0
20260818-214257,1787089493117,0.6195887634479805
20260818-214257,1787089493135,0.6195887634479805
20260818-214257,1787089493145,0.6195887634479805
20260818-214257,1787089493146,0.6195887634479805
20260818-214257,1787089493148,0.6195887634479805
20260818-214257,1787089493148,0.6195887634479805
20260818-214257,1787089493150,0.6195887634479805
20260818-214257,1787089493150,0.6195887634479805
20260818-214257,1787089493150,0.6195887634479805
20260818-214257,1787089493150,0.6195887634479805
20260818-214257,1787089493155,0.6195887634479805
20260818-214257,1787089493157,0.6195887634479805
20260818-214257,1787089493159,-0.0
20260818-214257,1787089493219,-0.0
20260818-214257,1787089493159,-0.0
20260818-214257,1787089493321,-0.0
20260818-214257,1787089493423,-0.0
20260818-214257,1787089493525,-0.0
20260818-214257,1787089493627,-0.0
20260818-214257,1787089493729,-0.0
20260818-214257,1787089493831,-0.0
20260818-214257,1787089493933,-0.0
20260818-214257,1787089494035,-0.0
20260818-214257,1787089494137,-0.0
20260818-214257,1787089494011,-0.0
20260818-214257,1787089494239,-0.0
20260818-214257,1787089494171,-0.0
20260818-214257,1787089494341,-0.0
20260818-214257,1787089494443,-0.0
20260818-214257,1787089494376,-0.0
20260818-214257,1787089494545,-0.0
20260818-214257,1787089494480,-0.0
20260818-214257,1787089494647,-0.0
20260818-214257,1787089494749,-0.0
20260818-214257,1787089494608,-0.0
20260818-214257,1787089494851,-0.0
20260818-214257,1787089494953,-0.0
20260818-214257,1787089494899,-0.0
20260818-214257,1787089495055,-0.0
20260818-214257,1787089495157,-0.0
20260818-214257,1787089495259,-0.0
20260818-214257,1787089495361,-0.0
20260818-214257,1787089495463,-0.0
20260818-214257,1787089495565,-0.0
20260818-214257,1787089495667,-0.0
20260818-214257,1787089495769,-0.0
20260818-214257,1787089495871,-0.0
20260818-214257,1787089495743,-0.0
20260818-214257,1787089495973,-0.0
20260818-214257,1787089496075,-0.0
20260818-214257,1787089496177,-0.0
20260818-214257,1787089496041,-0.0
20260818-214257,1787089496279,-0.0
20260818-214257,1787089496381,-0.0
20260818-214257,1787089496483,-0.0
20260818-214257,1787089496585,-0.0
20260818-214257,1787089496687,-0.0
20260818-214257,1787089496789,-0.0
20260818-214257,1787089496891,-0.0
20260818-214257,1787089496993,-0.0
20260818-214257,1787089496882,-0.0
20260818-214257,1787089497095,-0.0
20260818-214257,1787089497197,-0.0
20260818-214257,1787089497299,-0.0
20260818-214257,1787089497401,-0.0
20260818-214257,1787089497302,-0.0
20260818-214257,1787089497503,-0.0
20260818-214257,1787089497403,-0.0
20260818-214257,1787089497605,-0.0
20260818-214257,1787089497560,-0.0
20260818-214257,1787089497707,-0.0
20260818-214257,1787089497631,-0.0
20260818-214257,1787089497809,-0.0
20260818-214257,1787089497911,-0.0
20260818-214257,1787089497827,-0.0
20260818-214257,1787089498013,-0.0
20260818-214257,1787089498115,-0.0
20260818-214257,1787089498217,-0.0
20260818-214257,1787089498128,-0.0
20260818-214257,1787089498319,-0.0
20260818-214257,1787089498421,-0.0
20260818-214257,1787089498523,-0.0
20260818-214257,1787089498625,-0.0
20260818-214257,1787089498727,-0.0
20260818-214257,1787089498829,-0.0
20260818-214257,1787089498931,-0.0
20260818-214257,1787089499033,-0.0
20260818-214257,1787089499135,-0.0
20260818-214257,1787089499237,-0.0
20260818-214257,1787089499339,-0.0
20260818-214257,1787089499441,-0.0
20260818-214257,1787089499543,-0.0
20260818-214257,1787089499645,-0.0
20260818-214257,1787089499747,-0.0
20260818-214257,1787089499849,-0.0
20260818-214257,1787089499951,-0.0
20260818-214257,1787089500053,-0.0
20260818-214257,1787089500155,-0.0
20260818-214257,1787089500257,-0.0
20260818-214257,1787089500112,-0.0
20260818-214257,1787089500359,-0.0
20260818-214257,1787089500461,-0.0
20260818-214257,1787089500563,-0.0
20260818-214257,1787089500665,-0.0
20260818-214257,1787089500522,-0.0
20260818-214257,1787089500767,-0.0
20260818-214257,1787089500869,-0.0
20260818-214257,1787089500971,-0.0
20260818-214257,1787089501073,0.89845937453331
20260818-214257,1787089501175,0.89845937453331
20260818-214257,1787089501053,0.89845937453331
20260818-214257,1787089501277,0.89845937453331
20260818-214257,1787089501379,0.89845937453331
20260818-214257,1787089501340,0.89845937453331
20260818-214257,1787089501443,0.89845937453331
20260818-214257,1787089501453,0.89845937453331
20260818-214257,1787089501453,0.89845937453331
20260818-214257,1787089501453,0.89845937453331
20260818-214257,1787089501453,0.89845937453331
20260818-214257,1787089501453,0.89845937453331
20260818-214257,1787089501453,0.89845937453331
20260818-214257,1787089501457,0.89845937453331
20260818-214257,1787089501457,0.89845937453331
20260818-214257,1787089501457,0.89845937453331
20260818-214257,1787089501457,0.89845937453331
20260818-214257,1787089501457,0.89845937453331
20260818-214257,1787089501457,0.89845937453331
20260818-214257,1787089501457,0.89845937453331
20260818-214257,1787089501457,0.89845937453331
20260818-214257,1787089501457,0.89845937453331
20260818-214257,1787089501465,0.89845937453331
20260818-214257,1787089501467,0.89845937453331
20260818-214257,1787089501467,0.89845937453331
20260818-214257,1787089501467,0.89845937453331
20260818-214257,1787089501472,0.89845937453331
20260818-214257,1787089501472,0.89845937453331
20260818-214257,1787089501475,0.89845937453331
20260818-214257,1787089501475,0.89845937453331
20260818-214257,1787089501479,0.89845937453331
20260818-214257,1787089501479,0.89845937453331
20260818-214257,1787089501480,0.89845937453331
20260818-214257,1787089501484,0.89845937453331
20260818-214257,1787089501484,0.89845937453331
20260818-214257,1787089501481,0.13942669293187707
20260818-214257,1787089501583,-0.0
20260818-214257,1787089501525,-0.0
20260818-214257,1787089501685,-0.0
20260818-214257,1787089501787,-0.0
20260818-214257,1787089501889,-0.0
20260818-214257,1787089501900,-0.0
20260818-214257,1787089501991,-0.0
20260818-214257,1787089502093,-0.0
20260818-214257,1787089501962,-0.0
20260818-214257,1787089502195,-0.0
20260818-214257,1787089502297,-0.0
20260818-214257,1787089502399,-0.0
20260818-214257,1787089502501,-0.0
20260818-214257,1787089502409,-0.0
20260818-214257,1787089502603,-0.0
20260818-214257,1787089502705,-0.0
20260818-214257,1787089502807,-0.0
20260818-214257,1787089502909,0.15492070770877697
20260818-214257,1787089503011,0.4492700523545515
20260818-214257,1787089502900,0.15492070770877697
20260818-214257,1787089503113,0.4492700523545515
20260818-214257,1787089503215,0.4492700523545515
20260818-214257,1787089503317,0.4492700523545515
20260818-214257,1787089503333,0.4492700523545515
20260818-214257,1787089503333,0.4492700523545515
20260818-214257,1787089503333,0.4492700523545515
20260818-214257,1787089503333,0.4492700523545515
20260818-214257,1787089503419,0.2943539047972993
20260818-214257,1787089503399,0.2943539047972993
20260818-214257,1787089503438,0.2943539047972993
20260818-214257,1787089503438,0.2943539047972993
20260818-214257,1787089503438,0.2943539047972993
20260818-214257,1787089503438,0.2943539047972993
20260818-214257,1787089503452,0.2943539047972993
20260818-214257,1787089503452,0.2943539047972993
20260818-214257,1787089503452,0.2943539047972993
20260818-214257,1787089503452,0.2943539047972993
20260818-214257,1787089503452,0.2943539047972993
20260818-214257,1787089503460,0.2943539047972993
20260818-214257,1787089503460,0.2943539047972993
20260818-214257,1787089503521,-0.0
20260818-214257,1787089503507,-0.0
20260818-214257,1787089503623,-0.0
20260818-214257,1787089503569,-0.0
20260818-214257,1787089503725,-0.0
20260818-214257,1787089503827,-0.0
20260818-214257,1787089503694,-0.0
20260818-214257,1787089503929,-0.0
20260818-214257,1787089504031,-0.0
20260818-214257,1787089503939,-0.0
20260818-214257,1787089504133,-0.0
20260818-214257,1787089504068,-0.0
20260818-214257,1787089504235,-0.0
20260818-214257,1787089504337,-0.0
20260818-214257,1787089504439,-0.0
20260818-214257,1787089504388,-0.0
20260818-214257,1787089504541,-0.0
20260818-214257,1787089504643,-0.0
20260818-214257,1787089504745,-0.0
20260818-214257,1787089504847,-0.0
20260818-214257,1787089504949,-0.0
20260818-214257,1787089505051,-0.0
20260818-214257,1787089505153,-0.0
20260818-214257,1787089505255,-0.0
20260818-214257,1787089505156,-0.0
20260818-214257,1787089505357,-0.0
20260818-214257,1787089505281,-0.0
20260818-214257,1787089505459,-0.0
20260818-214257,1787089505410,-0.0
20260818-214257,1787089505561,-0.0
20260818-214257,1787089505663,-0.0
20260818-214257,1787089505765,-0.0
20260818-214257,1787089505867,-0.0
20260818-214257,1787089505969,-0.0
20260818-214257,1787089506071,-0.6197106725797393
20260818-214257,1787089506173,-0.6197106725797393
20260818-214257,1787089506275,-0.6197106725797393
20260818-214257,1787089506127,-0.6197106725797393
20260818-214257,1787089506377,-0.8675949416125369
20260818-214257,1787089506299,-0.6197106725797393
20260818-214257,1787089506418,-0.8675949416125369
20260818-214257,1787089506479,-0.8675949416125369
20260818-214257,1787089506473,-0.8675949416125369
20260818-214257,1787089506517,-3.176017196971164
20260818-214257,1787089506517,-3.176017196971164
20260818-214257,1787089506517,-3.176017196971164
20260818-214257,1787089506517,-3.176017196971164
20260818-214257,1787089506517,-3.176017196971164
20260818-214257,1787089506519,-3.176017196971164
20260818-214257,1787089506525,-3.176017196971164
20260818-214257,1787089506525,-3.176017196971164
20260818-214257,1787089506525,-3.176017196971164
20260818-214257,1787089506525,-3.176017196971164
20260818-214257,1787089506525,-3.176017196971164
20260818-214257,1787089506526,-3.176017196971164
20260818-214257,1787089506528,-3.176017196971164
20260818-214257,1787089506528,-3.176017196971164
20260818-214257,1787089506528,-3.176017196971164
20260818-214257,1787089506528,-3.176017196971164
20260818-214257,1787089506528,-3.176017196971164
20260818-214257,1787089506528,-3.176017196971164
20260818-214257,1787089506529,-3.176017196971164
20260818-214257,1787089506535,-3.176017196971164
20260818-214257,1787089506535,-3.176017196971164
20260818-214257,1787089506535,-3.176017196971164
20260818-214257,1787089506535,-3.176017196971164
20260818-214257,1787089506535,-3.176017196971164
20260818-214257,1787089506535,-3.176017196971164
20260818-214257,1787089506535,-3.176017196971164
20260818-214257,1787089506557,-3.82671340317944
20260818-214257,1787089507295,-0.0
20260818-214257,1787089507397,-0.0
20260818-214257,1787089507276,-0.0
20260818-214257,1787089507499,-0.0
20260818-214257,1787089507426,-0.0
20260818-214257,1787089507601,-0.0
20260818-214257,1787089507703,-0.0
20260818-214257,1787089507805,-0.0
20260818-214257,1787089507907,-0.0
20260818-214257,1787089508009,-0.0
20260818-214257,1787089508111,-0.0
20260818-214257,1787089508213,-0.0
20260818-214257,1787089508315,-0.0
20260818-214257,1787089508417,-0.0
20260818-214257,1787089508519,-0.0
20260818-214257,1787089508621,-0.0
20260818-214257,1787089508723,-0.0
20260818-214257,1787089508825,-0.0
20260818-214257,1787089508927,-0.0
20260818-214257,1787089509029,-0.0
20260818-214257,1787089509131,-0.0
20260818-214257,1787089509233,-0.0
20260818-214257,1787089509335,-0.0
20260818-214257,1787089509437,-0.0
20260818-214257,1787089509539,-0.0
20260818-214257,1787089509641,-0.0
20260818-214257,1787089509743,-0.0
20260818-214257,1787089509845,-0.0
20260818-214257,1787089509730,-0.0
20260818-214257,1787089509947,-0.0
20260818-214257,1787089510049,-0.0
20260818-214257,1787089510151,-0.0
20260818-214257,1787089510253,-0.0
20260818-214257,1787089510355,-0.0
20260818-214257,1787089510457,-0.0
20260818-214257,1787089510559,-0.0
20260818-214257,1787089510661,-0.0
20260818-214257,1787089510763,-0.0
20260818-214257,1787089510642,-0.0
20260818-214257,1787089510865,-0.0
20260818-214257,1787089510967,-0.0
20260818-214257,1787089511069,-0.0
20260818-214257,1787089510930,-0.0
20260818-214257,1787089511171,-0.0
20260818-214257,1787089511273,-0.0
20260818-214257,1787089511375,-0.0
20260818-214257,1787089511326,-0.0
20260818-214257,1787089511477,-0.0
20260818-214257,1787089511579,-0.0
20260818-214257,1787089511436,-0.0
20260818-214257,1787089511681,-0.0
20260818-214257,1787089511651,-0.0
20260818-214257,1787089511783,-0.0
20260818-214257,1787089511728,-0.0
20260818-214257,1787089511885,-0.0
20260818-214257,1787089511987,-0.0
20260818-214257,1787089511895,-0.0
20260818-214257,1787089512089,-0.0
20260818-214257,1787089512191,-0.0
20260818-214257,1787089512293,-0.0
20260818-214257,1787089512181,-0.0
20260818-214257,1787089512311,-0.0
20260818-214257,1787089512395,-0.0
20260818-214257,1787089512497,-0.0
20260818-214257,1787089512599,-0.0
20260818-214257,1787089512526,-0.0
20260818-214257,1787089512701,-0.0
20260818-214257,1787089512652,-0.0
20260818-214257,1787089512803,1.2235854616376887
20260818-214257,1787089512905,1.2390738852013534
20260818-214257,1787089513007,1.2390738852013534
20260818-214257,1787089513109,2.1374024519727852
20260818-214257,1787089513122,2.1374024519727852
20260818-214257,1787089513124,2.1374024519727852
20260818-214257,1787089513127,2.1374024519727852
20260818-214257,1787089513127,2.1374024519727852
20260818-214257,1787089513131,2.1374024519727852
20260818-214257,1787089513132,2.1374024519727852
20260818-214257,1787089513134,2.1374024519727852
20260818-214257,1787089513135,2.1374024519727852
20260818-214257,1787089513135,2.1374024519727852
20260818-214257,1787089513142,2.1374024519727852
20260818-214257,1787089513150,2.1374024519727852
20260818-214257,1787089513150,2.1374024519727852
20260818-214257,1787089513153,2.1374024519727852
20260818-214257,1787089513153,2.1374024519727852
20260818-214257,1787089513154,2.1374024519727852
20260818-214257,1787089513154,2.1374024519727852
20260818-214257,1787089513168,2.1374024519727852
20260818-214257,1787089513170,2.1374024519727852
20260818-214257,1787089513174,2.1374024519727852
20260818-214257,1787089513176,2.1374024519727852
20260818-214257,1787089513176,2.1374024519727852
20260818-214257,1787089513176,2.1374024519727852
20260818-214257,1787089513199,2.1374024519727852
20260818-214257,1787089513202,2.1374024519727852
20260818-214257,1787089513202,2.1374024519727852
20260818-214257,1787089513209,2.1374024519727852
20260818-214257,1787089513212,2.1374024519727852
20260818-214257,1787089513212,2.1374024519727852
20260818-214257,1787089513212,2.1374024519727852
20260818-214257,1787089513212,2.1374024519727852
20260818-214257,1787089513212,2.1374024519727852
20260818-214257,1787089513212,2.1374024519727852
20260818-214257,1787089513219,1.4714982407851294
20260818-214257,1787089513219,1.4714982407851294
20260818-214257,1787089513219,1.4714982407851294
20260818-214257,1787089513211,1.4714982407851294
20260818-214257,1787089513219,1.4714982407851294
20260818-214257,1787089513227,1.4714982407851294
20260818-214257,1787089513229,1.4714982407851294
20260818-214257,1787089513229,1.4714982407851294
20260818-214257,1787089513229,1.4714982407851294
20260818-214257,1787089513234,1.4714982407851294
20260818-214257,1787089513235,1.4714982407851294
20260818-214257,1787089513235,1.4714982407851294
20260818-214257,1787089513252,1.4714982407851294
20260818-214257,1787089513254,1.4714982407851294
20260818-214257,1787089513254,1.4714982407851294
20260818-214257,1787089513254,1.4714982407851294
20260818-214257,1787089513260,1.4714982407851294
20260818-214257,1787089513260,1.4714982407851294
20260818-214257,1787089513260,1.4714982407851294
20260818-214257,1787089513313,0.9139288173364829
20260818-214257,1787089513415,0.898439890111958
20260818-214257,1787089513385,0.898439890111958
20260818-214257,1787089513515,0.7590373856884554
20260818-214257,1787089513515,0.7590373856884554
20260818-214257,1787089513517,0.7590373856884554
20260818-214257,1787089513515,0.7590373856884554
20260818-214257,1787089513515,0.7590373856884554
20260818-214257,1787089513515,0.7590373856884554
20260818-214257,1787089513515,0.7590373856884554
20260818-214257,1787089513515,0.7590373856884554
20260818-214257,1787089513515,0.7590373856884554
20260818-214257,1787089513515,0.7590373856884554
20260818-214257,1787089513517,0.7590373856884554
20260818-214257,1787089513517,0.7590373856884554
20260818-214257,1787089513523,0.7590373856884554
20260818-214257,1787089513524,0.7590373856884554
20260818-214257,1787089513532,0.7590373856884554
20260818-214257,1787089513532,0.7590373856884554
20260818-214257,1787089513532,0.7590373856884554
20260818-214257,1787089513532,0.7590373856884554
20260818-214257,1787089513532,0.7590373856884554
20260818-214257,1787089513532,0.7590373856884554
20260818-214257,1787089513532,0.7590373856884554
20260818-214257,1787089513535,0.7590373856884554
20260818-214257,1787089513538,0.7590373856884554
20260818-214257,1787089513538,0.7590373856884554
20260818-214257,1787089513538,0.7590373856884554
20260818-214257,1787089513542,0.7590373856884554
20260818-214257,1787089513546,0.7590373856884554
20260818-214257,1787089513546,0.7590373856884554
20260818-214257,1787089513546,0.7590373856884554
20260818-214257,1787089513546,0.7590373856884554
20260818-214257,1787089513548,0.7590373856884554
20260818-214257,1787089513550,-0.0
20260818-214257,1787089513550,-0.0
20260818-214257,1787089513550,-0.0
20260818-214257,1787089513619,-0.0
20260818-214257,1787089513550,-0.0
20260818-214257,1787089513721,-0.0
20260818-214257,1787089513823,-0.0
20260818-214257,1787089513752,-0.0
20260818-214257,1787089513925,-0.0
20260818-214257,1787089513832,-0.0
20260818-214257,1787089514027,-0.0
20260818-214257,1787089513963,-0.0
20260818-214257,1787089514129,-0.0
20260818-214257,1787089514231,-0.0
20260818-214257,1787089514163,-0.0
20260818-214257,1787089514333,-0.0
20260818-214257,1787089514337,-0.0
20260818-214257,1787089514435,-0.0
20260818-214257,1787089514537,-0.0
20260818-214257,1787089514414,-0.0
20260818-214257,1787089514639,-0.0
20260818-214257,1787089514541,-0.0
20260818-214257,1787089514741,-0.0
20260818-214257,1787089514843,-0.0
20260818-214257,1787089514945,-0.0
20260818-214257,1787089514831,-0.0
20260818-214257,1787089515047,-0.0
20260818-214257,1787089515149,-0.0
20260818-214257,1787089515251,-0.0
20260818-214257,1787089515353,-0.0
20260818-214257,1787089515455,-0.0
20260818-214257,1787089515557,-0.0
20260818-214257,1787089515446,-0.0
20260818-214257,1787089515659,-0.0
20260818-214257,1787089515558,-0.0
20260818-214257,1787089515761,-0.0
20260818-214257,1787089515863,-0.0
20260818-214257,1787089515965,-0.0
20260818-214257,1787089515831,-0.0
20260818-214257,1787089516067,-0.0
20260818-214257,1787089516169,-0.0
20260818-214257,1787089516271,-0.0
20260818-214257,1787089516373,-0.0
20260818-214257,1787089516475,-0.0
20260818-214257,1787089516577,-0.0
20260818-214257,1787089516679,-0.0
20260818-214257,1787089516781,-0.0
20260818-214257,1787089516883,-0.0
20260818-214257,1787089516985,-0.0
20260818-214257,1787089516845,-0.0
20260818-214257,1787089517087,-0.0
20260818-214257,1787089517189,-0.0
20260818-214257,1787089517291,-0.0
20260818-214257,1787089517393,-0.0
20260818-214257,1787089517495,-0.0
20260818-214257,1787089517597,-0.0
20260818-214257,1787089517699,-0.0
20260818-214257,1787089517801,-0.0
20260818-214257,1787089517903,-0.0
20260818-214257,1787089518005,-0.0
20260818-214257,1787089518107,-0.0
20260818-214257,1787089518209,-0.0
20260818-214257,1787089518311,-0.0
20260818-214257,1787089518413,-0.0
20260818-214257,1787089518515,-0.0
20260818-214257,1787089518617,-0.0
20260818-214257,1787089518719,-0.0
20260818-214257,1787089518821,-0.0
20260818-214257,1787089518690,-0.0
20260818-214257,1787089518923,-0.0
20260818-214257,1787089519025,-0.0
20260818-214257,1787089519127,-0.0
20260818-214257,1787089519229,-0.0
20260818-214257,1787089519331,-0.0
20260818-214257,1787089519433,-0.0
20260818-214257,1787089519535,-0.0
20260818-214257,1787089519637,-0.0
20260818-214257,1787089519739,-0.0
20260818-214257,1787089519841,-0.0
20260818-214257,1787089519943,-0.0
20260818-214257,1787089520045,-0.0
20260818-214257,1787089520147,-0.0
20260818-214257,1787089520249,-0.0
20260818-214257,1787089520351,-0.0
20260818-214257,1787089520453,-0.0
20260818-214257,1787089520320,-0.0
20260818-214257,1787089520555,-0.0
20260818-214257,1787089520657,-0.0
20260818-214257,1787089520759,-0.0
20260818-214257,1787089520861,-0.0
20260818-214257,1787089520963,-0.0
20260818-214257,1787089521065,-0.0
20260818-214257,1787089520996,-0.0
20260818-214257,1787089521167,-0.0
20260818-214257,1787089521269,-0.0
20260818-214257,1787089521164,-0.0
20260818-214257,1787089521304,-0.0
20260818-214257,1787089521371,-0.0
20260818-214257,1787089521369,-0.0
20260818-214257,1787089521473,-0.0
20260818-214257,1787089521575,-0.0
20260818-214257,1787089521442,-0.0
20260818-214257,1787089521677,-0.0
20260818-214257,1787089521621,-0.0
20260818-214257,1787089521779,-0.0
20260818-214257,1787089521881,-0.0
20260818-214257,1787089521983,-0.0
20260818-214257,1787089522085,-0.0
20260818-214257,1787089522187,-0.0
20260818-214257,1787089522289,-0.0
20260818-214257,1787089522391,-0.0
20260818-214257,1787089522493,-0.0
20260818-214257,1787089522595,-0.0
20260818-214257,1787089522697,-0.0
20260818-214257,1787089522799,-0.0
20260818-214257,1787089522648,-0.0
20260818-214257,1787089522901,-0.0
20260818-214257,1787089523003,-0.0
20260818-214257,1787089523105,-0.0
20260818-214257,1787089523207,-0.0
20260818-214257,1787089523309,-0.0
20260818-214257,1787089523411,-0.0
20260818-214257,1787089523513,-0.0
20260818-214257,1787089523615,-0.0
20260818-214257,1787089523717,-0.0
20260818-214257,1787089523658,-0.0
20260818-214257,1787089523819,-0.0
20260818-214257,1787089523921,-0.0
20260818-214257,1787089524023,-0.0
20260818-214257,1787089524125,-0.0
20260818-214257,1787089524227,-0.0
20260818-214257,1787089524329,-0.0
20260818-214257,1787089524276,-0.0
20260818-214257,1787089524431,-0.0
20260818-214257,1787089524533,-0.0
20260818-214257,1787089524635,-0.0
20260818-214257,1787089524737,-0.0
20260818-214257,1787089524839,-0.0
20260818-214257,1787089524941,-0.0
20260818-214257,1787089525043,-0.0
20260818-214257,1787089524901,-0.0
20260818-214257,1787089525145,-0.0
20260818-214257,1787089525247,-0.0
20260818-214257,1787089525349,-0.0
20260818-214257,1787089525451,-0.0
20260818-214257,1787089525553,-0.0
20260818-214257,1787089525655,-0.0
20260818-214257,1787089525757,-0.0
20260818-214257,1787089525859,-0.0
20260818-214257,1787089525961,-0.0
20260818-214257,1787089526063,-0.0
20260818-214257,1787089525917,-0.0
20260818-214257,1787089526165,-0.0
20260818-214257,1787089526267,-0.0
20260818-214257,1787089526369,-0.0
20260818-214257,1787089526471,-0.0
20260818-214257,1787089526573,-0.0
20260818-214257,1787089526675,-0.0
20260818-214257,1787089526777,-0.0
20260818-214257,1787089526879,-0.0
20260818-214257,1787089526981,-0.0
20260818-214257,1787089527083,-0.0
20260818-214257,1787089527185,-0.0
20260818-214257,1787089527287,-0.0
20260818-214257,1787089527223,-0.0
20260818-214257,1787089527389,-0.0
20260818-214257,1787089527315,-0.0
20260818-214257,1787089527491,-0.0
20260818-214257,1787089527593,-0.0
20260818-214257,1787089527695,-0.0
20260818-214257,1787089527797,-0.0
20260818-214257,1787089527705,-0.0
20260818-214257,1787089527899,-0.0
20260818-214257,1787089528001,-0.0
20260818-214257,1787089528103,-0.0
20260818-214257,1787089528205,-0.0
20260818-214257,1787089528307,-0.0
20260818-214257,1787089528409,-0.0
20260818-214257,1787089528511,-0.0
20260818-214257,1787089528613,-0.0
20260818-214257,1787089528715,-0.0
20260818-214257,1787089528817,-0.0
20260818-214257,1787089528919,-0.0
20260818-214257,1787089529021,-0.0
20260818-214257,1787089529123,-0.0
20260818-214257,1787089529225,-0.0
20260818-214257,1787089529327,-0.0
20260818-214257,1787089529429,-0.0
20260818-214257,1787089529531,-0.0
20260818-214257,1787089529633,-0.0
20260818-214257,1787089529735,-0.0
20260818-214257,1787089529837,-0.0
20260818-214257,1787089529939,-0.0
20260818-214257,1787089530041,-0.0
20260818-214257,1787089530143,-0.0
20260818-214257,1787089530245,-0.0
20260818-214257,1787089530179,-0.0
20260818-214257,1787089530347,-0.0
20260818-214257,1787089530449,-0.0
20260818-214257,1787089530381,-0.0
20260818-214257,1787089530551,-0.0
20260818-214257,1787089530653,-0.0
20260818-214257,1787089530755,-0.0
20260818-214257,1787089530857,-0.0
20260818-214257,1787089530959,-0.0
20260818-214257,1787089531061,-0.0
20260818-214257,1787089531163,-0.0
20260818-214257,1787089531265,-0.0
20260818-214257,1787089531367,-0.0
20260818-214257,1787089531469,-0.0
20260818-214257,1787089531376,-0.0
20260818-214257,1787089531571,-0.0
20260818-214257,1787089531673,-0.0
20260818-214257,1787089531775,-0.0
20260818-214257,1787089531877,-0.0
20260818-214257,1787089531979,-0.0
20260818-214257,1787089532081,-0.0
20260818-214257,1787089532183,-0.0
20260818-214257,1787089532285,-1.2858139860935205
20260818-214257,1787089532387,-1.5646652119914188
20260818-214257,1787089532489,-1.5646652119914188
20260818-214257,1787089532591,-1.5646652119914188
20260818-214257,1787089548605,1.7654396602913411
20260818-214257,1787089548603,1.7654396602913411
20260818-214257,1787089548613,1.7654396602913411
20260818-214257,1787089548613,1.7654396602913411
20260818-214257,1787089548613,1.7654396602913411
20260818-214257,1787089548613,1.7654396602913411
20260818-214257,1787089548613,1.7654396602913411
20260818-214257,1787089548613,1.7654396602913411
20260818-214257,1787089548613,1.7654396602913411
20260818-214257,1787089548613,1.7654396602913411
20260818-214257,1787089548613,1.7654396602913411
20260818-214257,1787089548613,1.7654396602913411
20260818-214257,1787089548613,1.7654396602913411
20260818-214257,1787089548615,1.7654396602913411
20260818-214257,1787089548619,1.7654396602913411
20260818-214257,1787089548620,1.7654396602913411
20260818-214257,1787089548620,1.7654396602913411
20260818-214257,1787089548620,1.7654396602913411
20260818-214257,1787089548620,1.7654396602913411
20260818-214257,1787089548621,1.7654396602913411
20260818-214257,1787089548627,1.7654396602913411
20260818-214257,1787089548627,1.7654396602913411
20260818-214257,1787089548628,1.7654396602913411
20260818-214257,1787089548633,1.7654396602913411
20260818-214257,1787089548633,1.7654396602913411
20260818-214257,1787089548633,1.7654396602913411
20260818-214257,1787089548633,1.7654396602913411
20260818-214257,1787089548633,1.7654396602913411
20260818-214257,1787089548636,1.7654396602913411
20260818-214257,1787089548640,1.7654396602913411
20260818-214257,1787089548642,1.7654396602913411
20260818-214257,1787089548642,1.7654396602913411
20260818-214257,1787089548644,1.7654396602913411
20260818-214257,1787089548644,1.7654396602913411
20260818-214257,1787089548644,1.7654396602913411
20260818-214257,1787089548644,1.7654396602913411
20260818-214257,1787089548644,1.7654396602913411
20260818-214257,1787089548644,1.7654396602913411
20260818-214257,1787089548647,1.7654396602913411
20260818-214257,1787089548650,1.7654396602913411
20260818-214257,1787089548653,1.7654396602913411
20260818-214257,1787089548653,1.7654396602913411
20260818-214257,1787089548653,1.7654396602913411
20260818-214257,1787089548654,1.7654396602913411
20260818-214257,1787089548654,1.7654396602913411
20260818-214257,1787089548654,1.7654396602913411
20260818-214257,1787089548654,1.7654396602913411
20260818-214257,1787089548659,1.7654396602913411
20260818-214257,1787089548706,1.7654396602913411
20260818-214257,1787089548707,0.5420872683060934
20260818-214257,1787089548707,0.5420872683060934
20260818-214257,1787089548810,0.5420872683060934
20260818-214257,1787089548813,0.5420872683060934
20260818-214257,1787089548813,0.5420872683060934
20260818-214257,1787089548815,0.5420872683060934
20260818-214257,1787089548815,0.5420872683060934
20260818-214257,1787089548817,0.5420872683060934
20260818-214257,1787089548809,0.5420872683060934
20260818-214257,1787089548818,0.5420872683060934
20260818-214257,1787089548822,0.5420872683060934
20260818-214257,1787089548822,0.5420872683060934
20260818-214257,1787089548826,0.5420872683060934
20260818-214257,1787089548828,0.5420872683060934
20260818-214257,1787089548828,0.5420872683060934
20260818-214257,1787089548828,0.5420872683060934
20260818-214257,1787089548828,0.5420872683060934
20260818-214257,1787089548828,0.5420872683060934
20260818-214257,1787089548828,0.5420872683060934
20260818-214257,1787089548828,0.5420872683060934
20260818-214257,1787089548829,-0.0
20260818-214257,1787089548829,-0.0
20260818-214257,1787089548829,-0.0
20260818-214257,1787089548829,-0.0
20260818-214257,1787089548829,-0.0
20260818-214257,1787089548829,-0.0
20260818-214257,1787089548829,-0.0
20260818-214257,1787089548911,-0.0
20260818-214257,1787089548829,-0.0
20260818-214257,1787089549013,-0.0
20260818-214257,1787089549115,-0.0
20260818-214257,1787089549062,-0.0
20260818-214257,1787089549217,-0.0
20260818-214257,1787089549234,-0.0
20260818-214257,1787089549319,-0.0
20260818-214257,1787089549268,-0.0
20260818-214257,1787089549421,-0.0
20260818-214257,1787089549523,-0.0
20260818-214257,1787089549625,-0.0
20260818-214257,1787089549727,-0.0
20260818-214257,1787089549829,-0.0
20260818-214257,1787089549931,-0.0
20260818-214257,1787089550033,-0.0
20260818-214257,1787089550135,-0.0
20260818-214257,1787089550237,-0.0
20260818-214257,1787089550339,-0.0
20260818-214257,1787089550441,-0.0
20260818-214257,1787089550365,-0.0
20260818-214257,1787089550543,-0.0
20260818-214257,1787089550645,-0.0
20260818-214257,1787089550747,-0.0
20260818-214257,1787089550849,-0.7744523653711369
20260818-214257,1787089550704,-0.0
20260818-214257,1787089550951,-1.0687442642112674
20260818-214257,1787089550860,-0.7744523653711369
20260818-214257,1787089551053,-1.3940142576680463
20260818-214257,1787089551155,-1.3940142576680463
20260818-214257,1787089551092,-1.3940142576680463
20260818-214257,1787089551257,-1.3940142576680463
20260818-214257,1787089551298,-1.3940142576680463
20260818-214257,1787089551300,-1.3940142576680463
20260818-214257,1787089551305,-1.3940142576680463
20260818-214257,1787089551309,-1.3940142576680463
20260818-214257,1787089551309,-1.3940142576680463
20260818-214257,1787089551309,-1.3940142576680463
20260818-214257,1787089551309,-1.3940142576680463
20260818-214257,1787089551309,-1.3940142576680463
20260818-214257,1787089551309,-1.3940142576680463
20260818-214257,1787089551309,-1.3940142576680463
20260818-214257,1787089551316,-1.3940142576680463
20260818-214257,1787089551319,-0.6195139138953099
20260818-214257,1787089551319,-0.6195139138953099
20260818-214257,1787089551319,-0.6195139138953099
20260818-214257,1787089551319,-0.6195139138953099
20260818-214257,1787089551319,-0.6195139138953099
20260818-214257,1787089551319,-0.6195139138953099
20260818-214257,1787089551319,-0.6195139138953099
20260818-214257,1787089551319,-0.6195139138953099
20260818-214257,1787089551319,-0.6195139138953099
20260818-214257,1787089551319,-0.6195139138953099
20260818-214257,1787089551319,-0.6195139138953099
20260818-214558,1787089560540,0.0
20260818-214558,1787089560743,-0.0
20260818-214558,1787089560845,0.0
20260818-214558,1787089560947,0.0
20260818-214558,1787089561049,-0.0
20260818-214558,1787089561151,0.0
20260818-214558,1787089561253,-0.0
20260818-214558,1787089561355,0.0
20260818-214558,1787089561457,0.0
20260818-214558,1787089561559,0.0
20260818-214558,1787089561661,-0.0
20260818-214558,1787089561763,0.0
20260818-214558,1787089561865,0.0
20260818-214558,1787089561802,-0.0
20260818-214558,1787089561967,0.0
20260818-214558,1787089562069,0.0
20260818-214558,1787089562171,0.0
20260818-214558,1787089562036,-0.0
20260818-214558,1787089562273,0.0
20260818-214558,1787089562375,0.0
20260818-214558,1787089562235,-0.0
20260818-214558,1787089562477,-0.0
20260818-214558,1787089562579,0.0
20260818-214558,1787089562681,0.0
20260818-214558,1787089562783,0.0
20260818-214558,1787089562885,-0.0
20260818-214558,1787089562987,0.0
20260818-214558,1787089562863,0.0
20260818-214558,1787089563089,0.0
20260818-214558,1787089563191,-0.0
20260818-214558,1787089563293,0.0
20260818-214558,1787089563229,0.0
20260818-214558,1787089563395,0.0
20260818-214558,1787089563497,0.0
20260818-214558,1787089563599,0.0
20260818-214558,1787089563701,0.0
20260818-214558,1787089563803,0.0
20260818-214558,1787089563905,-0.0
20260818-214558,1787089564007,0.0
20260818-214558,1787089564109,0.0
20260818-214558,1787089564211,-0.0
20260818-214558,1787089564313,0.0
20260818-214558,1787089564197,0.0
20260818-214558,1787089564415,0.0
20260818-214558,1787089564517,0.0
20260818-214558,1787089564619,0.0
20260818-214558,1787089564721,-0.0
20260818-214558,1787089564823,0.0
20260818-214558,1787089564925,-0.0
20260818-214558,1787089565027,0.0
20260818-214558,1787089565129,-0.0
20260818-214558,1787089565231,-0.0
20260818-214558,1787089565127,-0.0
20260818-214558,1787089565333,-0.0
20260818-214558,1787089565435,-0.0
20260818-214558,1787089565537,0.0
20260818-214558,1787089565639,0.0
20260818-214558,1787089565741,0.0
20260818-214558,1787089565843,0.0
20260818-214558,1787089565945,0.0
20260818-214558,1787089566047,0.0
20260818-214558,1787089566149,-0.0
20260818-214558,1787089566251,0.0
20260818-214558,1787089566353,0.0
20260818-214558,1787089566279,-0.0
20260818-214558,1787089566455,0.0
20260818-214558,1787089566557,0.0
20260818-214558,1787089566659,0.0
20260818-214558,1787089566761,-0.0
20260818-214558,1787089566863,0.0
20260818-214558,1787089566965,0.0
20260818-214558,1787089567067,0.0
20260818-214558,1787089567169,0.0
20260818-214558,1787089567271,-0.0
20260818-214558,1787089567373,0.0
20260818-214558,1787089567277,-0.0
20260818-214558,1787089567475,-0.0
20260818-214558,1787089567577,0.0
20260818-214558,1787089567499,-0.0
20260818-214558,1787089567679,0.0
20260818-214558,1787089567781,0.0
20260818-214558,1787089567883,0.0
20260818-214558,1787089567985,-0.0
20260818-214558,1787089568087,-0.0
20260818-214558,1787089568189,-0.0
20260818-214558,1787089568291,-0.0
20260818-214558,1787089568393,0.0
20260818-214558,1787089568495,-0.0
20260818-214558,1787089568597,-0.0
20260818-214558,1787089568699,0.0
20260818-214558,1787089568801,0.0
20260818-214558,1787089568903,0.0
20260818-214558,1787089569005,0.0
20260818-214558,1787089569107,0.0
20260818-214558,1787089569209,0.0
20260818-214558,1787089569311,-0.0
20260818-214558,1787089569413,0.0
20260818-214558,1787089569515,-0.0
20260818-214558,1787089569617,0.0
20260818-214558,1787089569719,-0.0
20260818-214558,1787089569605,0.0
20260818-214558,1787089569821,0.0
20260818-214558,1787089569923,-0.0
20260818-214558,1787089570025,0.0
20260818-214558,1787089569958,0.0
20260818-214558,1787089570127,-0.0
20260818-214558,1787089570229,-0.0
20260818-214558,1787089570331,0.0
20260818-214558,1787089570433,-0.0
20260818-214558,1787089570535,0.0
20260818-214558,1787089570637,0.0
20260818-214558,1787089570739,-0.0
20260818-214558,1787089570841,0.0
20260818-214558,1787089570943,0.0
20260818-214558,1787089571045,0.0
20260818-214558,1787089571147,-0.0
20260818-214558,1787089571249,0.0
20260818-214558,1787089571351,0.0
20260818-214558,1787089571453,0.0
20260818-214558,1787089571555,-0.0
20260818-214558,1787089571657,0.0
20260818-214558,1787089571506,0.0
20260818-214558,1787089571759,0.0
20260818-214558,1787089571861,0.0
20260818-214558,1787089571963,0.0
20260818-214558,1787089572065,0.0
20260818-214558,1787089571972,-0.0
20260818-214558,1787089572167,0.0
20260818-214558,1787089572269,0.0
20260818-214558,1787089572371,-0.0
20260818-214558,1787089572473,0.0
20260818-214558,1787089572575,0.0
20260818-214558,1787089572677,0.0
20260818-214558,1787089572779,-0.0
20260818-214558,1787089572881,-0.0
20260818-214558,1787089572983,0.0
20260818-214558,1787089573085,0.0
20260818-214558,1787089573187,0.0
20260818-214558,1787089573289,0.0
20260818-214558,1787089573391,0.0
20260818-214558,1787089573493,0.0
20260818-214558,1787089573595,-0.0
20260818-214558,1787089573697,-0.0
20260818-214558,1787089573799,0.0
20260818-214558,1787089573901,0.0
20260818-214558,1787089574003,-0.0
20260818-214558,1787089574105,0.0
20260818-214558,1787089574207,0.0
20260818-214558,1787089574309,-0.0
20260818-214558,1787089574411,0.0
20260818-214558,1787089574513,0.0
20260818-214558,1787089574375,0.0
20260818-214558,1787089574615,0.0
20260818-214558,1787089574518,-0.0
20260818-214558,1787089574717,0.0
20260818-214558,1787089574819,0.0
20260818-214558,1787089574921,0.0
20260818-214558,1787089575023,-0.0
20260818-214558,1787089575125,0.0
20260818-214558,1787089575227,-0.0
20260818-214558,1787089575329,0.0
20260818-214558,1787089575431,0.0
20260818-214558,1787089575533,0.0
20260818-214558,1787089575635,-0.0
20260818-214558,1787089575635,-0.0
20260818-214558,1787089575737,0.0
20260818-214558,1787089575839,0.0
20260818-214558,1787089575684,0.0
20260818-214558,1787089575941,-0.0
20260818-214558,1787089576043,0.0
20260818-214558,1787089576145,0.0
20260818-214558,1787089576247,0.0
20260818-214558,1787089576349,0.0
20260818-214558,1787089576451,-0.0
20260818-214558,1787089576553,0.0
20260818-214558,1787089576655,-0.0
20260818-214558,1787089576757,-0.0
20260818-214558,1787089576655,0.0
20260818-214558,1787089576859,-0.0
20260818-214558,1787089576961,0.0
20260818-214558,1787089577063,-0.0
20260818-214558,1787089577165,-0.0
20260818-214558,1787089577267,0.0
20260818-214558,1787089577169,0.0
20260818-214558,1787089577369,0.0
20260818-214558,1787089577471,-0.0
20260818-214558,1787089577573,0.0
20260818-214558,1787089577675,0.0
20260818-214558,1787089577777,0.0
20260818-214558,1787089577879,-0.0
20260818-214558,1787089577981,-0.0
20260818-214558,1787089578083,0.0
20260818-214558,1787089577940,0.0
20260818-214558,1787089578185,0.0
20260818-214558,1787089578287,0.0
20260818-214558,1787089578389,-0.0
20260818-214558,1787089578491,0.0
20260818-214558,1787089578593,0.0
20260818-214558,1787089578695,0.0
20260818-214558,1787089578797,-0.0
20260818-214558,1787089578899,-0.0
20260818-214558,1787089579001,0.0
20260818-214558,1787089579103,0.0
20260818-214558,1787089579205,0.0
20260818-214558,1787089579307,-0.0
20260818-214558,1787089579409,0.0
20260818-214558,1787089579511,0.0
20260818-214558,1787089579613,0.0
20260818-214558,1787089579715,-0.0
20260818-214558,1787089579594,-0.0
20260818-214558,1787089579817,-0.0
20260818-214558,1787089579919,-0.0
20260818-214558,1787089580021,0.0
20260818-214558,1787089580123,-0.0
20260818-214558,1787089580225,-0.0
20260818-214558,1787089580327,0.0
20260818-214558,1787089580235,0.0
20260818-214558,1787089580429,0.0
20260818-214558,1787089580531,-0.0
20260818-214558,1787089580384,0.0
20260818-214558,1787089580633,-0.0
20260818-214558,1787089580531,0.0
20260818-214558,1787089580735,0.0
20260818-214558,1787089580837,0.0
20260818-214558,1787089580939,0.0
20260818-214558,1787089581041,-0.0
20260818-214558,1787089581143,-0.0
20260818-214558,1787089581245,-0.0
20260818-214558,1787089581347,-0.0
20260818-214558,1787089581449,0.0
20260818-214558,1787089581551,-0.0
20260818-214558,1787089581653,-0.0
20260818-214558,1787089581755,0.0
20260818-214558,1787089581857,0.0
20260818-214558,1787089581959,0.0
20260818-214558,1787089582061,0.0
20260818-214558,1787089582163,0.0
20260818-214558,1787089582265,0.0
20260818-214558,1787089582367,0.0
20260818-214558,1787089582469,0.0
20260818-214558,1787089582393,-0.0
20260818-214558,1787089582571,0.0
20260818-214558,1787089582673,0.0
20260818-214558,1787089582775,0.0
20260818-214558,1787089582877,0.0
20260818-214558,1787089582979,0.0
20260818-214558,1787089583081,0.0
20260818-214558,1787089583016,-0.0
20260818-214558,1787089583183,0.0
20260818-214558,1787089583285,-0.0
20260818-214558,1787089583227,0.0
20260818-214558,1787089583387,0.0
20260818-214558,1787089583489,-0.0
20260818-214558,1787089583591,0.0
20260818-214558,1787089583693,-0.0
20260818-214558,1787089583795,0.0
20260818-214558,1787089583897,0.0
20260818-214558,1787089583999,0.0
20260818-214558,1787089584101,-0.0
20260818-214558,1787089584203,0.0
20260818-214558,1787089584305,0.0
20260818-214558,1787089584407,0.0
20260818-214558,1787089584509,-0.0
20260818-214558,1787089584394,0.0
20260818-214558,1787089584611,0.0
20260818-214558,1787089584713,-0.0
20260818-214558,1787089584815,0.0
20260818-214558,1787089584917,0.0
20260818-214558,1787089585019,0.0
20260818-214558,1787089585121,0.0
20260818-214558,1787089585223,0.0
20260818-214558,1787089585325,-0.0
20260818-214558,1787089585427,0.0
20260818-214558,1787089585529,-0.0
20260818-214558,1787089585631,-0.0
20260818-214558,1787089585733,0.0
20260818-214558,1787089585835,0.0
20260818-214558,1787089585937,-0.0
20260818-214558,1787089586039,0.0
20260818-214558,1787089585975,-0.0
20260818-214558,1787089586141,0.0
20260818-214558,1787089586243,0.0
20260818-214558,1787089586345,0.0
20260818-214558,1787089586447,0.0
20260818-214558,1787089586549,0.0
20260818-214558,1787089586651,0.0
20260818-214558,1787089586753,-0.0
20260818-214558,1787089586855,-0.0
20260818-214558,1787089586957,0.0
20260818-214558,1787089587059,-0.0
20260818-214558,1787089587004,-0.0
20260818-214558,1787089587161,0.0
20260818-214558,1787089587263,0.0
20260818-214558,1787089587365,0.0
20260818-214558,1787089587283,-0.0
20260818-214558,1787089587467,-0.0
20260818-214558,1787089587569,-0.0
20260818-214558,1787089587671,0.0
20260818-214558,1787089587773,-0.0
20260818-214558,1787089587678,0.0
20260818-214558,1787089587875,0.0
20260818-214558,1787089587977,-0.0
20260818-214558,1787089588079,0.0
20260818-214558,1787089588181,0.0
20260818-214558,1787089588283,-0.0
20260818-214558,1787089588385,0.0
20260818-214558,1787089588487,-0.0
20260818-214558,1787089588589,-0.0
20260818-214558,1787089588691,-0.0
20260818-214558,1787089588793,0.0
20260818-214558,1787089588895,0.0
20260818-214558,1787089588997,-0.0
20260818-214558,1787089588877,0.0
20260818-214558,1787089589099,0.0
20260818-214558,1787089589201,0.0
20260818-214558,1787089589303,0.0
20260818-214558,1787089589178,-0.0
20260818-214558,1787089589405,-0.0
20260818-214558,1787089589507,-0.0
20260818-214558,1787089589609,-0.0
20260818-214558,1787089589711,0.0
20260818-214558,1787089589588,0.0
20260818-214558,1787089589813,0.0
20260818-214558,1787089589915,0.0
20260818-214558,1787089589953,0.0
20260818-214558,1787089590017,0.0
20260818-214558,1787089590119,-0.0
20260818-214558,1787089589974,0.0
20260818-214558,1787089590221,0.0
20260818-214558,1787089590323,-0.0
20260818-214558,1787089590425,-0.0
20260818-214558,1787089590527,0.0
20260818-214558,1787089590629,0.0
20260818-214558,1787089590731,0.0
20260818-214558,1787089590668,0.0
20260818-214558,1787089590833,-0.0
20260818-214558,1787089590935,0.0
20260818-214558,1787089590878,-0.0
20260818-214558,1787089591037,-0.0
20260818-214558,1787089591139,0.0
20260818-214558,1787089591000,-0.0
20260818-214558,1787089591241,-0.0
20260818-214558,1787089591343,-0.0
20260818-214558,1787089591445,0.0
20260818-214558,1787089591350,0.0
20260818-214558,1787089591547,0.0
20260818-214558,1787089591649,0.0
20260818-214558,1787089591751,0.0
20260818-214558,1787089591853,0.0
20260818-214558,1787089591955,0.0
20260818-214558,1787089592057,0.0
20260818-214558,1787089592159,0.0
20260818-214558,1787089592261,0.0
20260818-214558,1787089592363,0.0
20260818-214558,1787089592465,0.0
20260818-214558,1787089592343,0.0
20260818-214558,1787089592567,-0.0
20260818-214558,1787089592669,0.0
20260818-214558,1787089592574,-0.0
20260818-214558,1787089592771,-0.0
20260818-214558,1787089592873,0.0
20260818-214558,1787089592975,0.0
20260818-214558,1787089593077,-0.0
20260818-214558,1787089593179,0.0
20260818-214558,1787089593072,0.0
20260818-214558,1787089593281,0.0
20260818-214558,1787089593383,0.0
20260818-214558,1787089593485,0.0
20260818-214558,1787089593359,-0.0
20260818-214558,1787089593587,-0.1238924211138874
20260818-214558,1787089593689,0.1238924211138874
20260818-214558,1787089593791,-0.1238924211138874
20260818-214558,1787089593893,-0.1238924211138874
20260818-214558,1787089593995,0.1238924211138874
20260818-214558,1787089594011,0.1238924211138874
20260818-214558,1787089594036,-0.1238924211138874
20260818-214558,1787089594036,0.1238924211138874
20260818-214558,1787089594036,0.1238924211138874
20260818-214558,1787089594036,-0.1238924211138874
20260818-214558,1787089594036,-0.1238924211138874
20260818-214558,1787089594036,0.1238924211138874
20260818-214558,1787089594036,-0.1238924211138874
20260818-214558,1787089594097,0.0
20260818-214558,1787089594199,0.0
20260818-214558,1787089594092,-0.0
20260818-214558,1787089594301,0.0
20260818-214558,1787089594403,-0.0
20260818-214558,1787089594505,-0.0
20260818-214558,1787089594607,0.0
20260818-214558,1787089594709,-0.0
20260818-214558,1787089594811,-0.0
20260818-214558,1787089594913,0.0
20260818-214558,1787089595015,0.0
20260818-214558,1787089595117,0.0
20260818-214558,1787089595219,0.0
20260818-214558,1787089595321,0.0
20260818-214558,1787089595423,0.0
20260818-214558,1787089595326,0.0
20260818-214558,1787089595525,0.0
20260818-214558,1787089595627,0.0
20260818-214558,1787089595483,0.0
20260818-214558,1787089595729,0.0
20260818-214558,1787089595831,0.0
20260818-214558,1787089595933,0.0
20260818-214558,1787089596035,0.0
20260818-214558,1787089596137,0.0
20260818-214558,1787089596239,-0.0
20260818-214558,1787089596341,0.0
20260818-214558,1787089596443,0.0
20260818-214558,1787089596545,0.0
20260818-214558,1787089596647,0.0
20260818-214558,1787089596749,0.0
20260818-214558,1787089596851,0.0
20260818-214558,1787089596953,0.0
20260818-214558,1787089597055,0.0
20260818-214558,1787089597157,0.0
20260818-214558,1787089597259,0.0
20260818-214558,1787089597361,0.0
20260818-214558,1787089597463,-0.0
20260818-214558,1787089597565,0.0
20260818-214558,1787089597667,0.0
20260818-214558,1787089597769,0.0
20260818-214558,1787089597871,-0.0
20260818-214558,1787089597973,-0.0
20260818-214558,1787089598075,0.0
20260818-214558,1787089598177,-0.0
20260818-214558,1787089598279,0.0
20260818-214558,1787089598381,-0.0
20260818-214558,1787089598483,0.0
20260818-214558,1787089598332,0.0
20260818-214558,1787089598585,-0.0
20260818-214558,1787089598687,-0.0
20260818-214558,1787089598789,0.0
20260818-214558,1787089598891,0.0
20260818-214558,1787089598993,-0.0
20260818-214558,1787089599095,0.0
20260818-214558,1787089599197,-0.0
20260818-214558,1787089599299,0.0
20260818-214558,1787089599401,0.0
20260818-214558,1787089599503,-0.0
20260818-214558,1787089599605,0.0
20260818-214558,1787089599707,-0.0
20260818-214558,1787089599809,0.0
20260818-214558,1787089599911,0.0
20260818-214558,1787089600013,-0.0
20260818-214558,1787089600115,0.0
20260818-214558,1787089600217,0.0
20260818-214558,1787089600319,-0.0
20260818-214558,1787089600421,0.0
20260818-214558,1787089600523,0.0
20260818-214558,1787089600625,0.0
20260818-214558,1787089600727,-0.0
20260818-214558,1787089600651,0.0
20260818-214558,1787089600829,0.0
20260818-214558,1787089600931,0.0
20260818-214558,1787089601033,-0.0
20260818-214558,1787089601135,0.0
20260818-214558,1787089601237,0.0
20260818-214558,1787089601339,0.0
20260818-214558,1787089601441,0.0
20260818-214558,1787089601364,-0.0
20260818-214558,1787089601543,0.0
20260818-214558,1787089601645,-0.0
20260818-214558,1787089601747,0.0
20260818-214558,1787089601849,-0.0
20260818-214558,1787089601951,0.0
20260818-214558,1787089602053,0.0
20260818-214558,1787089602155,0.0
20260818-214558,1787089602257,0.0
20260818-214558,1787089602359,-0.0
20260818-214558,1787089602224,0.0
20260818-214558,1787089602461,0.0
20260818-214558,1787089602404,0.0
20260818-214558,1787089602563,0.0
20260818-214558,1787089602665,0.0
20260818-214558,1787089602767,0.0
20260818-214558,1787089602869,0.0
20260818-214558,1787089602971,0.0
20260818-214558,1787089602846,-0.0
20260818-214558,1787089603073,0.0
20260818-214558,1787089603175,-0.0
20260818-214558,1787089603277,0.0
20260818-214558,1787089603379,0.0
20260818-214558,1787089603481,0.0
20260818-214558,1787089603583,-0.0
20260818-214558,1787089603685,-0.0
20260818-214558,1787089603787,0.0
20260818-214558,1787089603889,0.0
20260818-214558,1787089603991,0.0
20260818-214558,1787089603923,0.0
20260818-214558,1787089604093,0.0
20260818-214558,1787089604195,-0.0
20260818-214558,1787089604297,-0.0
20260818-214558,1787089604399,0.0
20260818-214558,1787089604501,0.0
20260818-214558,1787089604603,0.0
20260818-214558,1787089604705,-0.0
20260818-214558,1787089604807,-0.0
20260818-214558,1787089604909,-0.0
20260818-214558,1787089605011,0.0
20260818-214558,1787089605113,-0.0
20260818-214558,1787089604985,-0.0
20260818-214558,1787089605215,0.0
20260818-214558,1787089605317,0.0
20260818-214558,1787089605419,0.0
20260818-214558,1787089605521,0.0
20260818-214558,1787089605429,0.0
20260818-214558,1787089605623,-0.0
20260818-214558,1787089605725,0.0
20260818-214558,1787089605827,0.0
20260818-214558,1787089605690,-0.0
20260818-214558,1787089605929,0.0
20260818-214558,1787089606031,-0.0
20260818-214558,1787089606133,-0.0
20260818-214558,1787089606235,0.0
20260818-214558,1787089606337,0.0
20260818-214558,1787089606439,-0.0
20260818-214558,1787089606541,0.0
20260818-214558,1787089606643,-0.0
20260818-214558,1787089606745,-0.0
20260818-214558,1787089606847,0.0
20260818-214558,1787089606697,0.0
20260818-214558,1787089606949,0.0
20260818-214558,1787089607051,-0.0
20260818-214558,1787089607153,0.0
20260818-214558,1787089607042,0.0
20260818-214558,1787089607255,0.0
20260818-214558,1787089607357,0.0
20260818-214558,1787089607459,0.0
20260818-214558,1787089607366,-0.0
20260818-214558,1787089607561,-0.0
20260818-214558,1787089607663,-0.0
20260818-214558,1787089607600,0.0
20260818-214558,1787089607765,-0.0
20260818-214558,1787089607867,0.0
20260818-214558,1787089607969,0.0
20260818-214558,1787089608071,0.0
20260818-214558,1787089608173,0.0
20260818-214558,1787089608275,-0.0
20260818-214558,1787089608377,-0.0
20260818-214558,1787089608479,-0.0
20260818-214558,1787089608380,-0.0
20260818-214558,1787089608581,-0.0
20260818-214558,1787089608627,-0.0
20260818-214558,1787089608683,0.0
20260818-214558,1787089608785,-0.0
20260818-214558,1787089608645,0.0
20260818-214558,1787089608887,0.0
20260818-214558,1787089608989,-0.0
20260818-214558,1787089609091,0.0
20260818-214558,1787089609074,0.0
20260818-214558,1787089609193,0.0
20260818-214558,1787089609101,0.0
20260818-214558,1787089609295,0.0
20260818-214558,1787089609397,-0.0
20260818-214558,1787089609499,0.0
20260818-214558,1787089609601,0.0
20260818-214558,1787089609539,0.0
20260818-214558,1787089609703,0.0
20260818-214558,1787089609805,-0.0
20260818-214558,1787089609907,0.0
20260818-214558,1787089610009,-0.0
20260818-214558,1787089610111,0.0
20260818-214558,1787089610213,0.0
20260818-214558,1787089610315,-0.0
20260818-214558,1787089610215,0.0
20260818-214558,1787089610417,0.0
20260818-214558,1787089610519,0.0
20260818-214558,1787089610386,0.0
20260818-214558,1787089610621,-0.0
20260818-214558,1787089610723,0.0
20260818-214558,1787089610825,-0.0
20260818-214558,1787089610927,0.0
20260818-214558,1787089611029,-0.0
20260818-214558,1787089611131,0.0
20260818-214558,1787089611063,0.0
20260818-214558,1787089611233,0.0
20260818-214558,1787089611335,0.0
20260818-214558,1787089611186,0.0
20260818-214558,1787089611437,0.0
20260818-214558,1787089611539,0.13937724697551082
20260818-214558,1787089611414,0.0
20260818-214558,1787089611641,-0.13937724697551082
20260818-214558,1787089611743,1.1614770581179892
20260818-214558,1787089611845,-1.1614770581179892
20260818-214558,1787089611764,-1.1614770581179892
20260818-214558,1787089611947,-1.1614770581179892
20260818-214558,1787089612049,-1.0220855655952477
20260818-214558,1787089612048,-1.0220855655952477
20260818-214558,1787089612048,1.0220855655952477
20260818-214558,1787089612048,1.0220855655952477
20260818-214558,1787089612048,1.0220855655952477
20260818-214558,1787089612050,1.0220855655952477
20260818-214558,1787089612052,-1.0220855655952477
20260818-214558,1787089612052,1.0220855655952477
20260818-214558,1787089612052,1.0220855655952477
20260818-214558,1787089612056,1.0220855655952477
20260818-214558,1787089612155,1.0220855655952477
20260818-214558,1787089612155,1.0220855655952477
20260818-214558,1787089612155,1.0220855655952477
20260818-214558,1787089612155,1.0220855655952477
20260818-214558,1787089612155,-1.0220855655952477
20260818-214558,1787089612155,-1.0220855655952477
20260818-214558,1787089612155,1.0220855655952477
20260818-214558,1787089612157,1.0220855655952477
20260818-214558,1787089612159,1.0220855655952477
20260818-214558,1787089612151,0.8981852785888751
20260818-214558,1787089612169,-0.8981852785888751
20260818-214558,1787089612169,0.8981852785888751
20260818-214558,1787089612169,0.8981852785888751
20260818-214558,1787089612169,0.8981852785888751
20260818-214558,1787089612169,-0.8981852785888751
20260818-214558,1787089612169,0.8981852785888751
20260818-214558,1787089612169,0.8981852785888751
20260818-214558,1787089612169,-0.8981852785888751
20260818-214558,1787089612169,0.8981852785888751
20260818-214558,1787089612169,0.8981852785888751
20260818-214558,1787089612169,0.8981852785888751
20260818-214558,1787089612169,0.8981852785888751
20260818-214558,1787089612169,0.8981852785888751
20260818-214558,1787089612169,0.8981852785888751
20260818-214558,1787089612169,0.8981852785888751
20260818-214558,1787089612169,0.8981852785888751
20260818-214558,1787089612169,0.8981852785888751
20260818-214558,1787089612169,0.8981852785888751
20260818-214558,1787089612169,-0.8981852785888751
20260818-214558,1787089612169,0.8981852785888751
20260818-214558,1787089612169,0.8981852785888751
20260818-214558,1787089612169,0.8981852785888751
20260818-214558,1787089612169,-0.8981852785888751
20260818-214558,1787089612169,0.8981852785888751
20260818-214558,1787089612169,-0.8981852785888751
20260818-214558,1787089612169,0.8981852785888751
20260818-214558,1787089612169,0.8981852785888751
20260818-214558,1787089612169,-0.8981852785888751
20260818-214558,1787089612169,0.8981852785888751
20260818-214558,1787089612169,-0.8981852785888751
20260818-214558,1787089612169,0.8981852785888751
20260818-214558,1787089632937,-1.239002881456076
20260818-214558,1787089632937,1.239002881456076
20260818-214558,1787089632937,-1.239002881456076
20260818-214558,1787089632937,1.239002881456076
20260818-214558,1787089632937,1.239002881456076
20260818-214558,1787089632937,-1.239002881456076
20260818-214558,1787089632937,-1.239002881456076
20260818-214558,1787089632937,-1.239002881456076
20260818-214558,1787089632937,1.239002881456076
20260818-214558,1787089632937,-1.239002881456076
20260818-214558,1787089632937,1.239002881456076
20260818-214558,1787089632937,-1.239002881456076
20260818-214558,1787089632937,-1.239002881456076
20260818-214558,1787089632937,-1.239002881456076
20260818-214558,1787089632937,-1.239002881456076
20260818-214558,1787089632952,-1.239002881456076
20260818-214558,1787089632952,1.239002881456076
20260818-214558,1787089632956,-1.239002881456076
20260818-214558,1787089632957,0.7434385737755
20260818-214558,1787089632959,0.7434385737755
20260818-214558,1787089632957,0.7434385737755
20260818-214558,1787089632967,-0.7434385737755
20260818-214558,1787089632967,-0.7434385737755
20260818-214558,1787089632967,-0.7434385737755
20260818-214558,1787089632967,0.7434385737755
20260818-214558,1787089632967,0.7434385737755
20260818-214558,1787089632967,-0.7434385737755
20260818-214558,1787089632967,-0.7434385737755
20260818-214558,1787089632967,-0.7434385737755
20260818-214558,1787089632967,-0.7434385737755
20260818-214558,1787089632975,-0.7434385737755
20260818-214558,1787089632975,0.7434385737755
20260818-214558,1787089632976,-0.7434385737755
20260818-214558,1787089632978,-0.7434385737755
20260818-214558,1787089632985,0.7434385737755
20260818-214558,1787089632985,-0.7434385737755
20260818-214558,1787089632985,-0.7434385737755
20260818-214558,1787089632985,-0.7434385737755
20260818-214558,1787089632985,-0.7434385737755
20260818-214558,1787089632985,0.7434385737755
20260818-214558,1787089632986,-0.7434385737755
20260818-214558,1787089633026,-0.7434385737755
20260818-214558,1787089633026,-0.7434385737755
20260818-214558,1787089633026,-0.7434385737755
20260818-214558,1787089633044,-0.7434385737755
20260818-214558,1787089633044,0.7434385737755
20260818-214558,1787089633053,-0.7434385737755
20260818-214558,1787089633061,0.0
20260818-214558,1787089633163,-0.0
20260818-214558,1787089633054,-0.0
20260818-214558,1787089633265,0.0
20260818-214558,1787089635815,-1.9515504371227126
20260818-214558,1787089635774,1.9515504371227126
20260818-214558,1787089635864,2.183877870113673
20260818-214558,1787089635865,2.183877870113673
20260818-214558,1787089635865,2.183877870113673
20260818-214558,1787089635865,2.183877870113673
20260818-214558,1787089635865,-2.183877870113673
20260818-214558,1787089635865,-2.183877870113673
20260818-214558,1787089635865,2.183877870113673
20260818-214558,1787089635872,-2.183877870113673
20260818-214558,1787089635872,-2.183877870113673
20260818-214558,1787089635872,2.183877870113673
20260818-214558,1787089635872,2.183877870113673
20260818-214558,1787089635872,2.183877870113673
20260818-214558,1787089635872,2.183877870113673
20260818-214558,1787089635872,2.183877870113673
20260818-214558,1787089635872,2.183877870113673
20260818-214558,1787089635872,2.183877870113673
20260818-214558,1787089635872,2.183877870113673
20260818-214558,1787089635872,2.183877870113673
20260818-214558,1787089635872,-2.183877870113673
20260818-214558,1787089635884,-2.183877870113673
20260818-214558,1787089635884,2.183877870113673
20260818-214558,1787089635884,2.183877870113673
20260818-214558,1787089635886,2.183877870113673
20260818-214558,1787089635886,-2.183877870113673
20260818-214558,1787089635886,2.183877870113673
20260818-214558,1787089635889,2.183877870113673
20260818-214558,1787089635917,-1.579731120470309
20260818-214558,1787089635921,-1.579731120470309
20260818-214558,1787089635930,-1.579731120470309
20260818-214558,1787089635930,-1.579731120470309
20260818-214558,1787089635956,1.579731120470309
20260818-214558,1787089635956,1.579731120470309
20260818-214558,1787089635956,1.579731120470309
20260818-214558,1787089635956,-1.579731120470309
20260818-214558,1787089635956,1.579731120470309
20260818-214558,1787089635956,-1.579731120470309
20260818-214558,1787089635956,1.579731120470309
20260818-214558,1787089635956,1.579731120470309
20260818-214558,1787089635958,-1.579731120470309
20260818-214558,1787089635968,-1.579731120470309
20260818-214558,1787089635971,-1.579731120470309
20260818-214558,1787089635971,1.579731120470309
20260818-214558,1787089636026,1.9514325605824285
20260818-214558,1787089636026,-1.9514325605824285
20260818-214558,1787089636026,1.9514325605824285
20260818-214558,1787089636030,1.9514325605824285
20260818-214558,1787089636036,-1.9514325605824285
20260818-214558,1787089636036,-1.9514325605824285
20260818-214558,1787089636036,1.9514325605824285
20260818-214558,1787089636036,-1.9514325605824285
20260818-214558,1787089636036,-1.9514325605824285
20260818-214558,1787089636036,-1.9514325605824285
20260818-214558,1787089636036,1.9514325605824285
20260818-214558,1787089636036,1.9514325605824285
20260818-214558,1787089636045,-1.9514325605824285
20260818-214558,1787089636045,1.9514325605824285
20260818-214558,1787089636045,-1.9514325605824285
20260818-214558,1787089636047,1.626140912079207
20260818-214558,1787089636047,1.626140912079207
20260818-214558,1787089636019,1.626140912079207
20260818-214558,1787089636047,-1.626140912079207
20260818-214558,1787089636129,1.626140912079207
20260818-214558,1787089636130,-1.626140912079207
20260818-214558,1787089636131,1.626140912079207
20260818-214558,1787089636134,1.626140912079207
20260818-214558,1787089636136,-1.626140912079207
20260818-214558,1787089636136,-1.626140912079207
20260818-214558,1787089636121,1.0840351815875076
20260818-214558,1787089636138,-0.8672093435621431
20260818-214558,1787089636138,0.8672093435621431
20260818-214558,1787089636138,0.8672093435621431
20260818-214558,1787089636223,-0.6813787699400742
20260818-214558,1787089636138,0.8672093435621431
20260818-214558,1787089636226,-0.6813787699400742
20260818-214558,1787089636226,0.6813787699400742
20260818-214558,1787089636226,-0.6813787699400742
20260818-214558,1787089636226,-0.6813787699400742
20260818-214558,1787089636226,-0.6813787699400742
20260818-214558,1787089636226,-0.6813787699400742
20260818-214558,1787089636226,0.6813787699400742
20260818-214558,1787089636226,0.6813787699400742
20260818-214558,1787089636235,0.6813787699400742
20260818-214558,1787089636237,0.6813787699400742
20260818-214558,1787089636325,-0.9446138813319164
20260818-214558,1787089636239,-0.9446138813319164
20260818-214558,1787089636346,-1.3317507179439114
20260818-214558,1787089636348,-1.3317507179439114
20260818-214558,1787089636348,-1.3317507179439114
20260818-214558,1787089636348,1.3317507179439114
20260818-214558,1787089636349,1.5639964910718671
20260818-214558,1787089636349,1.5639964910718671
20260818-214558,1787089636349,-1.5639964910718671
20260818-214558,1787089636427,1.5639964910718671
20260818-214558,1787089636349,1.5639964910718671
20260818-214558,1787089636455,-1.7807880838952497
20260818-214558,1787089636459,-1.7807880838952497
20260818-214558,1787089636459,-1.7807880838952497
20260818-214558,1787089636459,1.7807880838952497
20260818-214558,1787089636459,-1.7807880838952497
20260818-214558,1787089636459,-1.7807880838952497
20260818-214558,1787089636480,1.7807880838952497
20260818-214558,1787089636480,-1.7807880838952497
20260818-214558,1787089636480,-1.7807880838952497
20260818-214558,1787089636480,-1.7807880838952497
20260818-214558,1787089636480,1.7807880838952497
20260818-214558,1787089636480,-1.7807880838952497
20260818-214558,1787089636480,1.7807880838952497
20260818-214558,1787089636480,-1.7807880838952497
20260818-214558,1787089636484,-1.7807880838952497
20260818-214558,1787089636641,3.1743303517854833
20260818-214558,1787089636644,3.1743303517854833
20260818-214558,1787089636644,3.1743303517854833
20260818-214558,1787089636644,3.1743303517854833
20260818-214558,1787089636644,-3.1743303517854833
20260818-214558,1787089636644,-3.1743303517854833
20260818-214558,1787089636644,3.1743303517854833
20260818-214558,1787089636644,-3.1743303517854833
20260818-214558,1787089636644,-3.1743303517854833
20260818-214558,1787089636644,3.1743303517854833
20260818-214558,1787089636651,3.1743303517854833
20260818-214558,1787089636651,-3.1743303517854833
20260818-214558,1787089636651,-3.1743303517854833
20260818-214558,1787089636651,-3.1743303517854833
20260818-214558,1787089636651,-3.1743303517854833
20260818-214558,1787089636651,-3.1743303517854833
20260818-214558,1787089636651,-3.1743303517854833
20260818-214558,1787089636651,-3.1743303517854833
20260818-214558,1787089636653,3.1743303517854833
20260818-214558,1787089636653,-3.1743303517854833
20260818-214558,1787089636661,-3.1743303517854833
20260818-214558,1787089636663,-3.1743303517854833
20260818-214558,1787089636670,3.1743303517854833
20260818-214558,1787089636670,-3.1743303517854833
20260818-214558,1787089636670,-3.1743303517854833
20260818-214558,1787089636670,3.1743303517854833
20260818-214558,1787089636670,3.1743303517854833
20260818-214558,1787089636670,-3.1743303517854833
20260818-214558,1787089636670,3.1743303517854833
20260818-214558,1787089636670,-3.1743303517854833
20260818-214558,1787089636670,-3.1743303517854833
20260818-214558,1787089636670,3.1743303517854833
20260818-214558,1787089636670,-3.1743303517854833
20260818-214558,1787089636670,-3.1743303517854833
20260818-214558,1787089636670,-3.1743303517854833
20260818-214558,1787089636670,3.1743303517854833
20260818-214558,1787089636673,3.1743303517854833
20260818-214558,1787089636675,-3.1743303517854833
20260818-214558,1787089636675,-3.1743303517854833
20260818-214558,1787089636675,-3.1743303517854833
20260818-214558,1787089636675,3.1743303517854833
20260818-214558,1787089636678,3.1743303517854833
20260818-214558,1787089636678,3.1743303517854833
20260818-214558,1787089636678,-3.1743303517854833
20260818-214558,1787089636679,3.1743303517854833
20260818-214558,1787089636679,-3.1743303517854833
20260818-214558,1787089636681,3.1743303517854833
20260818-214558,1787089636717,-3.1743303517854833
20260818-214558,1787089636718,-3.1743303517854833
20260818-214558,1787089636718,-3.1743303517854833
20260818-214558,1787089636718,-3.1743303517854833
20260818-214558,1787089636718,-3.1743303517854833
20260818-214558,1787089636718,-3.1743303517854833
20260818-214558,1787089636718,-3.1743303517854833
20260818-214558,1787089636718,3.1743303517854833
20260818-214558,1787089636718,-3.1743303517854833
20260818-214558,1787089636733,-1.6261283201087802
20260818-214558,1787089636722,-1.6261283201087802
20260818-214558,1787089636826,-1.6261283201087802
20260818-214558,1787089636826,-1.6261283201087802
20260818-214558,1787089636826,-1.6261283201087802
20260818-214558,1787089636826,-1.6261283201087802
20260818-214558,1787089636826,-1.6261283201087802
20260818-214558,1787089636826,-1.6261283201087802
20260818-214558,1787089636826,-1.6261283201087802
20260818-214558,1787089636826,-1.6261283201087802
20260818-214558,1787089636826,-1.6261283201087802
20260818-214558,1787089636828,-1.239002881456076
20260818-214558,1787089636828,-1.239002881456076
20260818-214558,1787089636828,-1.239002881456076
20260818-214558,1787089636835,-1.239002881456076
20260818-214558,1787089636828,1.239002881456076
20260818-214558,1787089636932,-1.0221995410930054
20260818-214558,1787089636932,-1.0221995410930054
20260818-214558,1787089636932,-1.0221995410930054
20260818-214558,1787089636937,-1.0221995410930054
20260818-214558,1787089636932,1.0221995410930054
20260818-214558,1787089636934,-1.0221995410930054
20260818-214558,1787089636934,1.0221995410930054
20260818-214558,1787089636962,-1.0221995410930054
20260818-214558,1787089636964,1.0221995410930054
20260818-214558,1787089636964,-1.0221995410930054
20260818-214558,1787089636964,-1.0221995410930054
20260818-214558,1787089637005,1.0221995410930054
20260818-214558,1787089637007,-1.0221995410930054
20260818-214558,1787089637007,-1.0221995410930054
20260818-214558,1787089637007,-1.0221995410930054
20260818-214558,1787089637007,-1.0221995410930054
20260818-214558,1787089637007,-1.0221995410930054
20260818-214558,1787089637007,-1.0221995410930054
20260818-214558,1787089637007,-1.0221995410930054
20260818-214558,1787089637013,-1.0221995410930054
20260818-214558,1787089637039,-0.18587000716328905
20260818-214558,1787089637018,0.18587000716328905
20260818-214558,1787089637035,-0.18587000716328905
20260818-214558,1787089637037,-0.18587000716328905
20260818-214558,1787089637037,0.18587000716328905
20260818-214558,1787089637037,-0.18587000716328905
20260818-214558,1787089637037,0.18587000716328905
20260818-214558,1787089637037,-0.18587000716328905
20260818-214558,1787089637037,0.18587000716328905
20260818-214558,1787089637037,-0.18587000716328905
20260818-214558,1787089637037,0.18587000716328905
20260818-214558,1787089637037,-0.18587000716328905
20260818-214558,1787089637037,-0.18587000716328905
20260818-214558,1787089637037,-0.18587000716328905
20260818-214558,1787089637037,-0.18587000716328905
20260818-214558,1787089637037,0.18587000716328905
20260818-214558,1787089637037,-0.18587000716328905
20260818-214558,1787089637037,0.18587000716328905
20260818-214558,1787089637037,-0.18587000716328905
20260818-214558,1787089637037,-0.18587000716328905
20260818-214558,1787089637042,-0.18587000716328905
20260818-214558,1787089637080,-0.0
20260818-214558,1787089637080,-0.0
20260818-214558,1787089637080,0.0
20260818-214558,1787089637080,-0.0
20260818-214558,1787089637141,0.0
20260818-214558,1787089637080,-0.0
20260818-214558,1787089637243,0.0
20260818-214558,1787089637188,0.0
20260818-214558,1787089637345,-0.0
20260818-214558,1787089637447,0.0
20260818-214558,1787089637549,-0.0
20260818-214558,1787089637651,0.0
20260818-214558,1787089637753,-0.0
20260818-214558,1787089637855,0.0
20260818-214558,1787089637801,-0.0
20260818-214558,1787089637957,0.0
20260818-214558,1787089638059,0.0
20260818-214558,1787089638161,0.0
20260818-214558,1787089638263,-0.0
20260818-214558,1787089638365,0.0
20260818-214558,1787089638467,0.0
20260818-214558,1787089638569,-0.0
20260818-214558,1787089638671,-0.0
20260818-214558,1787089638773,-0.0
20260818-214558,1787089638875,0.0
20260818-214558,1787089638977,0.0
20260818-214558,1787089638912,-0.0
20260818-214558,1787089639079,0.0
20260818-214558,1787089639181,-0.0
20260818-214558,1787089639283,-0.0
20260818-214558,1787089639385,-0.0
20260818-214558,1787089639487,-0.0
20260818-214558,1787089639589,-0.0
20260818-214558,1787089639448,-0.0
20260818-214558,1787089639691,-0.0
20260818-214558,1787089639793,0.0
20260818-214558,1787089639895,0.0
20260818-214558,1787089639997,0.0
20260818-214558,1787089640099,-0.0
20260818-214558,1787089640201,1.2391564132927406
20260818-214558,1787089640303,1.2391564132927406
20260818-214558,1787089640405,1.2391564132927406
20260818-214558,1787089640507,1.2391564132927406
20260818-214558,1787089640578,1.2391564132927406
20260818-214558,1787089640586,-1.2391564132927406
20260818-214558,1787089640594,1.2391564132927406
20260818-214558,1787089640604,-1.2391564132927406
20260818-214558,1787089640604,1.2391564132927406
20260818-214558,1787089640613,-1.2391564132927406
20260818-214558,1787089640613,1.2391564132927406
20260818-214558,1787089640613,-1.2391564132927406
20260818-214558,1787089640614,-1.2391564132927406
20260818-214558,1787089640614,-1.2391564132927406
20260818-214558,1787089640614,1.2391564132927406
20260818-214558,1787089640614,-1.2391564132927406
20260818-214558,1787089640614,1.2391564132927406
20260818-214558,1787089640614,1.2391564132927406
20260818-214558,1787089640614,1.2391564132927406
20260818-214558,1787089640614,1.2391564132927406
20260818-214558,1787089640614,1.2391564132927406
20260818-214558,1787089640622,-1.2391564132927406
20260818-214558,1787089640622,1.2391564132927406
20260818-214558,1787089653971,-0.0
20260818-214558,1787089653948,-0.0
20260818-214558,1787089654073,0.0
20260818-214558,1787089654050,-0.0
20260818-214558,1787089654175,-0.0
20260818-214558,1787089654277,-0.0
20260818-214558,1787089654162,0.0
20260818-214558,1787089654379,0.0
20260818-214558,1787089654481,0.0
20260818-214558,1787089654380,-0.0
20260818-214558,1787089654583,-0.0
20260818-214558,1787089654685,-0.0
20260818-214558,1787089654590,0.0
20260818-214558,1787089654787,-0.0
20260818-214558,1787089654889,0.0
20260818-214558,1787089654991,0.0
20260818-214558,1787089655093,-0.0
20260818-214558,1787089655195,-0.0
20260818-214558,1787089655297,0.0
20260818-214558,1787089655216,0.0
20260818-214558,1787089655399,0.0
20260818-214558,1787089655501,-0.0
20260818-214558,1787089655603,-0.0
20260818-214558,1787089655705,0.0
20260818-214558,1787089655807,0.0
20260818-214558,1787089655739,0.0
20260818-214558,1787089655909,-0.0
20260818-214558,1787089656011,0.0
20260818-214558,1787089656113,0.0
20260818-214558,1787089656215,0.0
20260818-214558,1787089656317,-0.0
20260818-214558,1787089656419,-0.0
20260818-214558,1787089656521,0.0
20260818-214558,1787089656623,0.0
20260818-214558,1787089656725,-0.0
20260818-214558,1787089656827,0.0
20260818-214558,1787089656929,0.0
20260818-214558,1787089657031,-0.0
20260818-214558,1787089657133,0.0
20260818-214558,1787089657235,0.0
20260818-214558,1787089657142,0.0
20260818-214558,1787089657337,-0.0
20260818-214558,1787089657439,-0.0
20260818-214558,1787089657541,0.0
20260818-214558,1787089657643,0.0
20260818-214558,1787089657574,0.0
20260818-214558,1787089657745,0.0
20260818-214558,1787089657847,0.0
20260818-214558,1787089657949,0.0
20260818-214558,1787089658051,0.0
20260818-214558,1787089658153,0.0
20260818-214558,1787089658255,-0.0
20260818-214558,1787089658357,0.0
20260818-214558,1787089658459,0.0
20260818-214558,1787089658561,0.0
20260818-214558,1787089658663,-0.0
20260818-214558,1787089658765,-0.0
20260818-214558,1787089658867,0.0
20260818-214558,1787089658969,0.0
20260818-214558,1787089659071,0.0
20260818-214558,1787089659173,0.0
20260818-214558,1787089659275,0.0
20260818-214558,1787089659377,0.0
20260818-214558,1787089659479,-0.0
20260818-214558,1787089659581,-0.0
20260818-214558,1787089659683,-0.0
20260818-214558,1787089659785,0.0
20260818-214558,1787089659887,0.0
20260818-214558,1787089659989,0.0
20260818-214558,1787089660091,0.0
20260818-214558,1787089660193,0.0
20260818-214558,1787089660295,0.0
20260818-214558,1787089660397,0.0
20260818-214558,1787089660499,0.0
20260818-214558,1787089660601,-0.0
20260818-214558,1787089660703,0.0
20260818-214558,1787089660805,0.0
20260818-214558,1787089660907,0.0
20260818-214558,1787089660773,0.0
20260818-214558,1787089661009,0.0
20260818-214558,1787089660919,0.0
20260818-214558,1787089661111,0.0
20260818-214558,1787089661213,0.0
20260818-214558,1787089661315,0.0
20260818-214558,1787089661241,0.0
20260818-214558,1787089661417,-0.0
20260818-214558,1787089661519,0.0
20260818-214558,1787089661459,0.0
20260818-214558,1787089661621,0.0
20260818-214558,1787089661567,-0.0
20260818-214558,1787089661723,0.0
20260818-214558,1787089661825,0.0
20260818-214558,1787089661752,0.0
20260818-214558,1787089661927,0.0
20260818-214558,1787089662029,0.0
20260818-214558,1787089661956,0.0
20260818-214558,1787089662131,0.0
20260818-214558,1787089662067,0.0
20260818-214558,1787089662233,-0.0
20260818-214558,1787089662335,0.0
20260818-214558,1787089662192,0.0
20260818-214558,1787089662437,-0.0
20260818-214558,1787089662342,-0.0
20260818-214558,1787089662539,0.0
20260818-214558,1787089662457,-0.0
20260818-214558,1787089662641,-0.0
20260818-214558,1787089662571,0.0
20260818-214558,1787089662743,0.0
20260818-214558,1787089662665,-0.0
20260818-214558,1787089662845,-0.0
20260818-214558,1787089662947,-0.0
20260818-214558,1787089662894,0.0
20260818-214558,1787089663049,0.0
20260818-214558,1787089663151,0.0
20260818-214558,1787089663253,0.0
20260818-214558,1787089663355,-0.0
20260818-214558,1787089663457,0.0
20260818-214558,1787089663308,0.0
20260818-214558,1787089663559,0.0
20260818-214558,1787089663661,-0.0
20260818-214558,1787089663763,-0.0
20260818-214558,1787089663865,-0.0
20260818-214558,1787089663967,0.0
20260818-214558,1787089664069,0.0
20260818-214558,1787089664171,-0.0
20260818-214558,1787089664273,0.0
20260818-214558,1787089664375,0.0
20260818-214558,1787089664477,-0.0
20260818-214558,1787089664386,0.0
20260818-214558,1787089664579,-0.0
20260818-214558,1787089664606,0.0
20260818-214558,1787089664681,0.0
20260818-214558,1787089664606,0.0
20260818-214558,1787089664783,0.0
20260818-214558,1787089664885,-0.0
20260818-214558,1787089664987,-0.0
20260818-214558,1787089665089,-0.0
20260818-214558,1787089665191,0.0
20260818-214558,1787089665293,0.0
20260818-214558,1787089665166,-0.0
20260818-214558,1787089665395,-0.0
20260818-214558,1787089665497,-0.0
20260818-214558,1787089665408,-0.0
20260818-214558,1787089665599,0.0
20260818-214558,1787089665701,0.0
20260818-214558,1787089665803,-0.0
20260818-214558,1787089665905,0.0
20260818-214558,1787089666007,0.0
20260818-214558,1787089666109,0.0
20260818-214558,1787089666211,0.0
20260818-214558,1787089666313,-0.0
20260818-214558,1787089666415,0.0
20260818-214558,1787089666517,-0.0
20260818-214558,1787089666619,-0.0
20260818-214558,1787089666721,0.0
20260818-214558,1787089666823,-0.0
20260818-214558,1787089666925,0.0
20260818-214558,1787089667027,0.0
20260818-214558,1787089667129,-0.0
20260818-214558,1787089667231,-0.0
20260818-214558,1787089667333,0.0
20260818-214558,1787089667435,0.0
20260818-214558,1787089667537,0.0
20260818-214558,1787089667639,-0.0
20260818-214558,1787089667741,0.0
20260818-214558,1787089667843,0.0
20260818-214558,1787089667945,0.0
20260818-214558,1787089668047,-0.0
20260818-214558,1787089668149,0.0
20260818-214558,1787089668050,0.0
20260818-214558,1787089668251,0.0
20260818-214558,1787089668353,0.0
20260818-214558,1787089668455,0.0
20260818-214558,1787089668557,0.0
20260818-214558,1787089668659,-0.0
20260818-214558,1787089668761,0.0
20260818-214558,1787089668863,0.0
20260818-214558,1787089668965,0.0
20260818-214558,1787089669067,0.0
20260818-214558,1787089669169,-0.0
20260818-214558,1787089669271,0.0
20260818-214558,1787089669373,0.0
20260818-214558,1787089669475,0.0
20260818-214558,1787089669577,0.0
20260818-214558,1787089669679,-0.0
20260818-214558,1787089669781,0.0
20260818-214558,1787089669883,-0.0
20260818-214558,1787089669985,0.0
20260818-214558,1787089670087,0.0
20260818-214558,1787089670189,-0.0
20260818-214558,1787089670291,-0.0
20260818-214558,1787089670393,0.0
20260818-214558,1787089670495,0.0
20260818-214558,1787089670597,0.0
20260818-214558,1787089670699,0.0
20260818-214558,1787089670801,0.0
20260818-214558,1787089670679,0.0
20260818-214558,1787089670903,-0.0
20260818-214558,1787089671005,0.0
20260818-214558,1787089670920,0.0
20260818-214558,1787089671107,0.0
20260818-214558,1787089671209,0.0
20260818-214558,1787089671311,-0.0
20260818-214558,1787089671413,-0.0
20260818-214558,1787089671515,0.0
20260818-214558,1787089671617,0.0
20260818-214558,1787089671719,0.0
20260818-214558,1787089671821,-0.0
20260818-214558,1787089671923,0.0
20260818-214558,1787089671811,0.0
20260818-214558,1787089672025,0.0
20260818-214558,1787089672127,-0.0
20260818-214558,1787089672229,-0.0
20260818-214558,1787089672331,0.0
20260818-214558,1787089672433,0.0
20260818-214558,1787089672535,0.0
20260818-214558,1787089672637,0.0
20260818-214558,1787089672554,-0.0
20260818-214558,1787089672739,0.0
20260818-214558,1787089672841,0.0
20260818-214558,1787089672943,0.0
20260818-214558,1787089673045,-0.0
20260818-214558,1787089672969,0.0
20260818-214558,1787089673147,0.0
20260818-214558,1787089673249,-0.0
20260818-214558,1787089673351,-0.0
20260818-214558,1787089673453,0.0
20260818-214558,1787089673555,0.0
20260818-214558,1787089673657,1.239002881456076
20260818-214558,1787089673507,0.0
20260818-214558,1787089673759,-1.239002881456076
20260818-214558,1787089673861,-1.239002881456076
20260818-214558,1787089673963,-1.239002881456076
20260818-214558,1787089674065,-1.239002881456076
20260818-214558,1787089674069,-1.239002881456076
20260818-214558,1787089674069,-1.239002881456076
20260818-214558,1787089674069,1.239002881456076
20260818-214558,1787089674069,1.239002881456076
20260818-214558,1787089674069,1.239002881456076
20260818-214558,1787089674069,-1.239002881456076
20260818-214558,1787089674069,-1.239002881456076
20260818-214558,1787089674069,1.239002881456076
20260818-214558,1787089674072,1.239002881456076
20260818-214558,1787089674073,-1.239002881456076
20260818-214558,1787089674073,-1.239002881456076
20260818-214558,1787089674073,-1.239002881456076
20260818-214558,1787089674073,-1.239002881456076
20260818-214558,1787089674073,-1.239002881456076
20260818-214558,1787089674073,1.239002881456076
20260818-214558,1787089674073,-1.239002881456076
20260818-214558,1787089674073,1.239002881456076
20260818-214558,1787089674073,-1.239002881456076
20260818-214558,1787089674073,-1.239002881456076
20260818-214558,1787089674073,1.239002881456076
20260818-214558,1787089674073,1.239002881456076
20260818-214558,1787089674088,-1.239002881456076
20260818-214558,1787089674088,1.239002881456076
20260818-214558,1787089674093,-1.239002881456076
20260818-214558,1787089674094,-1.239002881456076
20260818-214558,1787089674094,1.239002881456076
20260818-214558,1787089674094,1.239002881456076
20260818-214558,1787089674094,-1.239002881456076
20260818-214558,1787089674094,-1.239002881456076
20260818-214558,1787089674094,-1.239002881456076
20260818-214558,1787089674094,1.239002881456076
20260818-214558,1787089674094,-1.239002881456076
20260818-214558,1787089674094,-1.239002881456076
20260818-214558,1787089674094,-1.239002881456076
20260818-214558,1787089674094,-1.239002881456076
20260818-214558,1787089674094,-1.239002881456076
20260818-214558,1787089674094,-1.239002881456076
20260818-214558,1787089674099,1.239002881456076
20260818-214558,1787089674111,-1.239002881456076
20260818-214558,1787089674111,-1.239002881456076
20260818-214558,1787089674111,-1.239002881456076
20260818-214558,1787089674111,1.239002881456076
20260818-214558,1787089674111,-1.239002881456076
20260818-214558,1787089674111,-1.239002881456076
20260818-214558,1787089674167,0.0
20260818-214558,1787089674269,0.0
20260818-214558,1787089674155,0.0
20260818-214558,1787089674371,0.0
20260818-214558,1787089674473,0.0
20260818-214558,1787089674575,-0.0
20260818-214558,1787089674677,-0.0
20260818-214558,1787089674779,1.2391564132927406
20260818-214558,1787089674881,1.2391564132927406
20260818-214558,1787089674983,1.2391564132927406
20260818-214558,1787089675085,1.2391564132927406
20260818-214558,1787089675187,-0.8131617587836959
20260818-214558,1787089675187,0.8131617587836959
20260818-214558,1787089675200,0.8131617587836959
20260818-214558,1787089675201,0.8131617587836959
20260818-214558,1787089675201,0.8131617587836959
20260818-214558,1787089675201,-0.8131617587836959
20260818-214558,1787089675201,0.8131617587836959
20260818-214558,1787089675201,-0.8131617587836959
20260818-214558,1787089675201,0.8131617587836959
20260818-214558,1787089675201,0.8131617587836959
20260818-214558,1787089675201,-0.8131617587836959
20260818-214558,1787089675201,0.8131617587836959
20260818-214558,1787089675201,-0.8131617587836959
20260818-214558,1787089675201,0.8131617587836959
20260818-214558,1787089675201,-0.8131617587836959
20260818-214558,1787089675201,0.8131617587836959
20260818-214558,1787089675207,0.8131617587836959
20260818-214558,1787089675207,0.8131617587836959
20260818-214558,1787089675207,-0.8131617587836959
20260818-214558,1787089675209,0.8131617587836959
20260818-214558,1787089675209,-0.8131617587836959
20260818-214558,1787089675214,-0.8131617587836959
20260818-214558,1787089675214,0.8131617587836959
20260818-214558,1787089675214,-0.8131617587836959
20260818-214558,1787089675214,0.8131617587836959
20260818-214558,1787089675214,-0.8131617587836959
20260818-214558,1787089675214,0.8131617587836959
20260818-214558,1787089675214,0.8131617587836959
20260818-214558,1787089675218,0.8131617587836959
20260818-214558,1787089675226,-0.0
20260818-214558,1787089675289,0.0
20260818-214558,1787089675226,0.0
20260818-214558,1787089675391,0.0
20260818-214558,1787089675493,0.0
20260818-214558,1787089675595,-0.0
20260818-214558,1787089675697,-0.0
20260818-214558,1787089675799,0.0
20260818-214558,1787089675649,0.0
20260818-214558,1787089675901,-0.0
20260818-214558,1787089676003,0.0
20260818-214558,1787089676105,0.0
20260818-214558,1787089676021,0.0
20260818-214558,1787089676207,0.0
20260818-214558,1787089676195,0.0
20260818-214558,1787089676309,-0.0
20260818-214558,1787089676411,0.0
20260818-214558,1787089676306,-0.0
20260818-214558,1787089676513,0.0
20260818-214558,1787089676409,-0.0
20260818-214558,1787089676615,0.0
20260818-214558,1787089676717,-0.0
20260818-214558,1787089676819,0.0
20260818-214558,1787089676921,0.0
20260818-214558,1787089677023,0.0
20260818-214558,1787089677127,0.0
20260818-214558,1787089677229,0.0
20260818-214558,1787089677331,0.0
20260818-214558,1787089677433,0.0
20260818-214558,1787089677535,0.0
20260818-214558,1787089677637,-0.0
20260818-214558,1787089677739,0.0
20260818-214558,1787089677841,0.0
20260818-214558,1787089677943,-0.0
20260818-214558,1787089678045,0.0
20260818-214558,1787089677973,0.0
20260818-214558,1787089678147,0.0
20260818-214558,1787089678249,-0.0
20260818-214558,1787089678351,0.0
20260818-214558,1787089678453,-0.0
20260818-214558,1787089678379,-0.0
20260818-214558,1787089678555,0.0
20260818-214558,1787089678657,-0.0
20260818-214558,1787089678759,1.0686399852549642
20260818-214558,1787089678654,0.0
20260818-214558,1787089678861,-1.0686399852549642
20260818-214558,1787089678963,-1.0686399852549642
20260818-214558,1787089678882,-1.0686399852549642
20260818-214558,1787089679065,1.0841275212740666
20260818-214558,1787089679120,1.0841275212740666
20260818-214558,1787089679120,1.0841275212740666
20260818-214558,1787089679120,1.0841275212740666
20260818-214558,1787089679122,1.0841275212740666
20260818-214558,1787089679124,1.0841275212740666
20260818-214558,1787089679124,1.0841275212740666
20260818-214558,1787089679125,1.0841275212740666
20260818-214558,1787089679127,-1.0841275212740666
20260818-214558,1787089679127,1.0841275212740666
20260818-214558,1787089679127,-1.0841275212740666
20260818-214558,1787089679127,1.0841275212740666
20260818-214558,1787089679127,1.0841275212740666
20260818-214558,1787089679133,1.0841275212740666
20260818-214558,1787089679133,1.0841275212740666
20260818-214558,1787089679133,-1.0841275212740666
20260818-214558,1787089679134,1.0841275212740666
20260818-214558,1787089679134,1.0841275212740666
20260818-214558,1787089679134,1.0841275212740666
20260818-214558,1787089679134,-1.0841275212740666
20260818-214558,1787089679136,1.0841275212740666
20260818-214558,1787089679136,1.0841275212740666
20260818-214558,1787089679136,1.0841275212740666
20260818-214558,1787089679136,1.0841275212740666
20260818-214558,1787089679136,1.0841275212740666
20260818-214558,1787089679136,1.0841275212740666
20260818-214558,1787089679136,1.0841275212740666
20260818-214558,1787089679139,-1.0841275212740666
20260818-214558,1787089679171,-1.0841275212740666
20260818-214558,1787089679171,1.0841275212740666
20260818-214558,1787089679171,-1.0841275212740666
20260818-214558,1787089679171,1.0841275212740666
20260818-214558,1787089679176,-1.0841275212740666
20260818-214558,1787089679176,-1.0841275212740666
20260818-214558,1787089679179,-1.0841275212740666
20260818-214558,1787089679179,1.0841275212740666
20260818-214558,1787089679182,1.0841275212740666
20260818-214558,1787089679182,1.0841275212740666
20260818-214558,1787089679186,1.0841275212740666
20260818-214558,1787089679186,1.0841275212740666
20260818-214558,1787089679188,0.01548588113592357
20260818-214558,1787089679188,0.01548588113592357
20260818-214558,1787089679167,0.3407004646685239
20260818-214558,1787089679269,0.01548588113592357
20260818-214558,1787089679188,0.01548588113592357
20260818-214558,1787089679371,0.8517234624262195
20260818-214558,1787089679473,-0.8362375812902959
20260818-214558,1787089679340,0.8517234624262195
20260818-214558,1787089679575,-1.4556705724592907
20260818-214558,1787089679677,-1.4866422867664555
20260818-214558,1787089679566,-1.4556705724592907
20260818-214558,1787089679724,1.4866422867664555
20260818-214558,1787089679724,-1.4866422867664555
20260818-214558,1787089679724,-1.4866422867664555
20260818-214558,1787089679727,1.4866422867664555
20260818-214558,1787089679732,-1.4866422867664555
20260818-214558,1787089679732,-1.4866422867664555
20260818-214558,1787089679732,1.4866422867664555
20260818-214558,1787089679732,1.4866422867664555
20260818-214558,1787089679732,1.4866422867664555
20260818-214558,1787089679732,1.4866422867664555
20260818-214558,1787089679732,1.4866422867664555
20260818-214558,1787089679732,-1.4866422867664555
20260818-214558,1787089679732,1.4866422867664555
20260818-214558,1787089679737,1.4866422867664555
20260818-214558,1787089679737,-1.4866422867664555
20260818-214558,1787089679737,1.4866422867664555
20260818-214558,1787089679737,1.4866422867664555
20260818-214558,1787089679737,-1.4866422867664555
20260818-214558,1787089679737,-1.4866422867664555
20260818-214558,1787089679742,1.4866422867664555
20260818-214558,1787089679744,1.4866422867664555
20260818-214558,1787089679746,-1.4866422867664555
20260818-214558,1787089679746,-1.4866422867664555
20260818-214558,1787089679746,1.4866422867664555
20260818-214558,1787089679748,-1.4866422867664555
20260818-214558,1787089679748,-1.4866422867664555
20260818-214558,1787089679748,-1.4866422867664555
20260818-214558,1787089679749,1.4866422867664555
20260818-214558,1787089679749,-1.4866422867664555
20260818-214558,1787089679749,-1.4866422867664555
20260818-214558,1787089679750,-1.4866422867664555
20260818-214558,1787089679750,-1.4866422867664555
20260818-214558,1787089679750,-1.4866422867664555
20260818-214558,1787089679751,1.4866422867664555
20260818-214558,1787089679751,1.4866422867664555
20260818-214558,1787089679751,1.4866422867664555
20260818-214558,1787089679751,-1.4866422867664555
20260818-214558,1787089679751,-1.4866422867664555
20260818-214558,1787089679751,1.4866422867664555
20260818-214558,1787089679754,-1.4866422867664555
20260818-214558,1787089679782,-1.4866422867664555
20260818-214558,1787089679783,-1.8737887156116517
20260818-214558,1787089679783,-1.8737887156116517
20260818-214558,1787089679783,-1.8737887156116517
20260818-214558,1787089679783,1.8737887156116517
20260818-214558,1787089679783,-1.8737887156116517
20260818-214558,1787089679848,-2.8336748969700443
20260818-214558,1787089679848,-2.8336748969700443
20260818-214558,1787089679848,-2.8336748969700443
20260818-214558,1787089679848,-2.8336748969700443
20260818-214558,1787089679848,-2.8336748969700443
20260818-214558,1787089679848,2.8336748969700443
20260818-214558,1787089679848,-2.8336748969700443
20260818-214558,1787089679848,2.8336748969700443
20260818-214558,1787089679848,-2.8336748969700443
20260818-214558,1787089679848,-2.8336748969700443
20260818-214558,1787089679848,-2.8336748969700443
20260818-214558,1787089679848,-2.8336748969700443
20260818-214558,1787089679848,-2.8336748969700443
20260818-214558,1787089679848,-2.8336748969700443
20260818-214558,1787089679848,-2.8336748969700443
20260818-214558,1787089679848,2.8336748969700443
20260818-214558,1787089679848,-2.8336748969700443
20260818-214558,1787089679848,2.8336748969700443
20260818-214558,1787089679851,-2.8336748969700443
20260818-214558,1787089679858,-2.8336748969700443
20260818-214558,1787089679858,-2.8336748969700443
20260818-214558,1787089679858,2.8336748969700443
20260818-214558,1787089679858,-2.8336748969700443
20260818-214558,1787089679858,-2.8336748969700443
20260818-214558,1787089679858,2.8336748969700443
20260818-214558,1787089679858,2.8336748969700443
20260818-214558,1787089679858,2.8336748969700443
20260818-214558,1787089679858,-2.8336748969700443
20260818-214558,1787089679858,-2.8336748969700443
20260818-214558,1787089679858,-2.8336748969700443
20260818-214558,1787089679867,-2.8336748969700443
20260818-214558,1787089679877,2.8336748969700443
20260818-214558,1787089679877,-2.8336748969700443
20260818-214558,1787089679877,-2.8336748969700443
20260818-214558,1787089679881,1.5796234766136963
20260818-214558,1787089679879,-1.5796234766136963
20260818-214558,1787089679903,-1.5796234766136963
20260818-214558,1787089679903,-1.5796234766136963
20260818-214558,1787089679903,1.5796234766136963
20260818-214558,1787089679903,1.5796234766136963
20260818-214558,1787089679903,-1.5796234766136963
20260818-214558,1787089679903,1.5796234766136963
20260818-214558,1787089679903,-1.5796234766136963
20260818-214558,1787089679903,-1.5796234766136963
20260818-214558,1787089679903,-1.5796234766136963
20260818-214558,1787089679903,1.5796234766136963
20260818-214558,1787089679903,-1.5796234766136963
20260818-214558,1787089679926,1.5796234766136963
20260818-214558,1787089679928,1.5796234766136963
20260818-214558,1787089679928,-1.5796234766136963
20260818-214558,1787089679983,-1.1460510410880564
20260818-214558,1787089679929,-1.1460510410880564
20260818-214558,1787089680026,1.4712817419356337
20260818-214558,1787089680026,-1.4712817419356337
20260818-214558,1787089680026,-1.4712817419356337
20260818-214558,1787089680026,1.4712817419356337
20260818-214558,1787089680026,1.4712817419356337
20260818-214558,1787089680026,1.4712817419356337
20260818-214558,1787089680026,-1.4712817419356337
20260818-214558,1787089680026,1.4712817419356337
20260818-214558,1787089680026,-1.4712817419356337
20260818-214558,1787089680026,1.4712817419356337
20260818-214558,1787089680026,-1.4712817419356337
20260818-214558,1787089680026,1.4712817419356337
20260818-214558,1787089680026,-1.4712817419356337
20260818-214558,1787089680026,-1.4712817419356337
20260818-214558,1787089680026,1.4712817419356337
20260818-214558,1787089680026,1.4712817419356337
20260818-214558,1787089680026,-1.4712817419356337
20260818-214558,1787089680027,-1.4712817419356337
20260818-214558,1787089680085,-0.8673342559071688
20260818-214558,1787089680036,-0.8673342559071688
20260818-214558,1787089680096,-0.8673342559071688
20260818-214558,1787089680096,-0.8673342559071688
20260818-214558,1787089680187,-0.836360623211668
20260818-214558,1787089680115,-0.836360623211668
20260818-214558,1787089680227,-0.836360623211668
20260818-214558,1787089680227,-0.836360623211668
20260818-214558,1787089680227,-0.836360623211668
20260818-214558,1787089680227,-0.836360623211668
20260818-214558,1787089680236,-0.836360623211668
20260818-214558,1787089680236,0.836360623211668
20260818-214558,1787089680236,-0.836360623211668
20260818-214558,1787089680236,0.836360623211668
20260818-214558,1787089680236,-0.836360623211668
20260818-214558,1787089680236,-0.836360623211668
20260818-214558,1787089680280,-0.836360623211668
20260818-214558,1787089680282,0.4491740231811247
20260818-214558,1787089680282,-0.4491740231811247
20260818-214558,1787089680282,-0.4491740231811247
20260818-214558,1787089680282,0.4491740231811247
20260818-214558,1787089680282,-0.4491740231811247
20260818-214558,1787089680289,-0.4491740231811247
20260818-214558,1787089680282,0.4491740231811247
20260818-214558,1787089680391,-0.3252679782180843
20260818-214558,1787089680290,-0.3252679782180843
20260818-214558,1787089680493,-0.3252679782180843
20260818-214558,1787089680508,-0.3252679782180843
20260818-214558,1787089680508,-0.3252679782180843
20260818-214558,1787089680508,-0.3252679782180843
20260818-214558,1787089680508,-0.3252679782180843
20260818-214558,1787089680508,-0.3252679782180843
20260818-214558,1787089680508,0.3252679782180843
20260818-214558,1787089680508,-0.3252679782180843
20260818-214558,1787089680508,-0.3252679782180843
20260818-214558,1787089680508,0.3252679782180843
20260818-214558,1787089680508,-0.3252679782180843
20260818-214558,1787089680508,-0.3252679782180843
20260818-214558,1787089680697,-0.0
20260818-214558,1787089680561,-0.0
20260818-214558,1787089680799,0.0
20260818-214558,1787089680901,0.0
20260818-214558,1787089680832,0.0
20260818-214558,1787089681003,0.0
20260818-214558,1787089681105,0.0
20260818-214558,1787089681010,0.0
20260818-214558,1787089681207,0.0
20260818-214558,1787089681309,1.2701353236246082
20260818-214558,1787089681411,1.285624778791669
20260818-214558,1787089681513,-1.285624778791669
20260818-214558,1787089681615,1.4405193304532615
20260818-214558,1787089681717,0.24780172764357142
20260818-214558,1787089681819,-0.17036236850244832
20260818-214558,1787089681735,0.17036236850244832
20260818-214558,1787089681836,0.17036236850244832
20260818-214558,1787089681921,-0.15487464059403716
20260818-214558,1787089682023,0.15487464059403716
20260818-214558,1787089681917,-0.15487464059403716
20260818-214558,1787089682035,0.15487464059403716
20260818-214558,1787089682035,0.15487464059403716
20260818-214558,1787089682039,0.0
20260818-214558,1787089682125,-0.0
20260818-214558,1787089682039,-0.0
20260818-214558,1787089682227,-0.0
20260818-214558,1787089682329,0.0
20260818-214558,1787089682431,0.0
20260818-214558,1787089682533,-0.0
20260818-214558,1787089682635,-0.0
20260818-214558,1787089682737,-0.0
20260818-214558,1787089682839,0.0
20260818-214558,1787089682941,0.0
20260818-214558,1787089683043,0.0
20260818-214558,1787089683145,0.0
20260818-214558,1787089683247,0.6194889680630206
20260818-214558,1787089683349,0.6194889680630206
20260818-214558,1787089683451,-0.6194889680630206
20260818-214558,1787089683553,0.6194889680630206
20260818-214558,1787089683655,-0.6194889680630206
20260818-214558,1787089683693,0.6194889680630206
20260818-214558,1787089683695,0.6194889680630206
20260818-214558,1787089683695,0.6194889680630206
20260818-214558,1787089683695,-0.6194889680630206
20260818-214558,1787089683695,0.6194889680630206
20260818-214558,1787089683695,0.6194889680630206
20260818-214558,1787089683699,-0.6194889680630206
20260818-214558,1787089683701,-0.6194889680630206
20260818-214558,1787089683702,0.6194889680630206
20260818-214558,1787089683702,-0.6194889680630206
20260818-214558,1787089683702,-0.6194889680630206
20260818-214558,1787089683702,-0.6194889680630206
20260818-214558,1787089683702,-0.6194889680630206
20260818-214558,1787089683702,0.6194889680630206
20260818-214558,1787089683706,0.6194889680630206
20260818-214558,1787089683706,0.6194889680630206
20260818-214558,1787089683710,-0.6194889680630206
20260818-214558,1787089683710,0.6194889680630206
20260818-214558,1787089683711,0.6194889680630206
20260818-214558,1787089683713,0.0
20260818-214558,1787089683713,-0.0
20260818-214558,1787089683757,0.0
20260818-214558,1787089683859,0.0
20260818-214558,1787089683713,-0.0
20260818-214558,1787089683961,0.0
20260818-214558,1787089684063,-0.0
20260818-214558,1787089684165,-0.0
20260818-214558,1787089684267,0.0
20260818-214558,1787089684369,0.0
20260818-214558,1787089684471,-0.0
20260818-214558,1787089684573,0.0
20260818-214558,1787089684675,-0.0
20260818-214558,1787089684777,0.0
20260818-214558,1787089684701,0.0
20260818-214558,1787089684879,-0.0
20260818-214558,1787089684981,-0.0
20260818-214558,1787089685083,-0.0
20260818-214558,1787089685185,-0.0
20260818-214558,1787089685287,-0.0
20260818-214558,1787089685389,-0.0
20260818-214558,1787089685491,-0.0
20260818-214558,1787089685593,0.0
20260818-214558,1787089685695,0.0
20260818-214558,1787089685797,0.0
20260818-214558,1787089685899,0.0
20260818-214558,1787089686001,0.0
20260818-214558,1787089686103,0.0
20260818-214558,1787089686205,0.0
20260818-214558,1787089686307,-0.0
20260818-214558,1787089686409,0.0
20260818-214558,1787089686511,0.0
20260818-214558,1787089686613,0.0
20260818-214558,1787089686715,-0.0
20260818-214558,1787089686817,0.0
20260818-214558,1787089686919,0.0
20260818-214558,1787089686846,0.0
20260818-214558,1787089687021,0.0
20260818-214558,1787089687123,-0.0
20260818-214558,1787089687225,0.0
20260818-214558,1787089687327,0.0
20260818-214558,1787089687429,-0.0
20260818-214558,1787089687531,-0.0
20260818-214558,1787089687633,0.0
20260818-214558,1787089687735,-0.0
20260818-214558,1787089687837,-0.0
20260818-214558,1787089687939,-0.0
20260818-214558,1787089688041,0.0
20260818-214558,1787089688143,0.0
20260818-214558,1787089688008,0.0
20260818-214558,1787089688245,0.0
20260818-214558,1787089688347,0.0
20260818-214558,1787089688449,-0.0
20260818-214558,1787089688551,0.0
20260818-214558,1787089688653,0.0
20260818-214558,1787089688755,-0.0
20260818-214558,1787089688857,0.0
20260818-214558,1787089688959,0.0
20260818-214558,1787089689061,0.0
20260818-214558,1787089689163,0.0
20260818-214558,1787089689265,0.0
20260818-214558,1787089689367,0.0
20260818-214558,1787089689469,0.0
20260818-214558,1787089689571,0.0
20260818-214558,1787089689673,0.0
20260818-214558,1787089689775,0.0
20260818-214558,1787089689877,0.0
20260818-214558,1787089689979,0.0
20260818-214558,1787089690081,-0.0
20260818-214558,1787089690183,0.0
20260818-214558,1787089690285,0.0
20260818-214558,1787089690387,0.0
20260818-214558,1787089690489,0.0
20260818-214558,1787089690591,-0.0
20260818-214558,1787089690693,0.0
20260818-214558,1787089690795,0.0
20260818-214558,1787089690897,-0.0
20260818-214558,1787089690999,-0.0
20260818-214558,1787089691101,-0.0
20260818-214558,1787089691203,0.0
20260818-214558,1787089691305,-0.0
20260818-214558,1787089691407,0.0
20260818-214558,1787089691509,0.0
20260818-214558,1787089691611,0.0
20260818-214558,1787089691713,0.0
20260818-214558,1787089691815,0.0
20260818-214558,1787089691917,-0.0
20260818-214558,1787089692019,0.0
20260818-214558,1787089692121,0.0
20260818-214558,1787089692223,0.0
20260818-214558,1787089692325,-0.0
20260818-214558,1787089692232,0.0
20260818-214558,1787089692427,0.0
20260818-214558,1787089692337,-0.0
20260818-214558,1787089692529,0.0
20260818-214558,1787089692631,0.0
20260818-214558,1787089692733,0.0
20260818-214558,1787089692835,-0.0
20260818-214558,1787089692937,0.0
20260818-214558,1787089693039,0.0
20260818-214558,1787089693141,-0.0
20260818-214558,1787089693243,0.0
20260818-214558,1787089693345,0.0
20260818-214558,1787089693289,0.0
20260818-214558,1787089693447,0.0
20260818-214558,1787089693549,0.0
20260818-214558,1787089693651,0.0
20260818-214558,1787089693753,0.0
20260818-214558,1787089693855,0.0
20260818-214558,1787089693957,0.0
20260818-214558,1787089694059,-0.0
20260818-214558,1787089694161,-0.0
20260818-214558,1787089694067,-0.0
20260818-214558,1787089694263,-0.0
20260818-214558,1787089694365,0.0
20260818-214558,1787089694467,-0.0
20260818-214558,1787089694569,0.0
20260818-214558,1787089694671,0.0
20260818-214558,1787089694773,0.0
20260818-214558,1787089694875,0.0
20260818-214558,1787089694977,0.0
20260818-214558,1787089695079,0.0
20260818-214558,1787089695181,0.0
20260818-214558,1787089695283,-0.0
20260818-214558,1787089695385,0.0
20260818-214558,1787089695487,0.0
20260818-214558,1787089695589,0.0
20260818-214558,1787089695691,0.0
20260818-214558,1787089695563,-0.0
20260818-214558,1787089695793,-0.0
20260818-214558,1787089695895,-0.0
20260818-214558,1787089695997,0.0
20260818-214558,1787089695850,-0.0
20260818-214558,1787089696099,0.0
20260818-214558,1787089696201,-0.0
20260818-214558,1787089696303,-0.0
20260818-214558,1787089696405,0.0
20260818-214558,1787089696507,-0.0
20260818-214558,1787089696609,0.0
20260818-214558,1787089696711,0.0
20260818-214558,1787089696813,0.0
20260818-214558,1787089696915,0.0
20260818-214558,1787089697017,0.0
20260818-214558,1787089696904,-0.0
20260818-214558,1787089697119,-0.0
20260818-214558,1787089697221,-0.0
20260818-214558,1787089697323,0.0
20260818-214558,1787089697194,-0.0
20260818-214558,1787089697425,-0.0
20260818-214558,1787089697527,0.0
20260818-214558,1787089697629,0.0
20260818-214558,1787089697731,0.0
20260818-214558,1787089697833,0.0
20260818-214558,1787089697935,-0.0
20260818-214558,1787089698037,0.0
20260818-214558,1787089698098,-0.0
20260818-214558,1787089698139,0.0
20260818-214558,1787089698241,-0.0
20260818-214558,1787089698119,-0.0
20260818-214558,1787089698343,0.0
20260818-214558,1787089698287,0.0
20260818-214558,1787089698445,0.0
20260818-214558,1787089698547,0.0
20260818-214558,1787089698649,-0.0
20260818-214558,1787089698751,-0.0
20260818-214558,1787089698853,0.0
20260818-214558,1787089698955,-0.0
20260818-214558,1787089699057,0.0
20260818-214558,1787089699159,-0.0
20260818-214558,1787089699261,0.0
20260818-214558,1787089699363,0.0
20260818-214558,1787089699465,0.0
20260818-214558,1787089699567,0.0
20260818-214558,1787089699669,-0.0
20260818-214558,1787089699771,-0.0
20260818-214558,1787089699873,0.0
20260818-214558,1787089699750,0.0
20260818-214558,1787089699975,0.0
20260818-214558,1787089700077,0.0
20260818-214558,1787089700179,-0.0
20260818-214558,1787089700281,0.0
20260818-214558,1787089700383,0.0
20260818-214558,1787089700485,-0.0
20260818-214558,1787089700587,-0.0
20260818-214558,1787089700689,0.0
20260818-214558,1787089700791,0.0
20260818-214558,1787089700893,0.0
20260818-214558,1787089700760,0.0
20260818-214558,1787089700995,-0.0
20260818-214558,1787089701097,-0.0
20260818-214558,1787089701199,0.0
20260818-214558,1787089701301,-0.0
20260818-214558,1787089701403,-0.0
20260818-214558,1787089701505,-0.0
20260818-214558,1787089701607,-0.0
20260818-214558,1787089701507,0.0
20260818-214558,1787089701709,0.0
20260818-214558,1787089701811,0.0
20260818-214558,1787089701913,0.0
20260818-214558,1787089702015,0.0
20260818-214558,1787089702117,0.0
20260818-214558,1787089702219,0.0
20260818-214558,1787089702321,0.0
20260818-214558,1787089702423,-0.0
20260818-214558,1787089702525,0.0
20260818-214558,1787089702627,-0.0
20260818-214558,1787089702729,0.0
20260818-214558,1787089702657,-0.0
20260818-214558,1787089702831,1.1150110688073467
20260818-214558,1787089702933,-1.1150110688073467
20260818-214558,1787089703035,-1.1150110688073467
20260818-214558,1787089703137,1.1150110688073467
20260818-214558,1787089702993,1.1150110688073467
20260818-214558,1787089703239,1.1150110688073467
20260818-214558,1787089703243,1.1150110688073467
20260818-214558,1787089703243,1.1150110688073467
20260818-214558,1787089703243,1.1150110688073467
20260818-214558,1787089703243,-1.1150110688073467
20260818-214558,1787089703243,1.1150110688073467
20260818-214558,1787089703243,1.1150110688073467
20260818-214558,1787089703243,1.1150110688073467
20260818-214558,1787089703243,1.1150110688073467
20260818-214558,1787089703243,1.1150110688073467
20260818-214558,1787089703243,-1.1150110688073467
20260818-214558,1787089703243,-1.1150110688073467
20260818-214558,1787089703243,1.1150110688073467
20260818-214558,1787089703243,1.1150110688073467
20260818-214558,1787089703243,-1.1150110688073467
20260818-214558,1787089703243,1.1150110688073467
20260818-214558,1787089703249,-1.1150110688073467
20260818-214558,1787089703249,1.1150110688073467
20260818-214558,1787089703249,1.1150110688073467
20260818-214558,1787089703249,-1.1150110688073467
20260818-214558,1787089703249,1.1150110688073467
20260818-214558,1787089703249,-1.1150110688073467
20260818-214558,1787089703249,-1.1150110688073467
20260818-214558,1787089703249,-1.1150110688073467
20260818-214558,1787089703249,-1.1150110688073467
20260818-214558,1787089703256,-1.1150110688073467
20260818-214558,1787089703258,1.1150110688073467
20260818-214558,1787089703258,1.1150110688073467
20260818-214558,1787089703258,1.1150110688073467
20260818-214558,1787089703262,-1.1150110688073467
20260818-214558,1787089703270,1.1150110688073467
20260818-214558,1787089703270,-1.1150110688073467
20260818-214558,1787089703270,1.1150110688073467
20260818-214558,1787089703270,1.1150110688073467
20260818-214558,1787089703270,1.1150110688073467
20260818-214558,1787089703270,1.1150110688073467
20260818-214558,1787089703278,1.1150110688073467
20260818-214558,1787089703278,1.1150110688073467
20260818-214558,1787089703279,1.1150110688073467
20260818-214558,1787089703279,-1.1150110688073467
20260818-214558,1787089703279,1.1150110688073467
20260818-214558,1787089703282,1.1150110688073467
20260818-214558,1787089703284,-1.1150110688073467
20260818-214558,1787089703288,1.1150110688073467
20260818-214558,1787089703288,1.1150110688073467
20260818-214558,1787089703291,1.1150110688073467
20260818-214558,1787089703294,0.0
20260818-214558,1787089703294,-0.0
20260818-214558,1787089703294,0.0
20260818-214859,1787089742409,0.0
20260818-214859,1787089742611,0.0
20260818-214859,1787089742713,-0.0
20260818-214859,1787089742815,-0.0
20260818-214859,1787089742917,0.0
20260818-214859,1787089743869,0.4181518154388838
20260818-214859,1787089743869,0.4181518154388838
20260818-214859,1787089743937,-0.0
20260818-214859,1787089743881,-0.0
20260818-214859,1787089744039,-0.0
20260818-214859,1787089744141,0.0
20260818-214859,1787089744243,0.0
20260818-214859,1787089744345,-0.0
20260818-214859,1787089744447,0.0
20260818-214859,1787089744549,0.0
20260818-214859,1787089744651,-0.0
20260818-214859,1787089744753,-0.0
20260818-214859,1787089744855,-0.0
20260818-214859,1787089744957,0.0
20260818-214859,1787089745059,0.0
20260818-214859,1787089745161,0.0
20260818-214859,1787089745263,-0.0
20260818-214859,1787089745365,0.0
20260818-214859,1787089745467,0.0
20260818-214859,1787089745569,0.0
20260818-214859,1787089745671,-0.0
20260818-214859,1787089745773,0.0
20260818-214859,1787089745875,-0.0
20260818-214859,1787089745977,0.0
20260818-214859,1787089746079,0.0
20260818-214859,1787089746181,-0.0
20260818-214859,1787089746283,0.0
20260818-214859,1787089746385,0.0
20260818-214859,1787089746487,0.0
20260818-214859,1787089746384,0.0
20260818-214859,1787089746589,0.0
20260818-214859,1787089746691,-0.0
20260818-214859,1787089746793,0.0
20260818-214859,1787089746895,0.0
20260818-214859,1787089746997,0.0
20260818-214859,1787089747099,-0.0
20260818-214859,1787089747201,0.0
20260818-214859,1787089747094,-0.0
20260818-214859,1787089747303,0.0
20260818-214859,1787089747405,0.0
20260818-214859,1787089747507,0.0
20260818-214859,1787089747609,0.0
20260818-214859,1787089747711,-0.0
20260818-214859,1787089747813,0.0
20260818-214859,1787089747915,0.0
20260818-214859,1787089748017,0.0
20260818-214859,1787089748119,-0.0
20260818-214859,1787089748221,-0.0
20260818-214859,1787089748074,0.0
20260818-214859,1787089748323,0.0
20260818-214859,1787089748425,0.0
20260818-214859,1787089748527,0.0
20260818-214859,1787089748629,0.0
20260818-214859,1787089748731,0.0
20260818-214859,1787089748833,0.0
20260818-214859,1787089748774,-0.0
20260818-214859,1787089748935,0.0
20260818-214859,1787089749037,0.0
20260818-214859,1787089749139,-0.0
20260818-214859,1787089749241,-0.0
20260818-214859,1787089749343,0.0
20260818-214859,1787089749445,0.0
20260818-214859,1787089749296,0.0
20260818-214859,1787089749547,-0.0
20260818-214859,1787089749649,-0.0
20260818-214859,1787089749751,-0.0
20260818-214859,1787089749680,0.0
20260818-214859,1787089749853,0.0
20260818-214859,1787089749955,0.0
20260818-214859,1787089750057,0.0
20260818-214859,1787089750159,-0.0
20260818-214859,1787089750261,0.0
20260818-214859,1787089750164,0.0
20260818-214859,1787089750363,-0.0
20260818-214859,1787089750465,-0.0
20260818-214859,1787089750567,-0.0
20260818-214859,1787089750669,0.0
20260818-214859,1787089750771,0.0
20260818-214859,1787089750873,0.0
20260818-214859,1787089750785,0.0
20260818-214859,1787089750975,0.0
20260818-214859,1787089751077,-0.0
20260818-214859,1787089751179,0.0
20260818-214859,1787089751281,-0.0
20260818-214859,1787089751383,0.0
20260818-214859,1787089751485,-0.0
20260818-214859,1787089751467,0.0
20260818-214859,1787089751484,0.0
20260818-214859,1787089751587,0.0
20260818-214859,1787089751560,0.0
20260818-214859,1787089751689,0.0
20260818-214859,1787089751791,0.0
20260818-214859,1787089751667,-0.0
20260818-214859,1787089751893,0.0
20260818-214859,1787089751995,-0.0
20260818-214859,1787089752097,-0.0
20260818-214859,1787089752199,0.0
20260818-214859,1787089752301,-0.0
20260818-214859,1787089752403,-0.4026815493623722
20260818-214859,1787089752505,-0.4026815493623722
20260818-214859,1787089752607,0.4026815493623722
20260818-214859,1787089752709,-0.4026815493623722
20260818-214859,1787089752798,-0.4026815493623722
20260818-214859,1787089752799,-0.4026815493623722
20260818-214859,1787089752799,-0.4026815493623722
20260818-214859,1787089752799,-0.4026815493623722
20260818-214859,1787089752799,-0.4026815493623722
20260818-214859,1787089752799,-0.4026815493623722
20260818-214859,1787089752799,-0.4026815493623722
20260818-214859,1787089752799,-0.4026815493623722
20260818-214859,1787089752799,-0.4026815493623722
20260818-214859,1787089752799,-0.4026815493623722
20260818-214859,1787089752799,-0.4026815493623722
20260818-214859,1787089752799,-0.4026815493623722
20260818-214859,1787089752799,-0.4026815493623722
20260818-214859,1787089752799,-0.4026815493623722
20260818-214859,1787089752799,0.4026815493623722
20260818-214859,1787089752799,0.4026815493623722
20260818-214859,1787089752799,-0.4026815493623722
20260818-214859,1787089752802,-0.4026815493623722
20260818-214859,1787089752809,-0.0
20260818-214859,1787089752811,-0.0
20260818-214859,1787089752809,0.0
20260818-214859,1787089752913,0.0
20260818-214859,1787089752835,-0.0
20260818-214859,1787089753015,0.0
20260818-214859,1787089753117,-0.0
20260818-214859,1787089753219,0.0
20260818-214859,1787089753321,0.0
20260818-214859,1787089753423,0.0
20260818-214859,1787089754230,0.0
20260818-214859,1787089754443,0.0
20260818-214859,1787089754376,-0.0
20260818-214859,1787089754545,-0.0
20260818-214859,1787089754647,-0.0
20260818-214859,1787089754749,-0.0
20260818-214859,1787089754851,-0.0
20260818-214859,1787089754758,0.0
20260818-214859,1787089754953,0.0
20260818-214859,1787089755055,0.0
20260818-214859,1787089755157,-0.0
20260818-214859,1787089755259,0.0
20260818-214859,1787089755361,0.0
20260818-214859,1787089755463,-0.40269776526063
20260818-214859,1787089755565,0.40269776526063
20260818-214859,1787089755667,-0.40269776526063
20260818-214859,1787089755769,0.40269776526063
20260818-214859,1787089755871,-0.40269776526063
20260818-214859,1787089755915,0.40269776526063
20260818-214859,1787089755918,0.40269776526063
20260818-214859,1787089755918,-0.40269776526063
20260818-214859,1787089755918,0.40269776526063
20260818-214859,1787089755918,-0.40269776526063
20260818-214859,1787089755918,0.40269776526063
20260818-214859,1787089755918,0.40269776526063
20260818-214859,1787089755918,-0.40269776526063
20260818-214859,1787089755918,0.40269776526063
20260818-214859,1787089755918,-0.40269776526063
20260818-214859,1787089755921,-0.40269776526063
20260818-214859,1787089755921,0.40269776526063
20260818-214859,1787089755921,-0.40269776526063
20260818-214859,1787089755924,0.0
20260818-214859,1787089755924,0.0
20260818-214859,1787089755973,0.0
20260818-214859,1787089756075,0.0
20260818-214859,1787089755924,0.0
20260818-214859,1787089756177,0.0
20260818-214859,1787089756279,0.0
20260818-214859,1787089756381,0.0
20260818-214859,1787089756483,-0.0
20260818-214859,1787089756585,0.0
20260818-214859,1787089756687,0.0
20260818-214859,1787089756789,0.0
20260818-214859,1787089756891,0.0
20260818-214859,1787089756993,0.0
20260818-214859,1787089757095,0.0
20260818-214859,1787089757197,-0.0
20260818-214859,1787089757299,0.0
20260818-214859,1787089757401,0.0
20260818-214859,1787089757503,0.0
20260818-214859,1787089757605,0.0
20260818-214859,1787089757707,0.0
20260818-214859,1787089757809,-0.0
20260818-214859,1787089757911,0.0
20260818-214859,1787089758013,0.0
20260818-214859,1787089758115,0.0
20260818-214859,1787089758217,0.0
20260818-214859,1787089758319,-0.0
20260818-214859,1787089758421,0.0
20260818-214859,1787089758523,-0.0
20260818-214859,1787089758625,0.0
20260818-214859,1787089758727,0.17037899258089648
20260818-214859,1787089758829,-0.17037899258089648
20260818-214859,1787089758931,0.387224983136352
20260818-214859,1787089759033,0.387224983136352
20260818-214859,1787089759135,0.387224983136352
20260818-214859,1787089759237,0.21684229601826108
20260818-214859,1787089759239,-0.21684229601826108
20260818-214859,1787089759329,-0.21684229601826108
20260818-214859,1787089759330,0.21684229601826108
20260818-214859,1787089759330,0.21684229601826108
20260818-214859,1787089759330,-0.21684229601826108
20260818-214859,1787089759335,0.0
20260818-214859,1787089759335,0.0
20260818-214859,1787089759339,0.0
20260818-214859,1787089759441,0.0
20260818-214859,1787089759335,0.0
20260818-214859,1787089759543,0.0
20260818-214859,1787089759645,0.0
20260818-214859,1787089759747,0.0
20260818-214859,1787089759849,-0.0
20260818-214859,1787089759951,-0.0
20260818-214859,1787089760053,0.0
20260818-214859,1787089760155,0.0
20260818-214859,1787089760257,0.0
20260818-214859,1787089760359,0.0
20260818-214859,1787089760461,0.0
20260818-214859,1787089760345,0.0
20260818-214859,1787089760563,0.0
20260818-214859,1787089760665,0.0
20260818-214859,1787089760767,-0.0
20260818-214859,1787089760869,0.0
20260818-214859,1787089760971,0.0
20260818-214859,1787089761073,-0.0
20260818-214859,1787089761175,-0.0
20260818-214859,1787089761277,-0.0
20260818-214859,1787089761220,0.0
20260818-214859,1787089761379,-0.0
20260818-214859,1787089761481,-0.0
20260818-214859,1787089761583,0.0
20260818-214859,1787089761466,0.0
20260818-214859,1787089761685,0.23232599363891432
20260818-214859,1787089761787,0.41818678854959496
20260818-214859,1787089761889,0.41818678854959496
20260818-214859,1787089761991,1.115164769466338
20260818-214859,1787089762093,-1.7347007525034426
20260818-214859,1787089762120,1.7347007525034426
20260818-214859,1787089762122,1.5023398556045549
20260818-214859,1787089762122,1.5023398556045549
20260818-214859,1787089762122,1.5023398556045549
20260818-214859,1787089762122,1.5023398556045549
20260818-214859,1787089762122,-1.5023398556045549
20260818-214859,1787089762122,1.5023398556045549
20260818-214859,1787089762122,1.5023398556045549
20260818-214859,1787089762195,1.5023398556045549
20260818-214859,1787089762122,-1.5023398556045549
20260818-214859,1787089762244,1.5023398556045549
20260818-214859,1787089762246,-1.5023398556045549
20260818-214859,1787089762246,-1.5023398556045549
20260818-214859,1787089762246,1.5023398556045549
20260818-214859,1787089762247,1.316458911381407
20260818-214859,1787089762297,1.316458911381407
20260818-214859,1787089762247,-1.316458911381407
20260818-214859,1787089762366,1.6726772050497678
20260818-214859,1787089762367,-1.6726772050497678
20260818-214859,1787089762373,1.6726772050497678
20260818-214859,1787089762373,1.6726772050497678
20260818-214859,1787089762373,1.6726772050497678
20260818-214859,1787089762373,-1.6726772050497678
20260818-214859,1787089762373,1.6726772050497678
20260818-214859,1787089762373,-1.6726772050497678
20260818-214859,1787089762373,1.6726772050497678
20260818-214859,1787089762373,1.6726772050497678
20260818-214859,1787089762373,1.6726772050497678
20260818-214859,1787089762373,-1.6726772050497678
20260818-214859,1787089762373,-1.6726772050497678
20260818-214859,1787089762373,-1.6726772050497678
20260818-214859,1787089762373,1.6726772050497678
20260818-214859,1787089762373,1.6726772050497678
20260818-214859,1787089762380,1.6726772050497678
20260818-214859,1787089762396,-1.2389664232355764
20260818-214859,1787089762396,1.2389664232355764
20260818-214859,1787089762399,1.2389664232355764
20260818-214859,1787089762396,-1.2389664232355764
20260818-214859,1787089762478,1.2389664232355764
20260818-214859,1787089762479,1.2389664232355764
20260818-214859,1787089762480,1.2389664232355764
20260818-214859,1787089762480,-1.2389664232355764
20260818-214859,1787089762480,1.2389664232355764
20260818-214859,1787089762480,1.2389664232355764
20260818-214859,1787089762480,-1.2389664232355764
20260818-214859,1787089762501,0.9756603710766119
20260818-214859,1787089762485,0.9756603710766119
20260818-214859,1787089762574,0.9756603710766119
20260818-214859,1787089762574,-0.9756603710766119
20260818-214859,1787089762574,0.9756603710766119
20260818-214859,1787089762574,0.9756603710766119
20260818-214859,1787089762574,0.9756603710766119
20260818-214859,1787089762574,-0.9756603710766119
20260818-214859,1787089762574,-0.9756603710766119
20260818-214859,1787089762580,-0.9756603710766119
20260818-214859,1787089762581,0.9756603710766119
20260818-214859,1787089762581,0.9756603710766119
20260818-214859,1787089762584,0.9756603710766119
20260818-214859,1787089762584,0.9756603710766119
20260818-214859,1787089762584,0.9756603710766119
20260818-214859,1787089762584,0.9756603710766119
20260818-214859,1787089762584,0.9756603710766119
20260818-214859,1787089762584,0.9756603710766119
20260818-214859,1787089762584,0.9756603710766119
20260818-214859,1787089762584,-0.9756603710766119
20260818-214859,1787089762587,0.9756603710766119
20260818-214859,1787089762587,-0.9756603710766119
20260818-214859,1787089762591,0.9756603710766119
20260818-214859,1787089762603,0.3561714051663298
20260818-214859,1787089762705,0.3561714051663298
20260818-214859,1787089762600,0.3561714051663298
20260818-214859,1787089762807,-0.3561714051663298
20260818-214859,1787089762849,0.3561714051663298
20260818-214859,1787089762849,0.3561714051663298
20260818-214859,1787089762849,-0.3561714051663298
20260818-214859,1787089762851,0.3561714051663298
20260818-214859,1787089762851,0.3561714051663298
20260818-214859,1787089762851,-0.3561714051663298
20260818-214859,1787089762851,-0.3561714051663298
20260818-214859,1787089762851,-0.3561714051663298
20260818-214859,1787089762851,0.3561714051663298
20260818-214859,1787089762856,0.3561714051663298
20260818-214859,1787089762860,0.3561714051663298
20260818-214859,1787089762860,-0.3561714051663298
20260818-214859,1787089762860,-0.3561714051663298
20260818-214859,1787089762860,-0.3561714051663298
20260818-214859,1787089762909,0.0
20260818-214859,1787089763011,0.0
20260818-214859,1787089762868,-0.0
20260818-214859,1787089763113,-0.0
20260818-214859,1787089763215,-0.402614205004312
20260818-214859,1787089763317,0.402614205004312
20260818-214859,1787089763419,0.402614205004312
20260818-214859,1787089763521,-0.402614205004312
20260818-214859,1787089763611,0.402614205004312
20260818-214859,1787089763611,-0.402614205004312
20260818-214859,1787089763613,0.402614205004312
20260818-214859,1787089763614,0.402614205004312
20260818-214859,1787089763614,0.402614205004312
20260818-214859,1787089763614,0.402614205004312
20260818-214859,1787089763614,0.402614205004312
20260818-214859,1787089763616,-0.402614205004312
20260818-214859,1787089763616,-0.402614205004312
20260818-214859,1787089763616,-0.402614205004312
20260818-214859,1787089763617,0.402614205004312
20260818-214859,1787089763617,0.402614205004312
20260818-214859,1787089763618,-0.402614205004312
20260818-214859,1787089763618,0.402614205004312
20260818-214859,1787089780045,-0.0
20260818-214859,1787089779984,0.0
20260818-214859,1787089780147,0.0
20260818-214859,1787089780249,-0.0
20260818-214859,1787089780351,0.0
20260818-214859,1787089780453,-0.0
20260818-214859,1787089780555,0.0
20260818-214859,1787089780657,-0.0
20260818-214859,1787089780759,0.0
20260818-214859,1787089780861,0.0
20260818-214859,1787089780963,-0.0
20260818-214859,1787089781065,-0.0
20260818-214859,1787089781167,-0.0
20260818-214859,1787089781269,-0.0
20260818-214859,1787089781371,0.0
20260818-214859,1787089781473,-0.0
20260818-214859,1787089781575,-0.0
20260818-214859,1787089781677,0.0
20260818-214859,1787089781779,0.0
20260818-214859,1787089781881,0.944729455039136
20260818-214859,1787089781983,0.944729455039136
20260818-214859,1787089782085,0.944729455039136
20260818-214859,1787089782187,-1.2854515535770648
20260818-214859,1787089782282,1.2854515535770648
20260818-214859,1787089782283,1.2854515535770648
20260818-214859,1787089782283,1.2854515535770648
20260818-214859,1787089782287,1.2854515535770648
20260818-214859,1787089782291,1.2854515535770648
20260818-214859,1787089782292,1.2854515535770648
20260818-214859,1787089782289,1.1615382173176056
20260818-214859,1787089782296,1.1615382173176056
20260818-214859,1787089782298,1.1615382173176056
20260818-214859,1787089782302,1.1615382173176056
20260818-214859,1787089782303,-1.1615382173176056
20260818-214859,1787089782305,1.1615382173176056
20260818-214859,1787089782305,1.1615382173176056
20260818-214859,1787089782305,1.1615382173176056
20260818-214859,1787089782305,-1.1615382173176056
20260818-214859,1787089782305,1.1615382173176056
20260818-214859,1787089782308,-1.1615382173176056
20260818-214859,1787089782308,-1.1615382173176056
20260818-214859,1787089782314,-1.1615382173176056
20260818-214859,1787089782316,1.1615382173176056
20260818-214859,1787089782316,-1.1615382173176056
20260818-214859,1787089782316,-1.1615382173176056
20260818-214859,1787089782316,-1.1615382173176056
20260818-214859,1787089782320,-1.1615382173176056
20260818-214859,1787089782320,-1.1615382173176056
20260818-214859,1787089782328,0.340689912558386
20260818-214859,1787089782328,0.340689912558386
20260818-214859,1787089782328,0.340689912558386
20260818-214859,1787089782328,-0.340689912558386
20260818-214859,1787089782391,0.340689912558386
20260818-214859,1787089782328,0.340689912558386
20260818-214859,1787089782493,-0.8826965916292626
20260818-214859,1787089782595,0.8826965916292626
20260818-214859,1787089782658,0.8826965916292626
20260818-214859,1787089782659,0.8826965916292626
20260818-214859,1787089782659,0.8826965916292626
20260818-214859,1787089782663,0.8826965916292626
20260818-214859,1787089782663,-0.8826965916292626
20260818-214859,1787089782663,0.8826965916292626
20260818-214859,1787089782663,0.8826965916292626
20260818-214859,1787089782663,-0.8826965916292626
20260818-214859,1787089782663,0.8826965916292626
20260818-214859,1787089782663,0.8826965916292626
20260818-214859,1787089782697,0.5419882140791504
20260818-214859,1787089782799,0.5419882140791504
20260818-214859,1787089782669,-0.5419882140791504
20260818-214859,1787089782901,0.5419882140791504
20260818-214859,1787089782943,0.5419882140791504
20260818-214859,1787089782944,0.5419882140791504
20260818-214859,1787089782944,0.5419882140791504
20260818-214859,1787089782944,0.5419882140791504
20260818-214859,1787089782944,0.5419882140791504
20260818-214859,1787089782954,0.0
20260818-214859,1787089782954,0.0
20260818-214859,1787089782954,0.0
20260818-214859,1787089782954,0.0
20260818-214859,1787089782954,0.0
20260818-214859,1787089782954,-0.0
20260818-214859,1787089782954,0.0
20260818-214859,1787089782954,-0.0
20260818-214859,1787089782954,0.0
20260818-214859,1787089782954,0.0
20260818-214859,1787089782954,0.0
20260818-214859,1787089782954,-0.0
20260818-214859,1787089782954,0.0
20260818-214859,1787089782954,-0.0
20260818-214859,1787089782954,-0.0
20260818-214859,1787089782954,-0.0
20260818-214859,1787089782954,-0.0
20260818-214859,1787089782954,0.0
20260818-214859,1787089803199,1.6726098521370936
20260818-214859,1787089803301,1.6726098521370936
20260818-214859,1787089803303,-1.6726098521370936
20260818-214859,1787089803305,-1.6726098521370936
20260818-214859,1787089803305,1.6726098521370936
20260818-214859,1787089803305,1.6726098521370936
20260818-214859,1787089803311,1.6726098521370936
20260818-214859,1787089803311,-1.6726098521370936
20260818-214859,1787089803311,-1.6726098521370936
20260818-214859,1787089803311,1.6726098521370936
20260818-214859,1787089803311,1.6726098521370936
20260818-214859,1787089803311,1.6726098521370936
20260818-214859,1787089803311,1.6726098521370936
20260818-214859,1787089803311,1.6726098521370936
20260818-214859,1787089803311,-1.6726098521370936
20260818-214859,1787089803311,-1.6726098521370936
20260818-214859,1787089803311,1.6726098521370936
20260818-214859,1787089803311,1.6726098521370936
20260818-214859,1787089803311,1.6726098521370936
20260818-214859,1787089803314,1.6726098521370936
20260818-214859,1787089803319,1.6726098521370936
20260818-214859,1787089803320,1.6726098521370936
20260818-214859,1787089803320,1.6726098521370936
20260818-214859,1787089803320,1.6726098521370936
20260818-214859,1787089803320,1.6726098521370936
20260818-214859,1787089803320,-1.6726098521370936
20260818-214859,1787089803320,-1.6726098521370936
20260818-214859,1787089803320,1.6726098521370936
20260818-214859,1787089803322,1.6726098521370936
20260818-214859,1787089803325,0.712339501007081
20260818-214859,1787089803325,-0.712339501007081
20260818-214859,1787089803325,0.712339501007081
20260818-214859,1787089803325,0.712339501007081
20260818-214859,1787089803325,0.712339501007081
20260818-214859,1787089803325,0.712339501007081
20260818-214859,1787089803403,0.712339501007081
20260818-214859,1787089803325,-0.712339501007081
20260818-214859,1787089803438,-0.712339501007081
20260818-214859,1787089803447,-0.712339501007081
20260818-214859,1787089803448,0.712339501007081
20260818-214859,1787089803448,-0.712339501007081
20260818-214859,1787089803448,-0.712339501007081
20260818-214859,1787089803448,0.712339501007081
20260818-214859,1787089803453,-0.712339501007081
20260818-214859,1787089803454,0.712339501007081
20260818-214859,1787089803455,-0.712339501007081
20260818-214859,1787089803461,0.712339501007081
20260818-214859,1787089803461,0.712339501007081
20260818-214859,1787089803461,-0.712339501007081
20260818-214859,1787089803461,-0.712339501007081
20260818-214859,1787089803461,0.712339501007081
20260818-214859,1787089803462,-0.712339501007081
20260818-214859,1787089803462,-0.712339501007081
20260818-214859,1787089803468,0.712339501007081
20260818-214859,1787089803469,-0.712339501007081
20260818-214859,1787089803469,0.712339501007081
20260818-214859,1787089803469,-0.712339501007081
20260818-214859,1787089803469,0.712339501007081
20260818-214859,1787089885105,-0.0
20260818-214859,1787089885207,0.0
20260818-214859,1787089885309,-0.0
20260818-214859,1787089885411,-0.0
20260818-214859,1787089885513,0.0
20260818-214859,1787089885615,0.0
20260818-214859,1787089885717,0.0
20260818-214859,1787089885819,-0.0
20260818-214859,1787089885921,0.0
20260818-214859,1787089886023,-0.0
20260818-214859,1787089886125,-0.0
20260818-214859,1787089885994,-0.0
20260818-214859,1787089886227,0.0
20260818-214859,1787089886150,0.0
20260818-214859,1787089886329,-0.0
20260818-214859,1787089886431,-0.0
20260818-214859,1787089886533,0.0
20260818-214859,1787089886635,-0.0
20260818-214859,1787089886737,0.0
20260818-214859,1787089886839,0.0
20260818-214859,1787089886941,0.0
20260818-214859,1787089887043,0.0
20260818-214859,1787089887145,0.0
20260818-214859,1787089887247,0.0
20260818-214859,1787089887349,-0.0
20260818-214859,1787089887451,0.0
20260818-214859,1787089887553,-0.0
20260818-214859,1787089887655,0.0
20260818-214859,1787089887757,0.0
20260818-214859,1787089887859,-0.0
20260818-214859,1787089887961,0.0
20260818-214859,1787089888063,0.0
20260818-214859,1787089888165,-0.0
20260818-214859,1787089888267,0.0
20260818-214859,1787089888369,0.0
20260818-214859,1787089888471,0.0
20260818-214859,1787089888573,-0.0
20260818-214859,1787089888675,0.0
20260818-214859,1787089888777,-0.0
20260818-214859,1787089888879,-0.0
20260818-214859,1787089888981,-0.0
20260818-214859,1787089888880,0.0
20260818-214859,1787089889083,0.0
20260818-214859,1787089889185,0.0
20260818-214859,1787089889287,-0.0
20260818-214859,1787089889230,0.0
20260818-214859,1787089889389,-0.0
20260818-214859,1787089889491,0.0
20260818-214859,1787089889356,0.0
20260818-214859,1787089889593,0.0
20260818-214859,1787089889695,-0.0
20260818-214859,1787089889797,-0.0
20260818-214859,1787089889899,-0.0
20260818-214859,1787089890001,-0.0
20260818-214859,1787089890103,0.0
20260818-214859,1787089890205,0.0
20260818-214859,1787089890307,-0.0
20260818-214859,1787089890409,-0.0
20260818-214859,1787089890511,-0.0
20260818-214859,1787089890613,0.0
20260818-214859,1787089890715,0.0
20260818-214859,1787089890817,0.0
20260818-214859,1787089890919,0.0
20260818-214859,1787089891021,0.0
20260818-214859,1787089891123,0.0
20260818-214859,1787089891225,0.0
20260818-214859,1787089891327,0.0
20260818-214859,1787089891429,0.0
20260818-214859,1787089891531,0.0
20260818-214859,1787089891633,0.0
20260818-214859,1787089891735,0.0
20260818-214859,1787089891837,0.07742341082642523
20260818-214859,1787089891939,0.07742341082642523
20260818-214859,1787089892041,-0.07742341082642523
20260818-214859,1787089891962,0.07742341082642523
20260818-214859,1787089892143,0.07742341082642523
20260818-214859,1787089892200,0.07742341082642523
20260818-214859,1787089892243,-0.0
20260818-214859,1787089892243,-0.0
20260818-215200,1787089923106,-0.0
20260818-215200,1787089923357,-0.0
20260818-215200,1787089923459,-0.0
20260818-215200,1787089923561,-0.0
20260818-215200,1787089923663,-0.0
20260818-215200,1787089923765,-0.0
20260818-215200,1787089923867,-0.0
20260818-215200,1787089923969,-0.0
20260818-215200,1787089924071,-0.0
20260818-215200,1787089924173,-0.0
20260818-215200,1787089924275,-0.0
20260818-215200,1787089924377,-0.0
20260818-215200,1787089924244,-0.0
20260818-215200,1787089924479,-0.0
20260818-215200,1787089924581,-0.0
20260818-215200,1787089924683,-0.0
20260818-215200,1787089924785,-0.0
20260818-215200,1787089924887,-0.0
20260818-215200,1787089924989,-0.0
20260818-215200,1787089925091,-0.0
20260818-215200,1787089925193,-0.0
20260818-215200,1787089925295,-0.0
20260818-215200,1787089925397,-0.0
20260818-215200,1787089925499,-0.0
20260818-215200,1787089925601,-0.0
20260818-215200,1787089925703,-0.0
20260818-215200,1787089925805,-0.0
20260818-215200,1787089925907,-0.0
20260818-215200,1787089926009,-0.0
20260818-215200,1787089925945,-0.0
20260818-215200,1787089926111,-0.0
20260818-215200,1787089926213,-0.0
20260818-215200,1787089926315,-0.0
20260818-215200,1787089926282,-0.0
20260818-215200,1787089926417,-0.0
20260818-215200,1787089926519,-0.0
20260818-215200,1787089926400,-0.0
20260818-215200,1787089926621,-0.0
20260818-215200,1787089926723,-0.0
20260818-215200,1787089926825,-0.0
20260818-215200,1787089926927,-0.0
20260818-215200,1787089927029,-0.0
20260818-215200,1787089927131,-0.0
20260818-215200,1787089927022,-0.0
20260818-215200,1787089927233,-0.0
20260818-215200,1787089927335,-0.0
20260818-215200,1787089927437,-0.0
20260818-215200,1787089927539,-0.0
20260818-215200,1787089927641,-0.0
20260818-215200,1787089927743,-0.0
20260818-215200,1787089927845,-0.0
20260818-215200,1787089927811,-0.0
20260818-215200,1787089927947,-0.0
20260818-215200,1787089928049,-0.0
20260818-215200,1787089927910,-0.0
20260818-215200,1787089928151,-0.0
20260818-215200,1787089931474,-0.0
20260818-215200,1787089931517,-0.0
20260818-215200,1787089931619,-0.0
20260818-215200,1787089931492,-0.0
20260818-215200,1787089931721,-0.0
20260818-215200,1787089931823,-0.0
20260818-215200,1787089931699,-0.0
20260818-215200,1787089931925,-0.0
20260818-215200,1787089932027,-0.0
20260818-215200,1787089931958,-0.0
20260818-215200,1787089932129,-0.0
20260818-215200,1787089932231,-0.0
20260818-215200,1787089932333,-0.0
20260818-215200,1787089932435,-0.0
20260818-215200,1787089932537,-0.0
20260818-215200,1787089932639,-0.0
20260818-215200,1787089932530,-0.0
20260818-215200,1787089932741,-0.0
20260818-215200,1787089932843,-0.0
20260818-215200,1787089932945,-0.0
20260818-215200,1787089932860,-0.0
20260818-215200,1787089933047,-0.0
20260818-215200,1787089933149,-0.0
20260818-215200,1787089933008,-0.0
20260818-215200,1787089933251,-0.0
20260818-215200,1787089933353,-0.0
20260818-215200,1787089933455,-0.0
20260818-215200,1787089933348,-0.0
20260818-215200,1787089933557,-0.0
20260818-215200,1787089933659,-0.0
20260818-215200,1787089933761,-0.0
20260818-215200,1787089933863,-0.0
20260818-215200,1787089933723,-0.0
20260818-215200,1787089933965,-0.0
20260818-215200,1787089934067,-0.0
20260818-215200,1787089934169,-0.0
20260818-215200,1787089934271,-0.0
20260818-215200,1787089934373,-0.0
20260818-215200,1787089934475,-0.0
20260818-215200,1787089934577,-0.0
20260818-215200,1787089934459,-0.0
20260818-215200,1787089934679,-0.0
20260818-215200,1787089934781,-0.0
20260818-215200,1787089934883,-0.0
20260818-215200,1787089934800,-0.0
20260818-215200,1787089934985,-0.0
20260818-215200,1787089935087,-0.0
20260818-215200,1787089935189,-0.0
20260818-215200,1787089935291,-0.0
20260818-215200,1787089935393,-0.0
20260818-215200,1787089935495,-0.0
20260818-215200,1787089935597,-0.0
20260818-215200,1787089935699,-0.0
20260818-215200,1787089935801,-0.0
20260818-215200,1787089935657,-0.0
20260818-215200,1787089935903,-0.0
20260818-215200,1787089936005,-0.0
20260818-215200,1787089936107,-0.0
20260818-215200,1787089936000,-0.0
20260818-215200,1787089936209,-0.0
20260818-215200,1787089936311,-0.0
20260818-215200,1787089936413,-0.0
20260818-215200,1787089936515,-0.0
20260818-215200,1787089936617,-0.0
20260818-215200,1787089936719,-0.0
20260818-215200,1787089936821,-0.0
20260818-215200,1787089936923,-0.0
20260818-215200,1787089937025,-0.0
20260818-215200,1787089937127,-0.0
20260818-215200,1787089937229,-0.0
20260818-215200,1787089937331,-0.0
20260818-215200,1787089937200,-0.0
20260818-215200,1787089937433,-0.0
20260818-215200,1787089937535,-0.0
20260818-215200,1787089937637,-0.0
20260818-215200,1787089937739,-0.0
20260818-215200,1787089937841,-0.0
20260818-215200,1787089937943,-0.0
20260818-215200,1787089938045,-0.0
20260818-215200,1787089938147,-0.0
20260818-215200,1787089938249,-0.0
20260818-215200,1787089938351,-0.0
20260818-215200,1787089938200,-0.0
20260818-215200,1787089938453,-0.0
20260818-215200,1787089938555,-0.0
20260818-215200,1787089938657,-0.0
20260818-215200,1787089938532,-0.0
20260818-215200,1787089938759,-0.0
20260818-215200,1787089938861,-0.0
20260818-215200,1787089938963,-0.0
20260818-215200,1787089939065,-0.0
20260818-215200,1787089939008,-0.0
20260818-215200,1787089939167,-0.0
20260818-215200,1787089939269,-0.0
20260818-215200,1787089939200,-0.0
20260818-215200,1787089939371,-0.0
20260818-215200,1787089939473,-0.0
20260818-215200,1787089939367,-0.0
20260818-215200,1787089939575,-0.0
20260818-215200,1787089939677,-0.0
20260818-215200,1787089939779,-0.0
20260818-215200,1787089939881,-0.0
20260818-215200,1787089939983,-0.0
20260818-215200,1787089940085,-0.0
20260818-215200,1787089940187,-0.0
20260818-215200,1787089940289,-0.0
20260818-215200,1787089940391,-0.0
20260818-215200,1787089940493,-0.0
20260818-215200,1787089940400,-0.0
20260818-215200,1787089940595,-0.0
20260818-215200,1787089940697,-0.0
20260818-215200,1787089940799,-0.0
20260818-215200,1787089940800,-0.0
20260818-215200,1787089940901,-0.0
20260818-215200,1787089941003,-0.0
20260818-215200,1787089941105,-0.0
20260818-215200,1787089941207,-0.0
20260818-215200,1787089941309,-0.0
20260818-215200,1787089941411,-0.0
20260818-215200,1787089941513,-0.0
20260818-215200,1787089941615,-0.0
20260818-215200,1787089941717,-0.0
20260818-215200,1787089941633,-0.0
20260818-215200,1787089941819,-0.0
20260818-215200,1787089941722,-0.0
20260818-215200,1787089941921,-0.0
20260818-215200,1787089942023,-0.0
20260818-215200,1787089942125,-0.0
20260818-215200,1787089942000,-0.0
20260818-215200,1787089942227,-0.0
20260818-215200,1787089942329,-0.0
20260818-215200,1787089942431,-0.0
20260818-215200,1787089942533,-0.0
20260818-215200,1787089942635,-0.0
20260818-215200,1787089942737,-0.0
20260818-215200,1787089942600,-0.0
20260818-215200,1787089942839,-0.0
20260818-215200,1787089942941,-0.0
20260818-215200,1787089943043,-0.0
20260818-215200,1787089943145,-0.0
20260818-215200,1787089943247,-0.0
20260818-215200,1787089943349,-0.0
20260818-215200,1787089943451,-0.0
20260818-215200,1787089943553,-0.0
20260818-215200,1787089943655,-0.0
20260818-215200,1787089943757,-0.0
20260818-215200,1787089943859,-0.0
20260818-215200,1787089943961,-0.0
20260818-215200,1787089944063,-0.0
20260818-215200,1787089944165,-0.0
20260818-215200,1787089944267,-0.0
20260818-215200,1787089944369,-0.0
20260818-215200,1787089944471,-0.0
20260818-215200,1787089944573,-0.0
20260818-215200,1787089944675,-0.0
20260818-215200,1787089944777,-0.0
20260818-215200,1787089944879,-0.0
20260818-215200,1787089944981,-0.0
20260818-215200,1787089944874,-0.0
20260818-215200,1787089945083,-0.0
20260818-215200,1787089945185,-0.0
20260818-215200,1787089945287,-0.0
20260818-215200,1787089945389,-0.0
20260818-215200,1787089945491,-0.0
20260818-215200,1787089945399,-0.0
20260818-215200,1787089945593,-0.0
20260818-215200,1787089945695,-0.0
20260818-215200,1787089945797,-0.0
20260818-215200,1787089945668,-0.0
20260818-215200,1787089945899,-0.0
20260818-215200,1787089946001,-0.0
20260818-215200,1787089946103,-0.0
20260818-215200,1787089946205,-0.0
20260818-215200,1787089946307,-0.0
20260818-215200,1787089946409,-0.0
20260818-215200,1787089946511,-0.0
20260818-215200,1787089946613,-0.0
20260818-215200,1787089946715,-0.0
20260818-215200,1787089946817,-0.0
20260818-215200,1787089946919,-0.0
20260818-215200,1787089947021,-0.0
20260818-215200,1787089947123,-0.0
20260818-215200,1787089947225,-0.0
20260818-215200,1787089947098,-0.0
20260818-215200,1787089947327,-0.0
20260818-215200,1787089947429,-0.0
20260818-215200,1787089947531,-0.0
20260818-215200,1787089947633,-0.0
20260818-215200,1787089947735,-0.0
20260818-215200,1787089947837,-0.0
20260818-215200,1787089947939,-0.0
20260818-215200,1787089948041,-0.0
20260818-215200,1787089948143,-0.0
20260818-215200,1787089948245,-0.0
20260818-215200,1787089948347,-0.0
20260818-215200,1787089948449,-0.0
20260818-215200,1787089948551,-0.0
20260818-215200,1787089948653,-0.0
20260818-215200,1787089948755,-0.0
20260818-215200,1787089948857,-0.0
20260818-215200,1787089948758,-0.0
20260818-215200,1787089948959,-0.0
20260818-215200,1787089949061,-0.0
20260818-215200,1787089949163,-0.0
20260818-215200,1787089949265,-0.0
20260818-215200,1787089949367,-0.0
20260818-215200,1787089949469,-0.0
20260818-215200,1787089949571,-0.0
20260818-215200,1787089949673,-0.0
20260818-215200,1787089949775,-0.0
20260818-215200,1787089949877,-0.0
20260818-215200,1787089949979,-0.0
20260818-215200,1787089950081,-0.0
20260818-215200,1787089949957,-0.0
20260818-215200,1787089950183,-0.0
20260818-215200,1787089950285,-0.0
20260818-215200,1787089950387,-0.0
20260818-215200,1787089950489,-0.0
20260818-215200,1787089950591,-0.0
20260818-215200,1787089950693,-0.0
20260818-215200,1787089950795,-0.0
20260818-215200,1787089950897,-0.0
20260818-215200,1787089950999,-0.0
20260818-215200,1787089951101,-0.0
20260818-215200,1787089951203,-0.0
20260818-215200,1787089951305,-0.0
20260818-215200,1787089951407,-0.0
20260818-215200,1787089951509,-0.0
20260818-215200,1787089951611,-0.0
20260818-215200,1787089951713,-0.0
20260818-215200,1787089951591,-0.0
20260818-215200,1787089951815,-0.0
20260818-215200,1787089951917,-0.0
20260818-215200,1787089952019,-0.0
20260818-215200,1787089952121,-0.0
20260818-215200,1787089952051,-0.0
20260818-215200,1787089952223,-0.0
20260818-215200,1787089952325,-0.0
20260818-215200,1787089952427,-0.0
20260818-215200,1787089952529,-0.0
20260818-215200,1787089952631,-0.0
20260818-215200,1787089952733,-0.0
20260818-215200,1787089952835,-0.0
20260818-215200,1787089952937,-0.0
20260818-215200,1787089953039,-0.0
20260818-215200,1787089953141,-0.0
20260818-215200,1787089953243,-0.0
20260818-215200,1787089953345,-0.0
20260818-215200,1787089953447,-0.0
20260818-215200,1787089953549,-0.0
20260818-215200,1787089953651,-0.0
20260818-215200,1787089953753,-0.0
20260818-215200,1787089953855,-0.0
20260818-215200,1787089953957,-0.0
20260818-215200,1787089954059,-0.0
20260818-215200,1787089954161,-0.0
20260818-215200,1787089954263,-0.0
20260818-215200,1787089954365,-0.0
20260818-215200,1787089954467,-0.0
20260818-215200,1787089954569,-0.0
20260818-215200,1787089954600,-0.0
20260818-215200,1787089954671,-0.0
20260818-215200,1787089954773,-0.0
20260818-215200,1787089954662,-0.0
20260818-215200,1787089954875,-0.0
20260818-215200,1787089954977,-0.0
20260818-215200,1787089955079,-0.0
20260818-215200,1787089955181,-0.0
20260818-215200,1787089955283,-0.0
20260818-215200,1787089955145,-0.0
20260818-215200,1787089955385,-0.0
20260818-215200,1787089955487,-0.0
20260818-215200,1787089955589,-0.0
20260818-215200,1787089955691,-0.0
20260818-215200,1787089955793,-0.0
20260818-215200,1787089955895,-0.0
20260818-215200,1787089955997,-0.0
20260818-215200,1787089956099,-0.0
20260818-215200,1787089956201,-0.0
20260818-215200,1787089956303,-0.0
20260818-215200,1787089956238,-0.0
20260818-215200,1787089956405,-0.0
20260818-215200,1787089956507,-0.0
20260818-215200,1787089956609,-0.0
20260818-215200,1787089956711,-0.0
20260818-215200,1787089956613,-0.0
20260818-215200,1787089956813,-0.0
20260818-215200,1787089956915,-0.0
20260818-215200,1787089956800,-0.0
20260818-215200,1787089957017,-0.0
20260818-215200,1787089957119,-0.0
20260818-215200,1787089957221,-0.0
20260818-215200,1787089957323,-0.0
20260818-215200,1787089957425,-0.0
20260818-215200,1787089957527,-0.0
20260818-215200,1787089957629,-0.0
20260818-215200,1787089957731,-0.0
20260818-215200,1787089957833,-0.0
20260818-215200,1787089957935,-0.0
20260818-215200,1787089958037,-0.0
20260818-215200,1787089958139,-0.0
20260818-215200,1787089958241,-0.0
20260818-215200,1787089958343,-0.0
20260818-215200,1787089958246,-0.0
20260818-215200,1787089958445,-0.0
20260818-215200,1787089958547,-0.0
20260818-215200,1787089958649,-0.0
20260818-215200,1787089958751,-0.0
20260818-215200,1787089958853,-0.0
20260818-215200,1787089958955,-0.0
20260818-215200,1787089959057,-0.0
20260818-215200,1787089959000,-0.0
20260818-215200,1787089959159,-0.0
20260818-215200,1787089959261,-0.0
20260818-215200,1787089959363,-0.0
20260818-215200,1787089959230,-0.0
20260818-215200,1787089959465,-0.0
20260818-215200,1787089959567,-0.0
20260818-215200,1787089959669,-0.0
20260818-215200,1787089959599,-0.0
20260818-215200,1787089959771,-0.0
20260818-215200,1787089959873,-0.0
20260818-215200,1787089959975,-0.0
20260818-215200,1787089960077,-0.0
20260818-215200,1787089960000,-0.0
20260818-215200,1787089960179,-0.0
20260818-215200,1787089960281,-0.0
20260818-215200,1787089960383,-0.0
20260818-215200,1787089960485,-0.0
20260818-215200,1787089960587,-0.0
20260818-215200,1787089960689,-0.0
20260818-215200,1787089960791,-0.0
20260818-215200,1787089960893,-0.0
20260818-215200,1787089960800,-0.0
20260818-215200,1787089960995,-0.0
20260818-215200,1787089961097,-0.0
20260818-215200,1787089961199,-0.0
20260818-215200,1787089961301,-0.0
20260818-215200,1787089961403,-0.0
20260818-215200,1787089961505,-0.0
20260818-215200,1787089961467,-0.0
20260818-215200,1787089961607,-0.0
20260818-215200,1787089961709,-0.0
20260818-215200,1787089961600,-0.0
20260818-215200,1787089961811,-0.0
20260818-215200,1787089961913,-0.0
20260818-215200,1787089962015,-0.0
20260818-215200,1787089962117,-0.0
20260818-215200,1787089961995,-0.0
20260818-215200,1787089962219,-0.0
20260818-215200,1787089962321,-0.0
20260818-215200,1787089962200,-0.0
20260818-215200,1787089962423,-0.0
20260818-215200,1787089962525,-0.0
20260818-215200,1787089962412,-0.0
20260818-215200,1787089962627,-0.0
20260818-215200,1787089962557,-0.0
20260818-215200,1787089962729,-0.0
20260818-215200,1787089962831,-0.0
20260818-215200,1787089962933,-0.0
20260818-215200,1787089963035,-0.0
20260818-215200,1787089963137,-0.0
20260818-215200,1787089963017,-0.0
20260818-215200,1787089963239,-0.0
20260818-215200,1787089963341,-0.0
20260818-215200,1787089963443,-0.0
20260818-215200,1787089963400,-0.0
20260818-215200,1787089963545,-0.0
20260818-215200,1787089963499,-0.0
20260818-215200,1787089963647,-0.0
20260818-215200,1787089963600,-0.0
20260818-215200,1787089963749,-0.0
20260818-215200,1787089963851,-0.0
20260818-215200,1787089963743,-0.0
20260818-215200,1787089963953,-0.0
20260818-215200,1787089964055,-0.0
20260818-215200,1787089963957,-0.0
20260818-215200,1787089964157,-0.0
20260818-215200,1787089964259,-0.0
20260818-215200,1787089964361,-0.0
20260818-215200,1787089964463,-0.0
20260818-215200,1787089964372,-0.0
20260818-215200,1787089964565,-0.0
20260818-215200,1787089964667,-0.0
20260818-215200,1787089964769,-0.0
20260818-215200,1787089964871,-0.0
20260818-215200,1787089964973,-0.0
20260818-215200,1787089965075,-0.0
20260818-215200,1787089965177,-0.0
20260818-215200,1787089965279,-0.0
20260818-215200,1787089965200,-0.0
20260818-215200,1787089965381,-0.0
20260818-215200,1787089965483,-0.0
20260818-215200,1787089965585,-0.0
20260818-215200,1787089965687,-0.0
20260818-215200,1787089965789,-0.0
20260818-215200,1787089965891,-0.0
20260818-215200,1787089965993,-0.0
20260818-215200,1787089966095,-0.0
20260818-215200,1787089966197,-0.0
20260818-215200,1787089966299,-0.0
20260818-215200,1787089966401,-0.0
20260818-215200,1787089966503,-0.0
20260818-215200,1787089966605,-0.0
20260818-215200,1787089966538,-0.0
20260818-215200,1787089966707,-0.0
20260818-215200,1787089966809,-0.0
20260818-215200,1787089966911,-0.0
20260818-215200,1787089967013,-0.0
20260818-215200,1787089967115,-0.0
20260818-215200,1787089967217,-0.0
20260818-215200,1787089967319,-0.0
20260818-215200,1787089967421,-0.0
20260818-215200,1787089967523,-0.0
20260818-215200,1787089967625,-0.0
20260818-215200,1787089967727,-0.0
20260818-215200,1787089967829,-0.0
20260818-215200,1787089967931,-0.0
20260818-215200,1787089967800,-0.0
20260818-215200,1787089968033,-0.0
20260818-215200,1787089968135,-0.0
20260818-215200,1787089968237,-0.0
20260818-215200,1787089968339,-0.0
20260818-215200,1787089968200,-0.0
20260818-215200,1787089968441,-0.0
20260818-215200,1787089968543,-0.0
20260818-215200,1787089968645,-0.0
20260818-215200,1787089968747,-0.0
20260818-215200,1787089968849,-0.0
20260818-215200,1787089968951,-0.0
20260818-215200,1787089969053,-0.0
20260818-215200,1787089969036,-0.0
20260818-215200,1787089969155,-0.0
20260818-215200,1787089969083,-0.0
20260818-215200,1787089969257,-0.0
20260818-215200,1787089969200,-0.0
20260818-215200,1787089969359,-0.0
20260818-215200,1787089969304,-0.0
20260818-215200,1787089969461,-0.0
20260818-215200,1787089969563,-0.0
20260818-215200,1787089969665,-0.0
20260818-215200,1787089969574,-0.0
20260818-215200,1787089969767,-0.0
20260818-215200,1787089969869,-0.0
20260818-215200,1787089969800,-0.0
20260818-215200,1787089969971,-0.0
20260818-215200,1787089970073,-0.0
20260818-215200,1787089970175,-0.0
20260818-215200,1787089970098,-0.0
20260818-215200,1787089970277,-0.0
20260818-215200,1787089970379,-0.0
20260818-215200,1787089970481,-0.0
20260818-215200,1787089970583,-0.0
20260818-215200,1787089970685,-0.0
20260818-215200,1787089970787,-0.0
20260818-215200,1787089970889,-0.0
20260818-215200,1787089970991,-0.0
20260818-215200,1787089970848,-0.0
20260818-215200,1787089971093,-0.0
20260818-215200,1787089971195,-0.0
20260818-215200,1787089971297,-0.0
20260818-215200,1787089971399,-0.0
20260818-215200,1787089971501,-0.0
20260818-215200,1787089971603,-0.0
20260818-215200,1787089971705,-0.0
20260818-215200,1787089971807,-0.0
20260818-215200,1787089971909,-0.0
20260818-215200,1787089972011,-0.0
20260818-215200,1787089972113,-0.0
20260818-215200,1787089972215,-0.0
20260818-215200,1787089972317,-0.0
20260818-215200,1787089972419,-0.0
20260818-215200,1787089972521,-0.0
20260818-215200,1787089972623,-0.0
20260818-215200,1787089972725,-0.0
20260818-215200,1787089972827,-0.0
20260818-215200,1787089972929,2.616886972935575
20260818-215200,1787089973031,2.616886972935575
20260818-215200,1787089972886,2.616886972935575
20260818-215200,1787089973133,3.1743303517854833
20260818-215200,1787089973235,3.1743303517854833
20260818-215200,1787089973268,1.176824910906739
20260818-215200,1787089973269,1.176824910906739
20260818-215200,1787089973270,1.176824910906739
20260818-215200,1787089973271,1.176824910906739
20260818-215200,1787089973271,1.176824910906739
20260818-215200,1787089973271,1.176824910906739
20260818-215200,1787089973271,1.176824910906739
20260818-215200,1787089973272,1.176824910906739
20260818-215200,1787089973272,1.176824910906739
20260818-215200,1787089973272,1.176824910906739
20260818-215200,1787089973275,1.176824910906739
20260818-215200,1787089973275,1.176824910906739
20260818-215200,1787089973275,1.176824910906739
20260818-215200,1787089973275,1.176824910906739
20260818-215200,1787089973275,1.176824910906739
20260818-215200,1787089973275,1.176824910906739
20260818-215200,1787089973275,1.176824910906739
20260818-215200,1787089973275,1.176824910906739
20260818-215200,1787089973275,1.176824910906739
20260818-215200,1787089973275,1.176824910906739
20260818-215200,1787089973276,1.176824910906739
20260818-215200,1787089973276,1.176824910906739
20260818-215200,1787089973276,1.176824910906739
20260818-215200,1787089973276,1.176824910906739
20260818-215200,1787089973276,1.176824910906739
20260818-215200,1787089973276,1.176824910906739
20260818-215200,1787089973276,1.176824910906739
20260818-215200,1787089973276,1.176824910906739
20260818-215200,1787089973276,1.176824910906739
20260818-215200,1787089973276,1.176824910906739
20260818-215200,1787089973276,1.176824910906739
20260818-215200,1787089973276,1.176824910906739
20260818-215200,1787089973276,1.176824910906739
20260818-215200,1787089973276,1.176824910906739
20260818-215200,1787089973276,1.176824910906739
20260818-215200,1787089973277,1.176824910906739
20260818-215200,1787089973277,1.176824910906739
20260818-215200,1787089973277,1.176824910906739
20260818-215200,1787089973277,1.176824910906739
20260818-215200,1787089973277,1.176824910906739
20260818-215200,1787089973277,1.176824910906739
20260818-215200,1787089973278,1.176824910906739
20260818-215200,1787089973278,1.176824910906739
20260818-215200,1787089973278,1.176824910906739
20260818-215200,1787089973284,1.176824910906739
20260818-215200,1787089973284,1.176824910906739
20260818-215200,1787089973286,1.176824910906739
20260818-215200,1787089973286,1.176824910906739
20260818-215200,1787089973286,1.176824910906739
20260818-215200,1787089973290,1.176824910906739
20260818-215200,1787089973290,1.176824910906739
20260818-215200,1787089973290,1.176824910906739
20260818-215200,1787089973294,1.176824910906739
20260818-215200,1787089973294,1.176824910906739
20260818-215200,1787089973294,1.176824910906739
20260818-215200,1787089973299,1.176824910906739
20260818-215200,1787089973299,1.176824910906739
20260818-215200,1787089973299,1.176824910906739
20260818-215200,1787089973299,1.176824910906739
20260818-215200,1787089973304,1.176824910906739
20260818-215200,1787089973305,1.176824910906739
20260818-215200,1787089973305,1.176824910906739
20260818-215200,1787089973305,1.176824910906739
20260818-215200,1787089973305,1.176824910906739
20260818-215200,1787089973305,1.176824910906739
20260818-215200,1787089973307,1.176824910906739
20260818-215200,1787089973307,1.176824910906739
20260818-215200,1787089973307,1.176824910906739
20260818-215200,1787089973307,1.176824910906739
20260818-215200,1787089973307,1.176824910906739
20260818-215200,1787089973307,1.176824910906739
20260818-215200,1787089973307,1.176824910906739
20260818-215200,1787089973307,1.176824910906739
20260818-215200,1787089973307,1.176824910906739
20260818-215200,1787089973307,1.176824910906739
20260818-215200,1787089973307,1.176824910906739
20260818-215200,1787089973307,1.176824910906739
20260818-215200,1787089973307,1.176824910906739
20260818-215200,1787089973307,1.176824910906739
20260818-215200,1787089973307,1.176824910906739
20260818-215200,1787089973307,1.176824910906739
20260818-215200,1787089973307,1.176824910906739
20260818-215200,1787089973307,1.176824910906739
20260818-215200,1787089973307,1.176824910906739
20260818-215200,1787089973307,1.176824910906739
20260818-215200,1787089973307,1.176824910906739
20260818-215200,1787089973307,1.176824910906739
20260818-215200,1787089973307,1.176824910906739
20260818-215200,1787089973307,1.176824910906739
20260818-215200,1787089973308,1.176824910906739
20260818-215200,1787089973308,1.176824910906739
20260818-215200,1787089973308,1.176824910906739
20260818-215200,1787089973308,1.176824910906739
20260818-215200,1787089973309,1.176824910906739
20260818-215200,1787089973309,1.176824910906739
20260818-215200,1787089973309,1.176824910906739
20260818-215200,1787089973309,1.176824910906739
20260818-215200,1787089973313,1.176824910906739
20260818-215200,1787089973313,1.176824910906739
20260818-215200,1787089973313,1.176824910906739
20260818-215200,1787089973313,1.176824910906739
20260818-215200,1787089973313,1.176824910906739
20260818-215200,1787089973313,1.176824910906739
20260818-215200,1787089973313,1.176824910906739
20260818-215200,1787089973313,1.176824910906739
20260818-215200,1787089973313,1.176824910906739
20260818-215200,1787089973319,1.176824910906739
20260818-215200,1787089973324,1.176824910906739
20260818-215200,1787089973334,1.176824910906739
20260818-215200,1787089973334,1.176824910906739
20260818-215200,1787089973334,1.176824910906739
20260818-215200,1787089973334,1.176824910906739
20260818-215200,1787089973334,1.176824910906739
20260818-215200,1787089973334,1.176824910906739
20260818-215200,1787089973334,1.176824910906739
20260818-215200,1787089973334,1.176824910906739
20260818-215200,1787089973334,1.176824910906739
20260818-215200,1787089973334,1.176824910906739
20260818-215200,1787089973334,1.176824910906739
20260818-215200,1787089973334,1.176824910906739
20260818-215200,1787089973334,1.176824910906739
20260818-215200,1787089973334,1.176824910906739
20260818-215200,1787089973334,1.176824910906739
20260818-215200,1787089973334,1.176824910906739
20260818-215200,1787089973334,1.176824910906739
20260818-215200,1787089973334,1.176824910906739
20260818-215200,1787089973334,1.176824910906739
20260818-215200,1787089973334,1.176824910906739
20260818-215200,1787089973334,1.176824910906739
20260818-215200,1787089973334,1.176824910906739
20260818-215200,1787089973334,1.176824910906739
20260818-215200,1787089973334,1.176824910906739
20260818-215200,1787089973334,1.176824910906739
20260818-215200,1787089973334,1.176824910906739
20260818-215200,1787089973334,1.176824910906739
20260818-215200,1787089973334,1.176824910906739
20260818-215200,1787089973334,1.176824910906739
20260818-215200,1787089973334,1.176824910906739
20260818-215200,1787089973334,1.176824910906739
20260818-215200,1787089973334,1.176824910906739
20260818-215200,1787089973334,1.176824910906739
20260818-215200,1787089973334,1.176824910906739
20260818-215200,1787089973339,1.176824910906739
20260818-215200,1787089973340,1.176824910906739
20260818-215200,1787089973341,1.176824910906739
20260818-215200,1787089973346,1.176824910906739
20260818-215200,1787089973346,1.176824910906739
20260818-215200,1787089973346,1.176824910906739
20260818-215200,1787089973358,1.176824910906739
20260818-215200,1787089973358,1.176824910906739
20260818-215200,1787089973358,1.176824910906739
20260818-215200,1787089973358,1.176824910906739
20260818-215200,1787089973358,1.176824910906739
20260818-215200,1787089973358,1.176824910906739
20260818-215200,1787089973358,1.176824910906739
20260818-215200,1787089973358,1.176824910906739
20260818-215200,1787089973337,-1.440439008636537
20260818-215200,1787089973366,-1.440439008636537
20260818-215200,1787089973366,-1.440439008636537
20260818-215200,1787089973366,-1.440439008636537
20260818-215200,1787089973366,-1.440439008636537
20260818-215200,1787089973366,-1.440439008636537
20260818-215200,1787089973366,-1.440439008636537
20260818-215200,1787089973366,-1.440439008636537
20260818-215200,1787089973366,-1.440439008636537
20260818-215200,1787089973372,-1.440439008636537
20260818-215200,1787089973387,-1.440439008636537
20260818-215200,1787089973390,-1.440439008636537
20260818-215200,1787089973400,-1.440439008636537
20260818-215200,1787089973401,-1.440439008636537
20260818-215200,1787089973418,-1.440439008636537
20260818-215200,1787089973419,-1.440439008636537
20260818-215200,1787089973421,-1.440439008636537
20260818-215200,1787089973422,-1.440439008636537
20260818-215200,1787089973426,-1.440439008636537
20260818-215200,1787089973431,-1.440439008636537
20260818-215200,1787089973491,-1.440439008636537
20260818-215200,1787089973492,-1.440439008636537
20260818-215200,1787089973514,-1.440439008636537
20260818-215200,1787089973600,-1.440439008636537
20260818-215200,1787089973608,-1.440439008636537
20260818-215200,1787089973609,-1.440439008636537
20260818-215200,1787089973439,-1.9981397164336425
20260818-215200,1787089973614,-1.9981397164336425
20260818-215200,1787089973619,-1.9981397164336425
20260818-215200,1787089973624,-1.9981397164336425
20260818-215200,1787089973624,-1.9981397164336425
20260818-215200,1787089973624,-1.9981397164336425
20260818-215200,1787089973624,-1.9981397164336425
20260818-215200,1787089973624,-1.9981397164336425
20260818-215200,1787089973627,-1.9981397164336425
20260818-215200,1787089973627,-1.9981397164336425
20260818-215200,1787089973627,-1.9981397164336425
20260818-215200,1787089973627,-1.9981397164336425
20260818-215200,1787089973631,-1.9981397164336425
20260818-215200,1787089973642,-1.9981397164336425
20260818-215200,1787089973642,-1.9981397164336425
20260818-215200,1787089973642,-1.9981397164336425
20260818-215200,1787089973642,-1.9981397164336425
20260818-215200,1787089973642,-1.9981397164336425
20260818-215200,1787089973642,-1.9981397164336425
20260818-215200,1787089973642,-1.9981397164336425
20260818-215200,1787089973643,-1.4249482101019675
20260818-215200,1787089973643,-1.4249482101019675
20260818-215200,1787089973643,-1.4249482101019675
20260818-215200,1787089973643,-1.4249482101019675
20260818-215200,1787089973643,-1.4249482101019675
20260818-215200,1787089973643,-1.4249482101019675
20260818-215200,1787089973643,-1.4249482101019675
20260818-215200,1787089973643,-1.4249482101019675
20260818-215200,1787089973643,-1.4249482101019675
20260818-215200,1787089973643,-1.4249482101019675
20260818-215200,1787089973643,-1.4249482101019675
20260818-215200,1787089973643,-1.4249482101019675
20260818-215200,1787089973643,-1.4249482101019675
20260818-215200,1787089973643,-1.4249482101019675
20260818-215200,1787089973643,-1.4249482101019675
20260818-215200,1787089973643,-1.4249482101019675
20260818-215200,1787089973643,-1.4249482101019675
20260818-215200,1787089973643,-1.4249482101019675
20260818-215200,1787089973646,-1.9981397164336425
20260818-215200,1787089973646,-1.9981397164336425
20260818-215200,1787089973646,-1.9981397164336425
20260818-215200,1787089973646,-1.9981397164336425
20260818-215200,1787089973653,-1.9981397164336425
20260818-215200,1787089973655,-1.9981397164336425
20260818-215200,1787089973655,-1.9981397164336425
20260818-215200,1787089973655,-1.9981397164336425
20260818-215200,1787089973655,-1.9981397164336425
20260818-215200,1787089973655,-1.9981397164336425
20260818-215200,1787089973655,-1.9981397164336425
20260818-215200,1787089973655,-1.9981397164336425
20260818-215200,1787089973655,-1.9981397164336425
20260818-215200,1787089973655,-1.9981397164336425
20260818-215200,1787089973655,-1.9981397164336425
20260818-215200,1787089973655,-1.9981397164336425
20260818-215200,1787089973655,-1.9981397164336425
20260818-215200,1787089973655,-1.9981397164336425
20260818-215200,1787089973655,-1.9981397164336425
20260818-215200,1787089973655,-1.9981397164336425
20260818-215200,1787089973655,-1.9981397164336425
20260818-215200,1787089973659,-1.9981397164336425
20260818-215200,1787089973661,-1.9981397164336425
20260818-215200,1787089973674,-1.9981397164336425
20260818-215200,1787089973674,-1.9981397164336425
20260818-215200,1787089973680,-1.9981397164336425
20260818-215200,1787089973680,-1.9981397164336425
20260818-215200,1787089973700,-1.9981397164336425
20260818-215200,1787089973701,-1.9981397164336425
20260818-215200,1787089973705,-1.9981397164336425
20260818-215200,1787089973705,-1.9981397164336425
20260818-215200,1787089973705,-1.9981397164336425
20260818-215200,1787089973705,-1.9981397164336425
20260818-215200,1787089973705,-1.9981397164336425
20260818-215200,1787089973720,-1.9981397164336425
20260818-215200,1787089973735,-1.9981397164336425
20260818-215200,1787089973746,-1.9981397164336425
20260818-215200,1787089973748,-1.4249482101019675
20260818-215200,1787089973748,-1.4249482101019675
20260818-215200,1787089973748,-1.4249482101019675
20260818-215200,1787089973748,-1.4249482101019675
20260818-215200,1787089973748,-1.4249482101019675
20260818-215200,1787089973748,-1.4249482101019675
20260818-215200,1787089973748,-1.4249482101019675
20260818-215200,1787089973748,-1.4249482101019675
20260818-215200,1787089973748,-1.4249482101019675
20260818-215200,1787089973541,-2.0136322906074122
20260818-215200,1787089986191,1.8427370994867018
20260818-215200,1787089986170,1.8427370994867018
20260818-215200,1787089986185,1.8427370994867018
20260818-215200,1787089986185,1.8427370994867018
20260818-215200,1787089986186,1.8427370994867018
20260818-215200,1787089986186,1.8427370994867018
20260818-215200,1787089986186,1.8427370994867018
20260818-215200,1787089986188,1.8427370994867018
20260818-215200,1787089986188,1.8427370994867018
20260818-215200,1787089986188,1.8427370994867018
20260818-215200,1787089986188,1.8427370994867018
20260818-215200,1787089986188,1.8427370994867018
20260818-215200,1787089986188,1.8427370994867018
20260818-215200,1787089986188,1.8427370994867018
20260818-215200,1787089986188,1.8427370994867018
20260818-215200,1787089986188,1.8427370994867018
20260818-215200,1787089986188,1.8427370994867018
20260818-215200,1787089986200,1.8427370994867018
20260818-215200,1787089986200,1.8427370994867018
20260818-215200,1787089986200,1.8427370994867018
20260818-215200,1787089986200,1.8427370994867018
20260818-215200,1787089986200,1.8427370994867018
20260818-215200,1787089986200,1.8427370994867018
20260818-215200,1787089986200,1.8427370994867018
20260818-215200,1787089986200,1.8427370994867018
20260818-215200,1787089986200,1.8427370994867018
20260818-215200,1787089986200,1.8427370994867018
20260818-215200,1787089986200,1.8427370994867018
20260818-215200,1787089986200,1.8427370994867018
20260818-215200,1787089986200,1.8427370994867018
20260818-215200,1787089986200,1.8427370994867018
20260818-215200,1787089986200,1.8427370994867018
20260818-215200,1787089986211,1.8427370994867018
20260818-215200,1787089986211,1.8427370994867018
20260818-215200,1787089986215,1.8427370994867018
20260818-215200,1787089986215,1.8427370994867018
20260818-215200,1787089986215,1.8427370994867018
20260818-215200,1787089986215,1.8427370994867018
20260818-215200,1787089986215,1.8427370994867018
20260818-215200,1787089986215,1.8427370994867018
20260818-215200,1787089986215,1.8427370994867018
20260818-215200,1787089986216,1.8427370994867018
20260818-215200,1787089986216,1.8427370994867018
20260818-215200,1787089986216,1.8427370994867018
20260818-215200,1787089986216,1.8427370994867018
20260818-215200,1787089986216,1.8427370994867018
20260818-215200,1787089986216,1.8427370994867018
20260818-215200,1787089986216,1.8427370994867018
20260818-215200,1787089986216,1.8427370994867018
20260818-215200,1787089986216,1.8427370994867018
20260818-215200,1787089986216,1.8427370994867018
20260818-215200,1787089986216,1.8427370994867018
20260818-215200,1787089986216,1.8427370994867018
20260818-215200,1787089986216,1.8427370994867018
20260818-215200,1787089986216,1.8427370994867018
20260818-215200,1787089986233,0.44913297975861904
20260818-215200,1787089986293,0.44913297975861904
20260818-215200,1787089986233,0.44913297975861904
20260818-215200,1787089986235,0.44913297975861904
20260818-215200,1787089986235,0.44913297975861904
20260818-215200,1787089986235,0.44913297975861904
20260818-215200,1787089986235,0.44913297975861904
20260818-215200,1787089986235,0.44913297975861904
20260818-215200,1787089986235,0.44913297975861904
20260818-215200,1787089986235,0.44913297975861904
20260818-215200,1787089986235,0.44913297975861904
20260818-215200,1787089986235,0.44913297975861904
20260818-215200,1787089986235,0.44913297975861904
20260818-215200,1787089986235,0.44913297975861904
20260818-215200,1787089986289,0.44913297975861904
20260818-215200,1787089986289,0.44913297975861904
20260818-215200,1787089986289,0.44913297975861904
20260818-215200,1787089986289,0.44913297975861904
20260818-215200,1787089986289,0.44913297975861904
20260818-215200,1787089986289,0.44913297975861904
20260818-215200,1787089986289,0.44913297975861904
20260818-215200,1787089986289,0.44913297975861904
20260818-215200,1787089986289,0.44913297975861904
20260818-215200,1787089986289,0.44913297975861904
20260818-215200,1787089986289,0.44913297975861904
20260818-215200,1787089986289,0.44913297975861904
20260818-215200,1787089986289,0.44913297975861904
20260818-215200,1787089986289,0.44913297975861904
20260818-215200,1787089986300,0.10841510284289022
20260818-215200,1787089986300,0.10841510284289022
20260818-215200,1787089986395,0.10841510284289022
20260818-215200,1787089986300,0.10841510284289022
20260818-215200,1787089986337,0.10841510284289022
20260818-215200,1787089986337,0.10841510284289022
20260818-215200,1787089986337,0.10841510284289022
20260818-215200,1787089986337,0.10841510284289022
20260818-215200,1787089986337,0.10841510284289022
20260818-215200,1787089986337,0.10841510284289022
20260818-215200,1787089986337,0.10841510284289022
20260818-215200,1787089986344,0.10841510284289022
20260818-215200,1787089986344,0.10841510284289022
20260818-215200,1787089986344,0.10841510284289022
20260818-215200,1787089986344,0.10841510284289022
20260818-215200,1787089986347,-0.0
20260818-215200,1787089986347,-0.0
20260818-215200,1787089986497,-0.0
20260818-215200,1787089986347,-0.0
20260818-215200,1787089986423,-0.0
20260818-215200,1787089986448,-0.0
20260818-215200,1787089986448,-0.0
20260818-215200,1787089986448,-0.0
20260818-215200,1787089986599,-0.0
20260818-215200,1787089986701,-0.0
20260818-215200,1787089986482,-0.0
20260818-215200,1787089986803,-0.0
20260818-215200,1787089986905,-0.0
20260818-215200,1787089986820,-0.0
20260818-215200,1787089987007,-0.0
20260818-215200,1787089987109,-0.0
20260818-215200,1787089987211,-0.0
20260818-215200,1787089987313,-0.0
20260818-215200,1787089987211,-0.0
20260818-215200,1787089987415,-0.0
20260818-215200,1787089987517,-0.0
20260818-215200,1787089987619,-0.0
20260818-215200,1787089987721,-0.0
20260818-215200,1787089987823,-0.0
20260818-215200,1787089987925,-0.0
20260818-215200,1787089988027,-0.0
20260818-215200,1787089988129,-0.0
20260818-215200,1787089988231,-0.0
20260818-215200,1787089988333,-0.0
20260818-215200,1787089988435,-0.0
20260818-215200,1787089988537,-0.0
20260818-215200,1787089988639,-0.0
20260818-215200,1787089988741,-0.0
20260818-215200,1787089988843,-0.0
20260818-215200,1787089988731,-0.0
20260818-215200,1787089988945,-0.0
20260818-215200,1787089989047,-0.0
20260818-215200,1787089989149,-0.0
20260818-215200,1787089989000,-0.0
20260818-215200,1787089989251,-0.0
20260818-215200,1787089989353,-0.0
20260818-215200,1787089989455,-0.0
20260818-215200,1787089989557,-0.0
20260818-215200,1787089989659,-0.0
20260818-215200,1787089989761,-0.0
20260818-215200,1787089989863,-0.0
20260818-215200,1787089989965,-0.0
20260818-215200,1787089990067,-0.0
20260818-215200,1787089990169,-0.0
20260818-215200,1787089990271,-0.0
20260818-215200,1787089990373,-0.0
20260818-215200,1787089990475,-0.0
20260818-215200,1787089990577,-0.0
20260818-215200,1787089990679,-0.0
20260818-215200,1787089990781,-0.0
20260818-215200,1787089990673,-0.0
20260818-215200,1787089990883,-0.0
20260818-215200,1787089990985,-0.0
20260818-215200,1787089991087,-0.0
20260818-215200,1787089991189,-0.0
20260818-215200,1787089991200,-0.0
20260818-215200,1787089991291,-0.0
20260818-215200,1787089991393,-0.0
20260818-215200,1787089991268,-0.0
20260818-215200,1787089991495,-0.0
20260818-215200,1787089991403,-0.0
20260818-215200,1787089991597,-0.0
20260818-215200,1787089991699,-0.0
20260818-215200,1787089991801,-0.0
20260818-215200,1787089991903,-0.0
20260818-215200,1787089992005,-0.0
20260818-215200,1787089992107,-0.0
20260818-215200,1787089992000,-0.0
20260818-215200,1787089992209,-0.0
20260818-215200,1787089992311,-0.0
20260818-215200,1787089992413,-0.0
20260818-215200,1787089992515,-0.0
20260818-215200,1787089992617,-0.0
20260818-215200,1787089992719,-0.0
20260818-215200,1787089992821,-0.0
20260818-215200,1787089992923,-0.0
20260818-215200,1787089993025,-0.0
20260818-215200,1787089993127,-0.0
20260818-215200,1787089993000,-0.0
20260818-215200,1787089993229,-0.0
20260818-215200,1787089993331,-0.0
20260818-215200,1787089993433,-0.0
20260818-215200,1787089993535,-0.0
20260818-215200,1787089993637,-0.0
20260818-215200,1787089993739,-0.0
20260818-215200,1787089993841,-0.0
20260818-215200,1787089993943,-0.0
20260818-215200,1787089993861,-0.0
20260818-215200,1787089993989,-0.0
20260818-215200,1787089994045,-0.0
20260818-215200,1787089994147,-0.0
20260818-215200,1787089994000,-0.0
20260818-215200,1787089994249,-0.0
20260818-215200,1787089994176,-0.0
20260818-215200,1787089994351,-0.0
20260818-215200,1787089994453,-0.0
20260818-215200,1787089994555,-0.0
20260818-215200,1787089994415,-0.0
20260818-215200,1787089994657,-0.0
20260818-215200,1787089994759,-0.0
20260818-215200,1787089994861,-0.0
20260818-215200,1787089994963,-0.0
20260818-215200,1787089995065,-0.0
20260818-215200,1787089995167,-0.0
20260818-215200,1787089995269,-0.0
20260818-215200,1787089995371,-0.0
20260818-215200,1787089995473,-0.0
20260818-215200,1787089995398,-0.0
20260818-215200,1787089995575,-0.0
20260818-215200,1787090034947,-0.0
20260818-215200,1787090035049,-0.0
20260818-215200,1787090035151,-0.0
20260818-215200,1787090035253,-0.0
20260818-215200,1787090035184,-0.0
20260818-215200,1787090035355,-0.0
20260818-215200,1787090035457,-0.0
20260818-215200,1787090035559,-0.0
20260818-215200,1787090035661,-0.0
20260818-215200,1787090035530,-0.0
20260818-215200,1787090035763,-0.0
20260818-215200,1787090035865,-0.0
20260818-215200,1787090035967,-0.0
20260818-215200,1787090036069,-0.0
20260818-215200,1787090036171,-0.0
20260818-215200,1787090036064,-0.0
20260818-215200,1787090036273,-0.0
20260818-215200,1787090036375,-0.0
20260818-215200,1787090036477,-0.0
20260818-215200,1787090036425,-0.0
20260818-215200,1787090036579,-0.0
20260818-215200,1787090036681,-0.0
20260818-215200,1787090036783,-0.0
20260818-215200,1787090036885,-0.0
20260818-215200,1787090036987,-0.0
20260818-215200,1787090037089,-0.0
20260818-215200,1787090037191,-0.0
20260818-215200,1787090037293,-0.0
20260818-215200,1787090037395,-0.0
20260818-215200,1787090037497,-0.0
20260818-215200,1787090037599,-0.0
20260818-215200,1787090037701,-0.0
20260818-215200,1787090037803,-0.0
20260818-215200,1787090037905,-0.0
20260818-215200,1787090085643,0.3562227073394903
20260818-215200,1787090085655,0.3562227073394903
20260818-215200,1787090085663,0.3562227073394903
20260818-215200,1787090085663,0.3562227073394903
20260818-215200,1787090085663,0.3562227073394903
20260818-215200,1787090085663,0.3562227073394903
20260818-215200,1787090085670,0.3562227073394903
20260818-215200,1787090085670,0.3562227073394903
20260818-215200,1787090085670,0.3562227073394903
20260818-215200,1787090085670,0.3562227073394903
20260818-215200,1787090085687,0.3562227073394903
20260818-215200,1787090085691,-0.0
20260818-215200,1787090085691,-0.0
20260818-215200,1787090085745,-0.0
20260818-215200,1787090085691,-0.0
20260818-215200,1787090085847,-0.0
20260818-215200,1787090085788,-0.0
20260818-215200,1787090085949,-0.0
20260818-215200,1787090086051,-0.0
20260818-215200,1787090086091,-0.0
20260818-215200,1787090086153,-0.0
20260818-215200,1787090086092,-0.0
20260818-215200,1787090086255,-0.0
20260818-215200,1787090086357,-0.0
20260818-215200,1787090086357,-0.0
20260818-215200,1787090086459,-0.0
20260818-215200,1787090086358,-0.0
20260818-215200,1787090086561,-0.0
20260818-215200,1787090086622,-0.0
20260818-215200,1787090086663,-0.0
20260818-215200,1787090086765,-0.0
20260818-215200,1787090086624,-0.0
20260818-215200,1787090086867,-0.0
20260818-215200,1787090086881,-0.0
20260818-215200,1787090086969,-0.0
20260818-215200,1787090086882,-0.0
20260818-215200,1787090087071,-0.0
20260818-215200,1787090087144,-0.0
20260818-215200,1787090087173,-0.0
20260818-215200,1787090087275,-0.0
20260818-215200,1787090087146,-0.0
20260818-215200,1787090087377,-0.0
20260818-215200,1787090087398,-0.0
20260818-215200,1787090087408,-0.0
20260818-215200,1787090087479,-0.0
20260818-215200,1787090087409,-0.0
20260818-215200,1787090087581,-0.0
20260818-215200,1787090087672,-0.0
20260818-215200,1787090087683,-0.0
20260818-215200,1787090087785,-0.0
20260818-215200,1787090087673,-0.0
20260818-215200,1787090087887,-0.0
20260818-215200,1787090087938,-0.0
20260818-215200,1787090087989,-0.0
20260818-215200,1787090087940,-0.0
20260818-215200,1787090088000,-0.0
20260818-215200,1787090088091,-0.0
20260818-215200,1787090088034,-0.0
20260818-215200,1787090088193,-0.0
20260818-215200,1787090088160,-0.0
20260818-215200,1787090088197,-0.0
20260818-215200,1787090088295,-0.0
20260818-215200,1787090088198,-0.0
20260818-215200,1787090088397,-0.0
20260818-215200,1787090088461,-0.0
20260818-215200,1787090088499,-0.0
20260818-215200,1787090088601,-0.0
20260818-215200,1787090088461,-0.0
20260818-215200,1787090088703,-0.0
20260818-215200,1787090088724,-0.0
20260818-215200,1787090088805,-0.0
20260818-215200,1787090088725,-0.0
20260818-215200,1787090088907,-0.0
20260818-215200,1787090088986,-0.0
20260818-215200,1787090089009,-0.0
20260818-215200,1787090089111,-0.0
20260818-215200,1787090088988,-0.0
20260818-215200,1787090089213,-0.0
20260818-215200,1787090089245,-0.0
20260818-215200,1787090089315,-0.0
20260818-215200,1787090089246,-0.0
20260818-215200,1787090089417,-0.0
20260818-215200,1787090089510,-0.0
20260818-215200,1787090089519,-0.0
20260818-215200,1787090089621,-0.0
20260818-215200,1787090089511,-0.0
20260818-215200,1787090089723,-0.0
20260818-215200,1787090089775,-0.0
20260818-215200,1787090089825,-0.0
20260818-215200,1787090089927,-0.0
20260818-215200,1787090089775,-0.0
20260818-215200,1787090090029,-0.0
20260818-215200,1787090090038,-0.0
20260818-215200,1787090090040,-0.0
20260818-215200,1787090090131,-0.0
20260818-231922,1787095165838,0.0
20260818-231922,1787095166031,-0.0
20260818-231922,1787095166133,-0.0
20260818-231922,1787095166235,-0.0
20260818-231922,1787095166337,-0.0
20260818-231922,1787095166439,-0.0
20260818-231922,1787095166541,-0.0
20260818-231922,1787095166643,-0.0
20260818-231922,1787095166745,-0.0
20260818-231922,1787095166847,-0.0
20260818-231922,1787095166949,-0.0
20260818-231922,1787095167051,-0.0
20260818-231922,1787095167153,-0.0
20260818-231922,1787095167255,-0.0
20260818-231922,1787095167357,-0.0
20260818-231922,1787095167459,-0.0
20260818-231922,1787095169320,-0.0
20260818-231922,1787095169499,-0.0
20260818-231922,1787095169601,-0.0
20260818-231922,1787095169703,-0.0
20260818-231922,1787095172559,-0.0
20260818-231922,1787095184391,-0.0
20260818-231922,1787095184493,-0.0
20260818-231922,1787095184595,-0.0
20260818-231922,1787095185105,-0.0
20260818-231922,1787095185207,-0.0
20260818-231922,1787095185309,-0.0
20260818-231922,1787095185411,-0.0
20260818-231922,1787095185513,-0.0
20260818-231922,1787095185423,-0.0
20260818-231922,1787095185615,0.0
20260818-231922,1787095185717,-0.0
20260818-231922,1787095185819,0.0
20260818-231922,1787095185921,-0.0
20260818-231922,1787095186023,-0.0
20260818-231922,1787095186125,-0.0
20260818-231922,1787095186227,-0.0
20260818-231922,1787095186329,-0.0
20260818-231922,1787095186431,-0.0
20260818-231922,1787095186533,-0.0
20260818-231922,1787095186464,-0.0
20260818-231922,1787095186635,-0.0
20260818-231922,1787095186737,-0.0
20260818-231922,1787095186839,-0.0
20260818-231922,1787095186941,0.0
20260818-231922,1787095187043,-0.0
20260818-231922,1787095187145,-0.0
20260818-231922,1787095187247,-0.0
20260818-231922,1787095187349,-0.0
20260818-231922,1787095187451,-0.0
20260818-231922,1787095187553,-0.0
20260818-231922,1787095187655,-0.0
20260818-231922,1787095187757,-0.0
20260818-231922,1787095187859,-0.0
20260818-231922,1787095187961,-0.0
20260818-231922,1787095187845,0.0
20260818-231922,1787095188063,-0.0
20260818-231922,1787095188165,0.0
20260818-231922,1787095188267,-0.0
20260818-231922,1787095188144,-0.0
20260818-231922,1787095188369,-0.0
20260818-231922,1787095188471,-0.0
20260818-231922,1787095188387,-0.0
20260818-231922,1787095188573,-0.0
20260818-231922,1787095188675,-0.0
20260818-231922,1787095188777,-0.0
20260818-231922,1787095188879,-0.0
20260818-231922,1787095188981,-0.0
20260818-231922,1787095189083,-0.0
20260818-231922,1787095189185,-0.0
20260818-231922,1787095189287,-0.0
20260818-231922,1787095191602,-0.0
20260818-231922,1787095191837,-0.0
20260818-231922,1787095191939,-0.0
20260818-231922,1787095191824,-0.0
20260818-231922,1787095192041,-0.0
20260818-231922,1787095192143,-0.0
20260818-231922,1787095192245,-0.0
20260818-231922,1787095192347,-0.0
20260818-231922,1787095192449,-0.0
20260818-231922,1787095192551,-0.0
20260818-231922,1787095192653,0.0
20260818-231922,1787095192755,-0.0
20260818-231922,1787095192622,-0.0
20260818-231922,1787095192857,-0.0
20260818-231922,1787095192959,-0.0
20260818-231922,1787095193061,0.0
20260818-231922,1787095193163,-0.0
20260818-231922,1787095193265,-0.0
20260818-231922,1787095193367,-0.0
20260818-231922,1787095193469,-0.0
20260818-231922,1787095193571,-0.0
20260818-231922,1787095193673,-0.0
20260818-231922,1787095193587,-0.0
20260818-231922,1787095193775,-0.0
20260818-231922,1787095193877,-0.0
20260818-231922,1787095193979,-0.0
20260818-231922,1787095194081,0.0
20260818-231922,1787095194183,0.0
20260818-231922,1787095194285,-0.0
20260818-231922,1787095194387,-0.0
20260818-231922,1787095201108,0.8348929597642168
20260818-231922,1787095201108,-0.8348929597642168
20260818-231922,1787095201109,0.8348929597642168
20260818-231922,1787095201109,0.8348929597642168
20260818-231922,1787095201109,0.8348929597642168
20260818-231922,1787095201109,0.8348929597642168
20260818-231922,1787095201111,0.8348929597642168
20260818-231922,1787095201117,0.8348929597642168
20260818-231922,1787095201117,0.8348929597642168
20260818-231922,1787095201119,0.633912951381392
20260818-231922,1787095201119,0.633912951381392
20260818-231922,1787095201119,0.633912951381392
20260818-231922,1787095201136,0.633912951381392
20260818-231922,1787095201160,-0.633912951381392
20260818-231922,1787095201160,0.633912951381392
20260818-231922,1787095201160,-0.633912951381392
20260818-231922,1787095201160,0.633912951381392
20260818-231922,1787095201167,0.633912951381392
20260818-231922,1787095201179,0.633912951381392
20260818-231922,1787095201179,0.633912951381392
20260818-231922,1787095201179,0.633912951381392
20260818-231922,1787095201179,0.633912951381392
20260818-231922,1787095201206,0.633912951381392
20260818-231922,1787095201221,0.27831314403445984
20260818-231922,1787095201323,0.27831314403445984
20260818-231922,1787095201425,0.27831314403445984
20260818-231922,1787095201527,0.27831314403445984
20260818-231922,1787095201559,0.27831314403445984
20260818-231922,1787095201560,0.27831314403445984
20260818-231922,1787095201560,0.27831314403445984
20260818-231922,1787095201560,0.27831314403445984
20260818-231922,1787095201560,0.27831314403445984
20260818-231922,1787095201560,0.27831314403445984
20260818-231922,1787095201560,0.27831314403445984
20260818-231922,1787095201560,0.27831314403445984
20260818-231922,1787095201560,0.27831314403445984
20260818-231922,1787095201560,-0.27831314403445984
20260818-231922,1787095201560,0.27831314403445984
20260818-231922,1787095201560,0.27831314403445984
20260818-231922,1787095201562,-0.0
20260818-231922,1787095201629,-0.0
20260818-231922,1787095201562,-0.0
20260818-231922,1787095201731,-0.0
20260818-231922,1787095201833,-0.0
20260818-231922,1787095201935,-0.0
20260818-231922,1787095202037,-0.0
20260818-231922,1787095202139,0.0
20260818-231922,1787095202241,-0.0
20260818-231922,1787095202343,-0.0
20260818-231922,1787095202445,-0.0
20260818-231922,1787095202547,-0.0
20260818-231922,1787095202649,-0.0
20260818-231922,1787095202751,-0.0
20260818-231922,1787095202669,-0.0
20260818-231922,1787095202853,-0.0
20260818-231922,1787095202955,-0.0
20260818-231922,1787095203057,-0.0
20260818-231922,1787095203008,-0.0
20260818-231922,1787095203159,0.0
20260818-231922,1787095203261,-0.0
20260818-231922,1787095203196,0.0
20260818-231922,1787095203363,-0.0
20260818-231922,1787095203327,0.0
20260818-231922,1787095203465,-0.0
20260818-231922,1787095203567,-0.0
20260818-231922,1787095203669,-0.0
20260818-231922,1787095203771,-0.0
20260818-231922,1787095203873,-0.0
20260818-231922,1787095203975,-0.0
20260818-231922,1787095204077,0.0
20260818-231922,1787095204179,-0.0
20260818-231922,1787095204058,-0.0
20260818-231922,1787095204281,-0.0
20260818-231922,1787095204383,-0.0
20260818-231922,1787095204485,-0.0
20260818-231922,1787095204419,-0.0
20260818-231922,1787095204587,-0.0
20260818-231922,1787095204689,-0.0
20260818-231922,1787095204791,-0.0
20260818-231922,1787095204893,-0.0
20260818-231922,1787095204995,-0.0
20260818-231922,1787095205097,-0.0
20260818-231922,1787095205199,-0.0
20260818-231922,1787095205301,-0.0
20260818-231922,1787095205232,-0.0
20260818-231922,1787095205403,-0.0
20260818-231922,1787095205505,-0.0
20260818-231922,1787095205607,0.0
20260818-231922,1787095205709,0.0
20260818-231922,1787095205811,-0.0
20260818-231922,1787095205713,-0.0
20260818-231922,1787095205913,-0.0
20260818-231922,1787095206015,-0.0
20260818-231922,1787095206117,-0.0
20260818-231922,1787095206219,-0.0
20260818-231922,1787095206321,-0.0
20260818-231922,1787095206423,-0.0
20260818-231922,1787095206525,-0.0
20260818-231922,1787095206627,-0.0
20260818-231922,1787095206729,-0.0
20260818-231922,1787095206831,-0.0
20260818-231922,1787095206933,-0.0
20260818-231922,1787095207035,-0.0
20260818-231922,1787095207137,-0.0
20260818-231922,1787095207078,-0.0
20260818-231922,1787095207239,-0.0
20260818-231922,1787095207341,-0.0
20260818-231922,1787095207443,-0.0
20260818-231922,1787095207545,-0.0
20260818-231922,1787095207647,0.0
20260818-231922,1787095207546,-0.0
20260818-231922,1787095207749,-0.0
20260818-231922,1787095207851,-0.0
20260818-231922,1787095207953,-0.0
20260818-231922,1787095208055,-0.0
20260818-231922,1787095208157,-0.0
20260818-231922,1787095208259,-0.0
20260818-231922,1787095208361,-0.0
20260818-231922,1787095208463,-0.0
20260818-231922,1787095208565,0.0
20260818-231922,1787095208429,-0.0
20260818-231922,1787095208667,-0.0
20260818-231922,1787095208769,-0.0
20260818-231922,1787095208716,0.0
20260818-231922,1787095208871,-0.0
20260818-231922,1787095208973,-0.0
20260818-231922,1787095208903,-0.0
20260818-231922,1787095209075,-0.0
20260818-231922,1787095209177,-0.0
20260818-231922,1787095209115,-0.0
20260818-231922,1787095209279,-0.0
20260818-231922,1787095209230,-0.0
20260818-231922,1787095209381,0.0
20260818-231922,1787095209483,-0.0
20260818-231922,1787095209585,-0.0
20260818-231922,1787095209687,-0.0
20260818-231922,1787095209789,0.0
20260818-231922,1787095209654,-0.0
20260818-231922,1787095209891,-0.0
20260818-231922,1787095209993,-0.0
20260818-231922,1787095210095,0.0
20260818-231922,1787095210197,-0.0
20260818-231922,1787095210299,-0.0
20260818-231922,1787095210191,-0.0
20260818-231922,1787095210401,-0.0
20260818-231922,1787095210503,-0.0
20260818-231922,1787095210605,-0.0
20260818-231922,1787095210707,-0.0
20260818-231922,1787095210809,-0.0
20260818-231922,1787095210911,-0.0
20260818-231922,1787095211013,0.0
20260818-231922,1787095211115,-0.0
20260818-231922,1787095211217,-0.0
20260818-231922,1787095211319,-0.0
20260818-231922,1787095211421,-0.0
20260818-231922,1787095211523,-0.0
20260818-231922,1787095211442,-0.0
20260818-231922,1787095211625,-0.0
20260818-231922,1787095211727,0.0
20260818-231922,1787095211829,-0.0
20260818-231922,1787095211931,0.0
20260818-231922,1787095212033,-0.0
20260818-231922,1787095212135,-0.0
20260818-231922,1787095212237,-0.0
20260818-231922,1787095212339,-0.0
20260818-231922,1787095212441,0.0
20260818-231922,1787095212376,-0.0
20260818-231922,1787095218357,-0.0
20260818-231922,1787095218223,-0.0
20260818-231922,1787095218459,-0.0
20260818-231922,1787095218561,-0.0
20260818-231922,1787095218663,-0.0
20260818-231922,1787095218765,-0.0
20260818-231922,1787095218867,-0.0
20260818-231922,1787095218969,0.0
20260818-231922,1787095219071,-0.0
20260818-231922,1787095219173,0.0
20260818-231922,1787095219275,-0.0
20260818-231922,1787095219377,-0.0
20260818-231922,1787095219479,0.0
20260818-231922,1787095219581,-0.0
20260818-231922,1787095219683,0.0
20260818-231922,1787095219785,0.0
20260818-231922,1787095219725,-0.0
20260818-231922,1787095219887,-0.0
20260818-231922,1787095219989,-0.0
20260818-231922,1787095220091,-0.0
20260818-231922,1787095220193,-0.0
20260818-231922,1787095220295,0.0
20260818-231922,1787095220397,-0.0
20260818-231922,1787095220352,-0.0
20260818-231922,1787095220499,-0.0
20260818-231922,1787095220601,0.0
20260818-231922,1787095220703,-0.0
20260818-231922,1787095220805,-0.0
20260818-231922,1787095220907,-0.0
20260818-231922,1787095220780,-0.0
20260818-231922,1787095221009,-0.0
20260818-231922,1787095221111,-0.0
20260818-231922,1787095221213,-0.0
20260818-231922,1787095221315,-0.0
20260818-231922,1787095221417,-0.0
20260818-231922,1787095221519,-0.0
20260818-231922,1787095221416,-0.0
20260818-231922,1787095221621,-0.0
20260818-231922,1787095221723,-0.0
20260818-231922,1787095221825,0.0
20260818-231922,1787095221927,-0.0
20260818-231922,1787095222029,-0.0
20260818-231922,1787095222131,-0.0
20260818-231922,1787095222233,-0.0
20260818-231922,1787095222137,-0.0
20260818-231922,1787095222335,-0.0
20260818-231922,1787095222437,-0.0
20260818-231922,1787095222319,-0.0
20260818-231922,1787095222539,-0.0
20260818-231922,1787095222641,-0.0
20260818-231922,1787095222743,-0.0
20260818-231922,1787095222845,-0.0
20260818-231922,1787095222947,-0.0
20260818-231922,1787095222874,-0.0
20260818-231922,1787095223049,-0.0
20260818-231922,1787095222984,-0.0
20260818-231922,1787095223151,0.0
20260818-231922,1787095223102,-0.0
20260818-231922,1787095223253,-0.0
20260818-231922,1787095223355,0.0
20260818-231922,1787095223457,-0.0
20260818-231922,1787095223559,-0.0
20260818-231922,1787095223491,-0.0
20260818-231922,1787095223661,-0.0
20260818-231922,1787095223763,-0.0
20260818-231922,1787095223865,-0.0
20260818-231922,1787095223967,-0.0
20260818-231922,1787095224069,-0.0
20260818-231922,1787095224171,-0.0
20260818-231922,1787095224273,-0.0
20260818-231922,1787095224375,-0.0
20260818-231922,1787095224477,-0.0
20260818-231922,1787095224579,-0.0
20260818-231922,1787095224681,-0.0
20260818-231922,1787095224783,-0.0
20260818-231922,1787095224885,-0.0
20260818-231922,1787095224791,0.0
20260818-231922,1787095224987,-0.0
20260818-231922,1787095224984,-0.0
20260818-231922,1787095225089,-0.0
20260818-231922,1787095225001,0.0
20260818-231922,1787095225191,0.0
20260818-231922,1787095225293,-0.0
20260818-231922,1787095225395,-0.0
20260818-231922,1787095225497,-0.0
20260818-231922,1787095225599,-0.0
20260818-231922,1787095225701,-0.0
20260818-231922,1787095225803,-0.0
20260818-231922,1787095225905,-0.0
20260818-231922,1787095225857,-0.0
20260818-231922,1787095226007,-0.0
20260818-231922,1787095226109,-0.0
20260818-231922,1787095226211,-0.0
20260818-231922,1787095226313,-0.0
20260818-231922,1787095226415,-0.0
20260818-231922,1787095226517,-0.0
20260818-231922,1787095226619,-0.0
20260818-231922,1787095226721,-0.0
20260818-231922,1787095226823,-0.0
20260818-231922,1787095226925,-0.0
20260818-231922,1787095227027,-0.0
20260818-231922,1787095227129,-0.0
20260818-231922,1787095227231,-0.0
20260818-231922,1787095227169,-0.0
20260818-231922,1787095227333,-0.0
20260818-231922,1787095227435,-0.0
20260818-231922,1787095227537,-0.0
20260818-231922,1787095227639,-0.0
20260818-231922,1787095227523,-0.0
20260818-231922,1787095227741,-0.0
20260818-231922,1787095227843,-0.0
20260818-231922,1787095227945,-0.0
20260818-231922,1787095227857,-0.0
20260818-231922,1787095228047,-0.0
20260818-231922,1787095228149,-0.0
20260818-231922,1787095228175,0.0
20260818-231922,1787095228251,-0.0
20260818-231922,1787095228193,-0.0
20260818-231922,1787095228353,-0.0
20260818-231922,1787095228455,-0.0
20260818-231922,1787095228557,-0.0
20260818-231922,1787095228659,-0.0
20260818-231922,1787095228761,-0.0
20260818-231922,1787095228863,-0.0
20260818-231922,1787095228965,-0.0
20260818-231922,1787095229067,-0.0
20260818-231922,1787095228961,-0.0
20260818-231922,1787095229169,-0.0
20260818-231922,1787095229271,-0.0
20260818-231922,1787095229373,-0.0
20260818-231922,1787095229475,0.0
20260818-231922,1787095229577,-0.0
20260818-231922,1787095229482,-0.0
20260818-231922,1787095229679,0.0
20260818-231922,1787095229621,-0.0
20260818-231922,1787095229781,-0.0
20260818-231922,1787095229883,-0.0
20260818-231922,1787095229985,-0.0
20260818-231922,1787095230087,-0.0
20260818-231922,1787095230189,0.0
20260818-231922,1787095230071,-0.0
20260818-231922,1787095230291,-0.0
20260818-231922,1787095230393,-0.0
20260818-231922,1787095230495,-0.0
20260818-231922,1787095230597,-0.0
20260818-231922,1787095230489,-0.0
20260818-231922,1787095230699,-0.0
20260818-231922,1787095230801,-0.0
20260818-231922,1787095230903,0.0
20260818-231922,1787095231005,-0.0
20260818-231922,1787095231107,0.0
20260818-231922,1787095231209,-0.0
20260818-231922,1787095231311,-0.0
20260818-231922,1787095231226,-0.0
20260818-231922,1787095231413,-0.0
20260818-231922,1787095231515,-0.0
20260818-231922,1787095231617,-0.0
20260818-231922,1787095231719,-0.0
20260818-231922,1787095231821,-0.0
20260818-231922,1787095231923,-0.0
20260818-231922,1787095232025,-0.0
20260818-231922,1787095232127,-0.0
20260818-231922,1787095232229,0.0
20260818-231922,1787095232331,-0.0
20260818-231922,1787095232433,0.0
20260818-231922,1787095232535,-0.0
20260818-231922,1787095232637,-0.0
20260818-231922,1787095232739,-0.0
20260818-231922,1787095232841,-0.0
20260818-231922,1787095232943,-0.0
20260818-231922,1787095233045,-0.0
20260818-231922,1787095233147,-0.0
20260818-231922,1787095246917,-0.0
20260818-231922,1787095247019,-0.0
20260818-231922,1787095246952,-0.0
20260818-231922,1787095247121,-0.0
20260818-231922,1787095247223,-0.0
20260818-231922,1787095247325,-0.0
20260818-231922,1787095247427,-0.0
20260818-231922,1787095247529,-0.0
20260818-231922,1787095247631,0.0
20260818-231922,1787095247733,-0.0
20260818-231922,1787095247835,-0.0
20260818-231922,1787095247937,0.0
20260818-231922,1787095248039,-0.0
20260818-231922,1787095248141,-0.0
20260818-231922,1787095248243,-0.0
20260818-231922,1787095248345,-0.0
20260818-231922,1787095248447,0.0
20260818-231922,1787095248549,-0.0
20260818-231922,1787095248651,-0.0
20260818-231922,1787095248753,-0.0
20260818-231922,1787095248855,-0.0
20260818-231922,1787095248957,-0.0
20260818-231922,1787095249059,0.0
20260818-231922,1787095249161,-0.0
20260818-231922,1787095249263,-0.0
20260818-231922,1787095249365,-0.0
20260818-231922,1787095249467,-0.0
20260818-231922,1787095249569,-0.0
20260818-231922,1787095249671,-0.0
20260818-231922,1787095249773,-0.0
20260818-231922,1787095249875,-0.0
20260818-231922,1787095249977,-0.0
20260818-231922,1787095250079,-0.0
20260818-231922,1787095250181,-0.0
20260818-231922,1787095250175,-0.0
20260818-231922,1787095250283,-0.0
20260818-231922,1787095250385,-0.0
20260818-231922,1787095250252,-0.0
20260818-231922,1787095250487,-0.0
20260818-231922,1787095250589,-0.0
20260818-231922,1787095250691,0.0
20260818-231922,1787095250793,-0.0
20260818-231922,1787095250895,-0.0
20260818-231922,1787095250822,-0.0
20260818-231922,1787095250997,-0.0
20260818-231922,1787095251099,-0.0
20260818-231922,1787095251201,-0.0
20260818-231922,1787095251303,-0.0
20260818-231922,1787095251405,0.0
20260818-231922,1787095251507,-0.0
20260818-231922,1787095251609,-0.0
20260818-231922,1787095251711,-0.0
20260818-231922,1787095251813,-0.0
20260818-231922,1787095251915,0.0
20260818-231922,1787095251869,-0.0
20260818-231922,1787095252017,0.0
20260818-231922,1787095252119,-0.0
20260818-231922,1787095252221,-0.0
20260818-231922,1787095252323,-0.0
20260818-231922,1787095252425,-0.0
20260818-231922,1787095252527,-0.0
20260818-231922,1787095252629,-0.0
20260818-231922,1787095252731,-0.0
20260818-231922,1787095252833,0.0
20260818-231922,1787095252935,-0.0
20260818-231922,1787095253037,-0.0
20260818-231922,1787095252915,-0.0
20260818-231922,1787095253139,0.0
20260818-231922,1787095253241,-0.0
20260818-231922,1787095253343,-0.0
20260818-231922,1787095253445,0.0
20260818-231922,1787095253547,-0.0
20260818-231922,1787095253649,-0.0
20260818-231922,1787095253553,-0.0
20260818-231922,1787095253751,-0.0
20260818-231922,1787095253853,-0.0
20260818-231922,1787095253955,-0.0
20260818-231922,1787095254057,-0.0
20260818-231922,1787095254159,-0.0
20260818-231922,1787095254261,-0.0
20260818-231922,1787095254127,0.0
20260818-231922,1787095254363,-0.0
20260818-231922,1787095254465,-0.0
20260818-231922,1787095254567,-0.0
20260818-231922,1787095254669,-0.0
20260818-231922,1787095254661,-0.0
20260818-231922,1787095254771,0.0
20260818-231922,1787095254873,-0.0
20260818-231922,1787095254779,-0.0
20260818-231922,1787095254975,-0.0
20260818-231922,1787095255077,-0.0
20260818-231922,1787095255179,-0.0
20260818-231922,1787095255281,-0.0
20260818-231922,1787095255383,0.0
20260818-231922,1787095255485,-0.0
20260818-231922,1787095255587,0.03092325235261624
20260818-231922,1787095255689,0.18553951411794742
20260818-231922,1787095255791,0.4174639067659442
20260818-231922,1787095255893,-0.4174639067659442
20260818-231922,1787095255995,0.4174639067659442
20260818-231922,1787095256012,0.4174639067659442
20260818-231922,1787095256097,0.38654184972644434
20260818-231922,1787095256015,0.38654184972644434
20260818-231922,1787095256155,0.38654184972644434
20260818-231922,1787095256155,0.38654184972644434
20260818-231922,1787095256155,0.38654184972644434
20260818-231922,1787095256199,0.2319286958417504
20260818-231922,1787095256157,0.2319286958417504
20260818-231922,1787095256234,0.2319286958417504
20260818-231922,1787095256234,0.2319286958417504
20260818-231922,1787095256234,0.2319286958417504
20260818-231922,1787095256234,0.2319286958417504
20260818-231922,1787095256234,0.2319286958417504
20260818-231922,1787095256234,0.2319286958417504
20260818-231922,1787095256301,-0.0
20260818-231922,1787095256249,0.0
20260818-231922,1787095256403,-0.0
20260818-231922,1787095256505,0.0
20260818-231922,1787095256418,-0.0
20260818-231922,1787095256607,-0.0
20260818-231922,1787095256709,-0.0
20260818-231922,1787095256811,0.0
20260818-231922,1787095256913,-0.0
20260818-231922,1787095256796,-0.0
20260818-231922,1787095257015,-0.0
20260818-231922,1787095257117,-0.0
20260818-231922,1787095257038,-0.0
20260818-231922,1787095257219,0.0
20260818-231922,1787095257321,-0.0
20260818-231922,1787095257423,-0.0
20260818-231922,1787095257306,-0.0
20260818-231922,1787095257525,-0.0
20260818-231922,1787095257627,-0.0
20260818-231922,1787095257729,-0.0
20260818-231922,1787095257831,-0.0
20260818-231922,1787095257933,-0.0
20260818-231922,1787095258035,-0.0
20260818-231922,1787095258137,-0.0
20260818-231922,1787095258239,-0.0
20260818-231922,1787095258341,-0.0
20260818-231922,1787095258443,-0.0
20260818-231922,1787095258545,-0.0
20260818-231922,1787095259055,-0.0
20260818-231922,1787095259157,-0.0
20260818-231922,1787095259259,-0.0
20260818-231922,1787095259361,-0.0
20260818-231922,1787095259463,-0.0
20260818-231922,1787095259565,-0.0
20260818-231922,1787095259667,-0.0
20260818-231922,1787095259769,-0.0
20260818-231922,1787095259871,-0.0
20260818-231922,1787095259973,-0.0
20260818-231922,1787095260075,-0.0
20260818-231922,1787095260177,-0.0
20260818-231922,1787095260279,-0.0
20260818-231922,1787095260381,-0.0
20260818-231922,1787095260483,-0.0
20260818-231922,1787095260585,0.0
20260818-231922,1787095260687,-0.0
20260818-231922,1787095260789,-0.0
20260818-231922,1787095260891,-0.0
20260818-231922,1787095260993,-0.0
20260818-231922,1787095337388,-0.4637863985362901
20260818-231922,1787095337392,-0.4637863985362901
20260818-231922,1787095337392,-0.4637863985362901
20260818-231922,1787095337392,-0.4637863985362901
20260818-231922,1787095337392,0.4637863985362901
20260818-231922,1787095337392,-0.4637863985362901
20260818-231922,1787095337394,-0.4637863985362901
20260818-231922,1787095337394,0.4637863985362901
20260818-231922,1787095337394,-0.4637863985362901
20260818-231922,1787095337394,-0.4637863985362901
20260818-231922,1787095337394,-0.4637863985362901
20260818-231922,1787095337394,0.4637863985362901
20260818-231922,1787095337401,-0.4637863985362901
20260818-231922,1787095337401,-0.4637863985362901
20260818-231922,1787095337401,-0.4637863985362901
20260818-231922,1787095337401,0.4637863985362901
20260818-231922,1787095337401,-0.4637863985362901
20260818-231922,1787095337405,-0.4637863985362901
20260818-231922,1787095337432,-0.4637863985362901
20260818-231922,1787095337432,-0.4637863985362901
20260818-231922,1787095337432,-0.4637863985362901
20260818-231922,1787095337432,-0.4637863985362901
20260818-231922,1787095337432,-0.4637863985362901
20260818-231922,1787095337434,-0.4637863985362901
20260818-231922,1787095337473,0.4637863985362901
20260818-231922,1787095337493,-0.0
20260818-231922,1787095337481,-0.0
20260818-231922,1787095337595,-0.0
20260818-231922,1787095337697,-0.0
20260818-231922,1787095337799,0.0
20260818-231922,1787095337901,-0.0
20260818-231922,1787095338003,-0.0
20260818-231922,1787095338105,-0.0
20260818-231922,1787095338207,0.0
20260818-231922,1787095338309,-0.0
20260818-231922,1787095338411,-0.0
20260818-231922,1787095338513,-0.0
20260818-231922,1787095338615,-0.0
20260818-231922,1787095338717,-0.0
20260818-231922,1787095338819,-0.0
20260818-231922,1787095338921,-0.0
20260818-231922,1787095339023,-0.0
20260818-231922,1787095339125,-0.0
20260818-231922,1787095339227,-0.0
20260818-231922,1787095339329,-0.0
20260818-231922,1787095339431,-0.0
20260818-231922,1787095339533,-0.0
20260818-231922,1787095339635,-0.0
20260818-231922,1787095339737,0.0
20260818-231922,1787095339679,-0.0
20260818-231922,1787095339839,-0.0
20260818-231922,1787095339941,0.0
20260818-231922,1787095340043,-0.0
20260818-231922,1787095340145,-0.0
20260818-231922,1787095340247,-0.0
20260818-231922,1787095340349,-0.0
20260818-231922,1787095340451,-0.0
20260818-231922,1787095340553,-0.0
20260818-231922,1787095340655,-0.0
20260818-231922,1787095340757,-0.0
20260818-231922,1787095340665,-0.0
20260818-231922,1787095340859,-0.0
20260818-231922,1787095340775,-0.0
20260818-231922,1787095340961,-0.0
20260818-231922,1787095341063,-0.0
20260818-231922,1787095340945,-0.0
20260818-231922,1787095341121,-0.0
20260818-231922,1787095341165,-0.0
20260818-231922,1787095341267,-0.0
20260818-231922,1787095341131,-0.0
20260818-231922,1787095341369,-0.0
20260818-231922,1787095341471,-0.0
20260818-231922,1787095341429,-0.0
20260818-231922,1787095341573,-0.0
20260818-231922,1787095341675,-0.0
20260818-231922,1787095341777,-0.0
20260818-231922,1787095341879,-0.0
20260818-231922,1787095341981,-0.0
20260818-231922,1787095342083,-0.0
20260818-231922,1787095342185,-0.0
20260818-231922,1787095342287,-0.0
20260818-232223,1787095345499,0.0
20260818-232223,1787095345755,0.0
20260818-232223,1787095345857,0.0
20260818-232223,1787095345959,0.0
20260818-232223,1787095346061,0.0
20260818-232223,1787095346163,0.0
20260818-232223,1787095346012,0.0
20260818-232223,1787095367991,-0.0
20260818-232223,1787095368093,0.0
20260818-232223,1787095368195,-0.0
20260818-232223,1787095368072,0.0
20260818-232223,1787095368297,0.0
20260818-232223,1787095368399,-0.0
20260818-232223,1787095368329,-0.0
20260818-232223,1787095368501,0.0
20260818-232223,1787095368603,0.0
20260818-232223,1787095368705,0.0
20260818-232223,1787095368807,0.0
20260818-232223,1787095368909,0.0
20260818-232223,1787095368749,0.0
20260818-232223,1787095369011,0.0
20260818-232223,1787095369113,0.0
20260818-232223,1787095369215,0.0
20260818-232223,1787095369317,0.0
20260818-232223,1787095369419,-0.0
20260818-232223,1787095369521,0.0
20260818-232223,1787095369449,0.0
20260818-232223,1787095369623,0.0
20260818-232223,1787095369725,-0.0
20260818-232223,1787095369827,0.0
20260818-232223,1787095369929,0.0
20260818-232223,1787095370031,0.0
20260818-232223,1787095369916,0.0
20260818-232223,1787095370133,0.0
20260818-232223,1787095370235,0.0
20260818-232223,1787095370337,0.0
20260818-232223,1787095370439,0.0
20260818-232223,1787095370541,0.0
20260818-232223,1787095370643,0.0
20260818-232223,1787095370745,-0.0
20260818-232223,1787095370847,-0.0
20260818-232223,1787095370949,0.0
20260818-232223,1787095371051,0.0
20260818-232223,1787095371153,-0.0
20260818-232223,1787095371255,0.0
20260818-232223,1787095371357,0.0
20260818-232223,1787095371459,0.0
20260818-232223,1787095371561,-0.0
20260818-232223,1787095371663,0.0
20260818-232223,1787095371548,-0.0
20260818-232223,1787095371765,0.0
20260818-232223,1787095371701,0.0
20260818-232223,1787095371867,0.0
20260818-232223,1787095371969,0.0
20260818-232223,1787095372071,0.0
20260818-232223,1787095372173,-0.0
20260818-232223,1787095372275,0.0
20260818-232223,1787095372377,0.0
20260818-232223,1787095372256,0.0
20260818-232223,1787095372479,0.0
20260818-232223,1787095372581,0.0
20260818-232223,1787095372683,0.0
20260818-232223,1787095372785,-0.0
20260818-232223,1787095372887,0.0
20260818-232223,1787095372989,0.0
20260818-232223,1787095373091,0.0
20260818-232223,1787095373193,0.0
20260818-232223,1787095373098,-0.0
20260818-232223,1787095373295,0.0
20260818-232223,1787095373397,0.0
20260818-232223,1787095373499,0.0
20260818-232223,1787095373601,0.0
20260818-232223,1787095373703,0.0
20260818-232223,1787095373805,0.0
20260818-232223,1787095373907,0.0
20260818-232223,1787095374009,0.0
20260818-232223,1787095374111,0.0
20260818-232223,1787095374213,0.0
20260818-232223,1787095374315,0.0
20260818-232223,1787095374417,0.0
20260818-232223,1787095374519,0.0
20260818-232223,1787095374621,0.0
20260818-232223,1787095374723,0.0
20260818-232223,1787095374825,0.0
20260818-232223,1787095374927,-0.0
20260818-232223,1787095375029,0.0
20260818-232223,1787095374888,-0.0
20260818-232223,1787095375131,0.0
20260818-232223,1787095375233,0.0
20260818-232223,1787095375092,0.0
20260818-232223,1787095375335,0.0
20260818-232223,1787095375437,0.0
20260818-232223,1787095375337,-0.0
20260818-232223,1787095375539,0.0
20260818-232223,1787095375641,0.0
20260818-232223,1787095375539,0.0
20260818-232223,1787095375743,0.0
20260818-232223,1787095375845,0.0
20260818-232223,1787095375698,0.0
20260818-232223,1787095375947,0.0
20260818-232223,1787095376049,0.0
20260818-232223,1787095376151,0.0
20260818-232223,1787095376253,0.0
20260818-232223,1787095376355,0.0
20260818-232223,1787095376202,0.0
20260818-232223,1787095376457,-0.0
20260818-232223,1787095376559,0.0
20260818-232223,1787095376661,-0.0
20260818-232223,1787095376763,-0.0
20260818-232223,1787095376865,0.0
20260818-232223,1787095376782,0.0
20260818-232223,1787095376967,0.0
20260818-232223,1787095377069,0.0
20260818-232223,1787095376925,0.0
20260818-232223,1787095377171,0.0
20260818-232223,1787095377273,-0.0
20260818-232223,1787095377143,0.0
20260818-232223,1787095377375,0.0
20260818-232223,1787095377477,0.0
20260818-232223,1787095377579,-0.0
20260818-232223,1787095377681,-0.0
20260818-232223,1787095377783,0.0
20260818-232223,1787095377885,-0.0
20260818-232223,1787095377987,0.0
20260818-232223,1787095378089,0.0
20260818-232223,1787095378191,-0.0
20260818-232223,1787095378293,-0.0
20260818-232223,1787095378395,0.0
20260818-232223,1787095378233,0.0
20260818-232223,1787095378497,-0.0
20260818-232223,1787095378599,0.0
20260818-232223,1787095378701,0.0
20260818-232223,1787095378803,-0.0
20260818-232223,1787095378905,0.0
20260818-232223,1787095378768,-0.0
20260818-232223,1787095379007,-0.0
20260818-232223,1787095379109,0.0
20260818-232223,1787095379211,-0.0
20260818-232223,1787095379224,-0.0
20260818-232223,1787095379313,-0.0
20260818-232223,1787095379415,0.0
20260818-232223,1787095379284,0.0
20260818-232223,1787095379517,-0.0
20260818-232223,1787095379619,0.0
20260818-232223,1787095379721,0.0
20260818-232223,1787095379823,0.0
20260818-232223,1787095379731,-0.0
20260818-232223,1787095379925,0.0
20260818-232223,1787095380027,0.0
20260818-232223,1787095380129,0.0
20260818-232223,1787095380231,-0.0
20260818-232223,1787095380333,-0.0
20260818-232223,1787095380435,0.0
20260818-232223,1787095380343,-0.0
20260818-232223,1787095380537,-0.0
20260818-232223,1787095380639,0.0
20260818-232223,1787095380741,0.0
20260818-232223,1787095380843,0.0
20260818-232223,1787095380945,0.0
20260818-232223,1787095381047,0.0
20260818-232223,1787095381149,0.0
20260818-232223,1787095381251,0.0
20260818-232223,1787095381353,-0.0
20260818-232223,1787095381455,0.0
20260818-232223,1787095381557,0.0
20260818-232223,1787095381659,0.0
20260818-232223,1787095381761,0.0
20260818-232223,1787095381863,-0.0
20260818-232223,1787095381965,0.0
20260818-232223,1787095382067,0.0
20260818-232223,1787095382169,-0.0
20260818-232223,1787095382059,0.0
20260818-232223,1787095382271,-0.0
20260818-232223,1787095382373,0.0
20260818-232223,1787095382475,0.0
20260818-232223,1787095382577,0.0
20260818-232223,1787095382679,0.0
20260818-232223,1787095382781,0.0
20260818-232223,1787095382883,-0.0
20260818-232223,1787095415953,0.0
20260818-232223,1787095416137,-0.0
20260818-232223,1787095416239,0.0
20260818-232223,1787095416341,0.0
20260818-232223,1787095416566,-0.0
20260818-232223,1787095416749,0.0
20260818-232223,1787095416851,-0.0
20260818-232223,1787095416953,0.0
20260818-232223,1787095417055,0.0
20260818-232223,1787095417157,0.0
20260818-232223,1787095417259,0.0
20260818-232223,1787095417361,-0.0
20260818-232223,1787095417463,-0.0
20260818-232223,1787095417565,0.0
20260818-232223,1787095417667,-0.0
20260818-232223,1787095417769,0.0
20260818-232223,1787095417871,0.0
20260818-232223,1787095417973,0.0
20260818-232223,1787095418075,0.0
20260818-232223,1787095418177,0.0
20260818-232223,1787095418279,0.0
20260818-232223,1787095418381,0.0
20260818-232223,1787095418483,0.0
20260818-232223,1787095418585,-0.0
20260818-232223,1787095418687,0.0
20260818-232223,1787095418789,0.0
20260818-232223,1787095418654,0.0
20260818-232223,1787095418891,0.0
20260818-232223,1787095418993,0.0
20260818-232223,1787095419095,0.0
20260818-232223,1787095419197,0.0
20260818-232223,1787095419299,0.0
20260818-232223,1787095419401,0.0
20260818-232223,1787095419503,-0.0
20260818-232223,1787095419605,0.0
20260818-232223,1787095419707,0.0
20260818-232223,1787095419809,-0.0
20260818-232223,1787095419911,-0.0
20260818-232223,1787095420013,0.0
20260818-232223,1787095420115,0.0
20260818-232223,1787095420217,0.0
20260818-232223,1787095420319,0.0
20260818-232223,1787095420421,0.0
20260818-232223,1787095420523,0.0
20260818-232223,1787095420625,0.0
20260818-232223,1787095420829,0.0
20260818-232223,1787095420931,0.0
20260818-232223,1787095421033,0.0
20260818-232223,1787095421135,0.0
20260818-232223,1787095421237,0.0
20260818-232223,1787095422869,0.0
20260818-232223,1787095422971,0.0
20260818-232223,1787095423073,0.0
20260818-232223,1787095423175,0.0
20260818-232223,1787095423360,0.0
20260818-232223,1787095423583,-0.0
20260818-232223,1787095423685,-0.0
20260818-232223,1787095423534,-0.0
20260818-232223,1787095423787,0.0
20260818-232223,1787095423889,0.0
20260818-232223,1787095423991,0.0
20260818-232223,1787095424093,0.0
20260818-232223,1787095424195,0.0
20260818-232223,1787095424297,0.0
20260818-232223,1787095424399,-0.0
20260818-232223,1787095424501,0.0
20260818-232223,1787095424410,0.0
20260818-232223,1787095424603,0.0
20260818-232223,1787095424705,0.0
20260818-232223,1787095424807,0.0
20260818-232223,1787095424909,0.0
20260818-232223,1787095425011,0.0
20260818-232223,1787095425113,0.0
20260818-232223,1787095425013,-0.0
20260818-232223,1787095425215,0.0
20260818-232223,1787095425317,0.0
20260818-232223,1787095425419,0.0
20260818-232223,1787095425276,0.0
20260818-232223,1787095425521,0.0
20260818-232223,1787095425623,0.0
20260818-232223,1787095425725,0.0
20260818-232223,1787095425827,0.0
20260818-232223,1787095425929,0.0
20260818-232223,1787095426031,0.0
20260818-232223,1787095426133,0.0
20260818-232223,1787095426235,0.0
20260818-232223,1787095426337,0.0
20260818-232223,1787095426274,0.0
20260818-232223,1787095426439,0.0
20260818-232223,1787095426541,0.0
20260818-232223,1787095426643,-0.0
20260818-232223,1787095426745,0.0
20260818-232223,1787095426847,0.0
20260818-232223,1787095426949,0.0
20260818-232223,1787095427051,0.0
20260818-232223,1787095427153,0.0
20260818-232223,1787095427079,0.0
20260818-232223,1787095427255,0.0
20260818-232223,1787095427357,0.0
20260818-232223,1787095427459,0.0
20260818-232223,1787095427561,0.0
20260818-232223,1787095429449,0.0
20260818-232223,1787095429703,0.0
20260818-232223,1787095429805,0.0
20260818-232223,1787095429907,0.0
20260818-232223,1787095430009,0.0
20260818-232223,1787095430111,0.0
20260818-232223,1787095430213,-0.0
20260818-232223,1787095430315,0.0
20260818-232223,1787095430220,0.0
20260818-232223,1787095430417,0.0
20260818-232223,1787095430519,0.0
20260818-232223,1787095430417,0.0
20260818-232223,1787095430621,0.0
20260818-232223,1787095430723,-0.0
20260818-232223,1787095430825,-0.0
20260818-232223,1787095430927,0.0
20260818-232223,1787095431029,0.0
20260818-232223,1787095431131,0.0
20260818-232223,1787095431046,0.0
20260818-232223,1787095431233,0.0
20260818-232223,1787095431335,0.0
20260818-232223,1787095431437,0.0
20260818-232223,1787095431539,0.0
20260818-232223,1787095431641,0.0
20260818-232223,1787095431743,0.0
20260818-232223,1787095431845,0.0
20260818-232223,1787095431947,0.0
20260818-232223,1787095432049,-0.0
20260818-232223,1787095432151,0.0
20260818-232223,1787095432253,0.0
20260818-232223,1787095432355,0.0
20260818-232223,1787095432457,0.0
20260818-232223,1787095432559,0.0
20260818-232223,1787095432661,0.0
20260818-232223,1787095432763,0.0
20260818-232223,1787095440821,0.0
20260818-232223,1787095440720,-0.0
20260818-232223,1787095440923,0.0
20260818-232223,1787095441025,0.0
20260818-232223,1787095441127,-0.0
20260818-232223,1787095441009,0.0
20260818-232223,1787095441143,-0.0
20260818-232223,1787095441229,0.0
20260818-232223,1787095441161,0.0
20260818-232223,1787095441331,0.0
20260818-232223,1787095441433,0.0
20260818-232223,1787095441535,0.0
20260818-232223,1787095441637,-0.0
20260818-232223,1787095441739,0.0
20260818-232223,1787095441841,-0.0
20260818-232223,1787095441943,0.0
20260818-232223,1787095441807,-0.0
20260818-232223,1787095441935,0.0
20260818-232223,1787095442045,0.0
20260818-232223,1787095441976,0.0
20260818-232223,1787095442147,0.0
20260818-232223,1787095442249,0.0
20260818-232223,1787095442351,0.0
20260818-232223,1787095442453,0.0
20260818-232223,1787095442555,0.0
20260818-232223,1787095442657,0.0
20260818-232223,1787095442759,-0.0
20260818-232223,1787095442861,0.0
20260818-232223,1787095442963,0.0
20260818-232223,1787095442843,0.0
20260818-232223,1787095443065,0.0
20260818-232223,1787095443167,0.0
20260818-232223,1787095443269,0.0
20260818-232223,1787095443371,0.0
20260818-232223,1787095443473,0.0
20260818-232223,1787095443575,-0.0
20260818-232223,1787095443677,0.0
20260818-232223,1787095443779,0.0
20260818-232223,1787095443881,0.0
20260818-232223,1787095443983,0.0
20260818-232223,1787095444085,0.0
20260818-232223,1787095443997,0.0
20260818-232223,1787095444187,0.0
20260818-232223,1787095444289,0.0
20260818-232223,1787095444391,0.0
20260818-232223,1787095444493,-0.0
20260818-232223,1787095444595,-0.0
20260818-232223,1787095444697,0.0
20260818-232223,1787095444656,-0.0
20260818-232223,1787095444799,0.0
20260818-232223,1787095444716,0.0
20260818-232223,1787095444901,0.0
20260818-232223,1787095445003,0.0
20260818-232223,1787095444878,0.0
20260818-232223,1787095445105,0.0
20260818-232223,1787095445207,0.0
20260818-232223,1787095445309,0.0
20260818-232223,1787095445411,0.0
20260818-232223,1787095445259,0.0
20260818-232223,1787095445513,0.0
20260818-232223,1787095445615,0.0
20260818-232223,1787095445452,0.0
20260818-232223,1787095445717,0.0
20260818-232223,1787095445819,0.0
20260818-232223,1787095445921,0.0
20260818-232223,1787095446023,-0.0
20260818-232223,1787095446125,0.0
20260818-232223,1787095446227,0.0
20260818-232223,1787095446329,0.0
20260818-232223,1787095446431,-0.0
20260818-232223,1787095446533,-0.0
20260818-232223,1787095446635,0.0
20260818-232223,1787095446737,0.0
20260818-232223,1787095446624,-0.0
20260818-232223,1787095446839,0.0
20260818-232223,1787095446941,0.0
20260818-232223,1787095447043,0.0
20260818-232223,1787095447145,0.0
20260818-232223,1787095447247,-0.0
20260818-232223,1787095447155,0.0
20260818-232223,1787095447349,0.0
20260818-232223,1787095447451,0.0
20260818-232223,1787095447553,0.0
20260818-232223,1787095447389,0.0
20260818-232223,1787095447655,-0.0
20260818-232223,1787095447757,0.0
20260818-232223,1787095447618,0.0
20260818-232223,1787095452755,0.0
20260818-232223,1787095452857,0.0
20260818-232223,1787095452710,-0.0
20260818-232223,1787095453775,0.0
20260818-232223,1787095453701,0.0
20260818-232223,1787095453877,0.0
20260818-232223,1787095453979,0.0
20260818-232223,1787095454081,0.0
20260818-232223,1787095454183,0.0
20260818-232223,1787095454055,0.0
20260818-232223,1787095454285,-0.0
20260818-232223,1787095454337,0.0
20260818-232223,1787095454387,0.0
20260818-232223,1787095454489,0.0
20260818-232223,1787095454363,0.0
20260818-232223,1787095454591,0.0
20260818-232223,1787095454693,0.0
20260818-232223,1787095454795,0.0
20260818-232223,1787095454897,0.0
20260818-232223,1787095454790,-0.0
20260818-232223,1787095454999,0.0
20260818-232223,1787095455101,0.0
20260818-232223,1787095455203,0.0
20260818-232223,1787095455305,0.0
20260818-232223,1787095455407,0.0
20260818-232223,1787095455509,0.0
20260818-232223,1787095455361,0.0
20260818-232223,1787095455551,0.0
20260818-232223,1787095455611,0.0
20260818-232223,1787095455713,0.0
20260818-232223,1787095455566,0.0
20260818-232223,1787095455815,-0.0
20260818-232223,1787095455917,0.0
20260818-232223,1787095456019,-0.0
20260818-232223,1787095456121,0.0
20260818-232223,1787095456223,0.0
20260818-232223,1787095456325,0.0
20260818-232223,1787095456427,0.0
20260818-232223,1787095456529,0.0
20260818-232223,1787095456631,0.0
20260818-232223,1787095456733,0.0
20260818-232223,1787095456835,0.0
20260818-232223,1787095456937,-0.0
20260818-232223,1787095457039,0.0
20260818-232223,1787095457141,0.0
20260818-232223,1787095457243,0.0
20260818-232223,1787095457345,0.0
20260818-232223,1787095457447,0.0
20260818-232223,1787095457549,0.0
20260818-232223,1787095457651,0.0
20260818-232223,1787095457753,0.0
20260818-232223,1787095457855,0.0
20260818-232223,1787095457957,0.0
20260818-232223,1787095458059,0.0
20260818-232223,1787095458161,0.0
20260818-232223,1787095458263,0.0
20260818-232223,1787095458365,0.0
20260818-232223,1787095458467,0.0
20260818-232223,1787095458569,0.0
20260818-232223,1787095458671,0.0
20260818-232223,1787095458773,0.0
20260818-232223,1787095458875,0.0
20260818-232223,1787095458977,0.0
20260818-232223,1787095459079,0.0
20260818-232223,1787095459181,0.0
20260818-232223,1787095459283,0.0
20260818-232223,1787095459385,0.0
20260818-232223,1787095459487,0.0
20260818-232223,1787095459589,0.0
20260818-232223,1787095459475,0.0
20260818-232223,1787095459691,0.0
20260818-232223,1787095459793,0.0
20260818-232223,1787095459895,0.0
20260818-232223,1787095459864,0.0
20260818-232223,1787095459997,0.0
20260818-232223,1787095460099,-0.0
20260818-232223,1787095459978,0.0
20260818-232223,1787095460201,-0.0
20260818-232223,1787095460303,0.0
20260818-232223,1787095460405,0.0
20260818-232223,1787095460507,0.0
20260818-232223,1787095460609,0.0
20260818-232223,1787095460711,0.0
20260818-232223,1787095460813,0.0
20260818-232223,1787095460915,0.0
20260818-232223,1787095461017,0.0
20260818-232223,1787095460892,0.0
20260818-232223,1787095461119,0.0
20260818-232223,1787095461221,0.0
20260818-232223,1787095461323,0.0
20260818-232223,1787095461425,-0.0
20260818-232223,1787095461527,0.0
20260818-232223,1787095461629,0.0
20260818-232223,1787095461554,0.0
20260818-232223,1787095461731,0.0
20260818-232223,1787095461833,0.0
20260818-232223,1787095461935,0.0
20260818-232223,1787095462037,0.0
20260818-232223,1787095462139,0.0
20260818-232223,1787095462241,0.0
20260818-232223,1787095462343,0.0
20260818-232223,1787095462277,0.0
20260818-232223,1787095462445,0.0
20260818-232223,1787095462547,0.0
20260818-232223,1787095462649,0.0
20260818-232223,1787095462751,0.0
20260818-232223,1787095462853,0.0
20260818-232223,1787095462955,0.0
20260818-232223,1787095462841,-0.0
20260818-232223,1787095463057,0.0
20260818-232223,1787095463159,0.0
20260818-232223,1787095463261,0.0
20260818-232223,1787095463363,0.0
20260818-232223,1787095463465,0.0
20260818-232223,1787095463411,0.0
20260818-232223,1787095463567,0.0
20260818-232223,1787095463669,0.0
20260818-232223,1787095463513,0.0
20260818-232223,1787095463771,0.0
20260818-232223,1787095463873,0.0
20260818-232223,1787095463975,0.0
20260818-232223,1787095464077,0.0
20260818-232223,1787095464179,0.0
20260818-232223,1787095464281,0.0
20260818-232223,1787095464383,0.0
20260818-232223,1787095464485,0.0
20260818-232223,1787095464587,-0.0
20260818-232223,1787095464689,0.0
20260818-232223,1787095464791,0.0
20260818-232223,1787095464893,0.0
20260818-232223,1787095464754,0.0
20260818-232223,1787095464995,-0.0
20260818-232223,1787095464884,0.0
20260818-232223,1787095465097,0.0
20260818-232223,1787095465199,0.0
20260818-232223,1787095465301,-0.0
20260818-232223,1787095465206,0.0
20260818-232223,1787095465403,0.0
20260818-232223,1787095465505,0.0
20260818-232223,1787095465607,0.0
20260818-232223,1787095465449,-0.0
20260818-232223,1787095465709,-0.0
20260818-232223,1787095465811,0.0
20260818-232223,1787095465913,0.0
20260818-232223,1787095466015,-0.0
20260818-232223,1787095466117,0.0
20260818-232223,1787095466219,0.0
20260818-232223,1787095466321,-0.0
20260818-232223,1787095466423,0.0
20260818-232223,1787095466529,0.0
20260818-232223,1787095466631,0.0
20260818-232223,1787095466733,-0.0
20260818-232223,1787095466835,0.0
20260818-232223,1787095466937,0.0
20260818-232223,1787095467039,-0.0
20260818-232223,1787095467141,0.0
20260818-232223,1787095467243,0.0
20260818-232223,1787095467345,-0.0
20260818-232223,1787095467447,0.0
20260818-232223,1787095467549,0.0
20260818-232223,1787095467651,0.0
20260818-232223,1787095467577,0.0
20260818-232223,1787095467753,0.0
20260818-232223,1787095467855,0.0
20260818-232223,1787095467957,0.0
20260818-232223,1787095468059,-0.0
20260818-232223,1787095467901,0.0
20260818-232223,1787095468161,0.0
20260818-232223,1787095468263,0.0
20260818-232223,1787095468365,-0.0
20260818-232223,1787095468467,0.0
20260818-232223,1787095468569,0.0
20260818-232223,1787095468671,0.0
20260818-232223,1787095468773,0.0
20260818-232223,1787095468875,0.0
20260818-232223,1787095468977,0.0
20260818-232223,1787095469079,0.0
20260818-232223,1787095469181,0.0
20260818-232223,1787095469283,0.0
20260818-232223,1787095469385,0.0
20260818-232223,1787095469487,0.0
20260818-232223,1787095469396,0.0
20260818-232223,1787095469589,0.0
20260818-232223,1787095469691,0.0
20260818-232223,1787095469793,0.0
20260818-232223,1787095469655,0.0
20260818-232223,1787095469895,0.0
20260818-232223,1787095469997,0.0
20260818-232223,1787095470099,0.0
20260818-232223,1787095469964,0.0
20260818-232223,1787095470201,0.0
20260818-232223,1787095470303,0.0
20260818-232223,1787095470405,0.0
20260818-232223,1787095470507,0.0
20260818-232223,1787095470609,0.0
20260818-232223,1787095470539,0.0
20260818-232223,1787095470711,0.0
20260818-232223,1787095470813,0.0
20260818-232223,1787095470915,0.0
20260818-232223,1787095471017,0.0
20260818-232223,1787095471119,0.0
20260818-232223,1787095471221,0.0
20260818-232223,1787095471323,0.0
20260818-232223,1787095481931,-0.0
20260818-232223,1787095482033,0.0
20260818-232223,1787095481879,0.0
20260818-232223,1787095482135,0.0
20260818-232223,1787095482064,0.0
20260818-232223,1787095482237,0.0
20260818-232223,1787095482339,-0.0
20260818-232223,1787095482441,0.0
20260818-232223,1787095482543,0.0
20260818-232223,1787095482849,0.2009517383489203
20260818-232223,1787095482951,0.2009517383489203
20260818-232223,1787095483053,0.2009517383489203
20260818-232223,1787095483155,0.2009517383489203
20260818-232223,1787095483257,0.2009517383489203
20260818-232223,1787095483159,0.2009517383489203
20260818-232223,1787095483284,0.2009517383489203
20260818-232223,1787095483284,0.2009517383489203
20260818-232223,1787095483284,-0.2009517383489203
20260818-232223,1787095483284,0.2009517383489203
20260818-232223,1787095483284,-0.2009517383489203
20260818-232223,1787095483284,0.2009517383489203
20260818-232223,1787095483284,0.2009517383489203
20260818-232223,1787095483284,0.2009517383489203
20260818-232223,1787095483284,0.2009517383489203
20260818-232223,1787095483284,0.2009517383489203
20260818-232223,1787095483359,0.0
20260818-232223,1787095483292,0.0
20260818-232223,1787095483461,0.0
20260818-232223,1787095483563,0.0
20260818-232223,1787095483665,0.0
20260818-232223,1787095483767,-0.0
20260818-232223,1787095483869,0.0
20260818-232223,1787095483971,0.0
20260818-232223,1787095484073,0.0
20260818-232223,1787095484175,-0.0
20260818-232223,1787095484049,0.0
20260818-232223,1787095484277,-0.0
20260818-232223,1787095484379,0.0
20260818-232223,1787095484221,0.0
20260818-232223,1787095484481,0.0
20260818-232223,1787095484583,0.0
20260818-232223,1787095484685,0.0
20260818-232223,1787095484787,0.0
20260818-232223,1787095484889,-0.0
20260818-232223,1787095484830,0.0
20260818-232223,1787095484991,0.0
20260818-232223,1787095485017,0.0
20260818-232223,1787095485093,0.0
20260818-232223,1787095485195,0.0
20260818-232223,1787095485297,0.0
20260818-232223,1787095485150,0.0
20260818-232223,1787095485399,0.0
20260818-232223,1787095485501,0.0
20260818-232223,1787095485603,0.0
20260818-232223,1787095485705,0.0
20260818-232223,1787095485807,0.0
20260818-232223,1787095486011,0.0
20260818-232223,1787095486113,0.0
20260818-232223,1787095486215,0.0
20260818-232223,1787095486317,0.0
20260818-232223,1787095487337,0.0
20260818-232223,1787095487225,0.0
20260818-232223,1787095487439,0.0
20260818-232223,1787095487366,0.0
20260818-232223,1787095487541,0.0
20260818-232223,1787095488867,0.0
20260818-232223,1787095491213,0.0
20260818-232223,1787095491315,0.0
20260818-232223,1787095491417,0.0
20260818-232223,1787095491519,-0.0
20260818-232223,1787095491621,-0.0
20260818-232223,1787095491723,0.0
20260818-232223,1787095491825,0.0
20260818-232223,1787095491927,0.0
20260818-232223,1787095492743,0.0
20260818-232223,1787095492845,0.0
20260818-232223,1787095492947,-0.0
20260818-232223,1787095493049,0.0
20260818-232223,1787095493151,0.0
20260818-232223,1787095493072,0.0
20260818-232223,1787095493253,-0.0
20260818-232223,1787095493355,0.0
20260818-232223,1787095493457,-0.0
20260818-232223,1787095493559,0.0
20260818-232223,1787095493661,0.0
20260818-232223,1787095493763,0.0
20260818-232223,1787095493865,0.0
20260818-232223,1787095493967,-0.0
20260818-232223,1787095494069,0.0
20260818-232223,1787095493972,0.0
20260818-232223,1787095494171,0.0
20260818-232223,1787095494273,0.0
20260818-232223,1787095494375,0.0
20260818-232223,1787095494477,0.0
20260818-232223,1787095494579,0.0
20260818-232223,1787095494681,0.0
20260818-232223,1787095494783,0.0
20260818-232223,1787095494885,0.0
20260818-232223,1787095494987,0.0
20260818-232223,1787095495029,0.0
20260818-232223,1787095495089,0.0
20260818-232223,1787095495066,0.0
20260818-232223,1787095495129,0.0
20260818-232223,1787095497231,0.20094770026995168
20260818-232223,1787095497333,0.20094770026995168
20260818-232223,1787095497435,0.20094770026995168
20260818-232223,1787095497537,1.746699240804581
20260818-232223,1787095497518,1.746699240804581
20260818-232223,1787095497540,-1.746699240804581
20260818-232223,1787095497540,-1.746699240804581
20260818-232223,1787095497540,1.746699240804581
20260818-232223,1787095497540,1.746699240804581
20260818-232223,1787095497540,1.746699240804581
20260818-232223,1787095497540,1.746699240804581
20260818-232223,1787095497540,1.746699240804581
20260818-232223,1787095497540,1.746699240804581
20260818-232223,1787095497540,1.746699240804581
20260818-232223,1787095497541,1.746699240804581
20260818-232223,1787095497541,1.746699240804581
20260818-232223,1787095497639,1.5457204796370647
20260818-232223,1787095497549,1.5457204796370647
20260818-232223,1787095497741,1.5457204796370647
20260818-232223,1787095497663,1.5457204796370647
20260818-232223,1787095497843,-1.5457204796370647
20260818-232223,1787095497886,1.5457204796370647
20260818-232223,1787095497887,1.5457204796370647
20260818-232223,1787095497889,1.5457204796370647
20260818-232223,1787095497889,1.5457204796370647
20260818-232223,1787095497889,1.5457204796370647
20260818-232223,1787095497890,1.5457204796370647
20260818-232223,1787095497890,1.5457204796370647
20260818-232223,1787095497890,1.5457204796370647
20260818-232223,1787095497890,1.5457204796370647
20260818-232223,1787095497890,1.5457204796370647
20260818-232223,1787095497890,1.5457204796370647
20260818-232223,1787095497895,1.5457204796370647
20260818-232223,1787095497895,1.5457204796370647
20260818-232223,1787095497899,1.5457204796370647
20260818-232223,1787095497899,1.5457204796370647
20260818-232223,1787095497899,1.5457204796370647
20260818-232223,1787095497899,-1.5457204796370647
20260818-232223,1787095497899,1.5457204796370647
20260818-232223,1787095497899,1.5457204796370647
20260818-232223,1787095497899,-1.5457204796370647
20260818-232223,1787095497899,1.5457204796370647
20260818-232223,1787095497904,1.5457204796370647
20260818-232223,1787095497904,1.5457204796370647
20260818-232223,1787095497904,1.5457204796370647
20260818-232223,1787095497904,1.5457204796370647
20260818-232223,1787095497904,1.5457204796370647
20260818-232223,1787095497904,1.5457204796370647
20260818-232223,1787095497904,1.5457204796370647
20260818-232223,1787095497904,1.5457204796370647
20260818-232223,1787095497904,1.5457204796370647
20260818-232223,1787095497904,1.5457204796370647
20260818-232223,1787095497905,1.5457204796370647
20260818-232223,1787095497905,-1.5457204796370647
20260818-232223,1787095497906,1.5457204796370647
20260818-232223,1787095497906,-1.5457204796370647
20260818-232223,1787095497906,1.5457204796370647
20260818-232223,1787095497906,1.5457204796370647
20260818-232223,1787095497906,1.5457204796370647
20260818-232223,1787095497906,-1.5457204796370647
20260818-232223,1787095497906,1.5457204796370647
20260818-232223,1787095497907,1.5457204796370647
20260818-232223,1787095497907,1.5457204796370647
20260818-232223,1787095497907,-1.5457204796370647
20260818-232223,1787095497913,1.5457204796370647
20260818-232223,1787095497927,-0.9892611069668218
20260818-232223,1787095497931,0.9892611069668218
20260818-232223,1787095497931,0.9892611069668218
20260818-232223,1787095497931,0.9892611069668218
20260818-232223,1787095497936,0.9892611069668218
20260818-232223,1787095497938,-0.5563733728985616
20260818-232223,1787095497938,-0.5563733728985616
20260818-232223,1787095514469,0.9582504202000873
20260818-232223,1787095514411,0.9582504202000873
20260818-232223,1787095514461,0.9582504202000873
20260818-232223,1787095514473,-0.9582504202000873
20260818-232223,1787095514488,-0.9582504202000873
20260818-232223,1787095514494,0.9582504202000873
20260818-232223,1787095514494,0.9582504202000873
20260818-232223,1787095514494,0.9582504202000873
20260818-232223,1787095514494,0.9582504202000873
20260818-232223,1787095514494,0.9582504202000873
20260818-232223,1787095514494,0.9582504202000873
20260818-232223,1787095514494,0.9582504202000873
20260818-232223,1787095514494,0.9582504202000873
20260818-232223,1787095514494,-0.9582504202000873
20260818-232223,1787095514494,0.9582504202000873
20260818-232223,1787095514494,-0.9582504202000873
20260818-232223,1787095514494,0.9582504202000873
20260818-232223,1787095514494,0.9582504202000873
20260818-232223,1787095514494,-0.9582504202000873
20260818-232223,1787095514494,0.9582504202000873
20260818-232223,1787095514494,0.9582504202000873
20260818-232223,1787095514494,0.9582504202000873
20260818-232223,1787095514494,0.9582504202000873
20260818-232223,1787095514494,0.9582504202000873
20260818-232223,1787095514494,0.9582504202000873
20260818-232223,1787095514494,0.9582504202000873
20260818-232223,1787095514494,0.9582504202000873
20260818-232223,1787095514494,-0.9582504202000873
20260818-232223,1787095514494,0.9582504202000873
20260818-232223,1787095514494,0.9582504202000873
20260818-232223,1787095514494,0.9582504202000873
20260818-232223,1787095514494,0.9582504202000873
20260818-232223,1787095514494,0.9582504202000873
20260818-232223,1787095514494,-0.9582504202000873
20260818-232223,1787095514494,0.9582504202000873
20260818-232223,1787095514494,0.9582504202000873
20260818-232223,1787095514494,-0.9582504202000873
20260818-232223,1787095514494,0.9582504202000873
20260818-232223,1787095514494,0.9582504202000873
20260818-232223,1787095514494,0.9582504202000873
20260818-232223,1787095514494,0.9582504202000873
20260818-232223,1787095514494,0.9582504202000873
20260818-232223,1787095514494,0.9582504202000873
20260818-232223,1787095514494,0.9582504202000873
20260818-232223,1787095514494,0.9582504202000873
20260818-232223,1787095514494,0.9582504202000873
20260818-232223,1787095514494,0.9582504202000873
20260818-232223,1787095514494,0.9582504202000873
20260818-232223,1787095514494,0.9582504202000873
20260818-232223,1787095514495,-0.9582504202000873
20260818-232223,1787095514571,0.0
20260818-232223,1787095514673,0.0
20260818-232223,1787095514524,0.0
20260818-232524,1787095555983,-0.0
20260818-232524,1787095555865,0.0
20260818-232524,1787095556085,0.0
20260818-232524,1787095556187,-0.0
20260818-232524,1787095556289,-0.0
20260818-232524,1787095556391,-0.0
20260818-232524,1787095556493,-0.0
20260818-232524,1787095556595,-0.0
20260818-232524,1787095556697,-0.0
20260818-232524,1787095556799,-0.0
20260818-232524,1787095556901,0.0
20260818-232524,1787095557003,0.0
20260818-232524,1787095557105,0.0
20260818-232524,1787095556983,-0.0
20260818-232524,1787095557207,-0.0
20260818-232524,1787095557309,-0.0
20260818-232524,1787095557411,-0.0
20260818-232524,1787095557513,-0.0
20260818-232524,1787095557615,-0.0
20260818-232524,1787095557717,-0.0
20260818-232524,1787095557819,0.0
20260818-232524,1787095557921,-0.0
20260818-232524,1787095558023,-0.0
20260818-232524,1787095558125,-0.0
20260818-232524,1787095558227,-0.0
20260818-232524,1787095558329,-0.0
20260818-232524,1787095558431,-0.0
20260818-232524,1787095558533,-0.0
20260818-232524,1787095558635,-0.0
20260818-232524,1787095558737,0.0
20260818-232524,1787095558839,-0.0
20260818-232524,1787095558941,0.0
20260818-232524,1787095559043,-0.0
20260818-232524,1787095559145,-0.0
20260818-232524,1787095559247,-0.0
20260818-232524,1787095559349,-0.0
20260818-232524,1787095559451,0.0
20260818-232524,1787095559553,-0.0
20260818-232524,1787095559655,-0.0
20260818-232524,1787095559757,-0.0
20260818-232524,1787095559677,-0.0
20260818-232524,1787095559859,-0.0
20260818-232524,1787095559866,-0.0
20260818-232524,1787095559961,-0.0
20260818-232524,1787095560063,-0.0
20260818-232524,1787095559943,-0.0
20260818-232524,1787095560165,-0.0
20260818-232524,1787095560059,0.0
20260818-232524,1787095560267,-0.4636774412424083
20260818-232524,1787095560369,0.4636774412424083
20260818-232524,1787095560471,-0.4636774412424083
20260818-232524,1787095560573,-0.4636774412424083
20260818-232524,1787095560675,-0.4636774412424083
20260818-232524,1787095560670,-0.4636774412424083
20260818-232524,1787095560679,-0.4636774412424083
20260818-232524,1787095560679,0.4636774412424083
20260818-232524,1787095560679,-0.4636774412424083
20260818-232524,1787095560679,-0.4636774412424083
20260818-232524,1787095560679,-0.4636774412424083
20260818-232524,1787095560684,0.4636774412424083
20260818-232524,1787095560696,-0.4636774412424083
20260818-232524,1787095560696,-0.4636774412424083
20260818-232524,1787095560696,-0.4636774412424083
20260818-232524,1787095560696,0.4636774412424083
20260818-232524,1787095560696,-0.4636774412424083
20260818-232524,1787095560696,0.4636774412424083
20260818-232524,1787095560696,-0.4636774412424083
20260818-232524,1787095560696,-0.4636774412424083
20260818-232524,1787095560696,-0.4636774412424083
20260818-232524,1787095560696,-0.4636774412424083
20260818-232524,1787095560696,-0.4636774412424083
20260818-232524,1787095560696,-0.4636774412424083
20260818-232524,1787095560708,-0.4636774412424083
20260818-232524,1787095560777,-0.0
20260818-232524,1787095560879,-0.0
20260818-232524,1787095560761,-0.0
20260818-232524,1787095560981,-0.0
20260818-232524,1787095561083,-0.0
20260818-232524,1787095561185,-0.0
20260818-232524,1787095561018,0.0
20260818-232524,1787095561287,-0.0
20260818-232524,1787095583423,0.0
20260818-232524,1787095583277,0.0
20260818-232524,1787095583525,-0.0
20260818-232524,1787095583417,-0.0
20260818-232524,1787095583627,-0.0
20260818-232524,1787095583530,0.0
20260818-232524,1787095583729,-0.0
20260818-232524,1787095583831,-0.0
20260818-232524,1787095583744,-0.0
20260818-232524,1787095583933,0.0
20260818-232524,1787095584035,-0.0
20260818-232524,1787095584137,-0.0
20260818-232524,1787095584239,-0.0
20260818-232524,1787095584341,0.0
20260818-232524,1787095584443,-0.0
20260818-232524,1787095584545,0.0
20260818-232524,1787095584647,0.0
20260818-232524,1787095584749,-0.0
20260818-232524,1787095584851,-0.0
20260818-232524,1787095584717,-0.0
20260818-232524,1787095584953,0.0
20260818-232524,1787095585055,0.0
20260818-232524,1787095585157,-0.0
20260818-232524,1787095585259,-0.0
20260818-232524,1787095585361,-0.0
20260818-232524,1787095585463,0.0
20260818-232524,1787095585565,-0.0
20260818-232524,1787095585553,-0.0
20260818-232524,1787095585667,-0.0
20260818-232524,1787095585769,-0.0
20260818-232524,1787095585635,-0.0
20260818-232524,1787095585871,-0.0
20260818-232524,1787095585973,-0.0
20260818-232524,1787095586075,-0.0
20260818-232524,1787095586177,0.0
20260818-232524,1787095586279,-0.0
20260818-232524,1787095586381,0.0
20260818-232524,1787095586483,0.0
20260818-232524,1787095586323,-0.0
20260818-232524,1787095586585,0.0
20260818-232524,1787095586503,-0.0
20260818-232524,1787095586687,-0.0
20260818-232524,1787095586789,-0.0
20260818-232524,1787095586891,-0.0
20260818-232524,1787095586993,-0.0
20260818-232524,1787095587095,-0.0
20260818-232524,1787095587197,-0.0
20260818-232524,1787095587299,-0.0
20260818-232524,1787095587401,-0.0
20260818-232524,1787095587503,-0.0
20260818-232524,1787095587605,-0.0
20260818-232524,1787095587707,-0.0
20260818-232524,1787095587809,0.0
20260818-232524,1787095587911,-0.0
20260818-232524,1787095588013,-0.0
20260818-232524,1787095588115,-0.0
20260818-232524,1787095588217,-0.0
20260818-232524,1787095588061,-0.0
20260818-232524,1787095588319,0.0
20260818-232524,1787095588421,0.0
20260818-232524,1787095588523,0.0
20260818-232524,1787095588625,-0.0
20260818-232524,1787095588727,-0.0
20260818-232524,1787095588829,-0.0
20260818-232524,1787095588931,-0.0
20260818-232524,1787095588853,-0.0
20260818-232524,1787095589033,0.0
20260818-232524,1787095589135,-0.0
20260818-232524,1787095589237,-0.0
20260818-232524,1787095589339,0.0
20260818-232524,1787095589441,-0.0
20260818-232524,1787095589543,-0.0
20260818-232524,1787095589645,0.0
20260818-232524,1787095589747,-0.0
20260818-232524,1787095589639,-0.0
20260818-232524,1787095589849,-0.0
20260818-232524,1787095589766,-0.0
20260818-232524,1787095589951,-0.0
20260818-232524,1787095590053,-0.0
20260818-232524,1787095590155,-0.0
20260818-232524,1787095590257,0.0
20260818-232524,1787095590359,-0.0
20260818-232524,1787095590461,0.0
20260818-232524,1787095590563,-0.0
20260818-232524,1787095590665,0.0
20260818-232524,1787095590767,-0.0
20260818-232524,1787095590869,0.0
20260818-232524,1787095590971,-0.0
20260818-232524,1787095590956,-0.0
20260818-232524,1787095591073,-0.0
20260818-232524,1787095590968,-0.0
20260818-232524,1787095591175,-0.0
20260818-232524,1787095591277,-0.0
20260818-232524,1787095606679,-0.0
20260818-232524,1787095619939,0.1854747031843134
20260818-232524,1787095619958,-0.8500358946975535
20260818-232524,1787095619958,0.8500358946975535
20260818-232524,1787095619962,0.8500358946975535
20260818-232524,1787095619964,0.1854747031843134
20260818-232524,1787095619939,-0.1854747031843134
20260818-232524,1787095619964,0.1854747031843134
20260818-232524,1787095620001,0.1854747031843134
20260818-232524,1787095620001,0.1854747031843134
20260818-232524,1787095620001,0.1854747031843134
20260818-232524,1787095620001,0.1854747031843134
20260818-232524,1787095620001,-0.1854747031843134
20260818-232524,1787095620001,0.1854747031843134
20260818-232524,1787095620008,0.1854747031843134
20260818-232524,1787095620041,-0.0
20260818-232524,1787095620143,0.0
20260818-232524,1787095620010,0.0
20260818-232524,1787095620245,-0.0
20260818-232524,1787095620347,-0.0
20260818-232524,1787095620449,-0.0
20260818-232524,1787095620551,0.0
20260818-232524,1787095620653,-0.0
20260818-232524,1787095620496,-0.0
20260818-232524,1787095620755,-0.0
20260818-232524,1787095620857,-0.0
20260818-232524,1787095620959,-0.0
20260818-232524,1787095621061,-0.0
20260818-232524,1787095621163,-0.0
20260818-232524,1787095621037,-0.0
20260818-232524,1787095621226,-0.0
20260818-232524,1787095621265,0.0
20260818-232524,1787095621367,-0.0
20260818-232524,1787095621232,-0.0
20260818-232524,1787095621469,-0.0
20260818-232524,1787095621441,-0.0
20260818-232524,1787095621571,-0.0
20260818-232524,1787095621489,-0.0
20260818-232524,1787095621673,-0.0
20260818-232524,1787095621775,-0.0
20260818-232524,1787095621877,0.0
20260818-232524,1787095621979,-0.0
20260818-232524,1787095622081,-0.0
20260818-232524,1787095621971,-0.0
20260818-232524,1787095622183,-0.0
20260818-232524,1787095622104,-0.0
20260818-232524,1787095622285,-0.0
20260818-232524,1787095622387,-0.0
20260818-232524,1787095622489,-0.0
20260818-232524,1787095622591,-0.0
20260818-232524,1787095622693,-0.0
20260818-232524,1787095622795,-0.0
20260818-232524,1787095622897,-0.0
20260818-232524,1787095622999,-0.0
20260818-232524,1787095622899,-0.0
20260818-232524,1787095623101,-0.0
20260818-232524,1787095623203,-0.0
20260818-232524,1787095623124,0.0
20260818-232524,1787095623305,-0.0
20260818-232524,1787095623407,-0.0
20260818-232524,1787095623317,-0.0
20260818-232524,1787095623509,-0.0
20260818-232524,1787095623611,-0.0
20260818-232524,1787095623713,-0.0
20260818-232524,1787095623815,-0.0
20260818-232524,1787095623917,-0.0
20260818-232524,1787095623754,-0.0
20260818-232524,1787095624019,-0.0
20260818-232524,1787095624121,-0.0
20260818-232524,1787095624223,-0.0
20260818-232524,1787095624325,0.0
20260818-232524,1787095624427,-0.0
20260818-232524,1787095624529,-0.0
20260818-232524,1787095624631,-0.0
20260818-232524,1787095624733,-0.0
20260818-232524,1787095624835,-0.0
20260818-232524,1787095624937,-0.0
20260818-232524,1787095625039,-0.0
20260818-232524,1787095625141,-0.0
20260818-232524,1787095625243,-0.0
20260818-232524,1787095625345,-0.0
20260818-232524,1787095625447,-0.0
20260818-232524,1787095625549,-0.0
20260818-232524,1787095625401,-0.0
20260818-232524,1787095625651,-0.0
20260818-232524,1787095625753,-0.0
20260818-232524,1787095625593,-0.0
20260818-232524,1787095625855,-0.0
20260818-232524,1787095625957,-0.0
20260818-232524,1787095626059,-0.0
20260818-232524,1787095625945,-0.0
20260818-232524,1787095626161,-0.0
20260818-232524,1787095626263,-0.0
20260818-232524,1787095626365,0.0
20260818-232524,1787095626467,0.0
20260818-232524,1787095626569,-0.0
20260818-232524,1787095626671,-0.0
20260818-232524,1787095626773,-0.0
20260818-232524,1787095626875,-0.0
20260818-232524,1787095626805,0.0
20260818-232524,1787095626977,-0.0
20260818-232524,1787095626868,-0.0
20260818-232524,1787095627079,-0.0
20260818-232524,1787095627181,-0.0
20260818-232524,1787095627283,0.0
20260818-232524,1787095627385,-0.0
20260818-232524,1787095627487,-0.0
20260818-232524,1787095627589,-0.0
20260818-232524,1787095627691,-0.0
20260818-232524,1787095627562,0.0
20260818-232524,1787095627793,-0.0
20260818-232524,1787095627694,0.0
20260818-232524,1787095627895,-0.0
20260818-232524,1787095627997,-0.0
20260818-232524,1787095628099,-0.0
20260818-232524,1787095628201,0.0
20260818-232524,1787095628303,-0.0
20260818-232524,1787095628405,0.0
20260818-232524,1787095628507,-0.0
20260818-232524,1787095628609,-0.0
20260818-232524,1787095628711,-0.0
20260818-232524,1787095628813,-0.0
20260818-232524,1787095628915,-0.0
20260818-232524,1787095628806,-0.0
20260818-232524,1787095629017,-0.0
20260818-232524,1787095629119,-0.0
20260818-232524,1787095629221,-0.0
20260818-232524,1787095629323,-0.0
20260818-232524,1787095629425,-0.0
20260818-232524,1787095629527,-0.0
20260818-232524,1787095629629,-0.0
20260818-232524,1787095629731,-0.0
20260818-232524,1787095629652,0.0
20260818-232524,1787095629833,0.0
20260818-232524,1787095629754,-0.0
20260818-232524,1787095629935,-0.0
20260818-232524,1787095630037,-0.0
20260818-232524,1787095630139,0.0
20260818-232524,1787095630241,-0.0
20260818-232524,1787095630171,-0.0
20260818-232524,1787095630343,0.0
20260818-232524,1787095630445,-0.0
20260818-232524,1787095630547,-0.0
20260818-232524,1787095630394,-0.0
20260818-232524,1787095630649,0.0
20260818-232524,1787095630751,-0.0
20260818-232524,1787095630853,0.0
20260818-232524,1787095630955,0.0
20260818-232524,1787095631057,-0.0
20260818-232524,1787095630901,-0.0
20260818-232524,1787095631159,-0.0
20260818-232524,1787095631261,-0.0
20260818-232524,1787095631363,0.0
20260818-232524,1787095631253,-0.0
20260818-232524,1787095631465,-0.0
20260818-232524,1787095631567,-0.0
20260818-232524,1787095631669,-0.0
20260818-232524,1787095631771,-0.0
20260818-232524,1787095631873,0.0
20260818-232524,1787095631740,0.0
20260818-232524,1787095631975,-0.0
20260818-232524,1787095632077,-0.0
20260818-232524,1787095631931,-0.0
20260818-232524,1787095632179,0.0
20260818-232524,1787095632281,-0.0
20260818-232524,1787095632153,-0.0
20260818-232524,1787095632383,-0.0
20260818-232524,1787095632485,0.0
20260818-232524,1787095632587,0.0
20260818-232524,1787095632689,-0.0
20260818-232524,1787095632791,-0.0
20260818-232524,1787095632893,-0.0
20260818-232524,1787095632995,0.0
20260818-232524,1787095633097,-0.0
20260818-232524,1787095632955,-0.0
20260818-232524,1787095633199,-0.0
20260818-232524,1787095633301,-0.0
20260818-232524,1787095633403,0.0
20260818-232524,1787095633505,0.0
20260818-232524,1787095633607,-0.0
20260818-232524,1787095633709,-0.0
20260818-232524,1787095633811,0.0
20260818-232524,1787095633913,0.0
20260818-232524,1787095633827,0.0
20260818-232524,1787095634015,0.0
20260818-232524,1787095634117,-0.0
20260818-232524,1787095634219,-0.0
20260818-232524,1787095634230,-0.0
20260818-232524,1787095634321,-0.0
20260818-232524,1787095634423,-0.0
20260818-232524,1787095634295,-0.0
20260818-232524,1787095634525,-0.0
20260818-232524,1787095634627,-0.0
20260818-232524,1787095634502,-0.0
20260818-232524,1787095634729,-0.0
20260818-232524,1787095634657,0.0
20260818-232524,1787095634831,-0.0
20260818-232524,1787095634933,-0.0
20260818-232524,1787095634860,-0.0
20260818-232524,1787095635035,0.0
20260818-232524,1787095635137,-0.0
20260818-232524,1787095634973,-0.0
20260818-232524,1787095635239,0.0
20260818-232524,1787095635341,-0.0
20260818-232524,1787095635196,-0.0
20260818-232524,1787095635443,-0.0
20260818-232524,1787095635545,-0.0
20260818-232524,1787095635647,-0.0
20260818-232524,1787095635749,-0.0
20260818-232524,1787095635851,-0.0
20260818-232524,1787095635953,-0.0
20260818-232524,1787095636055,-0.0
20260818-232524,1787095635931,-0.0
20260818-232524,1787095636157,0.0
20260818-232524,1787095636259,-0.0
20260818-232524,1787095636361,-0.0
20260818-232524,1787095636463,0.0
20260818-232524,1787095636565,-0.0
20260818-232524,1787095636667,0.0
20260818-232524,1787095636769,-0.0
20260818-232524,1787095636871,-0.0
20260818-232524,1787095636973,-0.0
20260818-232524,1787095636883,-0.0
20260818-232524,1787095637075,0.0
20260818-232524,1787095637177,0.0
20260818-232524,1787095637102,-0.0
20260818-232524,1787095637279,-0.0
20260818-232524,1787095637381,-0.0
20260818-232524,1787095637245,-0.0
20260818-232524,1787095637483,-0.0
20260818-232524,1787095637585,-0.0
20260818-232524,1787095637687,-0.0
20260818-232524,1787095637789,-0.0
20260818-232524,1787095637720,0.0
20260818-232524,1787095637891,-0.0
20260818-232524,1787095637993,-0.0
20260818-232524,1787095638095,0.0
20260818-232524,1787095638197,-0.0
20260818-232524,1787095638299,-0.0
20260818-232524,1787095638401,-0.0
20260818-232524,1787095638503,-0.0
20260818-232524,1787095638605,-0.0
20260818-232524,1787095638707,-0.0
20260818-232524,1787095638809,-0.0
20260818-232524,1787095638911,-0.0
20260818-232524,1787095639013,-0.0
20260818-232524,1787095638917,-0.0
20260818-232524,1787095639115,-0.0
20260818-232524,1787095639046,-0.0
20260818-232524,1787095639217,-0.0
20260818-232524,1787095639319,-0.0
20260818-232524,1787095639421,-0.0
20260818-232524,1787095639523,-0.0
20260818-232524,1787095639625,-0.0
20260818-232524,1787095639727,-0.0
20260818-232524,1787095639829,0.0
20260818-232524,1787095639931,0.0
20260818-232524,1787095640033,-0.0
20260818-232524,1787095639955,-0.0
20260818-232524,1787095640135,-0.0
20260818-232524,1787095640237,-0.0
20260818-232524,1787095640339,-0.0
20260818-232524,1787095640441,-0.0
20260818-232524,1787095640543,-0.0
20260818-232524,1787095640645,-0.0
20260818-232524,1787095640747,-0.0
20260818-232524,1787095640849,-0.0
20260818-232524,1787095640951,-0.0
20260818-232524,1787095640798,-0.0
20260818-232524,1787095641053,-0.0
20260818-232524,1787095641155,-0.0
20260818-232524,1787095641257,-0.0
20260818-232524,1787095641359,0.0
20260818-232524,1787095641461,-0.0
20260818-232524,1787095641563,0.0
20260818-232524,1787095641665,-0.0
20260818-232524,1787095641767,-0.0
20260818-232524,1787095641869,-0.0
20260818-232524,1787095641971,-0.0
20260818-232524,1787095641811,0.0
20260818-232524,1787095642073,-0.0
20260818-232524,1787095642175,-0.0
20260818-232524,1787095642277,-0.0
20260818-232524,1787095642379,-0.0
20260818-232524,1787095642481,-0.0
20260818-232524,1787095642583,-0.0
20260818-232524,1787095642685,-0.0
20260818-232524,1787095642787,-0.0
20260818-232524,1787095642889,-0.0
20260818-232524,1787095642991,-0.0
20260818-232524,1787095643093,0.0
20260818-232524,1787095643195,-0.0
20260818-232524,1787095643297,-0.0
20260818-232524,1787095643399,0.0
20260818-232524,1787095643501,-0.0
20260818-232524,1787095643386,0.0
20260818-232524,1787095643603,-0.0
20260818-232524,1787095643705,-0.0
20260818-232524,1787095643603,0.0
20260818-232524,1787095643807,-0.0
20260818-232524,1787095643909,-0.0
20260818-232524,1787095644011,-0.0
20260818-232524,1787095643926,-0.0
20260818-232524,1787095644113,0.0
20260818-232524,1787095644215,0.0
20260818-232524,1787095644317,0.0
20260818-232524,1787095644419,0.0
20260818-232524,1787095644521,-0.0
20260818-232524,1787095644623,-0.0
20260818-232524,1787095644725,-0.0
20260818-232524,1787095644563,-0.0
20260818-232524,1787095644827,-0.0
20260818-232524,1787095644929,0.0
20260818-232524,1787095644940,-0.0
20260818-232524,1787095645031,0.0
20260818-232524,1787095644954,0.0
20260818-232524,1787095645133,-0.0
20260818-232524,1787095645235,-0.0
20260818-232524,1787095645337,-0.0
20260818-232524,1787095645439,-0.0
20260818-232524,1787095645541,0.0
20260818-232524,1787095645459,0.0
20260818-232524,1787095645643,-0.0
20260818-232524,1787095645745,-0.0
20260818-232524,1787095645847,-0.0
20260818-232524,1787095645949,-0.0
20260818-232524,1787095646051,-0.0
20260818-232524,1787095646153,-0.0
20260818-232524,1787095646255,-0.0
20260818-232524,1787095646357,-0.0
20260818-232524,1787095646459,0.0
20260818-232524,1787095646561,-0.0
20260818-232524,1787095646663,-0.0
20260818-232524,1787095646765,-0.0
20260818-232524,1787095646867,0.0
20260818-232524,1787095646969,-0.0
20260818-232524,1787095646820,0.0
20260818-232524,1787095647071,-0.0
20260818-232524,1787095647173,-0.0
20260818-232524,1787095647275,-0.0
20260818-232524,1787095647377,0.0
20260818-232524,1787095647479,-0.0
20260818-232524,1787095647581,-0.0
20260818-232524,1787095647683,-0.0
20260818-232524,1787095647785,-0.0
20260818-232524,1787095647887,-0.0
20260818-232524,1787095647989,-0.0
20260818-232524,1787095648091,-0.0
20260818-232524,1787095648193,0.0
20260818-232524,1787095648295,-0.0
20260818-232524,1787095648397,0.0
20260818-232524,1787095648499,-0.0
20260818-232524,1787095648601,0.0
20260818-232524,1787095648703,-0.0
20260818-232524,1787095648805,0.0
20260818-232524,1787095648907,-0.0
20260818-232524,1787095649009,-0.0
20260818-232524,1787095649111,-0.0
20260818-232524,1787095649213,-0.0
20260818-232524,1787095649315,-0.0
20260818-232524,1787095649417,0.0
20260818-232524,1787095649519,-0.0
20260818-232524,1787095649621,-0.0
20260818-232524,1787095649723,0.0
20260818-232524,1787095649564,-0.0
20260818-232524,1787095649825,0.0
20260818-232524,1787095649721,-0.0
20260818-232524,1787095649927,-0.0
20260818-232524,1787095650029,-0.0
20260818-232524,1787095650131,0.0
20260818-232524,1787095650037,-0.0
20260818-232524,1787095650233,0.0
20260818-232524,1787095650335,-0.0
20260818-232524,1787095650437,-0.0
20260818-232524,1787095650539,-0.0
20260818-232524,1787095650641,0.0
20260818-232524,1787095650743,-0.0
20260818-232524,1787095650845,-0.0
20260818-232524,1787095650947,-0.0
20260818-232524,1787095651049,-0.0
20260818-232524,1787095651151,0.0
20260818-232524,1787095651253,-0.0
20260818-232524,1787095651355,0.0
20260818-232524,1787095651457,-0.0
20260818-232524,1787095651559,-0.0
20260818-232524,1787095651661,0.0
20260818-232524,1787095651763,-0.0
20260818-232524,1787095651865,-0.0
20260818-232524,1787095651774,-0.0
20260818-232524,1787095651967,-0.0
20260818-232524,1787095652069,-0.0
20260818-232524,1787095652171,-0.0
20260818-232524,1787095652273,0.0
20260818-232524,1787095652375,-0.0
20260818-232524,1787095652477,-0.0
20260818-232524,1787095652579,-0.0
20260818-232524,1787095652416,-0.0
20260818-232524,1787095652681,-0.0
20260818-232524,1787095652609,0.0
20260818-232524,1787095652783,0.0
20260818-232524,1787095652885,-0.0
20260818-232524,1787095652987,-0.0
20260818-232524,1787095653089,-0.0
20260818-232524,1787095653191,-0.0
20260818-232524,1787095653136,0.0
20260818-232524,1787095653293,-0.0
20260818-232524,1787095653204,0.0
20260818-232524,1787095653395,-0.0
20260818-232524,1787095653497,-0.0
20260818-232524,1787095653599,-0.0
20260818-232524,1787095653701,-0.0
20260818-232524,1787095653803,-0.0
20260818-232524,1787095653905,-0.0
20260818-232524,1787095653747,-0.0
20260818-232524,1787095654007,0.0
20260818-232524,1787095654109,-0.0
20260818-232524,1787095653951,-0.0
20260818-232524,1787095654211,-0.0
20260818-232524,1787095654313,-0.0
20260818-232524,1787095654415,-0.0
20260818-232524,1787095654517,0.0
20260818-232524,1787095654619,-0.0
20260818-232524,1787095654721,-0.0
20260818-232524,1787095654823,-0.0
20260818-232524,1787095654925,0.0
20260818-232524,1787095655027,0.0
20260818-232524,1787095655129,-0.0
20260818-232524,1787095655016,-0.0
20260818-232524,1787095655231,-0.0
20260818-232524,1787095655333,-0.0
20260818-232524,1787095655189,-0.0
20260818-232524,1787095655435,-0.0
20260818-232524,1787095655537,-0.0
20260818-232524,1787095655447,-0.0
20260818-232524,1787095655639,-0.0
20260818-232524,1787095655741,-0.0
20260818-232524,1787095655843,-0.0
20260818-232524,1787095655945,-0.0
20260818-232524,1787095656047,-0.0
20260818-232524,1787095656149,-0.0
20260818-232524,1787095656012,0.0
20260818-232524,1787095656251,-0.0
20260818-232524,1787095656353,-0.0
20260818-232524,1787095656455,-0.0
20260818-232524,1787095656557,-0.0
20260818-232524,1787095656659,-0.0
20260818-232524,1787095656761,0.0
20260818-232524,1787095656863,-0.0
20260818-232524,1787095656703,-0.0
20260818-232524,1787095656965,-0.0
20260818-232524,1787095657067,0.0
20260818-232524,1787095657169,0.0
20260818-232524,1787095657271,-0.0
20260818-232524,1787095657176,-0.0
20260818-232524,1787095657373,-0.0
20260818-232524,1787095657475,-0.0
20260818-232524,1787095657577,-0.0
20260818-232524,1787095657679,-0.0
20260818-232524,1787095657781,0.0
20260818-232524,1787095657883,-0.0
20260818-232524,1787095657985,-0.0
20260818-232524,1787095658087,-0.0
20260818-232524,1787095658189,-0.0
20260818-232524,1787095658291,-0.0
20260818-232524,1787095658393,-0.0
20260818-232524,1787095658495,-0.0
20260818-232524,1787095658597,0.0
20260818-232524,1787095658699,-0.0
20260818-232524,1787095658801,-0.0
20260818-232524,1787095658903,-0.0
20260818-232524,1787095659005,0.0
20260818-232524,1787095659107,-0.0
20260818-232524,1787095658988,-0.0
20260818-232524,1787095659209,-0.0
20260818-232524,1787095659311,-0.0
20260818-232524,1787095659413,-0.0
20260818-232524,1787095659515,-0.0
20260818-232524,1787095659617,-0.0
20260818-232524,1787095659719,0.0
20260818-232524,1787095659821,-0.0
20260818-232524,1787095659923,-0.0
20260818-232524,1787095660025,-0.0
20260818-232524,1787095660127,-0.0
20260818-232524,1787095660229,-0.0
20260818-232524,1787095660067,0.0
20260818-232524,1787095660331,0.0
20260818-232524,1787095660433,-0.0
20260818-232524,1787095660535,-0.0
20260818-232524,1787095660637,-0.0
20260818-232524,1787095660527,-0.0
20260818-232524,1787095660739,0.0
20260818-232524,1787095660841,-0.0
20260818-232524,1787095660943,0.0
20260818-232524,1787095661045,0.0
20260818-232524,1787095660886,-0.0
20260818-232524,1787095661147,-0.0
20260818-232524,1787095661249,-0.0
20260818-232524,1787095661351,-0.0
20260818-232524,1787095661453,-0.0
20260818-232524,1787095661555,-0.0
20260818-232524,1787095661657,-0.0
20260818-232524,1787095661759,-0.0
20260818-232524,1787095661861,-0.0
20260818-232524,1787095661963,-0.0
20260818-232524,1787095662065,-0.0
20260818-232524,1787095662167,-0.0
20260818-232524,1787095662269,-0.0
20260818-232524,1787095662157,-0.0
20260818-232524,1787095662371,-0.0
20260818-232524,1787095662473,0.0
20260818-232524,1787095662575,-0.0
20260818-232524,1787095662677,0.0
20260818-232524,1787095662779,-0.0
20260818-232524,1787095662881,-0.0
20260818-232524,1787095662983,0.0
20260818-232524,1787095663085,-0.0
20260818-232524,1787095663187,-0.0
20260818-232524,1787095663289,-0.0
20260818-232524,1787095663391,-0.0
20260818-232524,1787095663225,-0.0
20260818-232524,1787095663493,0.0
20260818-232524,1787095663400,0.0
20260818-232524,1787095663595,-0.0
20260818-232524,1787095663697,-0.0
20260818-232524,1787095663799,-0.0
20260818-232524,1787095663901,-0.0
20260818-232524,1787095664003,-0.0
20260818-232524,1787095664105,-0.0
20260818-232524,1787095664207,0.0
20260818-232524,1787095664309,-0.0
20260818-232524,1787095664411,-0.0
20260818-232524,1787095664513,0.0
20260818-232524,1787095664615,-0.0
20260818-232524,1787095664717,-0.0
20260818-232524,1787095664819,-0.0
20260818-232524,1787095664921,0.0
20260818-232524,1787095665023,-0.0
20260818-232524,1787095665125,-0.0
20260818-232524,1787095665227,-0.0
20260818-232524,1787095665329,0.0
20260818-232524,1787095665431,-0.0
20260818-232524,1787095665338,-0.0
20260818-232524,1787095665533,-0.0
20260818-232524,1787095665635,0.0
20260818-232524,1787095665737,-0.0
20260818-232524,1787095665839,-0.0
20260818-232524,1787095665941,-0.0
20260818-232524,1787095666043,0.0
20260818-232524,1787095666145,-0.0
20260818-232524,1787095666247,-0.0
20260818-232524,1787095666349,0.0
20260818-232524,1787095666451,-0.0
20260818-232524,1787095666553,-0.0
20260818-232524,1787095666655,-0.0
20260818-232524,1787095666757,-0.0
20260818-232524,1787095666859,-0.0
20260818-232524,1787095666961,-0.0
20260818-232524,1787095667063,-0.0
20260818-232524,1787095667165,-0.0
20260818-232524,1787095667182,0.0
20260818-232524,1787095667267,0.0
20260818-232524,1787095667369,-0.0
20260818-232524,1787095667229,-0.0
20260818-232524,1787095667471,0.0
20260818-232524,1787095667363,-0.0
20260818-232524,1787095667573,-0.0
20260818-232524,1787095667675,-0.0
20260818-232524,1787095667777,-0.0
20260818-232524,1787095667879,0.0
20260818-232524,1787095667981,-0.0
20260818-232524,1787095668083,0.0
20260818-232524,1787095668185,-0.0
20260818-232524,1787095668095,-0.0
20260818-232524,1787095668287,-0.0
20260818-232524,1787095668389,-0.0
20260818-232524,1787095668491,-0.0
20260818-232524,1787095668593,0.0
20260818-232524,1787095668695,-0.0
20260818-232524,1787095668797,-0.0
20260818-232524,1787095668899,-0.0
20260818-232524,1787095668818,-0.0
20260818-232524,1787095669001,-0.0
20260818-232524,1787095669103,-0.0
20260818-232524,1787095669205,0.0
20260818-232524,1787095669307,-0.0
20260818-232524,1787095669409,-0.0
20260818-232524,1787095669511,-0.0
20260818-232524,1787095669613,-0.0
20260818-232524,1787095669715,0.0
20260818-232524,1787095669817,0.0
20260818-232524,1787095669919,0.49460838222054276
20260818-232524,1787095669852,-0.49460838222054276
20260818-232524,1787095670021,0.49460838222054276
20260818-232524,1787095670123,0.49460838222054276
20260818-232524,1787095670225,-0.49460838222054276
20260818-232524,1787095670327,-0.49460838222054276
20260818-232524,1787095670343,-0.0
20260818-232524,1787095670343,-0.0
20260818-232524,1787095670343,-0.0
20260818-232524,1787095670343,0.0
20260818-232524,1787095670343,-0.0
20260818-232524,1787095670343,-0.0
20260818-232524,1787095670343,-0.0
20260818-232524,1787095670343,-0.0
20260818-232524,1787095670343,-0.0
20260818-232524,1787095670343,-0.0
20260818-232524,1787095670343,-0.0
20260818-232524,1787095670343,-0.0
20260818-232524,1787095670343,-0.0
20260818-232524,1787095670343,-0.0
20260818-232524,1787095670343,-0.0
20260818-232524,1787095670343,-0.0
20260818-232524,1787095670343,-0.0
20260818-232524,1787095670343,0.0
20260818-232524,1787095670343,-0.0
20260818-232524,1787095670343,-0.0
20260818-232524,1787095670343,-0.0
20260818-232524,1787095670343,0.0
20260818-232524,1787095670343,-0.0
20260818-232524,1787095670343,0.0
20260818-232524,1787095670343,-0.0
20260818-232524,1787095670343,-0.0
20260818-232524,1787095670343,-0.0
20260818-232524,1787095670343,-0.0
20260818-232524,1787095670343,-0.0
20260818-232524,1787095670429,-0.0
20260818-232524,1787095670343,0.0
20260818-232825,1787095707151,-0.0
20260818-232825,1787095707050,-0.0
20260818-232825,1787095707253,-0.0
20260818-232825,1787095708171,-0.0
20260818-232825,1787095709905,-0.0
20260818-232825,1787095709787,-0.0
20260818-232825,1787095710007,-0.0
20260818-232825,1787095710109,-0.0
20260818-232825,1787095710211,-0.0
20260818-232825,1787095710313,-0.0
20260818-232825,1787095710415,-0.0
20260818-232825,1787095713577,-0.0
20260818-232825,1787095713679,-0.0
20260818-232825,1787095713781,-0.0
20260818-232825,1787095714291,-0.0
20260818-232825,1787095714393,-0.0
20260818-232825,1787095714495,-0.0
20260818-232825,1787095714597,-0.0
20260818-232825,1787095714699,-0.0
20260818-232825,1787095714801,-0.0
20260818-232825,1787095714903,-0.0
20260818-232825,1787095714817,-0.0
20260818-232825,1787095715005,-0.0
20260818-232825,1787095714920,-0.0
20260818-232825,1787095715107,-0.0
20260818-232825,1787095715209,-0.0
20260818-232825,1787095715311,-0.0
20260818-232825,1787095715413,-0.0
20260818-232825,1787095715515,-0.0
20260818-232825,1787095715923,-0.0
20260818-232825,1787095718269,-0.0
20260818-232825,1787095718473,-0.0
20260818-232825,1787095718575,-0.0
20260818-232825,1787095718430,-0.0
20260818-232825,1787095718677,-0.0
20260818-232825,1787095718779,-0.0
20260818-232825,1787095718881,-0.0
20260818-232825,1787095718983,-0.0
20260818-232825,1787095723471,-0.0
